pod code: 4d9e194d3626a221df168037551938f72772240b (clean, synced 2026-09-03T22:25:09Z, manifest verified)
W0903 22:25:33.379000 4147361 torch/distributed/run.py:851] 
W0903 22:25:33.379000 4147361 torch/distributed/run.py:851] *****************************************
W0903 22:25:33.379000 4147361 torch/distributed/run.py:851] Setting OMP_NUM_THREADS environment variable for each process to be 1 in default, to avoid your system being overloaded, please further tune the variable for optimal performance in your application as needed. 
W0903 22:25:33.379000 4147361 torch/distributed/run.py:851] *****************************************
corpus_fp: {'math_owm_stage2': '1e687e4b5ce37598', 'en_c4_stage2': '05e0fc6f14704056', 'cot': '388496b76ed9bf88', 'textbook_30b': '3f237c5191cb8571', 'chatml': '52a6b427818c90ff', 'chat_qa': '42a4bedde020ae66', 'zh_web': 'a0d44fc44a289d60', 'code_py_starcoder': 'e1a14839e11f3e6f', 'code_py_rp1t': '63c2b3ce0e7dd989'}
/usr/local/lib/python3.12/dist-packages/torch/distributed/c10d_logger.py:83: UserWarning: barrier(): using the device under current context. You can specify `device_id` in `init_process_group` to mute this warning.
  return func(*args, **kwargs)
[rank0]:[W903 22:25:49.727211499 ProcessGroupNCCL.cpp:5188] Guessing device ID based on global rank. This can cause a hang if rank to GPU mapping is heterogeneous. You can specify device_id in init_process_group()
mix: math_owm_stage2 516168 rows = 0.32 epochs
mix: en_c4_stage2 317642 rows = 0.55 epochs
mix: cot 157606 rows = 1.60 epochs
mix: textbook_30b 198526 rows = 0.51 epochs
mix: chatml 14468 rows = 1.60 epochs
mix: chat_qa 14166 rows = 1.60 epochs
mix: zh_web 59558 rows = 0.01 epochs
mix: code_py_starcoder 643969 rows = 0.30 epochs
mix: code_py_rp1t 31020 rows = 0.32 epochs
mix: 1953123 rows = 8.00B tokens scheduled
FP8 compute enabled
params 122.3M | tokens 976561 | seqs 976561 | device cuda:0 | world 2 | fa True | fp8 True
cfg batch 16 accum 2 seq 4096 grad_ckpt False doc_mask True attn_res True/0 softcap 15.0 warmup 300 epochs 1 lr_scale 1.0 mix data/mix_200m_8b.json fone False seed 42 sample_seed 42 (follows seed) warmdown 0.1 anneal_frac 0.0 val_every 500 attn_every 4
cfg non-default: accum=2, anneal_frac=0.0, batch=16, d=768, ffn_hidden=2304, heads=6, mix='data/mix_200m_8b.json', warmdown=0.1, warmup=300
dynamo cache_size_limit=64 (need 25)
[rank0]:W0903 22:28:57.979000 4147440 torch/_logging/_internal.py:1279] [0/0] Profiler record function <class 'torch.autograd.profiler.record_function'> will be ignored
[rank1]:W0903 22:28:57.983000 4147441 torch/_logging/_internal.py:1279] [0/0] Profiler record function <class 'torch.autograd.profiler.record_function'> will be ignored
step 10/4824 0% [main] | loss 7.722 | lr 3.33e-04 (muon 3.33e-04 embed 3.33e-03 scalar 5.00e-03 arq 3.33e-04) | gnorm 3.06 | 0.00B tok | 39K tok/s/gpu | MFU 10% | peak 37.03GiB | ETA 4.5h
step 20/4824 0% [main] | loss 5.678 | lr 6.67e-04 (muon 6.67e-04 embed 6.67e-03 scalar 1.00e-02 arq 6.67e-04) | gnorm 1.01 | 0.01B tok | 117K tok/s/gpu | MFU 29% | peak 37.02GiB | ETA 1.5h
step 30/4824 1% [main] | loss 5.959 | lr 1.00e-03 (muon 1.00e-03 embed 1.00e-02 scalar 1.50e-02 arq 1.00e-03) | gnorm 1.34 | 0.01B tok | 118K tok/s/gpu | MFU 29% | peak 37.02GiB | ETA 1.5h
step 40/4824 1% [main] | loss 5.684 | lr 1.33e-03 (muon 1.33e-03 embed 1.33e-02 scalar 2.00e-02 arq 1.33e-03) | gnorm 1.45 | 0.01B tok | 118K tok/s/gpu | MFU 29% | peak 37.03GiB | ETA 1.5h
step 50/4824 1% [main] | loss 5.545 | lr 1.67e-03 (muon 1.67e-03 embed 1.67e-02 scalar 2.50e-02 arq 1.67e-03) | gnorm 1.64 | 0.01B tok | 118K tok/s/gpu | MFU 29% | peak 37.02GiB | ETA 1.5h
step 60/4824 1% [main] | loss 5.471 | lr 2.00e-03 (muon 2.00e-03 embed 2.00e-02 scalar 3.00e-02 arq 2.00e-03) | gnorm 2.02 | 0.02B tok | 118K tok/s/gpu | MFU 29% | peak 37.03GiB | ETA 1.5h
step 70/4824 1% [main] | loss 4.868 | lr 2.33e-03 (muon 2.33e-03 embed 2.33e-02 scalar 3.50e-02 arq 2.33e-03) | gnorm 3.05 | 0.02B tok | 118K tok/s/gpu | MFU 29% | peak 37.04GiB | ETA 1.5h
step 80/4824 2% [main] | loss 4.791 | lr 2.67e-03 (muon 2.67e-03 embed 2.67e-02 scalar 4.00e-02 arq 2.67e-03) | gnorm 2.14 | 0.02B tok | 118K tok/s/gpu | MFU 29% | peak 37.02GiB | ETA 1.5h
step 90/4824 2% [main] | loss 5.228 | lr 3.00e-03 (muon 3.00e-03 embed 3.00e-02 scalar 4.50e-02 arq 3.00e-03) | gnorm 5.16 | 0.02B tok | 118K tok/s/gpu | MFU 29% | peak 37.04GiB | ETA 1.5h
step 100/4824 2% [main] | loss 4.999 | lr 3.33e-03 (muon 3.33e-03 embed 3.33e-02 scalar 5.00e-02 arq 3.33e-03) | gnorm 2.42 | 0.03B tok | 118K tok/s/gpu | MFU 29% | peak 37.04GiB | ETA 1.5h
step 110/4824 2% [main] | loss 4.791 | lr 3.67e-03 (muon 3.67e-03 embed 3.67e-02 scalar 5.50e-02 arq 3.67e-03) | gnorm 1.92 | 0.03B tok | 112K tok/s/gpu | MFU 28% | peak 37.04GiB | ETA 1.5h
step 120/4824 2% [main] | loss 4.685 | lr 4.00e-03 (muon 4.00e-03 embed 4.00e-02 scalar 6.00e-02 arq 4.00e-03) | gnorm 3.52 | 0.03B tok | 118K tok/s/gpu | MFU 29% | peak 37.03GiB | ETA 1.5h
step 130/4824 3% [main] | loss 4.232 | lr 4.33e-03 (muon 4.33e-03 embed 4.33e-02 scalar 6.50e-02 arq 4.33e-03) | gnorm 2.66 | 0.03B tok | 118K tok/s/gpu | MFU 29% | peak 37.03GiB | ETA 1.4h
step 140/4824 3% [main] | loss 4.226 | lr 4.67e-03 (muon 4.67e-03 embed 4.67e-02 scalar 7.00e-02 arq 4.67e-03) | gnorm 2.27 | 0.04B tok | 118K tok/s/gpu | MFU 29% | peak 37.03GiB | ETA 1.4h
step 150/4824 3% [main] | loss 4.370 | lr 5.00e-03 (muon 5.00e-03 embed 5.00e-02 scalar 7.50e-02 arq 5.00e-03) | gnorm 4.72 | 0.04B tok | 118K tok/s/gpu | MFU 29% | peak 37.02GiB | ETA 1.4h
step 160/4824 3% [main] | loss 4.261 | lr 5.33e-03 (muon 5.33e-03 embed 5.33e-02 scalar 8.00e-02 arq 5.33e-03) | gnorm 3.94 | 0.04B tok | 118K tok/s/gpu | MFU 29% | peak 37.02GiB | ETA 1.4h
step 170/4824 4% [main] | loss 3.649 | lr 5.67e-03 (muon 5.67e-03 embed 5.67e-02 scalar 8.50e-02 arq 5.67e-03) | gnorm 6.56 | 0.04B tok | 118K tok/s/gpu | MFU 29% | peak 37.02GiB | ETA 1.4h
step 180/4824 4% [main] | loss 3.522 | lr 6.00e-03 (muon 6.00e-03 embed 6.00e-02 scalar 9.00e-02 arq 6.00e-03) | gnorm 6.59 | 0.05B tok | 118K tok/s/gpu | MFU 29% | peak 37.02GiB | ETA 1.4h
step 190/4824 4% [main] | loss 3.956 | lr 6.33e-03 (muon 6.33e-03 embed 6.33e-02 scalar 9.50e-02 arq 6.33e-03) | gnorm 4.91 | 0.05B tok | 118K tok/s/gpu | MFU 29% | peak 37.02GiB | ETA 1.4h
step 200/4824 4% [main] | loss 3.203 | lr 6.67e-03 (muon 6.67e-03 embed 6.67e-02 scalar 1.00e-01 arq 6.67e-03) | gnorm 3.30 | 0.05B tok | 113K tok/s/gpu | MFU 28% | peak 37.03GiB | ETA 1.5h
step 210/4824 4% [main] | loss 3.389 | lr 7.00e-03 (muon 7.00e-03 embed 7.00e-02 scalar 1.05e-01 arq 7.00e-03) | gnorm 1.99 | 0.06B tok | 118K tok/s/gpu | MFU 29% | peak 37.04GiB | ETA 1.4h
step 220/4824 5% [main] | loss 2.987 | lr 7.33e-03 (muon 7.33e-03 embed 7.33e-02 scalar 1.10e-01 arq 7.33e-03) | gnorm 2.36 | 0.06B tok | 118K tok/s/gpu | MFU 29% | peak 37.04GiB | ETA 1.4h
step 230/4824 5% [main] | loss 3.455 | lr 7.67e-03 (muon 7.67e-03 embed 7.67e-02 scalar 1.15e-01 arq 7.67e-03) | gnorm 3.80 | 0.06B tok | 118K tok/s/gpu | MFU 29% | peak 37.04GiB | ETA 1.4h
step 240/4824 5% [main] | loss 2.841 | lr 8.00e-03 (muon 8.00e-03 embed 8.00e-02 scalar 1.20e-01 arq 8.00e-03) | gnorm 1.45 | 0.06B tok | 118K tok/s/gpu | MFU 29% | peak 37.03GiB | ETA 1.4h
step 250/4824 5% [main] | loss 3.514 | lr 8.33e-03 (muon 8.33e-03 embed 8.33e-02 scalar 1.25e-01 arq 8.33e-03) | gnorm 0.93 | 0.07B tok | 118K tok/s/gpu | MFU 29% | peak 37.02GiB | ETA 1.4h
step 260/4824 5% [main] | loss 2.930 | lr 8.67e-03 (muon 8.67e-03 embed 8.67e-02 scalar 1.30e-01 arq 8.67e-03) | gnorm 1.95 | 0.07B tok | 118K tok/s/gpu | MFU 29% | peak 37.04GiB | ETA 1.4h
step 270/4824 6% [main] | loss 3.604 | lr 9.00e-03 (muon 9.00e-03 embed 9.00e-02 scalar 1.35e-01 arq 9.00e-03) | gnorm 1.69 | 0.07B tok | 118K tok/s/gpu | MFU 29% | peak 37.05GiB | ETA 1.4h
step 280/4824 6% [main] | loss 3.016 | lr 9.33e-03 (muon 9.33e-03 embed 9.33e-02 scalar 1.40e-01 arq 9.33e-03) | gnorm 1.70 | 0.07B tok | 117K tok/s/gpu | MFU 29% | peak 37.03GiB | ETA 1.4h
step 290/4824 6% [main] | loss 2.930 | lr 9.67e-03 (muon 9.67e-03 embed 9.67e-02 scalar 1.45e-01 arq 9.67e-03) | gnorm 1.05 | 0.08B tok | 117K tok/s/gpu | MFU 29% | peak 37.03GiB | ETA 1.4h
step 300/4824 6% [main] | loss 2.423 | lr 1.00e-02 (muon 1.00e-02 embed 1.00e-01 scalar 1.50e-01 arq 1.00e-02) | gnorm 3.30 | 0.08B tok | 117K tok/s/gpu | MFU 29% | peak 37.03GiB | ETA 1.4h
step 310/4824 6% [main] | loss 3.474 | lr 1.00e-02 (muon 1.00e-02 embed 1.00e-01 scalar 1.50e-01 arq 1.00e-02) | gnorm 0.77 | 0.08B tok | 117K tok/s/gpu | MFU 29% | peak 37.03GiB | ETA 1.4h
step 320/4824 7% [main] | loss 2.872 | lr 1.00e-02 (muon 1.00e-02 embed 1.00e-01 scalar 1.50e-01 arq 1.00e-02) | gnorm 1.05 | 0.08B tok | 117K tok/s/gpu | MFU 29% | peak 37.03GiB | ETA 1.4h
step 330/4824 7% [main] | loss 2.984 | lr 1.00e-02 (muon 1.00e-02 embed 1.00e-01 scalar 1.50e-01 arq 1.00e-02) | gnorm 0.86 | 0.09B tok | 117K tok/s/gpu | MFU 29% | peak 37.02GiB | ETA 1.4h
step 340/4824 7% [main] | loss 3.431 | lr 1.00e-02 (muon 1.00e-02 embed 1.00e-01 scalar 1.50e-01 arq 1.00e-02) | gnorm 1.58 | 0.09B tok | 117K tok/s/gpu | MFU 29% | peak 37.03GiB | ETA 1.4h
step 350/4824 7% [main] | loss 2.829 | lr 1.00e-02 (muon 1.00e-02 embed 1.00e-01 scalar 1.50e-01 arq 1.00e-02) | gnorm 0.88 | 0.09B tok | 117K tok/s/gpu | MFU 29% | peak 37.04GiB | ETA 1.4h
step 360/4824 7% [main] | loss 2.920 | lr 1.00e-02 (muon 1.00e-02 embed 1.00e-01 scalar 1.50e-01 arq 1.00e-02) | gnorm 0.97 | 0.09B tok | 117K tok/s/gpu | MFU 29% | peak 37.02GiB | ETA 1.4h
step 370/4824 8% [main] | loss 2.245 | lr 1.00e-02 (muon 1.00e-02 embed 1.00e-01 scalar 1.50e-01 arq 1.00e-02) | gnorm 0.85 | 0.10B tok | 117K tok/s/gpu | MFU 29% | peak 37.02GiB | ETA 1.4h
step 380/4824 8% [main] | loss 2.515 | lr 1.00e-02 (muon 1.00e-02 embed 1.00e-01 scalar 1.50e-01 arq 1.00e-02) | gnorm 1.17 | 0.10B tok | 117K tok/s/gpu | MFU 29% | peak 37.01GiB | ETA 1.4h
step 390/4824 8% [main] | loss 2.638 | lr 1.00e-02 (muon 1.00e-02 embed 1.00e-01 scalar 1.50e-01 arq 1.00e-02) | gnorm 0.72 | 0.10B tok | 117K tok/s/gpu | MFU 29% | peak 37.04GiB | ETA 1.4h
step 400/4824 8% [main] | loss 2.968 | lr 1.00e-02 (muon 1.00e-02 embed 1.00e-01 scalar 1.50e-01 arq 1.00e-02) | gnorm 1.05 | 0.10B tok | 113K tok/s/gpu | MFU 28% | peak 37.04GiB | ETA 1.4h
step 410/4824 8% [main] | loss 3.036 | lr 1.00e-02 (muon 1.00e-02 embed 1.00e-01 scalar 1.50e-01 arq 1.00e-02) | gnorm 1.02 | 0.11B tok | 117K tok/s/gpu | MFU 29% | peak 37.03GiB | ETA 1.4h
step 420/4824 9% [main] | loss 2.655 | lr 1.00e-02 (muon 1.00e-02 embed 1.00e-01 scalar 1.50e-01 arq 1.00e-02) | gnorm 0.87 | 0.11B tok | 117K tok/s/gpu | MFU 29% | peak 37.03GiB | ETA 1.4h
step 430/4824 9% [main] | loss 2.957 | lr 1.00e-02 (muon 1.00e-02 embed 1.00e-01 scalar 1.50e-01 arq 1.00e-02) | gnorm 0.97 | 0.11B tok | 117K tok/s/gpu | MFU 29% | peak 37.04GiB | ETA 1.4h
step 440/4824 9% [main] | loss 2.968 | lr 1.00e-02 (muon 1.00e-02 embed 1.00e-01 scalar 1.50e-01 arq 1.00e-02) | gnorm 0.84 | 0.12B tok | 117K tok/s/gpu | MFU 29% | peak 37.02GiB | ETA 1.4h
step 450/4824 9% [main] | loss 2.644 | lr 1.00e-02 (muon 1.00e-02 embed 1.00e-01 scalar 1.50e-01 arq 1.00e-02) | gnorm 0.57 | 0.12B tok | 117K tok/s/gpu | MFU 29% | peak 37.02GiB | ETA 1.4h
step 460/4824 10% [main] | loss 2.536 | lr 1.00e-02 (muon 1.00e-02 embed 1.00e-01 scalar 1.50e-01 arq 1.00e-02) | gnorm 0.80 | 0.12B tok | 117K tok/s/gpu | MFU 29% | peak 37.01GiB | ETA 1.4h
step 470/4824 10% [main] | loss 3.025 | lr 1.00e-02 (muon 1.00e-02 embed 1.00e-01 scalar 1.50e-01 arq 1.00e-02) | gnorm 0.79 | 0.12B tok | 117K tok/s/gpu | MFU 29% | peak 37.02GiB | ETA 1.4h
step 480/4824 10% [main] | loss 2.510 | lr 1.00e-02 (muon 1.00e-02 embed 1.00e-01 scalar 1.50e-01 arq 1.00e-02) | gnorm 0.92 | 0.13B tok | 117K tok/s/gpu | MFU 29% | peak 37.01GiB | ETA 1.4h
step 490/4824 10% [main] | loss 2.250 | lr 1.00e-02 (muon 1.00e-02 embed 1.00e-01 scalar 1.50e-01 arq 1.00e-02) | gnorm 0.77 | 0.13B tok | 117K tok/s/gpu | MFU 29% | peak 37.04GiB | ETA 1.3h
step 500/4824 val 2.939
step 500/4824 10% [main] | loss 2.485 | lr 1.00e-02 (muon 1.00e-02 embed 1.00e-01 scalar 1.50e-01 arq 1.00e-02) | gnorm 0.48 | 0.13B tok | 54K tok/s/gpu | MFU 13% | peak 37.03GiB | ETA 2.9h
step 510/4824 11% [main] | loss 2.397 | lr 1.00e-02 (muon 1.00e-02 embed 1.00e-01 scalar 1.50e-01 arq 1.00e-02) | gnorm 1.02 | 0.13B tok | 115K tok/s/gpu | MFU 29% | peak 37.03GiB | ETA 1.4h
step 520/4824 11% [main] | loss 2.758 | lr 1.00e-02 (muon 1.00e-02 embed 1.00e-01 scalar 1.50e-01 arq 1.00e-02) | gnorm 0.71 | 0.14B tok | 117K tok/s/gpu | MFU 29% | peak 37.02GiB | ETA 1.3h
step 530/4824 11% [main] | loss 2.845 | lr 1.00e-02 (muon 1.00e-02 embed 1.00e-01 scalar 1.50e-01 arq 1.00e-02) | gnorm 0.82 | 0.14B tok | 117K tok/s/gpu | MFU 29% | peak 37.04GiB | ETA 1.3h
step 540/4824 11% [main] | loss 2.626 | lr 1.00e-02 (muon 1.00e-02 embed 1.00e-01 scalar 1.50e-01 arq 1.00e-02) | gnorm 0.91 | 0.14B tok | 117K tok/s/gpu | MFU 29% | peak 37.03GiB | ETA 1.3h
step 550/4824 11% [main] | loss 2.385 | lr 1.00e-02 (muon 1.00e-02 embed 1.00e-01 scalar 1.50e-01 arq 1.00e-02) | gnorm 0.74 | 0.14B tok | 117K tok/s/gpu | MFU 29% | peak 37.02GiB | ETA 1.3h
step 560/4824 12% [main] | loss 2.757 | lr 1.00e-02 (muon 1.00e-02 embed 1.00e-01 scalar 1.50e-01 arq 1.00e-02) | gnorm 1.08 | 0.15B tok | 117K tok/s/gpu | MFU 29% | peak 37.02GiB | ETA 1.3h
step 570/4824 12% [main] | loss 2.813 | lr 1.00e-02 (muon 1.00e-02 embed 1.00e-01 scalar 1.50e-01 arq 1.00e-02) | gnorm 0.64 | 0.15B tok | 117K tok/s/gpu | MFU 29% | peak 37.02GiB | ETA 1.3h
step 580/4824 12% [main] | loss 2.450 | lr 1.00e-02 (muon 1.00e-02 embed 1.00e-01 scalar 1.50e-01 arq 1.00e-02) | gnorm 0.45 | 0.15B tok | 117K tok/s/gpu | MFU 29% | peak 37.04GiB | ETA 1.3h
step 590/4824 12% [main] | loss 2.490 | lr 1.00e-02 (muon 1.00e-02 embed 1.00e-01 scalar 1.50e-01 arq 1.00e-02) | gnorm 1.11 | 0.15B tok | 117K tok/s/gpu | MFU 29% | peak 37.02GiB | ETA 1.3h
step 600/4824 12% [main] | loss 2.320 | lr 1.00e-02 (muon 1.00e-02 embed 1.00e-01 scalar 1.50e-01 arq 1.00e-02) | gnorm 0.71 | 0.16B tok | 113K tok/s/gpu | MFU 28% | peak 37.03GiB | ETA 1.4h
step 610/4824 13% [main] | loss 2.849 | lr 1.00e-02 (muon 1.00e-02 embed 1.00e-01 scalar 1.50e-01 arq 1.00e-02) | gnorm 1.05 | 0.16B tok | 117K tok/s/gpu | MFU 29% | peak 37.01GiB | ETA 1.3h
step 620/4824 13% [main] | loss 2.865 | lr 1.00e-02 (muon 1.00e-02 embed 1.00e-01 scalar 1.50e-01 arq 1.00e-02) | gnorm 1.28 | 0.16B tok | 117K tok/s/gpu | MFU 29% | peak 37.03GiB | ETA 1.3h
step 630/4824 13% [main] | loss 2.159 | lr 1.00e-02 (muon 1.00e-02 embed 1.00e-01 scalar 1.50e-01 arq 1.00e-02) | gnorm 0.33 | 0.17B tok | 111K tok/s/gpu | MFU 28% | peak 37.03GiB | ETA 1.4h
step 640/4824 13% [main] | loss 1.960 | lr 1.00e-02 (muon 1.00e-02 embed 1.00e-01 scalar 1.50e-01 arq 1.00e-02) | gnorm 0.83 | 0.17B tok | 117K tok/s/gpu | MFU 29% | peak 37.02GiB | ETA 1.3h
step 650/4824 13% [main] | loss 2.563 | lr 1.00e-02 (muon 1.00e-02 embed 1.00e-01 scalar 1.50e-01 arq 1.00e-02) | gnorm 0.69 | 0.17B tok | 117K tok/s/gpu | MFU 29% | peak 37.04GiB | ETA 1.3h
step 660/4824 14% [main] | loss 2.941 | lr 1.00e-02 (muon 1.00e-02 embed 1.00e-01 scalar 1.50e-01 arq 1.00e-02) | gnorm 0.91 | 0.17B tok | 117K tok/s/gpu | MFU 29% | peak 37.05GiB | ETA 1.3h
step 670/4824 14% [main] | loss 2.239 | lr 1.00e-02 (muon 1.00e-02 embed 1.00e-01 scalar 1.50e-01 arq 1.00e-02) | gnorm 1.00 | 0.18B tok | 117K tok/s/gpu | MFU 29% | peak 37.02GiB | ETA 1.3h
step 680/4824 14% [main] | loss 2.698 | lr 1.00e-02 (muon 1.00e-02 embed 1.00e-01 scalar 1.50e-01 arq 1.00e-02) | gnorm 0.77 | 0.18B tok | 117K tok/s/gpu | MFU 29% | peak 37.02GiB | ETA 1.3h
step 690/4824 14% [main] | loss 2.354 | lr 1.00e-02 (muon 1.00e-02 embed 1.00e-01 scalar 1.50e-01 arq 1.00e-02) | gnorm 0.84 | 0.18B tok | 117K tok/s/gpu | MFU 29% | peak 37.02GiB | ETA 1.3h
step 700/4824 15% [main] | loss 2.437 | lr 1.00e-02 (muon 1.00e-02 embed 1.00e-01 scalar 1.50e-01 arq 1.00e-02) | gnorm 0.46 | 0.18B tok | 117K tok/s/gpu | MFU 29% | peak 37.02GiB | ETA 1.3h
step 710/4824 15% [main] | loss 2.632 | lr 1.00e-02 (muon 1.00e-02 embed 1.00e-01 scalar 1.50e-01 arq 1.00e-02) | gnorm 0.91 | 0.19B tok | 117K tok/s/gpu | MFU 29% | peak 37.04GiB | ETA 1.3h
step 720/4824 15% [main] | loss 2.626 | lr 1.00e-02 (muon 1.00e-02 embed 1.00e-01 scalar 1.50e-01 arq 1.00e-02) | gnorm 1.25 | 0.19B tok | 117K tok/s/gpu | MFU 29% | peak 37.03GiB | ETA 1.3h
step 730/4824 15% [main] | loss 2.483 | lr 1.00e-02 (muon 1.00e-02 embed 1.00e-01 scalar 1.50e-01 arq 1.00e-02) | gnorm 0.67 | 0.19B tok | 117K tok/s/gpu | MFU 29% | peak 37.03GiB | ETA 1.3h
step 740/4824 15% [main] | loss 2.610 | lr 1.00e-02 (muon 1.00e-02 embed 1.00e-01 scalar 1.50e-01 arq 1.00e-02) | gnorm 0.40 | 0.19B tok | 117K tok/s/gpu | MFU 29% | peak 37.03GiB | ETA 1.3h
step 750/4824 16% [main] | loss 2.272 | lr 1.00e-02 (muon 1.00e-02 embed 1.00e-01 scalar 1.50e-01 arq 1.00e-02) | gnorm 0.73 | 0.20B tok | 117K tok/s/gpu | MFU 29% | peak 37.02GiB | ETA 1.3h
step 760/4824 16% [main] | loss 2.135 | lr 1.00e-02 (muon 1.00e-02 embed 1.00e-01 scalar 1.50e-01 arq 1.00e-02) | gnorm 0.63 | 0.20B tok | 117K tok/s/gpu | MFU 29% | peak 37.02GiB | ETA 1.3h
step 770/4824 16% [main] | loss 2.260 | lr 1.00e-02 (muon 1.00e-02 embed 1.00e-01 scalar 1.50e-01 arq 1.00e-02) | gnorm 0.45 | 0.20B tok | 117K tok/s/gpu | MFU 29% | peak 37.02GiB | ETA 1.3h
step 780/4824 16% [main] | loss 2.142 | lr 1.00e-02 (muon 1.00e-02 embed 1.00e-01 scalar 1.50e-01 arq 1.00e-02) | gnorm 0.75 | 0.20B tok | 117K tok/s/gpu | MFU 29% | peak 37.04GiB | ETA 1.3h
step 790/4824 16% [main] | loss 1.930 | lr 1.00e-02 (muon 1.00e-02 embed 1.00e-01 scalar 1.50e-01 arq 1.00e-02) | gnorm 0.45 | 0.21B tok | 117K tok/s/gpu | MFU 29% | peak 37.03GiB | ETA 1.3h
step 800/4824 17% [main] | loss 2.327 | lr 1.00e-02 (muon 1.00e-02 embed 1.00e-01 scalar 1.50e-01 arq 1.00e-02) | gnorm 0.50 | 0.21B tok | 114K tok/s/gpu | MFU 28% | peak 37.04GiB | ETA 1.3h
step 810/4824 17% [main] | loss 2.549 | lr 1.00e-02 (muon 1.00e-02 embed 1.00e-01 scalar 1.50e-01 arq 1.00e-02) | gnorm 0.85 | 0.21B tok | 117K tok/s/gpu | MFU 29% | peak 37.02GiB | ETA 1.2h
step 820/4824 17% [main] | loss 2.261 | lr 1.00e-02 (muon 1.00e-02 embed 1.00e-01 scalar 1.50e-01 arq 1.00e-02) | gnorm 1.12 | 0.21B tok | 117K tok/s/gpu | MFU 29% | peak 37.02GiB | ETA 1.2h
step 830/4824 17% [main] | loss 2.139 | lr 1.00e-02 (muon 1.00e-02 embed 1.00e-01 scalar 1.50e-01 arq 1.00e-02) | gnorm 0.78 | 0.22B tok | 117K tok/s/gpu | MFU 29% | peak 37.03GiB | ETA 1.2h
step 840/4824 17% [main] | loss 2.242 | lr 1.00e-02 (muon 1.00e-02 embed 1.00e-01 scalar 1.50e-01 arq 1.00e-02) | gnorm 0.88 | 0.22B tok | 117K tok/s/gpu | MFU 29% | peak 37.03GiB | ETA 1.2h
step 850/4824 18% [main] | loss 2.367 | lr 1.00e-02 (muon 1.00e-02 embed 1.00e-01 scalar 1.50e-01 arq 1.00e-02) | gnorm 0.61 | 0.22B tok | 117K tok/s/gpu | MFU 29% | peak 37.03GiB | ETA 1.2h
step 860/4824 18% [main] | loss 2.514 | lr 1.00e-02 (muon 1.00e-02 embed 1.00e-01 scalar 1.50e-01 arq 1.00e-02) | gnorm 0.64 | 0.23B tok | 117K tok/s/gpu | MFU 29% | peak 37.02GiB | ETA 1.2h
step 870/4824 18% [main] | loss 2.446 | lr 1.00e-02 (muon 1.00e-02 embed 1.00e-01 scalar 1.50e-01 arq 1.00e-02) | gnorm 0.94 | 0.23B tok | 117K tok/s/gpu | MFU 29% | peak 37.01GiB | ETA 1.2h
step 880/4824 18% [main] | loss 2.180 | lr 1.00e-02 (muon 1.00e-02 embed 1.00e-01 scalar 1.50e-01 arq 1.00e-02) | gnorm 0.95 | 0.23B tok | 117K tok/s/gpu | MFU 29% | peak 37.02GiB | ETA 1.2h
step 890/4824 18% [main] | loss 2.106 | lr 1.00e-02 (muon 1.00e-02 embed 1.00e-01 scalar 1.50e-01 arq 1.00e-02) | gnorm 0.88 | 0.23B tok | 117K tok/s/gpu | MFU 29% | peak 37.04GiB | ETA 1.2h
step 900/4824 19% [main] | loss 2.185 | lr 1.00e-02 (muon 1.00e-02 embed 1.00e-01 scalar 1.50e-01 arq 1.00e-02) | gnorm 0.58 | 0.24B tok | 117K tok/s/gpu | MFU 29% | peak 37.03GiB | ETA 1.2h
step 910/4824 19% [main] | loss 2.179 | lr 1.00e-02 (muon 1.00e-02 embed 1.00e-01 scalar 1.50e-01 arq 1.00e-02) | gnorm 0.83 | 0.24B tok | 117K tok/s/gpu | MFU 29% | peak 37.02GiB | ETA 1.2h
step 920/4824 19% [main] | loss 2.379 | lr 1.00e-02 (muon 1.00e-02 embed 1.00e-01 scalar 1.50e-01 arq 1.00e-02) | gnorm 0.66 | 0.24B tok | 117K tok/s/gpu | MFU 29% | peak 37.02GiB | ETA 1.2h
step 930/4824 19% [main] | loss 2.378 | lr 1.00e-02 (muon 1.00e-02 embed 1.00e-01 scalar 1.50e-01 arq 1.00e-02) | gnorm 0.31 | 0.24B tok | 117K tok/s/gpu | MFU 29% | peak 37.03GiB | ETA 1.2h
step 940/4824 19% [main] | loss 2.756 | lr 1.00e-02 (muon 1.00e-02 embed 1.00e-01 scalar 1.50e-01 arq 1.00e-02) | gnorm 1.09 | 0.25B tok | 117K tok/s/gpu | MFU 29% | peak 37.02GiB | ETA 1.2h
step 950/4824 20% [main] | loss 2.645 | lr 1.00e-02 (muon 1.00e-02 embed 1.00e-01 scalar 1.50e-01 arq 1.00e-02) | gnorm 0.86 | 0.25B tok | 117K tok/s/gpu | MFU 29% | peak 37.03GiB | ETA 1.2h
step 960/4824 20% [main] | loss 2.401 | lr 1.00e-02 (muon 1.00e-02 embed 1.00e-01 scalar 1.50e-01 arq 1.00e-02) | gnorm 0.42 | 0.25B tok | 117K tok/s/gpu | MFU 29% | peak 37.02GiB | ETA 1.2h
step 970/4824 20% [main] | loss 2.457 | lr 1.00e-02 (muon 1.00e-02 embed 1.00e-01 scalar 1.50e-01 arq 1.00e-02) | gnorm 0.81 | 0.25B tok | 117K tok/s/gpu | MFU 29% | peak 37.02GiB | ETA 1.2h
step 980/4824 20% [main] | loss 2.288 | lr 1.00e-02 (muon 1.00e-02 embed 1.00e-01 scalar 1.50e-01 arq 1.00e-02) | gnorm 0.95 | 0.26B tok | 117K tok/s/gpu | MFU 29% | peak 37.03GiB | ETA 1.2h
step 990/4824 21% [main] | loss 2.663 | lr 1.00e-02 (muon 1.00e-02 embed 1.00e-01 scalar 1.50e-01 arq 1.00e-02) | gnorm 0.93 | 0.26B tok | 117K tok/s/gpu | MFU 29% | peak 37.03GiB | ETA 1.2h
step 1000/4824 val 2.638
step 1000/4824 21% [main] | loss 1.990 | lr 1.00e-02 (muon 1.00e-02 embed 1.00e-01 scalar 1.50e-01 arq 1.00e-02) | gnorm 0.32 | 0.26B tok | 72K tok/s/gpu | MFU 18% | peak 37.03GiB | ETA 1.9h
step 1010/4824 21% [main] | loss 2.324 | lr 1.00e-02 (muon 1.00e-02 embed 1.00e-01 scalar 1.50e-01 arq 1.00e-02) | gnorm 0.83 | 0.26B tok | 117K tok/s/gpu | MFU 29% | peak 37.02GiB | ETA 1.2h
step 1020/4824 21% [main] | loss 2.466 | lr 1.00e-02 (muon 1.00e-02 embed 1.00e-01 scalar 1.50e-01 arq 1.00e-02) | gnorm 0.93 | 0.27B tok | 117K tok/s/gpu | MFU 29% | peak 37.02GiB | ETA 1.2h
step 1030/4824 21% [main] | loss 2.271 | lr 1.00e-02 (muon 1.00e-02 embed 1.00e-01 scalar 1.50e-01 arq 1.00e-02) | gnorm 0.77 | 0.27B tok | 117K tok/s/gpu | MFU 29% | peak 37.03GiB | ETA 1.2h
step 1040/4824 22% [main] | loss 2.416 | lr 1.00e-02 (muon 1.00e-02 embed 1.00e-01 scalar 1.50e-01 arq 1.00e-02) | gnorm 0.63 | 0.27B tok | 111K tok/s/gpu | MFU 28% | peak 37.03GiB | ETA 1.2h
step 1050/4824 22% [main] | loss 2.329 | lr 1.00e-02 (muon 1.00e-02 embed 1.00e-01 scalar 1.50e-01 arq 1.00e-02) | gnorm 0.51 | 0.28B tok | 117K tok/s/gpu | MFU 29% | peak 37.03GiB | ETA 1.2h
step 1060/4824 22% [main] | loss 2.455 | lr 1.00e-02 (muon 1.00e-02 embed 1.00e-01 scalar 1.50e-01 arq 1.00e-02) | gnorm 0.85 | 0.28B tok | 117K tok/s/gpu | MFU 29% | peak 37.02GiB | ETA 1.2h
step 1070/4824 22% [main] | loss 2.398 | lr 1.00e-02 (muon 1.00e-02 embed 1.00e-01 scalar 1.50e-01 arq 1.00e-02) | gnorm 0.54 | 0.28B tok | 117K tok/s/gpu | MFU 29% | peak 37.03GiB | ETA 1.2h
step 1080/4824 22% [main] | loss 2.201 | lr 1.00e-02 (muon 1.00e-02 embed 1.00e-01 scalar 1.50e-01 arq 1.00e-02) | gnorm 0.66 | 0.28B tok | 116K tok/s/gpu | MFU 29% | peak 37.03GiB | ETA 1.2h
step 1090/4824 23% [main] | loss 2.034 | lr 1.00e-02 (muon 1.00e-02 embed 1.00e-01 scalar 1.50e-01 arq 1.00e-02) | gnorm 0.62 | 0.29B tok | 117K tok/s/gpu | MFU 29% | peak 37.04GiB | ETA 1.2h
step 1100/4824 23% [main] | loss 2.670 | lr 1.00e-02 (muon 1.00e-02 embed 1.00e-01 scalar 1.50e-01 arq 1.00e-02) | gnorm 0.67 | 0.29B tok | 117K tok/s/gpu | MFU 29% | peak 37.03GiB | ETA 1.2h
step 1110/4824 23% [main] | loss 2.490 | lr 1.00e-02 (muon 1.00e-02 embed 1.00e-01 scalar 1.50e-01 arq 1.00e-02) | gnorm 0.61 | 0.29B tok | 117K tok/s/gpu | MFU 29% | peak 37.02GiB | ETA 1.2h
step 1120/4824 23% [main] | loss 2.564 | lr 1.00e-02 (muon 1.00e-02 embed 1.00e-01 scalar 1.50e-01 arq 1.00e-02) | gnorm 0.44 | 0.29B tok | 117K tok/s/gpu | MFU 29% | peak 37.03GiB | ETA 1.2h
step 1130/4824 23% [main] | loss 2.609 | lr 1.00e-02 (muon 1.00e-02 embed 1.00e-01 scalar 1.50e-01 arq 1.00e-02) | gnorm 0.97 | 0.30B tok | 117K tok/s/gpu | MFU 29% | peak 37.02GiB | ETA 1.2h
step 1140/4824 24% [main] | loss 1.909 | lr 1.00e-02 (muon 1.00e-02 embed 1.00e-01 scalar 1.50e-01 arq 1.00e-02) | gnorm 0.50 | 0.30B tok | 117K tok/s/gpu | MFU 29% | peak 37.03GiB | ETA 1.1h
step 1150/4824 24% [main] | loss 2.208 | lr 1.00e-02 (muon 1.00e-02 embed 1.00e-01 scalar 1.50e-01 arq 1.00e-02) | gnorm 0.34 | 0.30B tok | 117K tok/s/gpu | MFU 29% | peak 37.03GiB | ETA 1.1h
step 1160/4824 24% [main] | loss 2.352 | lr 1.00e-02 (muon 1.00e-02 embed 1.00e-01 scalar 1.50e-01 arq 1.00e-02) | gnorm 0.57 | 0.30B tok | 117K tok/s/gpu | MFU 29% | peak 37.01GiB | ETA 1.1h
step 1170/4824 24% [main] | loss 2.679 | lr 1.00e-02 (muon 1.00e-02 embed 1.00e-01 scalar 1.50e-01 arq 1.00e-02) | gnorm 0.93 | 0.31B tok | 117K tok/s/gpu | MFU 29% | peak 37.01GiB | ETA 1.1h
step 1180/4824 24% [main] | loss 2.103 | lr 1.00e-02 (muon 1.00e-02 embed 1.00e-01 scalar 1.50e-01 arq 1.00e-02) | gnorm 0.90 | 0.31B tok | 117K tok/s/gpu | MFU 29% | peak 37.03GiB | ETA 1.1h
step 1190/4824 25% [main] | loss 2.564 | lr 1.00e-02 (muon 1.00e-02 embed 1.00e-01 scalar 1.50e-01 arq 1.00e-02) | gnorm 0.88 | 0.31B tok | 117K tok/s/gpu | MFU 29% | peak 37.02GiB | ETA 1.1h
step 1200/4824 25% [main] | loss 2.177 | lr 1.00e-02 (muon 1.00e-02 embed 1.00e-01 scalar 1.50e-01 arq 1.00e-02) | gnorm 0.82 | 0.31B tok | 114K tok/s/gpu | MFU 28% | peak 37.02GiB | ETA 1.2h
step 1210/4824 25% [main] | loss 2.025 | lr 1.00e-02 (muon 1.00e-02 embed 1.00e-01 scalar 1.50e-01 arq 1.00e-02) | gnorm 0.58 | 0.32B tok | 112K tok/s/gpu | MFU 28% | peak 37.02GiB | ETA 1.2h
step 1220/4824 25% [main] | loss 2.299 | lr 1.00e-02 (muon 1.00e-02 embed 1.00e-01 scalar 1.50e-01 arq 1.00e-02) | gnorm 1.01 | 0.32B tok | 117K tok/s/gpu | MFU 29% | peak 37.03GiB | ETA 1.1h
step 1230/4824 25% [main] | loss 2.756 | lr 1.00e-02 (muon 1.00e-02 embed 1.00e-01 scalar 1.50e-01 arq 1.00e-02) | gnorm 0.96 | 0.32B tok | 117K tok/s/gpu | MFU 29% | peak 37.03GiB | ETA 1.1h
step 1240/4824 26% [main] | loss 2.092 | lr 1.00e-02 (muon 1.00e-02 embed 1.00e-01 scalar 1.50e-01 arq 1.00e-02) | gnorm 0.84 | 0.33B tok | 117K tok/s/gpu | MFU 29% | peak 37.02GiB | ETA 1.1h
step 1250/4824 26% [main] | loss 2.264 | lr 1.00e-02 (muon 1.00e-02 embed 1.00e-01 scalar 1.50e-01 arq 1.00e-02) | gnorm 0.84 | 0.33B tok | 117K tok/s/gpu | MFU 29% | peak 37.02GiB | ETA 1.1h
step 1260/4824 26% [main] | loss 2.098 | lr 1.00e-02 (muon 1.00e-02 embed 1.00e-01 scalar 1.50e-01 arq 1.00e-02) | gnorm 0.55 | 0.33B tok | 117K tok/s/gpu | MFU 29% | peak 37.04GiB | ETA 1.1h
step 1270/4824 26% [main] | loss 2.479 | lr 1.00e-02 (muon 1.00e-02 embed 1.00e-01 scalar 1.50e-01 arq 1.00e-02) | gnorm 0.52 | 0.33B tok | 117K tok/s/gpu | MFU 29% | peak 37.03GiB | ETA 1.1h
step 1280/4824 27% [main] | loss 2.116 | lr 1.00e-02 (muon 1.00e-02 embed 1.00e-01 scalar 1.50e-01 arq 1.00e-02) | gnorm 1.05 | 0.34B tok | 117K tok/s/gpu | MFU 29% | peak 37.03GiB | ETA 1.1h
step 1290/4824 27% [main] | loss 2.029 | lr 1.00e-02 (muon 1.00e-02 embed 1.00e-01 scalar 1.50e-01 arq 1.00e-02) | gnorm 0.82 | 0.34B tok | 117K tok/s/gpu | MFU 29% | peak 37.01GiB | ETA 1.1h
step 1300/4824 27% [main] | loss 2.097 | lr 1.00e-02 (muon 1.00e-02 embed 1.00e-01 scalar 1.50e-01 arq 1.00e-02) | gnorm 0.63 | 0.34B tok | 117K tok/s/gpu | MFU 29% | peak 37.03GiB | ETA 1.1h
step 1310/4824 27% [main] | loss 2.131 | lr 1.00e-02 (muon 1.00e-02 embed 1.00e-01 scalar 1.50e-01 arq 1.00e-02) | gnorm 0.70 | 0.34B tok | 117K tok/s/gpu | MFU 29% | peak 37.03GiB | ETA 1.1h
step 1320/4824 27% [main] | loss 1.714 | lr 1.00e-02 (muon 1.00e-02 embed 1.00e-01 scalar 1.50e-01 arq 1.00e-02) | gnorm 0.83 | 0.35B tok | 117K tok/s/gpu | MFU 29% | peak 37.03GiB | ETA 1.1h
step 1330/4824 28% [main] | loss 2.503 | lr 1.00e-02 (muon 1.00e-02 embed 1.00e-01 scalar 1.50e-01 arq 1.00e-02) | gnorm 0.59 | 0.35B tok | 117K tok/s/gpu | MFU 29% | peak 37.03GiB | ETA 1.1h
step 1340/4824 28% [main] | loss 1.880 | lr 1.00e-02 (muon 1.00e-02 embed 1.00e-01 scalar 1.50e-01 arq 1.00e-02) | gnorm 0.60 | 0.35B tok | 117K tok/s/gpu | MFU 29% | peak 37.02GiB | ETA 1.1h
step 1350/4824 28% [main] | loss 2.073 | lr 1.00e-02 (muon 1.00e-02 embed 1.00e-01 scalar 1.50e-01 arq 1.00e-02) | gnorm 0.58 | 0.35B tok | 117K tok/s/gpu | MFU 29% | peak 37.03GiB | ETA 1.1h
step 1360/4824 28% [main] | loss 2.320 | lr 1.00e-02 (muon 1.00e-02 embed 1.00e-01 scalar 1.50e-01 arq 1.00e-02) | gnorm 0.70 | 0.36B tok | 117K tok/s/gpu | MFU 29% | peak 37.02GiB | ETA 1.1h
step 1370/4824 28% [main] | loss 2.685 | lr 1.00e-02 (muon 1.00e-02 embed 1.00e-01 scalar 1.50e-01 arq 1.00e-02) | gnorm 1.52 | 0.36B tok | 117K tok/s/gpu | MFU 29% | peak 37.03GiB | ETA 1.1h
step 1380/4824 29% [main] | loss 1.896 | lr 1.00e-02 (muon 1.00e-02 embed 1.00e-01 scalar 1.50e-01 arq 1.00e-02) | gnorm 0.63 | 0.36B tok | 117K tok/s/gpu | MFU 29% | peak 37.03GiB | ETA 1.1h
step 1390/4824 29% [main] | loss 1.824 | lr 1.00e-02 (muon 1.00e-02 embed 1.00e-01 scalar 1.50e-01 arq 1.00e-02) | gnorm 0.90 | 0.36B tok | 117K tok/s/gpu | MFU 29% | peak 37.03GiB | ETA 1.1h
step 1400/4824 29% [main] | loss 2.780 | lr 1.00e-02 (muon 1.00e-02 embed 1.00e-01 scalar 1.50e-01 arq 1.00e-02) | gnorm 0.86 | 0.37B tok | 113K tok/s/gpu | MFU 28% | peak 37.02GiB | ETA 1.1h
step 1410/4824 29% [main] | loss 2.103 | lr 1.00e-02 (muon 1.00e-02 embed 1.00e-01 scalar 1.50e-01 arq 1.00e-02) | gnorm 0.71 | 0.37B tok | 117K tok/s/gpu | MFU 29% | peak 37.04GiB | ETA 1.1h
step 1420/4824 29% [main] | loss 2.334 | lr 1.00e-02 (muon 1.00e-02 embed 1.00e-01 scalar 1.50e-01 arq 1.00e-02) | gnorm 1.31 | 0.37B tok | 117K tok/s/gpu | MFU 29% | peak 37.02GiB | ETA 1.1h
step 1430/4824 30% [main] | loss 2.427 | lr 1.00e-02 (muon 1.00e-02 embed 1.00e-01 scalar 1.50e-01 arq 1.00e-02) | gnorm 0.84 | 0.37B tok | 117K tok/s/gpu | MFU 29% | peak 37.03GiB | ETA 1.1h
step 1440/4824 30% [main] | loss 2.038 | lr 1.00e-02 (muon 1.00e-02 embed 1.00e-01 scalar 1.50e-01 arq 1.00e-02) | gnorm 0.64 | 0.38B tok | 117K tok/s/gpu | MFU 29% | peak 37.02GiB | ETA 1.1h
step 1450/4824 30% [main] | loss 2.383 | lr 1.00e-02 (muon 1.00e-02 embed 1.00e-01 scalar 1.50e-01 arq 1.00e-02) | gnorm 0.84 | 0.38B tok | 111K tok/s/gpu | MFU 27% | peak 37.02GiB | ETA 1.1h
step 1460/4824 30% [main] | loss 2.033 | lr 1.00e-02 (muon 1.00e-02 embed 1.00e-01 scalar 1.50e-01 arq 1.00e-02) | gnorm 0.60 | 0.38B tok | 117K tok/s/gpu | MFU 29% | peak 37.04GiB | ETA 1.0h
step 1470/4824 30% [main] | loss 2.250 | lr 1.00e-02 (muon 1.00e-02 embed 1.00e-01 scalar 1.50e-01 arq 1.00e-02) | gnorm 0.55 | 0.39B tok | 117K tok/s/gpu | MFU 29% | peak 37.05GiB | ETA 1.0h
step 1480/4824 31% [main] | loss 2.467 | lr 1.00e-02 (muon 1.00e-02 embed 1.00e-01 scalar 1.50e-01 arq 1.00e-02) | gnorm 0.59 | 0.39B tok | 117K tok/s/gpu | MFU 29% | peak 37.03GiB | ETA 1.0h
step 1490/4824 31% [main] | loss 2.360 | lr 1.00e-02 (muon 1.00e-02 embed 1.00e-01 scalar 1.50e-01 arq 1.00e-02) | gnorm 0.74 | 0.39B tok | 117K tok/s/gpu | MFU 29% | peak 37.04GiB | ETA 1.0h
step 1500/4824 val 2.516
step 1500/4824 31% [main] | loss 2.299 | lr 1.00e-02 (muon 1.00e-02 embed 1.00e-01 scalar 1.50e-01 arq 1.00e-02) | gnorm 0.65 | 0.39B tok | 90K tok/s/gpu | MFU 22% | peak 37.02GiB | ETA 1.3h
step 1510/4824 31% [main] | loss 2.925 | lr 1.00e-02 (muon 1.00e-02 embed 1.00e-01 scalar 1.50e-01 arq 1.00e-02) | gnorm 0.73 | 0.40B tok | 117K tok/s/gpu | MFU 29% | peak 37.02GiB | ETA 1.0h
step 1520/4824 32% [main] | loss 2.319 | lr 1.00e-02 (muon 1.00e-02 embed 1.00e-01 scalar 1.50e-01 arq 1.00e-02) | gnorm 0.58 | 0.40B tok | 117K tok/s/gpu | MFU 29% | peak 37.03GiB | ETA 1.0h
step 1530/4824 32% [main] | loss 2.493 | lr 1.00e-02 (muon 1.00e-02 embed 1.00e-01 scalar 1.50e-01 arq 1.00e-02) | gnorm 0.87 | 0.40B tok | 117K tok/s/gpu | MFU 29% | peak 37.03GiB | ETA 1.0h
step 1540/4824 32% [main] | loss 1.938 | lr 1.00e-02 (muon 1.00e-02 embed 1.00e-01 scalar 1.50e-01 arq 1.00e-02) | gnorm 0.86 | 0.40B tok | 117K tok/s/gpu | MFU 29% | peak 37.03GiB | ETA 1.0h
step 1550/4824 32% [main] | loss 1.985 | lr 1.00e-02 (muon 1.00e-02 embed 1.00e-01 scalar 1.50e-01 arq 1.00e-02) | gnorm 0.80 | 0.41B tok | 117K tok/s/gpu | MFU 29% | peak 37.03GiB | ETA 1.0h
step 1560/4824 32% [main] | loss 2.073 | lr 1.00e-02 (muon 1.00e-02 embed 1.00e-01 scalar 1.50e-01 arq 1.00e-02) | gnorm 0.56 | 0.41B tok | 117K tok/s/gpu | MFU 29% | peak 37.02GiB | ETA 1.0h
step 1570/4824 33% [main] | loss 1.972 | lr 1.00e-02 (muon 1.00e-02 embed 1.00e-01 scalar 1.50e-01 arq 1.00e-02) | gnorm 1.35 | 0.41B tok | 117K tok/s/gpu | MFU 29% | peak 37.03GiB | ETA 1.0h
step 1580/4824 33% [main] | loss 2.079 | lr 1.00e-02 (muon 1.00e-02 embed 1.00e-01 scalar 1.50e-01 arq 1.00e-02) | gnorm 0.81 | 0.41B tok | 117K tok/s/gpu | MFU 29% | peak 37.03GiB | ETA 1.0h
step 1590/4824 33% [main] | loss 2.194 | lr 1.00e-02 (muon 1.00e-02 embed 1.00e-01 scalar 1.50e-01 arq 1.00e-02) | gnorm 0.75 | 0.42B tok | 117K tok/s/gpu | MFU 29% | peak 37.02GiB | ETA 1.0h
step 1600/4824 33% [main] | loss 1.839 | lr 1.00e-02 (muon 1.00e-02 embed 1.00e-01 scalar 1.50e-01 arq 1.00e-02) | gnorm 1.04 | 0.42B tok | 114K tok/s/gpu | MFU 28% | peak 37.02GiB | ETA 1.0h
step 1610/4824 33% [main] | loss 2.586 | lr 1.00e-02 (muon 1.00e-02 embed 1.00e-01 scalar 1.50e-01 arq 1.00e-02) | gnorm 0.58 | 0.42B tok | 117K tok/s/gpu | MFU 29% | peak 37.03GiB | ETA 1.0h
step 1620/4824 34% [main] | loss 2.516 | lr 1.00e-02 (muon 1.00e-02 embed 1.00e-01 scalar 1.50e-01 arq 1.00e-02) | gnorm 1.51 | 0.42B tok | 117K tok/s/gpu | MFU 29% | peak 37.02GiB | ETA 1.0h
step 1630/4824 34% [main] | loss 2.098 | lr 1.00e-02 (muon 1.00e-02 embed 1.00e-01 scalar 1.50e-01 arq 1.00e-02) | gnorm 0.69 | 0.43B tok | 112K tok/s/gpu | MFU 28% | peak 37.03GiB | ETA 1.0h
step 1640/4824 34% [main] | loss 2.373 | lr 1.00e-02 (muon 1.00e-02 embed 1.00e-01 scalar 1.50e-01 arq 1.00e-02) | gnorm 1.12 | 0.43B tok | 117K tok/s/gpu | MFU 29% | peak 37.02GiB | ETA 1.0h
step 1650/4824 34% [main] | loss 1.883 | lr 1.00e-02 (muon 1.00e-02 embed 1.00e-01 scalar 1.50e-01 arq 1.00e-02) | gnorm 0.62 | 0.43B tok | 117K tok/s/gpu | MFU 29% | peak 37.02GiB | ETA 1.0h
step 1660/4824 34% [main] | loss 1.765 | lr 1.00e-02 (muon 1.00e-02 embed 1.00e-01 scalar 1.50e-01 arq 1.00e-02) | gnorm 0.54 | 0.44B tok | 117K tok/s/gpu | MFU 29% | peak 37.03GiB | ETA 1.0h
step 1670/4824 35% [main] | loss 2.277 | lr 1.00e-02 (muon 1.00e-02 embed 1.00e-01 scalar 1.50e-01 arq 1.00e-02) | gnorm 1.04 | 0.44B tok | 117K tok/s/gpu | MFU 29% | peak 37.04GiB | ETA 1.0h
step 1680/4824 35% [main] | loss 2.274 | lr 1.00e-02 (muon 1.00e-02 embed 1.00e-01 scalar 1.50e-01 arq 1.00e-02) | gnorm 0.86 | 0.44B tok | 117K tok/s/gpu | MFU 29% | peak 37.02GiB | ETA 1.0h
step 1690/4824 35% [main] | loss 2.202 | lr 1.00e-02 (muon 1.00e-02 embed 1.00e-01 scalar 1.50e-01 arq 1.00e-02) | gnorm 0.73 | 0.44B tok | 117K tok/s/gpu | MFU 29% | peak 37.03GiB | ETA 1.0h
step 1700/4824 35% [main] | loss 2.382 | lr 1.00e-02 (muon 1.00e-02 embed 1.00e-01 scalar 1.50e-01 arq 1.00e-02) | gnorm 0.75 | 0.45B tok | 117K tok/s/gpu | MFU 29% | peak 37.04GiB | ETA 1.0h
step 1710/4824 35% [main] | loss 2.435 | lr 1.00e-02 (muon 1.00e-02 embed 1.00e-01 scalar 1.50e-01 arq 1.00e-02) | gnorm 0.67 | 0.45B tok | 117K tok/s/gpu | MFU 29% | peak 37.02GiB | ETA 1.0h
step 1720/4824 36% [main] | loss 2.107 | lr 1.00e-02 (muon 1.00e-02 embed 1.00e-01 scalar 1.50e-01 arq 1.00e-02) | gnorm 1.20 | 0.45B tok | 117K tok/s/gpu | MFU 29% | peak 37.03GiB | ETA 1.0h
step 1730/4824 36% [main] | loss 2.070 | lr 1.00e-02 (muon 1.00e-02 embed 1.00e-01 scalar 1.50e-01 arq 1.00e-02) | gnorm 0.85 | 0.45B tok | 117K tok/s/gpu | MFU 29% | peak 37.02GiB | ETA 1.0h
step 1740/4824 36% [main] | loss 1.988 | lr 1.00e-02 (muon 1.00e-02 embed 1.00e-01 scalar 1.50e-01 arq 1.00e-02) | gnorm 0.66 | 0.46B tok | 117K tok/s/gpu | MFU 29% | peak 37.03GiB | ETA 1.0h
step 1750/4824 36% [main] | loss 2.026 | lr 1.00e-02 (muon 1.00e-02 embed 1.00e-01 scalar 1.50e-01 arq 1.00e-02) | gnorm 0.65 | 0.46B tok | 117K tok/s/gpu | MFU 29% | peak 37.05GiB | ETA 1.0h
step 1760/4824 36% [main] | loss 1.808 | lr 1.00e-02 (muon 1.00e-02 embed 1.00e-01 scalar 1.50e-01 arq 1.00e-02) | gnorm 0.74 | 0.46B tok | 117K tok/s/gpu | MFU 29% | peak 37.03GiB | ETA 1.0h
step 1770/4824 37% [main] | loss 2.488 | lr 1.00e-02 (muon 1.00e-02 embed 1.00e-01 scalar 1.50e-01 arq 1.00e-02) | gnorm 0.73 | 0.46B tok | 117K tok/s/gpu | MFU 29% | peak 37.04GiB | ETA 1.0h
step 1780/4824 37% [main] | loss 2.223 | lr 1.00e-02 (muon 1.00e-02 embed 1.00e-01 scalar 1.50e-01 arq 1.00e-02) | gnorm 0.91 | 0.47B tok | 117K tok/s/gpu | MFU 29% | peak 37.02GiB | ETA 0.9h
step 1790/4824 37% [main] | loss 2.449 | lr 1.00e-02 (muon 1.00e-02 embed 1.00e-01 scalar 1.50e-01 arq 1.00e-02) | gnorm 0.99 | 0.47B tok | 117K tok/s/gpu | MFU 29% | peak 37.03GiB | ETA 0.9h
step 1800/4824 37% [main] | loss 2.052 | lr 1.00e-02 (muon 1.00e-02 embed 1.00e-01 scalar 1.50e-01 arq 1.00e-02) | gnorm 0.88 | 0.47B tok | 113K tok/s/gpu | MFU 28% | peak 37.03GiB | ETA 1.0h
step 1810/4824 38% [main] | loss 2.410 | lr 1.00e-02 (muon 1.00e-02 embed 1.00e-01 scalar 1.50e-01 arq 1.00e-02) | gnorm 0.64 | 0.47B tok | 117K tok/s/gpu | MFU 29% | peak 37.03GiB | ETA 0.9h
step 1820/4824 38% [main] | loss 2.135 | lr 1.00e-02 (muon 1.00e-02 embed 1.00e-01 scalar 1.50e-01 arq 1.00e-02) | gnorm 0.84 | 0.48B tok | 117K tok/s/gpu | MFU 29% | peak 37.03GiB | ETA 0.9h
step 1830/4824 38% [main] | loss 2.069 | lr 1.00e-02 (muon 1.00e-02 embed 1.00e-01 scalar 1.50e-01 arq 1.00e-02) | gnorm 0.87 | 0.48B tok | 117K tok/s/gpu | MFU 29% | peak 37.02GiB | ETA 0.9h
step 1840/4824 38% [main] | loss 1.845 | lr 1.00e-02 (muon 1.00e-02 embed 1.00e-01 scalar 1.50e-01 arq 1.00e-02) | gnorm 0.63 | 0.48B tok | 117K tok/s/gpu | MFU 29% | peak 37.03GiB | ETA 0.9h
step 1850/4824 38% [main] | loss 2.203 | lr 1.00e-02 (muon 1.00e-02 embed 1.00e-01 scalar 1.50e-01 arq 1.00e-02) | gnorm 0.72 | 0.48B tok | 117K tok/s/gpu | MFU 29% | peak 37.02GiB | ETA 0.9h
step 1860/4824 39% [main] | loss 2.561 | lr 1.00e-02 (muon 1.00e-02 embed 1.00e-01 scalar 1.50e-01 arq 1.00e-02) | gnorm 0.97 | 0.49B tok | 111K tok/s/gpu | MFU 28% | peak 37.02GiB | ETA 1.0h
step 1870/4824 39% [main] | loss 2.233 | lr 1.00e-02 (muon 1.00e-02 embed 1.00e-01 scalar 1.50e-01 arq 1.00e-02) | gnorm 0.77 | 0.49B tok | 117K tok/s/gpu | MFU 29% | peak 37.03GiB | ETA 0.9h
step 1880/4824 39% [main] | loss 2.076 | lr 1.00e-02 (muon 1.00e-02 embed 1.00e-01 scalar 1.50e-01 arq 1.00e-02) | gnorm 0.65 | 0.49B tok | 117K tok/s/gpu | MFU 29% | peak 37.04GiB | ETA 0.9h
step 1890/4824 39% [main] | loss 2.619 | lr 1.00e-02 (muon 1.00e-02 embed 1.00e-01 scalar 1.50e-01 arq 1.00e-02) | gnorm 0.99 | 0.50B tok | 117K tok/s/gpu | MFU 29% | peak 37.05GiB | ETA 0.9h
step 1900/4824 39% [main] | loss 2.400 | lr 1.00e-02 (muon 1.00e-02 embed 1.00e-01 scalar 1.50e-01 arq 1.00e-02) | gnorm 0.91 | 0.50B tok | 117K tok/s/gpu | MFU 29% | peak 37.02GiB | ETA 0.9h
step 1910/4824 40% [main] | loss 2.122 | lr 1.00e-02 (muon 1.00e-02 embed 1.00e-01 scalar 1.50e-01 arq 1.00e-02) | gnorm 0.79 | 0.50B tok | 117K tok/s/gpu | MFU 29% | peak 37.01GiB | ETA 0.9h
step 1920/4824 40% [main] | loss 2.191 | lr 1.00e-02 (muon 1.00e-02 embed 1.00e-01 scalar 1.50e-01 arq 1.00e-02) | gnorm 0.74 | 0.50B tok | 117K tok/s/gpu | MFU 29% | peak 37.02GiB | ETA 0.9h
step 1930/4824 40% [main] | loss 2.250 | lr 1.00e-02 (muon 1.00e-02 embed 1.00e-01 scalar 1.50e-01 arq 1.00e-02) | gnorm 0.84 | 0.51B tok | 117K tok/s/gpu | MFU 29% | peak 37.02GiB | ETA 0.9h
step 1940/4824 40% [main] | loss 2.131 | lr 1.00e-02 (muon 1.00e-02 embed 1.00e-01 scalar 1.50e-01 arq 1.00e-02) | gnorm 0.89 | 0.51B tok | 117K tok/s/gpu | MFU 29% | peak 37.02GiB | ETA 0.9h
step 1950/4824 40% [main] | loss 2.055 | lr 1.00e-02 (muon 1.00e-02 embed 1.00e-01 scalar 1.50e-01 arq 1.00e-02) | gnorm 0.81 | 0.51B tok | 117K tok/s/gpu | MFU 29% | peak 37.04GiB | ETA 0.9h
step 1960/4824 41% [main] | loss 2.104 | lr 1.00e-02 (muon 1.00e-02 embed 1.00e-01 scalar 1.50e-01 arq 1.00e-02) | gnorm 0.93 | 0.51B tok | 117K tok/s/gpu | MFU 29% | peak 37.04GiB | ETA 0.9h
step 1970/4824 41% [main] | loss 2.047 | lr 1.00e-02 (muon 1.00e-02 embed 1.00e-01 scalar 1.50e-01 arq 1.00e-02) | gnorm 0.86 | 0.52B tok | 117K tok/s/gpu | MFU 29% | peak 37.04GiB | ETA 0.9h
step 1980/4824 41% [main] | loss 1.795 | lr 1.00e-02 (muon 1.00e-02 embed 1.00e-01 scalar 1.50e-01 arq 1.00e-02) | gnorm 0.62 | 0.52B tok | 117K tok/s/gpu | MFU 29% | peak 37.04GiB | ETA 0.9h
step 1990/4824 41% [main] | loss 2.277 | lr 1.00e-02 (muon 1.00e-02 embed 1.00e-01 scalar 1.50e-01 arq 1.00e-02) | gnorm 0.77 | 0.52B tok | 117K tok/s/gpu | MFU 29% | peak 37.02GiB | ETA 0.9h
step 2000/4824 val 2.445
step 2000/4824 41% [main] | loss 2.078 | lr 1.00e-02 (muon 1.00e-02 embed 1.00e-01 scalar 1.50e-01 arq 1.00e-02) | gnorm 0.67 | 0.52B tok | 72K tok/s/gpu | MFU 18% | peak 37.02GiB | ETA 1.4h
step 2010/4824 42% [main] | loss 2.018 | lr 1.00e-02 (muon 1.00e-02 embed 1.00e-01 scalar 1.50e-01 arq 1.00e-02) | gnorm 1.08 | 0.53B tok | 117K tok/s/gpu | MFU 29% | peak 37.02GiB | ETA 0.9h
step 2020/4824 42% [main] | loss 2.353 | lr 1.00e-02 (muon 1.00e-02 embed 1.00e-01 scalar 1.50e-01 arq 1.00e-02) | gnorm 0.88 | 0.53B tok | 117K tok/s/gpu | MFU 29% | peak 37.03GiB | ETA 0.9h
step 2030/4824 42% [main] | loss 1.950 | lr 1.00e-02 (muon 1.00e-02 embed 1.00e-01 scalar 1.50e-01 arq 1.00e-02) | gnorm 0.91 | 0.53B tok | 117K tok/s/gpu | MFU 29% | peak 37.02GiB | ETA 0.9h
step 2040/4824 42% [main] | loss 2.114 | lr 1.00e-02 (muon 1.00e-02 embed 1.00e-01 scalar 1.50e-01 arq 1.00e-02) | gnorm 0.81 | 0.53B tok | 117K tok/s/gpu | MFU 29% | peak 37.02GiB | ETA 0.9h
step 2050/4824 42% [main] | loss 1.814 | lr 1.00e-02 (muon 1.00e-02 embed 1.00e-01 scalar 1.50e-01 arq 1.00e-02) | gnorm 0.95 | 0.54B tok | 117K tok/s/gpu | MFU 29% | peak 37.02GiB | ETA 0.9h
step 2060/4824 43% [main] | loss 2.421 | lr 1.00e-02 (muon 1.00e-02 embed 1.00e-01 scalar 1.50e-01 arq 1.00e-02) | gnorm 1.05 | 0.54B tok | 117K tok/s/gpu | MFU 29% | peak 37.07GiB | ETA 0.9h
step 2070/4824 43% [main] | loss 2.039 | lr 1.00e-02 (muon 1.00e-02 embed 1.00e-01 scalar 1.50e-01 arq 1.00e-02) | gnorm 1.05 | 0.54B tok | 117K tok/s/gpu | MFU 29% | peak 37.02GiB | ETA 0.9h
step 2080/4824 43% [main] | loss 2.123 | lr 1.00e-02 (muon 1.00e-02 embed 1.00e-01 scalar 1.50e-01 arq 1.00e-02) | gnorm 0.70 | 0.55B tok | 117K tok/s/gpu | MFU 29% | peak 37.02GiB | ETA 0.9h
step 2090/4824 43% [main] | loss 1.984 | lr 1.00e-02 (muon 1.00e-02 embed 1.00e-01 scalar 1.50e-01 arq 1.00e-02) | gnorm 0.80 | 0.55B tok | 117K tok/s/gpu | MFU 29% | peak 37.02GiB | ETA 0.9h
step 2100/4824 44% [main] | loss 2.023 | lr 1.00e-02 (muon 1.00e-02 embed 1.00e-01 scalar 1.50e-01 arq 1.00e-02) | gnorm 0.80 | 0.55B tok | 117K tok/s/gpu | MFU 29% | peak 37.03GiB | ETA 0.8h
step 2110/4824 44% [main] | loss 2.286 | lr 1.00e-02 (muon 1.00e-02 embed 1.00e-01 scalar 1.50e-01 arq 1.00e-02) | gnorm 0.94 | 0.55B tok | 117K tok/s/gpu | MFU 29% | peak 37.03GiB | ETA 0.8h
step 2120/4824 44% [main] | loss 2.116 | lr 1.00e-02 (muon 1.00e-02 embed 1.00e-01 scalar 1.50e-01 arq 1.00e-02) | gnorm 0.98 | 0.56B tok | 117K tok/s/gpu | MFU 29% | peak 37.02GiB | ETA 0.8h
step 2130/4824 44% [main] | loss 2.352 | lr 1.00e-02 (muon 1.00e-02 embed 1.00e-01 scalar 1.50e-01 arq 1.00e-02) | gnorm 0.77 | 0.56B tok | 117K tok/s/gpu | MFU 29% | peak 37.02GiB | ETA 0.8h
step 2140/4824 44% [main] | loss 2.440 | lr 1.00e-02 (muon 1.00e-02 embed 1.00e-01 scalar 1.50e-01 arq 1.00e-02) | gnorm 0.86 | 0.56B tok | 117K tok/s/gpu | MFU 29% | peak 37.02GiB | ETA 0.8h
step 2150/4824 45% [main] | loss 2.144 | lr 1.00e-02 (muon 1.00e-02 embed 1.00e-01 scalar 1.50e-01 arq 1.00e-02) | gnorm 0.90 | 0.56B tok | 117K tok/s/gpu | MFU 29% | peak 37.02GiB | ETA 0.8h
step 2160/4824 45% [main] | loss 2.056 | lr 1.00e-02 (muon 1.00e-02 embed 1.00e-01 scalar 1.50e-01 arq 1.00e-02) | gnorm 0.94 | 0.57B tok | 117K tok/s/gpu | MFU 29% | peak 37.03GiB | ETA 0.8h
step 2170/4824 45% [main] | loss 2.376 | lr 1.00e-02 (muon 1.00e-02 embed 1.00e-01 scalar 1.50e-01 arq 1.00e-02) | gnorm 0.72 | 0.57B tok | 117K tok/s/gpu | MFU 29% | peak 37.02GiB | ETA 0.8h
step 2180/4824 45% [main] | loss 1.876 | lr 1.00e-02 (muon 1.00e-02 embed 1.00e-01 scalar 1.50e-01 arq 1.00e-02) | gnorm 0.75 | 0.57B tok | 117K tok/s/gpu | MFU 29% | peak 37.02GiB | ETA 0.8h
step 2190/4824 45% [main] | loss 2.106 | lr 1.00e-02 (muon 1.00e-02 embed 1.00e-01 scalar 1.50e-01 arq 1.00e-02) | gnorm 1.00 | 0.57B tok | 117K tok/s/gpu | MFU 29% | peak 37.02GiB | ETA 0.8h
step 2200/4824 46% [main] | loss 2.186 | lr 1.00e-02 (muon 1.00e-02 embed 1.00e-01 scalar 1.50e-01 arq 1.00e-02) | gnorm 1.10 | 0.58B tok | 114K tok/s/gpu | MFU 28% | peak 37.04GiB | ETA 0.8h
step 2210/4824 46% [main] | loss 1.698 | lr 1.00e-02 (muon 1.00e-02 embed 1.00e-01 scalar 1.50e-01 arq 1.00e-02) | gnorm 0.68 | 0.58B tok | 117K tok/s/gpu | MFU 29% | peak 37.02GiB | ETA 0.8h
step 2220/4824 46% [main] | loss 2.071 | lr 1.00e-02 (muon 1.00e-02 embed 1.00e-01 scalar 1.50e-01 arq 1.00e-02) | gnorm 1.05 | 0.58B tok | 117K tok/s/gpu | MFU 29% | peak 37.03GiB | ETA 0.8h
step 2230/4824 46% [main] | loss 1.809 | lr 1.00e-02 (muon 1.00e-02 embed 1.00e-01 scalar 1.50e-01 arq 1.00e-02) | gnorm 0.89 | 0.58B tok | 117K tok/s/gpu | MFU 29% | peak 37.03GiB | ETA 0.8h
step 2240/4824 46% [main] | loss 2.110 | lr 1.00e-02 (muon 1.00e-02 embed 1.00e-01 scalar 1.50e-01 arq 1.00e-02) | gnorm 1.06 | 0.59B tok | 112K tok/s/gpu | MFU 28% | peak 37.02GiB | ETA 0.8h
step 2250/4824 47% [main] | loss 1.702 | lr 1.00e-02 (muon 1.00e-02 embed 1.00e-01 scalar 1.50e-01 arq 1.00e-02) | gnorm 0.81 | 0.59B tok | 117K tok/s/gpu | MFU 29% | peak 37.02GiB | ETA 0.8h
step 2260/4824 47% [main] | loss 2.563 | lr 1.00e-02 (muon 1.00e-02 embed 1.00e-01 scalar 1.50e-01 arq 1.00e-02) | gnorm 1.00 | 0.59B tok | 117K tok/s/gpu | MFU 29% | peak 37.02GiB | ETA 0.8h
step 2270/4824 47% [main] | loss 1.669 | lr 1.00e-02 (muon 1.00e-02 embed 1.00e-01 scalar 1.50e-01 arq 1.00e-02) | gnorm 0.88 | 0.60B tok | 111K tok/s/gpu | MFU 28% | peak 37.02GiB | ETA 0.8h
step 2280/4824 47% [main] | loss 1.733 | lr 1.00e-02 (muon 1.00e-02 embed 1.00e-01 scalar 1.50e-01 arq 1.00e-02) | gnorm 0.91 | 0.60B tok | 117K tok/s/gpu | MFU 29% | peak 37.03GiB | ETA 0.8h
step 2290/4824 47% [main] | loss 1.821 | lr 1.00e-02 (muon 1.00e-02 embed 1.00e-01 scalar 1.50e-01 arq 1.00e-02) | gnorm 1.09 | 0.60B tok | 117K tok/s/gpu | MFU 29% | peak 37.03GiB | ETA 0.8h
step 2300/4824 48% [main] | loss 2.369 | lr 1.00e-02 (muon 1.00e-02 embed 1.00e-01 scalar 1.50e-01 arq 1.00e-02) | gnorm 0.94 | 0.60B tok | 117K tok/s/gpu | MFU 29% | peak 37.02GiB | ETA 0.8h
step 2310/4824 48% [main] | loss 2.024 | lr 1.00e-02 (muon 1.00e-02 embed 1.00e-01 scalar 1.50e-01 arq 1.00e-02) | gnorm 0.93 | 0.61B tok | 117K tok/s/gpu | MFU 29% | peak 37.02GiB | ETA 0.8h
step 2320/4824 48% [main] | loss 2.114 | lr 1.00e-02 (muon 1.00e-02 embed 1.00e-01 scalar 1.50e-01 arq 1.00e-02) | gnorm 1.09 | 0.61B tok | 117K tok/s/gpu | MFU 29% | peak 37.02GiB | ETA 0.8h
step 2330/4824 48% [main] | loss 2.122 | lr 1.00e-02 (muon 1.00e-02 embed 1.00e-01 scalar 1.50e-01 arq 1.00e-02) | gnorm 1.02 | 0.61B tok | 117K tok/s/gpu | MFU 29% | peak 37.02GiB | ETA 0.8h
step 2340/4824 49% [main] | loss 2.167 | lr 1.00e-02 (muon 1.00e-02 embed 1.00e-01 scalar 1.50e-01 arq 1.00e-02) | gnorm 0.79 | 0.61B tok | 117K tok/s/gpu | MFU 29% | peak 37.03GiB | ETA 0.8h
step 2350/4824 49% [main] | loss 1.967 | lr 1.00e-02 (muon 1.00e-02 embed 1.00e-01 scalar 1.50e-01 arq 1.00e-02) | gnorm 0.78 | 0.62B tok | 117K tok/s/gpu | MFU 29% | peak 37.04GiB | ETA 0.8h
step 2360/4824 49% [main] | loss 1.828 | lr 1.00e-02 (muon 1.00e-02 embed 1.00e-01 scalar 1.50e-01 arq 1.00e-02) | gnorm 0.91 | 0.62B tok | 117K tok/s/gpu | MFU 29% | peak 37.04GiB | ETA 0.8h
step 2370/4824 49% [main] | loss 2.149 | lr 1.00e-02 (muon 1.00e-02 embed 1.00e-01 scalar 1.50e-01 arq 1.00e-02) | gnorm 0.90 | 0.62B tok | 117K tok/s/gpu | MFU 29% | peak 37.02GiB | ETA 0.8h
step 2380/4824 49% [main] | loss 1.794 | lr 1.00e-02 (muon 1.00e-02 embed 1.00e-01 scalar 1.50e-01 arq 1.00e-02) | gnorm 1.06 | 0.62B tok | 117K tok/s/gpu | MFU 29% | peak 37.02GiB | ETA 0.8h
step 2390/4824 50% [main] | loss 2.491 | lr 1.00e-02 (muon 1.00e-02 embed 1.00e-01 scalar 1.50e-01 arq 1.00e-02) | gnorm 0.70 | 0.63B tok | 117K tok/s/gpu | MFU 29% | peak 37.04GiB | ETA 0.8h
step 2400/4824 50% [main] | loss 1.814 | lr 1.00e-02 (muon 1.00e-02 embed 1.00e-01 scalar 1.50e-01 arq 1.00e-02) | gnorm 1.00 | 0.63B tok | 114K tok/s/gpu | MFU 28% | peak 37.03GiB | ETA 0.8h
step 2410/4824 50% [main] | loss 2.087 | lr 1.00e-02 (muon 1.00e-02 embed 1.00e-01 scalar 1.50e-01 arq 1.00e-02) | gnorm 1.08 | 0.63B tok | 117K tok/s/gpu | MFU 29% | peak 37.03GiB | ETA 0.8h
step 2420/4824 50% [main] | loss 2.458 | lr 1.00e-02 (muon 1.00e-02 embed 1.00e-01 scalar 1.50e-01 arq 1.00e-02) | gnorm 0.86 | 0.63B tok | 117K tok/s/gpu | MFU 29% | peak 37.03GiB | ETA 0.7h
step 2430/4824 50% [main] | loss 2.243 | lr 1.00e-02 (muon 1.00e-02 embed 1.00e-01 scalar 1.50e-01 arq 1.00e-02) | gnorm 0.83 | 0.64B tok | 117K tok/s/gpu | MFU 29% | peak 37.03GiB | ETA 0.7h
step 2440/4824 51% [main] | loss 2.307 | lr 1.00e-02 (muon 1.00e-02 embed 1.00e-01 scalar 1.50e-01 arq 1.00e-02) | gnorm 1.00 | 0.64B tok | 117K tok/s/gpu | MFU 29% | peak 37.03GiB | ETA 0.7h
step 2450/4824 51% [main] | loss 2.138 | lr 1.00e-02 (muon 1.00e-02 embed 1.00e-01 scalar 1.50e-01 arq 1.00e-02) | gnorm 1.29 | 0.64B tok | 117K tok/s/gpu | MFU 29% | peak 37.02GiB | ETA 0.7h
step 2460/4824 51% [main] | loss 2.194 | lr 1.00e-02 (muon 1.00e-02 embed 1.00e-01 scalar 1.50e-01 arq 1.00e-02) | gnorm 0.73 | 0.64B tok | 117K tok/s/gpu | MFU 29% | peak 37.02GiB | ETA 0.7h
step 2470/4824 51% [main] | loss 1.982 | lr 1.00e-02 (muon 1.00e-02 embed 1.00e-01 scalar 1.50e-01 arq 1.00e-02) | gnorm 1.08 | 0.65B tok | 117K tok/s/gpu | MFU 29% | peak 37.03GiB | ETA 0.7h
step 2480/4824 51% [main] | loss 2.029 | lr 1.00e-02 (muon 1.00e-02 embed 1.00e-01 scalar 1.50e-01 arq 1.00e-02) | gnorm 0.85 | 0.65B tok | 117K tok/s/gpu | MFU 29% | peak 37.03GiB | ETA 0.7h
step 2490/4824 52% [main] | loss 2.291 | lr 1.00e-02 (muon 1.00e-02 embed 1.00e-01 scalar 1.50e-01 arq 1.00e-02) | gnorm 1.22 | 0.65B tok | 117K tok/s/gpu | MFU 29% | peak 37.03GiB | ETA 0.7h
step 2500/4824 val 2.402
step 2500/4824 52% [main] | loss 2.101 | lr 1.00e-02 (muon 1.00e-02 embed 1.00e-01 scalar 1.50e-01 arq 1.00e-02) | gnorm 1.11 | 0.66B tok | 90K tok/s/gpu | MFU 22% | peak 37.04GiB | ETA 0.9h
step 2510/4824 52% [main] | loss 2.587 | lr 1.00e-02 (muon 1.00e-02 embed 1.00e-01 scalar 1.50e-01 arq 1.00e-02) | gnorm 0.89 | 0.66B tok | 117K tok/s/gpu | MFU 29% | peak 37.03GiB | ETA 0.7h
step 2520/4824 52% [main] | loss 1.842 | lr 1.00e-02 (muon 1.00e-02 embed 1.00e-01 scalar 1.50e-01 arq 1.00e-02) | gnorm 0.95 | 0.66B tok | 117K tok/s/gpu | MFU 29% | peak 37.02GiB | ETA 0.7h
step 2530/4824 52% [main] | loss 2.100 | lr 1.00e-02 (muon 1.00e-02 embed 1.00e-01 scalar 1.50e-01 arq 1.00e-02) | gnorm 0.99 | 0.66B tok | 117K tok/s/gpu | MFU 29% | peak 37.03GiB | ETA 0.7h
step 2540/4824 53% [main] | loss 2.623 | lr 1.00e-02 (muon 1.00e-02 embed 1.00e-01 scalar 1.50e-01 arq 1.00e-02) | gnorm 0.97 | 0.67B tok | 117K tok/s/gpu | MFU 29% | peak 37.03GiB | ETA 0.7h
step 2550/4824 53% [main] | loss 2.049 | lr 1.00e-02 (muon 1.00e-02 embed 1.00e-01 scalar 1.50e-01 arq 1.00e-02) | gnorm 0.90 | 0.67B tok | 117K tok/s/gpu | MFU 29% | peak 37.03GiB | ETA 0.7h
step 2560/4824 53% [main] | loss 2.114 | lr 1.00e-02 (muon 1.00e-02 embed 1.00e-01 scalar 1.50e-01 arq 1.00e-02) | gnorm 0.73 | 0.67B tok | 117K tok/s/gpu | MFU 29% | peak 37.04GiB | ETA 0.7h
step 2570/4824 53% [main] | loss 2.302 | lr 1.00e-02 (muon 1.00e-02 embed 1.00e-01 scalar 1.50e-01 arq 1.00e-02) | gnorm 1.05 | 0.67B tok | 117K tok/s/gpu | MFU 29% | peak 37.03GiB | ETA 0.7h
step 2580/4824 53% [main] | loss 2.290 | lr 1.00e-02 (muon 1.00e-02 embed 1.00e-01 scalar 1.50e-01 arq 1.00e-02) | gnorm 1.16 | 0.68B tok | 117K tok/s/gpu | MFU 29% | peak 37.03GiB | ETA 0.7h
step 2590/4824 54% [main] | loss 2.029 | lr 1.00e-02 (muon 1.00e-02 embed 1.00e-01 scalar 1.50e-01 arq 1.00e-02) | gnorm 0.86 | 0.68B tok | 117K tok/s/gpu | MFU 29% | peak 37.02GiB | ETA 0.7h
step 2600/4824 54% [main] | loss 2.287 | lr 1.00e-02 (muon 1.00e-02 embed 1.00e-01 scalar 1.50e-01 arq 1.00e-02) | gnorm 0.93 | 0.68B tok | 114K tok/s/gpu | MFU 28% | peak 37.03GiB | ETA 0.7h
step 2610/4824 54% [main] | loss 1.616 | lr 1.00e-02 (muon 1.00e-02 embed 1.00e-01 scalar 1.50e-01 arq 1.00e-02) | gnorm 0.81 | 0.68B tok | 117K tok/s/gpu | MFU 29% | peak 37.02GiB | ETA 0.7h
step 2620/4824 54% [main] | loss 1.823 | lr 1.00e-02 (muon 1.00e-02 embed 1.00e-01 scalar 1.50e-01 arq 1.00e-02) | gnorm 0.88 | 0.69B tok | 117K tok/s/gpu | MFU 29% | peak 37.04GiB | ETA 0.7h
step 2630/4824 55% [main] | loss 2.264 | lr 1.00e-02 (muon 1.00e-02 embed 1.00e-01 scalar 1.50e-01 arq 1.00e-02) | gnorm 1.07 | 0.69B tok | 117K tok/s/gpu | MFU 29% | peak 37.02GiB | ETA 0.7h
step 2640/4824 55% [main] | loss 2.238 | lr 1.00e-02 (muon 1.00e-02 embed 1.00e-01 scalar 1.50e-01 arq 1.00e-02) | gnorm 1.05 | 0.69B tok | 117K tok/s/gpu | MFU 29% | peak 37.02GiB | ETA 0.7h
step 2650/4824 55% [main] | loss 1.971 | lr 1.00e-02 (muon 1.00e-02 embed 1.00e-01 scalar 1.50e-01 arq 1.00e-02) | gnorm 1.02 | 0.69B tok | 117K tok/s/gpu | MFU 29% | peak 37.03GiB | ETA 0.7h
step 2660/4824 55% [main] | loss 2.052 | lr 1.00e-02 (muon 1.00e-02 embed 1.00e-01 scalar 1.50e-01 arq 1.00e-02) | gnorm 1.09 | 0.70B tok | 117K tok/s/gpu | MFU 29% | peak 37.02GiB | ETA 0.7h
step 2670/4824 55% [main] | loss 2.087 | lr 1.00e-02 (muon 1.00e-02 embed 1.00e-01 scalar 1.50e-01 arq 1.00e-02) | gnorm 1.01 | 0.70B tok | 117K tok/s/gpu | MFU 29% | peak 37.04GiB | ETA 0.7h
step 2680/4824 56% [main] | loss 2.207 | lr 1.00e-02 (muon 1.00e-02 embed 1.00e-01 scalar 1.50e-01 arq 1.00e-02) | gnorm 1.12 | 0.70B tok | 111K tok/s/gpu | MFU 28% | peak 37.02GiB | ETA 0.7h
step 2690/4824 56% [main] | loss 1.837 | lr 1.00e-02 (muon 1.00e-02 embed 1.00e-01 scalar 1.50e-01 arq 1.00e-02) | gnorm 0.87 | 0.71B tok | 117K tok/s/gpu | MFU 29% | peak 37.01GiB | ETA 0.7h
step 2700/4824 56% [main] | loss 2.040 | lr 1.00e-02 (muon 1.00e-02 embed 1.00e-01 scalar 1.50e-01 arq 1.00e-02) | gnorm 0.95 | 0.71B tok | 117K tok/s/gpu | MFU 29% | peak 37.02GiB | ETA 0.7h
step 2710/4824 56% [main] | loss 2.145 | lr 1.00e-02 (muon 1.00e-02 embed 1.00e-01 scalar 1.50e-01 arq 1.00e-02) | gnorm 1.12 | 0.71B tok | 117K tok/s/gpu | MFU 29% | peak 37.02GiB | ETA 0.7h
step 2720/4824 56% [main] | loss 1.992 | lr 1.00e-02 (muon 1.00e-02 embed 1.00e-01 scalar 1.50e-01 arq 1.00e-02) | gnorm 0.86 | 0.71B tok | 117K tok/s/gpu | MFU 29% | peak 37.03GiB | ETA 0.7h
step 2730/4824 57% [main] | loss 2.134 | lr 1.00e-02 (muon 1.00e-02 embed 1.00e-01 scalar 1.50e-01 arq 1.00e-02) | gnorm 0.79 | 0.72B tok | 117K tok/s/gpu | MFU 29% | peak 37.02GiB | ETA 0.7h
step 2740/4824 57% [main] | loss 2.228 | lr 1.00e-02 (muon 1.00e-02 embed 1.00e-01 scalar 1.50e-01 arq 1.00e-02) | gnorm 1.22 | 0.72B tok | 117K tok/s/gpu | MFU 29% | peak 37.03GiB | ETA 0.6h
step 2750/4824 57% [main] | loss 1.811 | lr 1.00e-02 (muon 1.00e-02 embed 1.00e-01 scalar 1.50e-01 arq 1.00e-02) | gnorm 0.99 | 0.72B tok | 117K tok/s/gpu | MFU 29% | peak 37.03GiB | ETA 0.6h
step 2760/4824 57% [main] | loss 2.119 | lr 1.00e-02 (muon 1.00e-02 embed 1.00e-01 scalar 1.50e-01 arq 1.00e-02) | gnorm 0.84 | 0.72B tok | 117K tok/s/gpu | MFU 29% | peak 37.02GiB | ETA 0.6h
step 2770/4824 57% [main] | loss 1.761 | lr 1.00e-02 (muon 1.00e-02 embed 1.00e-01 scalar 1.50e-01 arq 1.00e-02) | gnorm 1.27 | 0.73B tok | 117K tok/s/gpu | MFU 29% | peak 37.02GiB | ETA 0.6h
step 2780/4824 58% [main] | loss 1.994 | lr 1.00e-02 (muon 1.00e-02 embed 1.00e-01 scalar 1.50e-01 arq 1.00e-02) | gnorm 1.12 | 0.73B tok | 117K tok/s/gpu | MFU 29% | peak 37.03GiB | ETA 0.6h
step 2790/4824 58% [main] | loss 2.019 | lr 1.00e-02 (muon 1.00e-02 embed 1.00e-01 scalar 1.50e-01 arq 1.00e-02) | gnorm 0.96 | 0.73B tok | 117K tok/s/gpu | MFU 29% | peak 37.05GiB | ETA 0.6h
step 2800/4824 58% [main] | loss 2.032 | lr 1.00e-02 (muon 1.00e-02 embed 1.00e-01 scalar 1.50e-01 arq 1.00e-02) | gnorm 1.16 | 0.73B tok | 114K tok/s/gpu | MFU 28% | peak 37.03GiB | ETA 0.6h
step 2810/4824 58% [main] | loss 1.947 | lr 1.00e-02 (muon 1.00e-02 embed 1.00e-01 scalar 1.50e-01 arq 1.00e-02) | gnorm 1.06 | 0.74B tok | 117K tok/s/gpu | MFU 29% | peak 37.03GiB | ETA 0.6h
step 2820/4824 58% [main] | loss 2.070 | lr 1.00e-02 (muon 1.00e-02 embed 1.00e-01 scalar 1.50e-01 arq 1.00e-02) | gnorm 1.09 | 0.74B tok | 117K tok/s/gpu | MFU 29% | peak 37.03GiB | ETA 0.6h
step 2830/4824 59% [main] | loss 2.226 | lr 1.00e-02 (muon 1.00e-02 embed 1.00e-01 scalar 1.50e-01 arq 1.00e-02) | gnorm 1.09 | 0.74B tok | 111K tok/s/gpu | MFU 28% | peak 37.01GiB | ETA 0.7h
step 2840/4824 59% [main] | loss 2.168 | lr 1.00e-02 (muon 1.00e-02 embed 1.00e-01 scalar 1.50e-01 arq 1.00e-02) | gnorm 1.16 | 0.74B tok | 117K tok/s/gpu | MFU 29% | peak 37.02GiB | ETA 0.6h
step 2850/4824 59% [main] | loss 2.023 | lr 1.00e-02 (muon 1.00e-02 embed 1.00e-01 scalar 1.50e-01 arq 1.00e-02) | gnorm 1.12 | 0.75B tok | 117K tok/s/gpu | MFU 29% | peak 37.03GiB | ETA 0.6h
step 2860/4824 59% [main] | loss 1.954 | lr 1.00e-02 (muon 1.00e-02 embed 1.00e-01 scalar 1.50e-01 arq 1.00e-02) | gnorm 0.96 | 0.75B tok | 117K tok/s/gpu | MFU 29% | peak 37.03GiB | ETA 0.6h
step 2870/4824 59% [main] | loss 2.054 | lr 1.00e-02 (muon 1.00e-02 embed 1.00e-01 scalar 1.50e-01 arq 1.00e-02) | gnorm 0.93 | 0.75B tok | 117K tok/s/gpu | MFU 29% | peak 37.02GiB | ETA 0.6h
step 2880/4824 60% [main] | loss 2.008 | lr 1.00e-02 (muon 1.00e-02 embed 1.00e-01 scalar 1.50e-01 arq 1.00e-02) | gnorm 0.94 | 0.75B tok | 117K tok/s/gpu | MFU 29% | peak 37.03GiB | ETA 0.6h
step 2890/4824 60% [main] | loss 1.910 | lr 1.00e-02 (muon 1.00e-02 embed 1.00e-01 scalar 1.50e-01 arq 1.00e-02) | gnorm 1.05 | 0.76B tok | 117K tok/s/gpu | MFU 29% | peak 37.03GiB | ETA 0.6h
step 2900/4824 60% [main] | loss 2.177 | lr 1.00e-02 (muon 1.00e-02 embed 1.00e-01 scalar 1.50e-01 arq 1.00e-02) | gnorm 0.84 | 0.76B tok | 117K tok/s/gpu | MFU 29% | peak 37.04GiB | ETA 0.6h
step 2910/4824 60% [main] | loss 2.001 | lr 1.00e-02 (muon 1.00e-02 embed 1.00e-01 scalar 1.50e-01 arq 1.00e-02) | gnorm 1.06 | 0.76B tok | 117K tok/s/gpu | MFU 29% | peak 37.03GiB | ETA 0.6h
step 2920/4824 61% [main] | loss 2.515 | lr 1.00e-02 (muon 1.00e-02 embed 1.00e-01 scalar 1.50e-01 arq 1.00e-02) | gnorm 1.14 | 0.77B tok | 117K tok/s/gpu | MFU 29% | peak 37.02GiB | ETA 0.6h
step 2930/4824 61% [main] | loss 1.824 | lr 1.00e-02 (muon 1.00e-02 embed 1.00e-01 scalar 1.50e-01 arq 1.00e-02) | gnorm 0.83 | 0.77B tok | 117K tok/s/gpu | MFU 29% | peak 37.05GiB | ETA 0.6h
step 2940/4824 61% [main] | loss 2.196 | lr 1.00e-02 (muon 1.00e-02 embed 1.00e-01 scalar 1.50e-01 arq 1.00e-02) | gnorm 1.09 | 0.77B tok | 117K tok/s/gpu | MFU 29% | peak 37.03GiB | ETA 0.6h
step 2950/4824 61% [main] | loss 2.021 | lr 1.00e-02 (muon 1.00e-02 embed 1.00e-01 scalar 1.50e-01 arq 1.00e-02) | gnorm 0.94 | 0.77B tok | 117K tok/s/gpu | MFU 29% | peak 37.04GiB | ETA 0.6h
step 2960/4824 61% [main] | loss 2.072 | lr 1.00e-02 (muon 1.00e-02 embed 1.00e-01 scalar 1.50e-01 arq 1.00e-02) | gnorm 1.02 | 0.78B tok | 117K tok/s/gpu | MFU 29% | peak 37.03GiB | ETA 0.6h
step 2970/4824 62% [main] | loss 1.679 | lr 1.00e-02 (muon 1.00e-02 embed 1.00e-01 scalar 1.50e-01 arq 1.00e-02) | gnorm 1.12 | 0.78B tok | 117K tok/s/gpu | MFU 29% | peak 37.02GiB | ETA 0.6h
step 2980/4824 62% [main] | loss 2.271 | lr 1.00e-02 (muon 1.00e-02 embed 1.00e-01 scalar 1.50e-01 arq 1.00e-02) | gnorm 0.98 | 0.78B tok | 117K tok/s/gpu | MFU 29% | peak 37.02GiB | ETA 0.6h
step 2990/4824 62% [main] | loss 1.658 | lr 1.00e-02 (muon 1.00e-02 embed 1.00e-01 scalar 1.50e-01 arq 1.00e-02) | gnorm 0.94 | 0.78B tok | 117K tok/s/gpu | MFU 29% | peak 37.03GiB | ETA 0.6h
step 3000/4824 val 2.360
step 3000/4824 62% [main] | loss 1.860 | lr 1.00e-02 (muon 1.00e-02 embed 1.00e-01 scalar 1.50e-01 arq 1.00e-02) | gnorm 1.27 | 0.79B tok | 72K tok/s/gpu | MFU 18% | peak 37.03GiB | ETA 0.9h
step 3010/4824 62% [main] | loss 2.302 | lr 1.00e-02 (muon 1.00e-02 embed 1.00e-01 scalar 1.50e-01 arq 1.00e-02) | gnorm 1.15 | 0.79B tok | 117K tok/s/gpu | MFU 29% | peak 37.04GiB | ETA 0.6h
step 3020/4824 63% [main] | loss 2.015 | lr 1.00e-02 (muon 1.00e-02 embed 1.00e-01 scalar 1.50e-01 arq 1.00e-02) | gnorm 0.82 | 0.79B tok | 117K tok/s/gpu | MFU 29% | peak 37.04GiB | ETA 0.6h
step 3030/4824 63% [main] | loss 2.094 | lr 1.00e-02 (muon 1.00e-02 embed 1.00e-01 scalar 1.50e-01 arq 1.00e-02) | gnorm 1.30 | 0.79B tok | 117K tok/s/gpu | MFU 29% | peak 37.03GiB | ETA 0.6h
step 3040/4824 63% [main] | loss 2.468 | lr 1.00e-02 (muon 1.00e-02 embed 1.00e-01 scalar 1.50e-01 arq 1.00e-02) | gnorm 0.79 | 0.80B tok | 117K tok/s/gpu | MFU 29% | peak 37.03GiB | ETA 0.6h
step 3050/4824 63% [main] | loss 2.230 | lr 1.00e-02 (muon 1.00e-02 embed 1.00e-01 scalar 1.50e-01 arq 1.00e-02) | gnorm 1.26 | 0.80B tok | 117K tok/s/gpu | MFU 29% | peak 37.03GiB | ETA 0.6h
step 3060/4824 63% [main] | loss 2.223 | lr 1.00e-02 (muon 1.00e-02 embed 1.00e-01 scalar 1.50e-01 arq 1.00e-02) | gnorm 0.92 | 0.80B tok | 117K tok/s/gpu | MFU 29% | peak 37.03GiB | ETA 0.6h
step 3070/4824 64% [main] | loss 1.821 | lr 1.00e-02 (muon 1.00e-02 embed 1.00e-01 scalar 1.50e-01 arq 1.00e-02) | gnorm 1.08 | 0.80B tok | 117K tok/s/gpu | MFU 29% | peak 37.04GiB | ETA 0.5h
step 3080/4824 64% [main] | loss 1.765 | lr 1.00e-02 (muon 1.00e-02 embed 1.00e-01 scalar 1.50e-01 arq 1.00e-02) | gnorm 0.66 | 0.81B tok | 117K tok/s/gpu | MFU 29% | peak 37.02GiB | ETA 0.5h
step 3090/4824 64% [main] | loss 2.176 | lr 1.00e-02 (muon 1.00e-02 embed 1.00e-01 scalar 1.50e-01 arq 1.00e-02) | gnorm 1.00 | 0.81B tok | 111K tok/s/gpu | MFU 28% | peak 37.03GiB | ETA 0.6h
step 3100/4824 64% [main] | loss 1.753 | lr 1.00e-02 (muon 1.00e-02 embed 1.00e-01 scalar 1.50e-01 arq 1.00e-02) | gnorm 1.07 | 0.81B tok | 117K tok/s/gpu | MFU 29% | peak 37.04GiB | ETA 0.5h
step 3110/4824 64% [main] | loss 1.843 | lr 1.00e-02 (muon 1.00e-02 embed 1.00e-01 scalar 1.50e-01 arq 1.00e-02) | gnorm 1.02 | 0.82B tok | 117K tok/s/gpu | MFU 29% | peak 37.03GiB | ETA 0.5h
step 3120/4824 65% [main] | loss 1.833 | lr 1.00e-02 (muon 1.00e-02 embed 1.00e-01 scalar 1.50e-01 arq 1.00e-02) | gnorm 1.11 | 0.82B tok | 117K tok/s/gpu | MFU 29% | peak 37.03GiB | ETA 0.5h
step 3130/4824 65% [main] | loss 2.338 | lr 1.00e-02 (muon 1.00e-02 embed 1.00e-01 scalar 1.50e-01 arq 1.00e-02) | gnorm 0.88 | 0.82B tok | 117K tok/s/gpu | MFU 29% | peak 37.02GiB | ETA 0.5h
step 3140/4824 65% [main] | loss 2.077 | lr 1.00e-02 (muon 1.00e-02 embed 1.00e-01 scalar 1.50e-01 arq 1.00e-02) | gnorm 0.95 | 0.82B tok | 117K tok/s/gpu | MFU 29% | peak 37.04GiB | ETA 0.5h
step 3150/4824 65% [main] | loss 1.766 | lr 1.00e-02 (muon 1.00e-02 embed 1.00e-01 scalar 1.50e-01 arq 1.00e-02) | gnorm 0.80 | 0.83B tok | 117K tok/s/gpu | MFU 29% | peak 37.02GiB | ETA 0.5h
step 3160/4824 66% [main] | loss 1.745 | lr 1.00e-02 (muon 1.00e-02 embed 1.00e-01 scalar 1.50e-01 arq 1.00e-02) | gnorm 0.84 | 0.83B tok | 117K tok/s/gpu | MFU 29% | peak 37.03GiB | ETA 0.5h
step 3170/4824 66% [main] | loss 2.475 | lr 1.00e-02 (muon 1.00e-02 embed 1.00e-01 scalar 1.50e-01 arq 1.00e-02) | gnorm 1.16 | 0.83B tok | 117K tok/s/gpu | MFU 29% | peak 37.02GiB | ETA 0.5h
step 3180/4824 66% [main] | loss 1.984 | lr 1.00e-02 (muon 1.00e-02 embed 1.00e-01 scalar 1.50e-01 arq 1.00e-02) | gnorm 0.96 | 0.83B tok | 117K tok/s/gpu | MFU 29% | peak 37.03GiB | ETA 0.5h
step 3190/4824 66% [main] | loss 2.035 | lr 1.00e-02 (muon 1.00e-02 embed 1.00e-01 scalar 1.50e-01 arq 1.00e-02) | gnorm 1.00 | 0.84B tok | 117K tok/s/gpu | MFU 29% | peak 37.03GiB | ETA 0.5h
step 3200/4824 66% [main] | loss 1.917 | lr 1.00e-02 (muon 1.00e-02 embed 1.00e-01 scalar 1.50e-01 arq 1.00e-02) | gnorm 1.38 | 0.84B tok | 114K tok/s/gpu | MFU 28% | peak 37.02GiB | ETA 0.5h
step 3210/4824 67% [main] | loss 2.208 | lr 1.00e-02 (muon 1.00e-02 embed 1.00e-01 scalar 1.50e-01 arq 1.00e-02) | gnorm 1.25 | 0.84B tok | 117K tok/s/gpu | MFU 29% | peak 37.02GiB | ETA 0.5h
step 3220/4824 67% [main] | loss 2.059 | lr 1.00e-02 (muon 1.00e-02 embed 1.00e-01 scalar 1.50e-01 arq 1.00e-02) | gnorm 0.92 | 0.84B tok | 116K tok/s/gpu | MFU 29% | peak 37.01GiB | ETA 0.5h
step 3230/4824 67% [main] | loss 2.027 | lr 1.00e-02 (muon 1.00e-02 embed 1.00e-01 scalar 1.50e-01 arq 1.00e-02) | gnorm 1.20 | 0.85B tok | 116K tok/s/gpu | MFU 29% | peak 37.02GiB | ETA 0.5h
step 3240/4824 67% [main] | loss 2.527 | lr 1.00e-02 (muon 1.00e-02 embed 1.00e-01 scalar 1.50e-01 arq 1.00e-02) | gnorm 0.93 | 0.85B tok | 117K tok/s/gpu | MFU 29% | peak 37.03GiB | ETA 0.5h
step 3250/4824 67% [main] | loss 2.110 | lr 1.00e-02 (muon 1.00e-02 embed 1.00e-01 scalar 1.50e-01 arq 1.00e-02) | gnorm 1.01 | 0.85B tok | 116K tok/s/gpu | MFU 29% | peak 37.02GiB | ETA 0.5h
step 3260/4824 68% [main] | loss 1.938 | lr 1.00e-02 (muon 1.00e-02 embed 1.00e-01 scalar 1.50e-01 arq 1.00e-02) | gnorm 1.03 | 0.85B tok | 116K tok/s/gpu | MFU 29% | peak 37.02GiB | ETA 0.5h
step 3270/4824 68% [main] | loss 2.123 | lr 1.00e-02 (muon 1.00e-02 embed 1.00e-01 scalar 1.50e-01 arq 1.00e-02) | gnorm 4.28 | 0.86B tok | 117K tok/s/gpu | MFU 29% | peak 37.03GiB | ETA 0.5h
step 3280/4824 68% [main] | loss 2.601 | lr 1.00e-02 (muon 1.00e-02 embed 1.00e-01 scalar 1.50e-01 arq 1.00e-02) | gnorm 1.08 | 0.86B tok | 117K tok/s/gpu | MFU 29% | peak 37.02GiB | ETA 0.5h
step 3290/4824 68% [main] | loss 1.974 | lr 1.00e-02 (muon 1.00e-02 embed 1.00e-01 scalar 1.50e-01 arq 1.00e-02) | gnorm 1.30 | 0.86B tok | 116K tok/s/gpu | MFU 29% | peak 37.03GiB | ETA 0.5h
step 3300/4824 68% [main] | loss 2.314 | lr 1.00e-02 (muon 1.00e-02 embed 1.00e-01 scalar 1.50e-01 arq 1.00e-02) | gnorm 0.91 | 0.87B tok | 117K tok/s/gpu | MFU 29% | peak 37.02GiB | ETA 0.5h
step 3310/4824 69% [main] | loss 1.922 | lr 1.00e-02 (muon 1.00e-02 embed 1.00e-01 scalar 1.50e-01 arq 1.00e-02) | gnorm 0.98 | 0.87B tok | 117K tok/s/gpu | MFU 29% | peak 37.03GiB | ETA 0.5h
step 3320/4824 69% [main] | loss 2.192 | lr 1.00e-02 (muon 1.00e-02 embed 1.00e-01 scalar 1.50e-01 arq 1.00e-02) | gnorm 1.12 | 0.87B tok | 117K tok/s/gpu | MFU 29% | peak 37.03GiB | ETA 0.5h
step 3330/4824 69% [main] | loss 1.970 | lr 1.00e-02 (muon 1.00e-02 embed 1.00e-01 scalar 1.50e-01 arq 1.00e-02) | gnorm 1.03 | 0.87B tok | 117K tok/s/gpu | MFU 29% | peak 37.03GiB | ETA 0.5h
step 3340/4824 69% [main] | loss 2.029 | lr 1.00e-02 (muon 1.00e-02 embed 1.00e-01 scalar 1.50e-01 arq 1.00e-02) | gnorm 1.02 | 0.88B tok | 117K tok/s/gpu | MFU 29% | peak 37.03GiB | ETA 0.5h
step 3350/4824 69% [main] | loss 2.234 | lr 1.00e-02 (muon 1.00e-02 embed 1.00e-01 scalar 1.50e-01 arq 1.00e-02) | gnorm 1.21 | 0.88B tok | 117K tok/s/gpu | MFU 29% | peak 37.02GiB | ETA 0.5h
step 3360/4824 70% [main] | loss 2.039 | lr 1.00e-02 (muon 1.00e-02 embed 1.00e-01 scalar 1.50e-01 arq 1.00e-02) | gnorm 1.08 | 0.88B tok | 117K tok/s/gpu | MFU 29% | peak 37.04GiB | ETA 0.5h
step 3370/4824 70% [main] | loss 1.961 | lr 1.00e-02 (muon 1.00e-02 embed 1.00e-01 scalar 1.50e-01 arq 1.00e-02) | gnorm 1.07 | 0.88B tok | 117K tok/s/gpu | MFU 29% | peak 37.02GiB | ETA 0.5h
step 3380/4824 70% [main] | loss 2.024 | lr 1.00e-02 (muon 1.00e-02 embed 1.00e-01 scalar 1.50e-01 arq 1.00e-02) | gnorm 1.22 | 0.89B tok | 117K tok/s/gpu | MFU 29% | peak 37.03GiB | ETA 0.4h
step 3390/4824 70% [main] | loss 1.939 | lr 1.00e-02 (muon 1.00e-02 embed 1.00e-01 scalar 1.50e-01 arq 1.00e-02) | gnorm 1.05 | 0.89B tok | 117K tok/s/gpu | MFU 29% | peak 37.03GiB | ETA 0.4h
step 3400/4824 70% [main] | loss 1.651 | lr 1.00e-02 (muon 1.00e-02 embed 1.00e-01 scalar 1.50e-01 arq 1.00e-02) | gnorm 0.84 | 0.89B tok | 114K tok/s/gpu | MFU 28% | peak 37.02GiB | ETA 0.5h
step 3410/4824 71% [main] | loss 1.954 | lr 1.00e-02 (muon 1.00e-02 embed 1.00e-01 scalar 1.50e-01 arq 1.00e-02) | gnorm 0.78 | 0.89B tok | 117K tok/s/gpu | MFU 29% | peak 37.03GiB | ETA 0.4h
step 3420/4824 71% [main] | loss 1.937 | lr 1.00e-02 (muon 1.00e-02 embed 1.00e-01 scalar 1.50e-01 arq 1.00e-02) | gnorm 1.20 | 0.90B tok | 117K tok/s/gpu | MFU 29% | peak 37.02GiB | ETA 0.4h
step 3430/4824 71% [main] | loss 1.737 | lr 1.00e-02 (muon 1.00e-02 embed 1.00e-01 scalar 1.50e-01 arq 1.00e-02) | gnorm 0.84 | 0.90B tok | 117K tok/s/gpu | MFU 29% | peak 37.02GiB | ETA 0.4h
step 3440/4824 71% [main] | loss 1.879 | lr 1.00e-02 (muon 1.00e-02 embed 1.00e-01 scalar 1.50e-01 arq 1.00e-02) | gnorm 0.88 | 0.90B tok | 117K tok/s/gpu | MFU 29% | peak 37.04GiB | ETA 0.4h
step 3450/4824 72% [main] | loss 1.912 | lr 1.00e-02 (muon 1.00e-02 embed 1.00e-01 scalar 1.50e-01 arq 1.00e-02) | gnorm 1.24 | 0.90B tok | 117K tok/s/gpu | MFU 29% | peak 37.03GiB | ETA 0.4h
step 3460/4824 72% [main] | loss 1.757 | lr 1.00e-02 (muon 1.00e-02 embed 1.00e-01 scalar 1.50e-01 arq 1.00e-02) | gnorm 1.08 | 0.91B tok | 117K tok/s/gpu | MFU 29% | peak 37.02GiB | ETA 0.4h
step 3470/4824 72% [main] | loss 1.784 | lr 1.00e-02 (muon 1.00e-02 embed 1.00e-01 scalar 1.50e-01 arq 1.00e-02) | gnorm 1.18 | 0.91B tok | 117K tok/s/gpu | MFU 29% | peak 37.04GiB | ETA 0.4h
step 3480/4824 72% [main] | loss 1.925 | lr 1.00e-02 (muon 1.00e-02 embed 1.00e-01 scalar 1.50e-01 arq 1.00e-02) | gnorm 0.88 | 0.91B tok | 117K tok/s/gpu | MFU 29% | peak 37.02GiB | ETA 0.4h
step 3490/4824 72% [main] | loss 2.220 | lr 1.00e-02 (muon 1.00e-02 embed 1.00e-01 scalar 1.50e-01 arq 1.00e-02) | gnorm 0.98 | 0.91B tok | 117K tok/s/gpu | MFU 29% | peak 37.04GiB | ETA 0.4h
step 3500/4824 val 2.322
step 3500/4824 73% [main] | loss 2.065 | lr 1.00e-02 (muon 1.00e-02 embed 1.00e-01 scalar 1.50e-01 arq 1.00e-02) | gnorm 1.06 | 0.92B tok | 86K tok/s/gpu | MFU 21% | peak 37.03GiB | ETA 0.6h
step 3510/4824 73% [main] | loss 1.892 | lr 1.00e-02 (muon 1.00e-02 embed 1.00e-01 scalar 1.50e-01 arq 1.00e-02) | gnorm 1.04 | 0.92B tok | 117K tok/s/gpu | MFU 29% | peak 37.02GiB | ETA 0.4h
step 3520/4824 73% [main] | loss 1.997 | lr 1.00e-02 (muon 1.00e-02 embed 1.00e-01 scalar 1.50e-01 arq 1.00e-02) | gnorm 0.96 | 0.92B tok | 117K tok/s/gpu | MFU 29% | peak 37.03GiB | ETA 0.4h
step 3530/4824 73% [main] | loss 2.159 | lr 1.00e-02 (muon 1.00e-02 embed 1.00e-01 scalar 1.50e-01 arq 1.00e-02) | gnorm 0.99 | 0.93B tok | 117K tok/s/gpu | MFU 29% | peak 37.03GiB | ETA 0.4h
step 3540/4824 73% [main] | loss 1.990 | lr 1.00e-02 (muon 1.00e-02 embed 1.00e-01 scalar 1.50e-01 arq 1.00e-02) | gnorm 1.06 | 0.93B tok | 117K tok/s/gpu | MFU 29% | peak 37.02GiB | ETA 0.4h
step 3550/4824 74% [main] | loss 2.087 | lr 1.00e-02 (muon 1.00e-02 embed 1.00e-01 scalar 1.50e-01 arq 1.00e-02) | gnorm 0.92 | 0.93B tok | 117K tok/s/gpu | MFU 29% | peak 37.04GiB | ETA 0.4h
step 3560/4824 74% [main] | loss 2.020 | lr 1.00e-02 (muon 1.00e-02 embed 1.00e-01 scalar 1.50e-01 arq 1.00e-02) | gnorm 0.90 | 0.93B tok | 117K tok/s/gpu | MFU 29% | peak 37.02GiB | ETA 0.4h
step 3570/4824 74% [main] | loss 1.910 | lr 1.00e-02 (muon 1.00e-02 embed 1.00e-01 scalar 1.50e-01 arq 1.00e-02) | gnorm 1.05 | 0.94B tok | 117K tok/s/gpu | MFU 29% | peak 37.03GiB | ETA 0.4h
step 3580/4824 74% [main] | loss 2.255 | lr 1.00e-02 (muon 1.00e-02 embed 1.00e-01 scalar 1.50e-01 arq 1.00e-02) | gnorm 1.14 | 0.94B tok | 117K tok/s/gpu | MFU 29% | peak 37.03GiB | ETA 0.4h
step 3590/4824 74% [main] | loss 1.967 | lr 1.00e-02 (muon 1.00e-02 embed 1.00e-01 scalar 1.50e-01 arq 1.00e-02) | gnorm 0.99 | 0.94B tok | 117K tok/s/gpu | MFU 29% | peak 37.01GiB | ETA 0.4h
step 3600/4824 75% [main] | loss 2.124 | lr 1.00e-02 (muon 1.00e-02 embed 1.00e-01 scalar 1.50e-01 arq 1.00e-02) | gnorm 1.21 | 0.94B tok | 114K tok/s/gpu | MFU 28% | peak 37.04GiB | ETA 0.4h
step 3610/4824 75% [main] | loss 2.186 | lr 1.00e-02 (muon 1.00e-02 embed 1.00e-01 scalar 1.50e-01 arq 1.00e-02) | gnorm 1.05 | 0.95B tok | 112K tok/s/gpu | MFU 28% | peak 37.03GiB | ETA 0.4h
step 3620/4824 75% [main] | loss 2.167 | lr 1.00e-02 (muon 1.00e-02 embed 1.00e-01 scalar 1.50e-01 arq 1.00e-02) | gnorm 1.17 | 0.95B tok | 117K tok/s/gpu | MFU 29% | peak 37.03GiB | ETA 0.4h
step 3630/4824 75% [main] | loss 1.982 | lr 1.00e-02 (muon 1.00e-02 embed 1.00e-01 scalar 1.50e-01 arq 1.00e-02) | gnorm 1.09 | 0.95B tok | 117K tok/s/gpu | MFU 29% | peak 37.03GiB | ETA 0.4h
step 3640/4824 75% [main] | loss 2.294 | lr 1.00e-02 (muon 1.00e-02 embed 1.00e-01 scalar 1.50e-01 arq 1.00e-02) | gnorm 1.01 | 0.95B tok | 117K tok/s/gpu | MFU 29% | peak 37.03GiB | ETA 0.4h
step 3650/4824 76% [main] | loss 2.267 | lr 1.00e-02 (muon 1.00e-02 embed 1.00e-01 scalar 1.50e-01 arq 1.00e-02) | gnorm 0.81 | 0.96B tok | 117K tok/s/gpu | MFU 29% | peak 37.03GiB | ETA 0.4h
step 3660/4824 76% [main] | loss 2.089 | lr 1.00e-02 (muon 1.00e-02 embed 1.00e-01 scalar 1.50e-01 arq 1.00e-02) | gnorm 1.04 | 0.96B tok | 117K tok/s/gpu | MFU 29% | peak 37.02GiB | ETA 0.4h
step 3670/4824 76% [main] | loss 1.732 | lr 1.00e-02 (muon 1.00e-02 embed 1.00e-01 scalar 1.50e-01 arq 1.00e-02) | gnorm 1.44 | 0.96B tok | 117K tok/s/gpu | MFU 29% | peak 37.01GiB | ETA 0.4h
step 3680/4824 76% [main] | loss 2.071 | lr 1.00e-02 (muon 1.00e-02 embed 1.00e-01 scalar 1.50e-01 arq 1.00e-02) | gnorm 0.94 | 0.96B tok | 117K tok/s/gpu | MFU 29% | peak 37.06GiB | ETA 0.4h
step 3690/4824 76% [main] | loss 1.905 | lr 1.00e-02 (muon 1.00e-02 embed 1.00e-01 scalar 1.50e-01 arq 1.00e-02) | gnorm 0.90 | 0.97B tok | 117K tok/s/gpu | MFU 29% | peak 37.02GiB | ETA 0.4h
step 3700/4824 77% [main] | loss 2.002 | lr 1.00e-02 (muon 1.00e-02 embed 1.00e-01 scalar 1.50e-01 arq 1.00e-02) | gnorm 1.02 | 0.97B tok | 117K tok/s/gpu | MFU 29% | peak 37.03GiB | ETA 0.3h
step 3710/4824 77% [main] | loss 2.123 | lr 1.00e-02 (muon 1.00e-02 embed 1.00e-01 scalar 1.50e-01 arq 1.00e-02) | gnorm 1.27 | 0.97B tok | 117K tok/s/gpu | MFU 29% | peak 37.03GiB | ETA 0.3h
step 3720/4824 77% [main] | loss 1.842 | lr 1.00e-02 (muon 1.00e-02 embed 1.00e-01 scalar 1.50e-01 arq 1.00e-02) | gnorm 1.03 | 0.98B tok | 117K tok/s/gpu | MFU 29% | peak 37.02GiB | ETA 0.3h
step 3730/4824 77% [main] | loss 2.154 | lr 1.00e-02 (muon 1.00e-02 embed 1.00e-01 scalar 1.50e-01 arq 1.00e-02) | gnorm 1.57 | 0.98B tok | 117K tok/s/gpu | MFU 29% | peak 37.03GiB | ETA 0.3h
step 3740/4824 78% [main] | loss 2.036 | lr 1.00e-02 (muon 1.00e-02 embed 1.00e-01 scalar 1.50e-01 arq 1.00e-02) | gnorm 1.02 | 0.98B tok | 117K tok/s/gpu | MFU 29% | peak 37.02GiB | ETA 0.3h
step 3750/4824 78% [main] | loss 1.863 | lr 1.00e-02 (muon 1.00e-02 embed 1.00e-01 scalar 1.50e-01 arq 1.00e-02) | gnorm 1.29 | 0.98B tok | 117K tok/s/gpu | MFU 29% | peak 37.02GiB | ETA 0.3h
step 3760/4824 78% [main] | loss 2.109 | lr 1.00e-02 (muon 1.00e-02 embed 1.00e-01 scalar 1.50e-01 arq 1.00e-02) | gnorm 1.13 | 0.99B tok | 117K tok/s/gpu | MFU 29% | peak 37.03GiB | ETA 0.3h
step 3770/4824 78% [main] | loss 1.975 | lr 1.00e-02 (muon 1.00e-02 embed 1.00e-01 scalar 1.50e-01 arq 1.00e-02) | gnorm 0.96 | 0.99B tok | 117K tok/s/gpu | MFU 29% | peak 37.02GiB | ETA 0.3h
step 3780/4824 78% [main] | loss 1.774 | lr 1.00e-02 (muon 1.00e-02 embed 1.00e-01 scalar 1.50e-01 arq 1.00e-02) | gnorm 0.92 | 0.99B tok | 117K tok/s/gpu | MFU 29% | peak 37.03GiB | ETA 0.3h
step 3790/4824 79% [main] | loss 2.327 | lr 1.00e-02 (muon 1.00e-02 embed 1.00e-01 scalar 1.50e-01 arq 1.00e-02) | gnorm 0.93 | 0.99B tok | 117K tok/s/gpu | MFU 29% | peak 37.03GiB | ETA 0.3h
step 3800/4824 79% [main] | loss 2.062 | lr 1.00e-02 (muon 1.00e-02 embed 1.00e-01 scalar 1.50e-01 arq 1.00e-02) | gnorm 1.22 | 1.00B tok | 114K tok/s/gpu | MFU 28% | peak 37.02GiB | ETA 0.3h
step 3810/4824 79% [main] | loss 1.912 | lr 1.00e-02 (muon 1.00e-02 embed 1.00e-01 scalar 1.50e-01 arq 1.00e-02) | gnorm 0.92 | 1.00B tok | 117K tok/s/gpu | MFU 29% | peak 37.02GiB | ETA 0.3h
step 3820/4824 79% [main] | loss 1.980 | lr 1.00e-02 (muon 1.00e-02 embed 1.00e-01 scalar 1.50e-01 arq 1.00e-02) | gnorm 1.10 | 1.00B tok | 117K tok/s/gpu | MFU 29% | peak 37.03GiB | ETA 0.3h
step 3830/4824 79% [main] | loss 2.138 | lr 1.00e-02 (muon 1.00e-02 embed 1.00e-01 scalar 1.50e-01 arq 1.00e-02) | gnorm 1.04 | 1.00B tok | 117K tok/s/gpu | MFU 29% | peak 37.04GiB | ETA 0.3h
step 3840/4824 80% [main] | loss 2.152 | lr 1.00e-02 (muon 1.00e-02 embed 1.00e-01 scalar 1.50e-01 arq 1.00e-02) | gnorm 0.89 | 1.01B tok | 117K tok/s/gpu | MFU 29% | peak 37.02GiB | ETA 0.3h
step 3850/4824 80% [main] | loss 1.772 | lr 1.00e-02 (muon 1.00e-02 embed 1.00e-01 scalar 1.50e-01 arq 1.00e-02) | gnorm 0.78 | 1.01B tok | 117K tok/s/gpu | MFU 29% | peak 37.03GiB | ETA 0.3h
step 3860/4824 80% [main] | loss 2.112 | lr 1.00e-02 (muon 1.00e-02 embed 1.00e-01 scalar 1.50e-01 arq 1.00e-02) | gnorm 0.89 | 1.01B tok | 117K tok/s/gpu | MFU 29% | peak 37.02GiB | ETA 0.3h
step 3870/4824 80% [main] | loss 1.760 | lr 1.00e-02 (muon 1.00e-02 embed 1.00e-01 scalar 1.50e-01 arq 1.00e-02) | gnorm 1.05 | 1.01B tok | 117K tok/s/gpu | MFU 29% | peak 37.03GiB | ETA 0.3h
step 3880/4824 80% [main] | loss 1.997 | lr 1.00e-02 (muon 1.00e-02 embed 1.00e-01 scalar 1.50e-01 arq 1.00e-02) | gnorm 1.02 | 1.02B tok | 117K tok/s/gpu | MFU 29% | peak 37.03GiB | ETA 0.3h
step 3890/4824 81% [main] | loss 1.645 | lr 1.00e-02 (muon 1.00e-02 embed 1.00e-01 scalar 1.50e-01 arq 1.00e-02) | gnorm 1.05 | 1.02B tok | 117K tok/s/gpu | MFU 29% | peak 37.01GiB | ETA 0.3h
step 3900/4824 81% [main] | loss 2.136 | lr 1.00e-02 (muon 1.00e-02 embed 1.00e-01 scalar 1.50e-01 arq 1.00e-02) | gnorm 1.06 | 1.02B tok | 117K tok/s/gpu | MFU 29% | peak 37.02GiB | ETA 0.3h
step 3910/4824 81% [main] | loss 1.975 | lr 1.00e-02 (muon 1.00e-02 embed 1.00e-01 scalar 1.50e-01 arq 1.00e-02) | gnorm 1.02 | 1.02B tok | 111K tok/s/gpu | MFU 28% | peak 37.03GiB | ETA 0.3h
step 3920/4824 81% [main] | loss 1.936 | lr 1.00e-02 (muon 1.00e-02 embed 1.00e-01 scalar 1.50e-01 arq 1.00e-02) | gnorm 1.19 | 1.03B tok | 117K tok/s/gpu | MFU 29% | peak 37.03GiB | ETA 0.3h
step 3930/4824 81% [main] | loss 2.438 | lr 1.00e-02 (muon 1.00e-02 embed 1.00e-01 scalar 1.50e-01 arq 1.00e-02) | gnorm 1.16 | 1.03B tok | 117K tok/s/gpu | MFU 29% | peak 37.02GiB | ETA 0.3h
step 3940/4824 82% [main] | loss 1.997 | lr 1.00e-02 (muon 1.00e-02 embed 1.00e-01 scalar 1.50e-01 arq 1.00e-02) | gnorm 1.25 | 1.03B tok | 117K tok/s/gpu | MFU 29% | peak 37.02GiB | ETA 0.3h
step 3950/4824 82% [main] | loss 1.597 | lr 1.00e-02 (muon 1.00e-02 embed 1.00e-01 scalar 1.50e-01 arq 1.00e-02) | gnorm 1.03 | 1.04B tok | 117K tok/s/gpu | MFU 29% | peak 37.03GiB | ETA 0.3h
step 3960/4824 82% [main] | loss 1.828 | lr 1.00e-02 (muon 1.00e-02 embed 1.00e-01 scalar 1.50e-01 arq 1.00e-02) | gnorm 0.91 | 1.04B tok | 117K tok/s/gpu | MFU 29% | peak 37.01GiB | ETA 0.3h
step 3970/4824 82% [main] | loss 2.178 | lr 1.00e-02 (muon 1.00e-02 embed 1.00e-01 scalar 1.50e-01 arq 1.00e-02) | gnorm 1.13 | 1.04B tok | 117K tok/s/gpu | MFU 29% | peak 37.03GiB | ETA 0.3h
step 3980/4824 83% [main] | loss 2.262 | lr 1.00e-02 (muon 1.00e-02 embed 1.00e-01 scalar 1.50e-01 arq 1.00e-02) | gnorm 1.25 | 1.04B tok | 117K tok/s/gpu | MFU 29% | peak 37.02GiB | ETA 0.3h
step 3990/4824 83% [main] | loss 2.086 | lr 1.00e-02 (muon 1.00e-02 embed 1.00e-01 scalar 1.50e-01 arq 1.00e-02) | gnorm 0.98 | 1.05B tok | 117K tok/s/gpu | MFU 29% | peak 37.02GiB | ETA 0.3h
step 4000/4824 val 2.288
step 4000/4824 83% [main] | loss 2.001 | lr 1.00e-02 (muon 1.00e-02 embed 1.00e-01 scalar 1.50e-01 arq 1.00e-02) | gnorm 1.05 | 1.05B tok | 71K tok/s/gpu | MFU 18% | peak 37.02GiB | ETA 0.4h
step 4010/4824 83% [main] | loss 2.001 | lr 1.00e-02 (muon 1.00e-02 embed 1.00e-01 scalar 1.50e-01 arq 1.00e-02) | gnorm 1.02 | 1.05B tok | 117K tok/s/gpu | MFU 29% | peak 37.02GiB | ETA 0.3h
step 4020/4824 83% [main] | loss 2.070 | lr 1.00e-02 (muon 1.00e-02 embed 1.00e-01 scalar 1.50e-01 arq 1.00e-02) | gnorm 1.01 | 1.05B tok | 117K tok/s/gpu | MFU 29% | peak 37.03GiB | ETA 0.3h
step 4030/4824 84% [main] | loss 2.401 | lr 1.00e-02 (muon 1.00e-02 embed 1.00e-01 scalar 1.50e-01 arq 1.00e-02) | gnorm 1.12 | 1.06B tok | 117K tok/s/gpu | MFU 29% | peak 37.03GiB | ETA 0.2h
step 4040/4824 84% [main] | loss 2.052 | lr 1.00e-02 (muon 1.00e-02 embed 1.00e-01 scalar 1.50e-01 arq 1.00e-02) | gnorm 1.03 | 1.06B tok | 117K tok/s/gpu | MFU 29% | peak 37.05GiB | ETA 0.2h
step 4050/4824 84% [main] | loss 2.108 | lr 1.00e-02 (muon 1.00e-02 embed 1.00e-01 scalar 1.50e-01 arq 1.00e-02) | gnorm 1.24 | 1.06B tok | 117K tok/s/gpu | MFU 29% | peak 37.02GiB | ETA 0.2h
step 4060/4824 84% [main] | loss 1.943 | lr 1.00e-02 (muon 1.00e-02 embed 1.00e-01 scalar 1.50e-01 arq 1.00e-02) | gnorm 0.98 | 1.06B tok | 117K tok/s/gpu | MFU 29% | peak 37.02GiB | ETA 0.2h
step 4070/4824 84% [main] | loss 2.047 | lr 1.00e-02 (muon 1.00e-02 embed 1.00e-01 scalar 1.50e-01 arq 1.00e-02) | gnorm 1.18 | 1.07B tok | 117K tok/s/gpu | MFU 29% | peak 37.03GiB | ETA 0.2h
step 4080/4824 85% [main] | loss 1.792 | lr 1.00e-02 (muon 1.00e-02 embed 1.00e-01 scalar 1.50e-01 arq 1.00e-02) | gnorm 0.95 | 1.07B tok | 117K tok/s/gpu | MFU 29% | peak 37.03GiB | ETA 0.2h
step 4090/4824 85% [main] | loss 1.799 | lr 1.00e-02 (muon 1.00e-02 embed 1.00e-01 scalar 1.50e-01 arq 1.00e-02) | gnorm 1.07 | 1.07B tok | 117K tok/s/gpu | MFU 29% | peak 37.03GiB | ETA 0.2h
step 4100/4824 85% [main] | loss 2.024 | lr 1.00e-02 (muon 1.00e-02 embed 1.00e-01 scalar 1.50e-01 arq 1.00e-02) | gnorm 0.89 | 1.07B tok | 117K tok/s/gpu | MFU 29% | peak 37.04GiB | ETA 0.2h
step 4110/4824 85% [main] | loss 1.932 | lr 1.00e-02 (muon 1.00e-02 embed 1.00e-01 scalar 1.50e-01 arq 1.00e-02) | gnorm 0.91 | 1.08B tok | 117K tok/s/gpu | MFU 29% | peak 37.03GiB | ETA 0.2h
step 4120/4824 85% [main] | loss 1.985 | lr 1.00e-02 (muon 1.00e-02 embed 1.00e-01 scalar 1.50e-01 arq 1.00e-02) | gnorm 0.93 | 1.08B tok | 117K tok/s/gpu | MFU 29% | peak 37.03GiB | ETA 0.2h
step 4130/4824 86% [main] | loss 1.703 | lr 1.00e-02 (muon 1.00e-02 embed 1.00e-01 scalar 1.50e-01 arq 1.00e-02) | gnorm 0.93 | 1.08B tok | 117K tok/s/gpu | MFU 29% | peak 37.03GiB | ETA 0.2h
step 4140/4824 86% [main] | loss 2.029 | lr 1.00e-02 (muon 1.00e-02 embed 1.00e-01 scalar 1.50e-01 arq 1.00e-02) | gnorm 1.02 | 1.09B tok | 117K tok/s/gpu | MFU 29% | peak 37.03GiB | ETA 0.2h
step 4150/4824 86% [main] | loss 2.080 | lr 1.00e-02 (muon 1.00e-02 embed 1.00e-01 scalar 1.50e-01 arq 1.00e-02) | gnorm 0.94 | 1.09B tok | 117K tok/s/gpu | MFU 29% | peak 37.02GiB | ETA 0.2h
step 4160/4824 86% [main] | loss 1.933 | lr 1.00e-02 (muon 1.00e-02 embed 1.00e-01 scalar 1.50e-01 arq 1.00e-02) | gnorm 0.95 | 1.09B tok | 117K tok/s/gpu | MFU 29% | peak 37.03GiB | ETA 0.2h
step 4170/4824 86% [main] | loss 1.775 | lr 1.00e-02 (muon 1.00e-02 embed 1.00e-01 scalar 1.50e-01 arq 1.00e-02) | gnorm 1.04 | 1.09B tok | 117K tok/s/gpu | MFU 29% | peak 37.01GiB | ETA 0.2h
step 4180/4824 87% [main] | loss 2.033 | lr 1.00e-02 (muon 1.00e-02 embed 1.00e-01 scalar 1.50e-01 arq 1.00e-02) | gnorm 1.15 | 1.10B tok | 117K tok/s/gpu | MFU 29% | peak 37.03GiB | ETA 0.2h
step 4190/4824 87% [main] | loss 2.071 | lr 1.00e-02 (muon 1.00e-02 embed 1.00e-01 scalar 1.50e-01 arq 1.00e-02) | gnorm 1.64 | 1.10B tok | 117K tok/s/gpu | MFU 29% | peak 37.03GiB | ETA 0.2h
step 4200/4824 87% [main] | loss 1.794 | lr 1.00e-02 (muon 1.00e-02 embed 1.00e-01 scalar 1.50e-01 arq 1.00e-02) | gnorm 0.84 | 1.10B tok | 113K tok/s/gpu | MFU 28% | peak 37.03GiB | ETA 0.2h
step 4210/4824 87% [main] | loss 2.134 | lr 1.00e-02 (muon 1.00e-02 embed 1.00e-01 scalar 1.50e-01 arq 1.00e-02) | gnorm 0.77 | 1.10B tok | 117K tok/s/gpu | MFU 29% | peak 37.02GiB | ETA 0.2h
step 4220/4824 87% [main] | loss 1.976 | lr 1.00e-02 (muon 1.00e-02 embed 1.00e-01 scalar 1.50e-01 arq 1.00e-02) | gnorm 0.99 | 1.11B tok | 117K tok/s/gpu | MFU 29% | peak 37.02GiB | ETA 0.2h
step 4230/4824 88% [main] | loss 2.223 | lr 1.00e-02 (muon 1.00e-02 embed 1.00e-01 scalar 1.50e-01 arq 1.00e-02) | gnorm 0.86 | 1.11B tok | 117K tok/s/gpu | MFU 29% | peak 37.02GiB | ETA 0.2h
step 4240/4824 88% [main] | loss 1.673 | lr 1.00e-02 (muon 1.00e-02 embed 1.00e-01 scalar 1.50e-01 arq 1.00e-02) | gnorm 0.84 | 1.11B tok | 117K tok/s/gpu | MFU 29% | peak 37.02GiB | ETA 0.2h
step 4250/4824 88% [main] | loss 2.109 | lr 1.00e-02 (muon 1.00e-02 embed 1.00e-01 scalar 1.50e-01 arq 1.00e-02) | gnorm 0.93 | 1.11B tok | 117K tok/s/gpu | MFU 29% | peak 37.01GiB | ETA 0.2h
step 4260/4824 88% [main] | loss 1.791 | lr 1.00e-02 (muon 1.00e-02 embed 1.00e-01 scalar 1.50e-01 arq 1.00e-02) | gnorm 1.00 | 1.12B tok | 117K tok/s/gpu | MFU 29% | peak 37.04GiB | ETA 0.2h
step 4270/4824 89% [main] | loss 2.023 | lr 1.00e-02 (muon 1.00e-02 embed 1.00e-01 scalar 1.50e-01 arq 1.00e-02) | gnorm 1.07 | 1.12B tok | 117K tok/s/gpu | MFU 29% | peak 37.02GiB | ETA 0.2h
step 4280/4824 89% [main] | loss 1.763 | lr 1.00e-02 (muon 1.00e-02 embed 1.00e-01 scalar 1.50e-01 arq 1.00e-02) | gnorm 1.03 | 1.12B tok | 117K tok/s/gpu | MFU 29% | peak 37.02GiB | ETA 0.2h
step 4290/4824 89% [main] | loss 1.630 | lr 1.00e-02 (muon 1.00e-02 embed 1.00e-01 scalar 1.50e-01 arq 1.00e-02) | gnorm 1.02 | 1.12B tok | 117K tok/s/gpu | MFU 29% | peak 37.04GiB | ETA 0.2h
step 4300/4824 89% [main] | loss 1.854 | lr 1.00e-02 (muon 1.00e-02 embed 1.00e-01 scalar 1.50e-01 arq 1.00e-02) | gnorm 1.06 | 1.13B tok | 117K tok/s/gpu | MFU 29% | peak 37.04GiB | ETA 0.2h
step 4310/4824 89% [main] | loss 2.229 | lr 1.00e-02 (muon 1.00e-02 embed 1.00e-01 scalar 1.50e-01 arq 1.00e-02) | gnorm 1.04 | 1.13B tok | 117K tok/s/gpu | MFU 29% | peak 37.01GiB | ETA 0.2h
step 4320/4824 90% [main] | loss 1.724 | lr 1.00e-02 (muon 1.00e-02 embed 1.00e-01 scalar 1.50e-01 arq 1.00e-02) | gnorm 0.94 | 1.13B tok | 117K tok/s/gpu | MFU 29% | peak 37.02GiB | ETA 0.2h
step 4330/4824 90% [main] | loss 1.883 | lr 1.00e-02 (muon 1.00e-02 embed 1.00e-01 scalar 1.50e-01 arq 1.00e-02) | gnorm 0.97 | 1.14B tok | 111K tok/s/gpu | MFU 28% | peak 37.03GiB | ETA 0.2h
step 4340/4824 90% [main] | loss 1.983 | lr 1.00e-02 (muon 1.00e-02 embed 1.00e-01 scalar 1.50e-01 arq 1.00e-02) | gnorm 1.04 | 1.14B tok | 117K tok/s/gpu | MFU 29% | peak 37.02GiB | ETA 0.2h
step 4350/4824 90% [main] | loss 2.204 | lr 1.00e-02 (muon 1.00e-02 embed 1.00e-01 scalar 1.50e-01 arq 1.00e-02) | gnorm 1.03 | 1.14B tok | 117K tok/s/gpu | MFU 29% | peak 37.02GiB | ETA 0.1h
step 4360/4824 90% [main] | loss 2.121 | lr 9.97e-03 (muon 9.97e-03 embed 9.97e-02 scalar 1.50e-01 arq 9.97e-03) | gnorm 1.07 | 1.14B tok | 117K tok/s/gpu | MFU 29% | peak 37.03GiB | ETA 0.1h
step 4370/4824 91% [main] | loss 1.774 | lr 9.93e-03 (muon 9.93e-03 embed 9.93e-02 scalar 1.49e-01 arq 9.93e-03) | gnorm 0.96 | 1.15B tok | 117K tok/s/gpu | MFU 29% | peak 37.03GiB | ETA 0.1h
step 4380/4824 91% [main] | loss 2.195 | lr 9.86e-03 (muon 9.86e-03 embed 9.86e-02 scalar 1.48e-01 arq 9.86e-03) | gnorm 1.10 | 1.15B tok | 117K tok/s/gpu | MFU 29% | peak 37.04GiB | ETA 0.1h
step 4390/4824 91% [main] | loss 1.809 | lr 9.78e-03 (muon 9.78e-03 embed 9.78e-02 scalar 1.47e-01 arq 9.78e-03) | gnorm 1.05 | 1.15B tok | 112K tok/s/gpu | MFU 28% | peak 37.03GiB | ETA 0.1h
step 4400/4824 91% [main] | loss 2.175 | lr 9.68e-03 (muon 9.68e-03 embed 9.68e-02 scalar 1.45e-01 arq 9.68e-03) | gnorm 0.89 | 1.15B tok | 113K tok/s/gpu | MFU 28% | peak 37.02GiB | ETA 0.1h
step 4410/4824 91% [main] | loss 2.023 | lr 9.55e-03 (muon 9.55e-03 embed 9.55e-02 scalar 1.43e-01 arq 9.55e-03) | gnorm 1.02 | 1.16B tok | 117K tok/s/gpu | MFU 29% | peak 37.02GiB | ETA 0.1h
step 4420/4824 92% [main] | loss 2.199 | lr 9.41e-03 (muon 9.41e-03 embed 9.41e-02 scalar 1.41e-01 arq 9.41e-03) | gnorm 0.97 | 1.16B tok | 117K tok/s/gpu | MFU 29% | peak 37.03GiB | ETA 0.1h
step 4430/4824 92% [main] | loss 1.727 | lr 9.26e-03 (muon 9.26e-03 embed 9.26e-02 scalar 1.39e-01 arq 9.26e-03) | gnorm 0.92 | 1.16B tok | 117K tok/s/gpu | MFU 29% | peak 37.03GiB | ETA 0.1h
step 4440/4824 92% [main] | loss 1.689 | lr 9.08e-03 (muon 9.08e-03 embed 9.08e-02 scalar 1.36e-01 arq 9.08e-03) | gnorm 0.70 | 1.16B tok | 117K tok/s/gpu | MFU 29% | peak 37.05GiB | ETA 0.1h
step 4450/4824 92% [main] | loss 2.007 | lr 8.89e-03 (muon 8.89e-03 embed 8.89e-02 scalar 1.33e-01 arq 8.89e-03) | gnorm 0.93 | 1.17B tok | 117K tok/s/gpu | MFU 29% | peak 37.03GiB | ETA 0.1h
step 4460/4824 92% [main] | loss 1.615 | lr 8.68e-03 (muon 8.68e-03 embed 8.68e-02 scalar 1.30e-01 arq 8.68e-03) | gnorm 0.96 | 1.17B tok | 117K tok/s/gpu | MFU 29% | peak 37.04GiB | ETA 0.1h
step 4470/4824 93% [main] | loss 1.736 | lr 8.46e-03 (muon 8.46e-03 embed 8.46e-02 scalar 1.27e-01 arq 8.46e-03) | gnorm 0.66 | 1.17B tok | 117K tok/s/gpu | MFU 29% | peak 37.02GiB | ETA 0.1h
step 4480/4824 93% [main] | loss 1.797 | lr 8.23e-03 (muon 8.23e-03 embed 8.23e-02 scalar 1.23e-01 arq 8.23e-03) | gnorm 0.94 | 1.17B tok | 117K tok/s/gpu | MFU 29% | peak 37.02GiB | ETA 0.1h
step 4490/4824 93% [main] | loss 2.028 | lr 7.98e-03 (muon 7.98e-03 embed 7.98e-02 scalar 1.20e-01 arq 7.98e-03) | gnorm 1.02 | 1.18B tok | 117K tok/s/gpu | MFU 29% | peak 37.02GiB | ETA 0.1h
step 4500/4824 val 2.234
step 4500/4824 93% [main] | loss 1.902 | lr 7.72e-03 (muon 7.72e-03 embed 7.72e-02 scalar 1.16e-01 arq 7.72e-03) | gnorm 0.76 | 1.18B tok | 90K tok/s/gpu | MFU 22% | peak 37.02GiB | ETA 0.1h
step 4510/4824 93% [main] | loss 2.084 | lr 7.45e-03 (muon 7.45e-03 embed 7.45e-02 scalar 1.12e-01 arq 7.45e-03) | gnorm 0.72 | 1.18B tok | 117K tok/s/gpu | MFU 29% | peak 37.03GiB | ETA 0.1h
step 4520/4824 94% [main] | loss 2.012 | lr 7.17e-03 (muon 7.17e-03 embed 7.17e-02 scalar 1.08e-01 arq 7.17e-03) | gnorm 0.67 | 1.18B tok | 117K tok/s/gpu | MFU 29% | peak 37.05GiB | ETA 0.1h
step 4530/4824 94% [main] | loss 2.152 | lr 6.89e-03 (muon 6.89e-03 embed 6.89e-02 scalar 1.03e-01 arq 6.89e-03) | gnorm 0.75 | 1.19B tok | 117K tok/s/gpu | MFU 29% | peak 37.03GiB | ETA 0.1h
step 4540/4824 94% [main] | loss 1.994 | lr 6.59e-03 (muon 6.59e-03 embed 6.59e-02 scalar 9.89e-02 arq 6.59e-03) | gnorm 0.63 | 1.19B tok | 116K tok/s/gpu | MFU 29% | peak 37.03GiB | ETA 0.1h
step 4550/4824 94% [main] | loss 1.797 | lr 6.29e-03 (muon 6.29e-03 embed 6.29e-02 scalar 9.44e-02 arq 6.29e-03) | gnorm 0.66 | 1.19B tok | 117K tok/s/gpu | MFU 29% | peak 37.02GiB | ETA 0.1h
step 4560/4824 95% [main] | loss 2.050 | lr 5.99e-03 (muon 5.99e-03 embed 5.99e-02 scalar 8.99e-02 arq 5.99e-03) | gnorm 0.59 | 1.20B tok | 117K tok/s/gpu | MFU 29% | peak 37.03GiB | ETA 0.1h
step 4570/4824 95% [main] | loss 1.860 | lr 5.68e-03 (muon 5.68e-03 embed 5.68e-02 scalar 8.52e-02 arq 5.68e-03) | gnorm 0.50 | 1.20B tok | 117K tok/s/gpu | MFU 29% | peak 37.03GiB | ETA 0.1h
step 4580/4824 95% [main] | loss 2.122 | lr 5.37e-03 (muon 5.37e-03 embed 5.37e-02 scalar 8.06e-02 arq 5.37e-03) | gnorm 0.53 | 1.20B tok | 117K tok/s/gpu | MFU 29% | peak 37.02GiB | ETA 0.1h
step 4590/4824 95% [main] | loss 1.928 | lr 5.06e-03 (muon 5.06e-03 embed 5.06e-02 scalar 7.60e-02 arq 5.06e-03) | gnorm 0.46 | 1.20B tok | 117K tok/s/gpu | MFU 29% | peak 37.03GiB | ETA 0.1h
step 4600/4824 95% [main] | loss 1.989 | lr 4.76e-03 (muon 4.76e-03 embed 4.76e-02 scalar 7.13e-02 arq 4.76e-03) | gnorm 0.59 | 1.21B tok | 114K tok/s/gpu | MFU 28% | peak 37.03GiB | ETA 0.1h
step 4610/4824 96% [main] | loss 1.976 | lr 4.45e-03 (muon 4.45e-03 embed 4.45e-02 scalar 6.67e-02 arq 4.45e-03) | gnorm 0.44 | 1.21B tok | 117K tok/s/gpu | MFU 29% | peak 37.02GiB | ETA 0.1h
step 4620/4824 96% [main] | loss 2.031 | lr 4.15e-03 (muon 4.15e-03 embed 4.15e-02 scalar 6.22e-02 arq 4.15e-03) | gnorm 0.49 | 1.21B tok | 117K tok/s/gpu | MFU 29% | peak 37.03GiB | ETA 0.1h
step 4630/4824 96% [main] | loss 1.709 | lr 3.85e-03 (muon 3.85e-03 embed 3.85e-02 scalar 5.77e-02 arq 3.85e-03) | gnorm 0.42 | 1.21B tok | 117K tok/s/gpu | MFU 29% | peak 37.02GiB | ETA 0.1h
step 4640/4824 96% [main] | loss 1.802 | lr 3.55e-03 (muon 3.55e-03 embed 3.55e-02 scalar 5.33e-02 arq 3.55e-03) | gnorm 0.48 | 1.22B tok | 117K tok/s/gpu | MFU 29% | peak 37.02GiB | ETA 0.1h
step 4650/4824 96% [main] | loss 2.312 | lr 3.27e-03 (muon 3.27e-03 embed 3.27e-02 scalar 4.90e-02 arq 3.27e-03) | gnorm 0.42 | 1.22B tok | 117K tok/s/gpu | MFU 29% | peak 37.05GiB | ETA 0.1h
step 4660/4824 97% [main] | loss 1.687 | lr 2.99e-03 (muon 2.99e-03 embed 2.99e-02 scalar 4.49e-02 arq 2.99e-03) | gnorm 0.46 | 1.22B tok | 117K tok/s/gpu | MFU 29% | peak 37.03GiB | ETA 0.1h
step 4670/4824 97% [main] | loss 1.818 | lr 2.72e-03 (muon 2.72e-03 embed 2.72e-02 scalar 4.09e-02 arq 2.72e-03) | gnorm 0.39 | 1.22B tok | 117K tok/s/gpu | MFU 29% | peak 37.02GiB | ETA 0.0h
step 4680/4824 97% [main] | loss 1.563 | lr 2.47e-03 (muon 2.47e-03 embed 2.47e-02 scalar 3.70e-02 arq 2.47e-03) | gnorm 0.37 | 1.23B tok | 117K tok/s/gpu | MFU 29% | peak 37.03GiB | ETA 0.0h
step 4690/4824 97% [main] | loss 1.934 | lr 2.22e-03 (muon 2.22e-03 embed 2.22e-02 scalar 3.33e-02 arq 2.22e-03) | gnorm 0.34 | 1.23B tok | 117K tok/s/gpu | MFU 29% | peak 37.03GiB | ETA 0.0h
step 4700/4824 97% [main] | loss 1.889 | lr 1.99e-03 (muon 1.99e-03 embed 1.99e-02 scalar 2.99e-02 arq 1.99e-03) | gnorm 0.33 | 1.23B tok | 117K tok/s/gpu | MFU 29% | peak 37.04GiB | ETA 0.0h
step 4710/4824 98% [main] | loss 1.613 | lr 1.77e-03 (muon 1.77e-03 embed 1.77e-02 scalar 2.66e-02 arq 1.77e-03) | gnorm 0.29 | 1.23B tok | 117K tok/s/gpu | MFU 29% | peak 37.03GiB | ETA 0.0h
step 4720/4824 98% [main] | loss 1.652 | lr 1.57e-03 (muon 1.57e-03 embed 1.57e-02 scalar 2.35e-02 arq 1.57e-03) | gnorm 0.33 | 1.24B tok | 117K tok/s/gpu | MFU 29% | peak 37.02GiB | ETA 0.0h
step 4730/4824 98% [main] | loss 1.702 | lr 1.38e-03 (muon 1.38e-03 embed 1.38e-02 scalar 2.07e-02 arq 1.38e-03) | gnorm 0.30 | 1.24B tok | 117K tok/s/gpu | MFU 29% | peak 37.04GiB | ETA 0.0h
step 4740/4824 98% [main] | loss 2.247 | lr 1.21e-03 (muon 1.21e-03 embed 1.21e-02 scalar 1.82e-02 arq 1.21e-03) | gnorm 0.30 | 1.24B tok | 112K tok/s/gpu | MFU 28% | peak 37.03GiB | ETA 0.0h
step 4750/4824 98% [main] | loss 1.515 | lr 1.06e-03 (muon 1.06e-03 embed 1.06e-02 scalar 1.58e-02 arq 1.06e-03) | gnorm 0.29 | 1.25B tok | 117K tok/s/gpu | MFU 29% | peak 37.05GiB | ETA 0.0h
step 4760/4824 99% [main] | loss 1.850 | lr 9.20e-04 (muon 9.20e-04 embed 9.20e-03 scalar 1.38e-02 arq 9.20e-04) | gnorm 0.28 | 1.25B tok | 117K tok/s/gpu | MFU 29% | peak 37.03GiB | ETA 0.0h
step 4770/4824 99% [main] | loss 2.422 | lr 8.02e-04 (muon 8.02e-04 embed 8.02e-03 scalar 1.20e-02 arq 8.02e-04) | gnorm 0.32 | 1.25B tok | 117K tok/s/gpu | MFU 29% | peak 37.03GiB | ETA 0.0h
step 4780/4824 99% [main] | loss 1.854 | lr 7.03e-04 (muon 7.03e-04 embed 7.03e-03 scalar 1.05e-02 arq 7.03e-04) | gnorm 0.31 | 1.25B tok | 117K tok/s/gpu | MFU 29% | peak 37.04GiB | ETA 0.0h
step 4790/4824 99% [main] | loss 1.797 | lr 6.23e-04 (muon 6.23e-04 embed 6.23e-03 scalar 9.35e-03 arq 6.23e-04) | gnorm 0.27 | 1.26B tok | 117K tok/s/gpu | MFU 29% | peak 37.03GiB | ETA 0.0h
step 4800/4824 100% [main] | loss 1.894 | lr 5.63e-04 (muon 5.63e-04 embed 5.63e-03 scalar 8.44e-03 arq 5.63e-04) | gnorm 0.28 | 1.26B tok | 113K tok/s/gpu | MFU 28% | peak 37.02GiB | ETA 0.0h
step 4810/4824 100% [main] | loss 1.783 | lr 5.23e-04 (muon 5.23e-04 embed 5.23e-03 scalar 7.84e-03 arq 5.23e-04) | gnorm 0.28 | 1.26B tok | 117K tok/s/gpu | MFU 29% | peak 37.03GiB | ETA 0.0h
step 4820/4824 100% [main] | loss 2.221 | lr 5.03e-04 (muon 5.03e-04 embed 5.03e-03 scalar 7.54e-03 arq 5.03e-04) | gnorm 0.25 | 1.26B tok | 117K tok/s/gpu | MFU 29% | peak 37.03GiB | ETA 0.0h
ep 1/1 train 2.221 val 2.135 5517s
saved /work/aupai/ckpt_b0_sd_equalcompute.pt
/work/aupai/runs/b0_sd_equalcompute.log: no curves found
WARNING: card sources DISAGREE -- runs/card_assignment.json grants 0,1,2,3, data/mix_scale_run_config.json says 0,1,2,3,4,5,6. Using the grant. The ladder config's `cards` records what the six mix_scale_* points ran on and is not today's allocation; if today's block really changed, narrow it there too.
scoring on cuda:0 (94.9 GiB free of 1 visible card(s))

ckpt_b0_sd_equalcompute.pt  type=base  9 metrics
  model           ... loading
  model           loaded
  domain_loss     ... running
  domain_loss     {'math_owm_stage2': {'loss': 1.9526, 'tokens': 262144, 'head_fp': '8384513b6387c6ee', 'blocks': [{'ce_sum': 8715.419921875, 'n_tokens': 4096}, {'ce_sum': 12336.1923828125, 'n_tokens': 4096}, {'ce_sum': 9387.291015625, 'n_tokens': 4096}, {'ce_sum': 4740.9580078125, 'n_tokens': 4096}, {'ce_sum': 7462.958984375, 'n_tokens': 4096}, {'ce_sum': 8124.98095703125, 'n_tokens': 4096}, {'ce_sum': 6211.6728515625, 'n_tokens': 4096}, {'ce_sum': 4474.228515625, 'n_tokens': 4096}, {'ce_sum': 6661.15234375, 'n_tokens': 4096}, {'ce_sum': 7794.78955078125, 'n_tokens': 4096}, {'ce_sum': 8237.109375, 'n_tokens': 4096}, {'ce_sum': 8854.93359375, 'n_tokens': 4096}, {'ce_sum': 7490.3486328125, 'n_tokens': 4096}, {'ce_sum': 9000.271484375, 'n_tokens': 4096}, {'ce_sum': 6742.921875, 'n_tokens': 4096}, {'ce_sum': 7620.2421875, 'n_tokens': 4096}, {'ce_sum': 9925.4609375, 'n_tokens': 4096}, {'ce_sum': 9849.427734375, 'n_tokens': 4096}, {'ce_sum': 10056.2587890625, 'n_tokens': 4096}, {'ce_sum': 8591.658203125, 'n_tokens': 4096}, {'ce_sum': 7203.9765625, 'n_tokens': 4096}, {'ce_sum': 6279.2158203125, 'n_tokens': 4096}, {'ce_sum': 8041.9912109375, 'n_tokens': 4096}, {'ce_sum': 6885.02734375, 'n_tokens': 4096}, {'ce_sum': 9873.3046875, 'n_tokens': 4096}, {'ce_sum': 6070.9619140625, 'n_tokens': 4096}, {'ce_sum': 8095.2587890625, 'n_tokens': 4096}, {'ce_sum': 7359.9931640625, 'n_tokens': 4096}, {'ce_sum': 7191.6396484375, 'n_tokens': 4096}, {'ce_sum': 9066.744140625, 'n_tokens': 4096}, {'ce_sum': 8313.34375, 'n_tokens': 4096}, {'ce_sum': 3320.896484375, 'n_tokens': 4096}, {'ce_sum': 9005.837890625, 'n_tokens': 4096}, {'ce_sum': 7143.9658203125, 'n_tokens': 4096}, {'ce_sum': 8763.158203125, 'n_tokens': 4096}, {'ce_sum': 9631.794921875, 'n_tokens': 4096}, {'ce_sum': 9343.37109375, 'n_tokens': 4096}, {'ce_sum': 8883.3759765625, 'n_tokens': 4096}, {'ce_sum': 10302.7890625, 'n_tokens': 4096}, {'ce_sum': 4193.4453125, 'n_tokens': 4096}, {'ce_sum': 7951.42236328125, 'n_tokens': 4096}, {'ce_sum': 5451.962890625, 'n_tokens': 4096}, {'ce_sum': 3892.940673828125, 'n_tokens': 4096}, {'ce_sum': 3344.14892578125, 'n_tokens': 4096}, {'ce_sum': 6371.1015625, 'n_tokens': 4096}, {'ce_sum': 8579.01953125, 'n_tokens': 4096}, {'ce_sum': 7891.74169921875, 'n_tokens': 4096}, {'ce_sum': 8553.9326171875, 'n_tokens': 4096}, {'ce_sum': 9967.236328125, 'n_tokens': 4096}, {'ce_sum': 7186.513671875, 'n_tokens': 4096}, {'ce_sum': 11823.296875, 'n_tokens': 4096}, {'ce_sum': 10770.11328125, 'n_tokens': 4096}, {'ce_sum': 9562.53515625, 'n_tokens': 4096}, {'ce_sum': 8141.5048828125, 'n_tokens': 4096}, {'ce_sum': 9786.119140625, 'n_tokens': 4096}, {'ce_sum': 9399.3671875, 'n_tokens': 4096}, {'ce_sum': 9973.529296875, 'n_tokens': 4096}, {'ce_sum': 6767.9873046875, 'n_tokens': 4096}, {'ce_sum': 8697.1904296875, 'n_tokens': 4096}, {'ce_sum': 7906.1767578125, 'n_tokens': 4096}, {'ce_sum': 8080.37353515625, 'n_tokens': 4096}, {'ce_sum': 9176.1015625, 'n_tokens': 4096}, {'ce_sum': 6682.5966796875, 'n_tokens': 4096}, {'ce_sum': 8663.951171875, 'n_tokens': 4096}]}, 'en_c4_stage2': {'loss': 3.0391, 'tokens': 262144, 'head_fp': 'a24087cbd665826c', 'blocks': [{'ce_sum': 12285.95703125, 'n_tokens': 4096}, {'ce_sum': 13008.3251953125, 'n_tokens': 4096}, {'ce_sum': 13558.1953125, 'n_tokens': 4096}, {'ce_sum': 11386.2841796875, 'n_tokens': 4096}, {'ce_sum': 12855.998046875, 'n_tokens': 4096}, {'ce_sum': 9295.248046875, 'n_tokens': 4096}, {'ce_sum': 11325.626953125, 'n_tokens': 4096}, {'ce_sum': 12656.208984375, 'n_tokens': 4096}, {'ce_sum': 11989.650390625, 'n_tokens': 4096}, {'ce_sum': 11814.1728515625, 'n_tokens': 4096}, {'ce_sum': 13226.1201171875, 'n_tokens': 4096}, {'ce_sum': 13051.068359375, 'n_tokens': 4096}, {'ce_sum': 11061.75, 'n_tokens': 4096}, {'ce_sum': 13015.453125, 'n_tokens': 4096}, {'ce_sum': 12735.17578125, 'n_tokens': 4096}, {'ce_sum': 10581.9453125, 'n_tokens': 4096}, {'ce_sum': 11903.8466796875, 'n_tokens': 4096}, {'ce_sum': 12880.689453125, 'n_tokens': 4096}, {'ce_sum': 11725.412109375, 'n_tokens': 4096}, {'ce_sum': 12414.490234375, 'n_tokens': 4096}, {'ce_sum': 11304.5166015625, 'n_tokens': 4096}, {'ce_sum': 13228.6884765625, 'n_tokens': 4096}, {'ce_sum': 12959.353515625, 'n_tokens': 4096}, {'ce_sum': 13171.2802734375, 'n_tokens': 4096}, {'ce_sum': 13495.30859375, 'n_tokens': 4096}, {'ce_sum': 11434.7724609375, 'n_tokens': 4096}, {'ce_sum': 13934.537109375, 'n_tokens': 4096}, {'ce_sum': 12836.30859375, 'n_tokens': 4096}, {'ce_sum': 11755.42578125, 'n_tokens': 4096}, {'ce_sum': 12732.3046875, 'n_tokens': 4096}, {'ce_sum': 13156.49609375, 'n_tokens': 4096}, {'ce_sum': 12404.2705078125, 'n_tokens': 4096}, {'ce_sum': 11997.00390625, 'n_tokens': 4096}, {'ce_sum': 10689.8134765625, 'n_tokens': 4096}, {'ce_sum': 12879.470703125, 'n_tokens': 4096}, {'ce_sum': 12945.51953125, 'n_tokens': 4096}, {'ce_sum': 13076.2880859375, 'n_tokens': 4096}, {'ce_sum': 12057.779296875, 'n_tokens': 4096}, {'ce_sum': 12875.087890625, 'n_tokens': 4096}, {'ce_sum': 13057.470703125, 'n_tokens': 4096}, {'ce_sum': 12144.267578125, 'n_tokens': 4096}, {'ce_sum': 14301.8603515625, 'n_tokens': 4096}, {'ce_sum': 13405.44921875, 'n_tokens': 4096}, {'ce_sum': 12832.248046875, 'n_tokens': 4096}, {'ce_sum': 11945.296875, 'n_tokens': 4096}, {'ce_sum': 13240.9765625, 'n_tokens': 4096}, {'ce_sum': 13118.453125, 'n_tokens': 4096}, {'ce_sum': 11592.06640625, 'n_tokens': 4096}, {'ce_sum': 12102.6142578125, 'n_tokens': 4096}, {'ce_sum': 11867.2158203125, 'n_tokens': 4096}, {'ce_sum': 12974.28515625, 'n_tokens': 4096}, {'ce_sum': 11716.158203125, 'n_tokens': 4096}, {'ce_sum': 12059.8232421875, 'n_tokens': 4096}, {'ce_sum': 11884.548828125, 'n_tokens': 4096}, {'ce_sum': 13492.6865234375, 'n_tokens': 4096}, {'ce_sum': 11714.85546875, 'n_tokens': 4096}, {'ce_sum': 12373.748046875, 'n_tokens': 4096}, {'ce_sum': 12139.60546875, 'n_tokens': 4096}, {'ce_sum': 13798.2685546875, 'n_tokens': 4096}, {'ce_sum': 13016.8486328125, 'n_tokens': 4096}, {'ce_sum': 13142.869140625, 'n_tokens': 4096}, {'ce_sum': 13004.166015625, 'n_tokens': 4096}, {'ce_sum': 13061.0537109375, 'n_tokens': 4096}, {'ce_sum': 10997.826171875, 'n_tokens': 4096}]}, 'cot': {'loss': 1.1323, 'tokens': 262144, 'head_fp': '3160d1b11d04e9b8', 'blocks': [{'ce_sum': 4602.56982421875, 'n_tokens': 4096}, {'ce_sum': 4963.3828125, 'n_tokens': 4096}, {'ce_sum': 5512.13232421875, 'n_tokens': 4096}, {'ce_sum': 4835.5380859375, 'n_tokens': 4096}, {'ce_sum': 4482.47314453125, 'n_tokens': 4096}, {'ce_sum': 4333.689453125, 'n_tokens': 4096}, {'ce_sum': 4752.41796875, 'n_tokens': 4096}, {'ce_sum': 4570.26806640625, 'n_tokens': 4096}, {'ce_sum': 4242.94580078125, 'n_tokens': 4096}, {'ce_sum': 5134.671875, 'n_tokens': 4096}, {'ce_sum': 4393.54150390625, 'n_tokens': 4096}, {'ce_sum': 4126.8017578125, 'n_tokens': 4096}, {'ce_sum': 4317.173828125, 'n_tokens': 4096}, {'ce_sum': 4773.39990234375, 'n_tokens': 4096}, {'ce_sum': 4769.8544921875, 'n_tokens': 4096}, {'ce_sum': 5056.8828125, 'n_tokens': 4096}, {'ce_sum': 4967.4716796875, 'n_tokens': 4096}, {'ce_sum': 4421.255859375, 'n_tokens': 4096}, {'ce_sum': 4165.07568359375, 'n_tokens': 4096}, {'ce_sum': 4089.1728515625, 'n_tokens': 4096}, {'ce_sum': 3877.9970703125, 'n_tokens': 4096}, {'ce_sum': 4718.16796875, 'n_tokens': 4096}, {'ce_sum': 4914.3115234375, 'n_tokens': 4096}, {'ce_sum': 4922.69287109375, 'n_tokens': 4096}, {'ce_sum': 3675.8994140625, 'n_tokens': 4096}, {'ce_sum': 4425.2783203125, 'n_tokens': 4096}, {'ce_sum': 4117.8447265625, 'n_tokens': 4096}, {'ce_sum': 3866.417236328125, 'n_tokens': 4096}, {'ce_sum': 4390.6796875, 'n_tokens': 4096}, {'ce_sum': 4960.2197265625, 'n_tokens': 4096}, {'ce_sum': 4667.85546875, 'n_tokens': 4096}, {'ce_sum': 4205.96875, 'n_tokens': 4096}, {'ce_sum': 4226.7275390625, 'n_tokens': 4096}, {'ce_sum': 4189.099609375, 'n_tokens': 4096}, {'ce_sum': 5169.005859375, 'n_tokens': 4096}, {'ce_sum': 5568.94140625, 'n_tokens': 4096}, {'ce_sum': 4734.41259765625, 'n_tokens': 4096}, {'ce_sum': 4997.37890625, 'n_tokens': 4096}, {'ce_sum': 5371.8818359375, 'n_tokens': 4096}, {'ce_sum': 3998.1748046875, 'n_tokens': 4096}, {'ce_sum': 4822.78271484375, 'n_tokens': 4096}, {'ce_sum': 4144.5810546875, 'n_tokens': 4096}, {'ce_sum': 5063.32373046875, 'n_tokens': 4096}, {'ce_sum': 4554.89208984375, 'n_tokens': 4096}, {'ce_sum': 5502.96240234375, 'n_tokens': 4096}, {'ce_sum': 4956.73681640625, 'n_tokens': 4096}, {'ce_sum': 4817.7861328125, 'n_tokens': 4096}, {'ce_sum': 4552.4951171875, 'n_tokens': 4096}, {'ce_sum': 4323.9150390625, 'n_tokens': 4096}, {'ce_sum': 4801.43359375, 'n_tokens': 4096}, {'ce_sum': 4270.7001953125, 'n_tokens': 4096}, {'ce_sum': 3551.939697265625, 'n_tokens': 4096}, {'ce_sum': 4451.45166015625, 'n_tokens': 4096}, {'ce_sum': 4288.6298828125, 'n_tokens': 4096}, {'ce_sum': 5616.21484375, 'n_tokens': 4096}, {'ce_sum': 4735.76025390625, 'n_tokens': 4096}, {'ce_sum': 4683.80859375, 'n_tokens': 4096}, {'ce_sum': 4233.89990234375, 'n_tokens': 4096}, {'ce_sum': 4919.15869140625, 'n_tokens': 4096}, {'ce_sum': 4487.6474609375, 'n_tokens': 4096}, {'ce_sum': 5533.7822265625, 'n_tokens': 4096}, {'ce_sum': 5799.8759765625, 'n_tokens': 4096}, {'ce_sum': 4114.177734375, 'n_tokens': 4096}, {'ce_sum': 5096.07763671875, 'n_tokens': 4096}]}, 'textbook_30b': {'loss': 2.1035, 'tokens': 262144, 'head_fp': 'e3793a1a373e4f78', 'blocks': [{'ce_sum': 8865.4775390625, 'n_tokens': 4096}, {'ce_sum': 9362.7490234375, 'n_tokens': 4096}, {'ce_sum': 8413.177734375, 'n_tokens': 4096}, {'ce_sum': 8905.076171875, 'n_tokens': 4096}, {'ce_sum': 8223.4814453125, 'n_tokens': 4096}, {'ce_sum': 8584.603515625, 'n_tokens': 4096}, {'ce_sum': 8056.8359375, 'n_tokens': 4096}, {'ce_sum': 9164.048828125, 'n_tokens': 4096}, {'ce_sum': 8767.14453125, 'n_tokens': 4096}, {'ce_sum': 8542.9921875, 'n_tokens': 4096}, {'ce_sum': 8235.28125, 'n_tokens': 4096}, {'ce_sum': 8508.876953125, 'n_tokens': 4096}, {'ce_sum': 6960.47998046875, 'n_tokens': 4096}, {'ce_sum': 9368.591796875, 'n_tokens': 4096}, {'ce_sum': 9498.630859375, 'n_tokens': 4096}, {'ce_sum': 7161.26904296875, 'n_tokens': 4096}, {'ce_sum': 8470.314453125, 'n_tokens': 4096}, {'ce_sum': 8843.73828125, 'n_tokens': 4096}, {'ce_sum': 9287.1328125, 'n_tokens': 4096}, {'ce_sum': 8720.052734375, 'n_tokens': 4096}, {'ce_sum': 10459.0341796875, 'n_tokens': 4096}, {'ce_sum': 10211.4931640625, 'n_tokens': 4096}, {'ce_sum': 9551.7578125, 'n_tokens': 4096}, {'ce_sum': 9825.76953125, 'n_tokens': 4096}, {'ce_sum': 10405.23828125, 'n_tokens': 4096}, {'ce_sum': 10147.62109375, 'n_tokens': 4096}, {'ce_sum': 9131.185546875, 'n_tokens': 4096}, {'ce_sum': 8340.9208984375, 'n_tokens': 4096}, {'ce_sum': 8564.904296875, 'n_tokens': 4096}, {'ce_sum': 8972.25, 'n_tokens': 4096}, {'ce_sum': 7886.83544921875, 'n_tokens': 4096}, {'ce_sum': 8042.62939453125, 'n_tokens': 4096}, {'ce_sum': 9771.953125, 'n_tokens': 4096}, {'ce_sum': 8991.333984375, 'n_tokens': 4096}, {'ce_sum': 9007.6318359375, 'n_tokens': 4096}, {'ce_sum': 10041.5, 'n_tokens': 4096}, {'ce_sum': 8765.9677734375, 'n_tokens': 4096}, {'ce_sum': 9700.037109375, 'n_tokens': 4096}, {'ce_sum': 6203.12744140625, 'n_tokens': 4096}, {'ce_sum': 8290.1591796875, 'n_tokens': 4096}, {'ce_sum': 7861.2646484375, 'n_tokens': 4096}, {'ce_sum': 9199.89453125, 'n_tokens': 4096}, {'ce_sum': 9130.3984375, 'n_tokens': 4096}, {'ce_sum': 8806.03125, 'n_tokens': 4096}, {'ce_sum': 9671.1259765625, 'n_tokens': 4096}, {'ce_sum': 8800.771484375, 'n_tokens': 4096}, {'ce_sum': 10050.70703125, 'n_tokens': 4096}, {'ce_sum': 9842.5546875, 'n_tokens': 4096}, {'ce_sum': 8037.7890625, 'n_tokens': 4096}, {'ce_sum': 8819.4619140625, 'n_tokens': 4096}, {'ce_sum': 8068.1396484375, 'n_tokens': 4096}, {'ce_sum': 8141.43701171875, 'n_tokens': 4096}, {'ce_sum': 7565.837890625, 'n_tokens': 4096}, {'ce_sum': 7317.166015625, 'n_tokens': 4096}, {'ce_sum': 6165.1181640625, 'n_tokens': 4096}, {'ce_sum': 8107.8212890625, 'n_tokens': 4096}, {'ce_sum': 7538.77734375, 'n_tokens': 4096}, {'ce_sum': 8493.9697265625, 'n_tokens': 4096}, {'ce_sum': 8088.3388671875, 'n_tokens': 4096}, {'ce_sum': 8611.333984375, 'n_tokens': 4096}, {'ce_sum': 7472.0, 'n_tokens': 4096}, {'ce_sum': 8501.6474609375, 'n_tokens': 4096}, {'ce_sum': 7820.4130859375, 'n_tokens': 4096}, {'ce_sum': 5069.07177734375, 'n_tokens': 4096}]}, 'chatml': {'loss': 2.8551, 'tokens': 262144, 'head_fp': 'c49fae903164c9ed', 'blocks': [{'ce_sum': 11032.390625, 'n_tokens': 4096}, {'ce_sum': 14265.865234375, 'n_tokens': 4096}, {'ce_sum': 13304.25390625, 'n_tokens': 4096}, {'ce_sum': 8668.1845703125, 'n_tokens': 4096}, {'ce_sum': 7774.56103515625, 'n_tokens': 4096}, {'ce_sum': 13727.85546875, 'n_tokens': 4096}, {'ce_sum': 11171.9091796875, 'n_tokens': 4096}, {'ce_sum': 13242.21875, 'n_tokens': 4096}, {'ce_sum': 10086.1044921875, 'n_tokens': 4096}, {'ce_sum': 10952.103515625, 'n_tokens': 4096}, {'ce_sum': 13686.3515625, 'n_tokens': 4096}, {'ce_sum': 11944.08984375, 'n_tokens': 4096}, {'ce_sum': 12522.236328125, 'n_tokens': 4096}, {'ce_sum': 10011.6533203125, 'n_tokens': 4096}, {'ce_sum': 11210.30078125, 'n_tokens': 4096}, {'ce_sum': 11563.767578125, 'n_tokens': 4096}, {'ce_sum': 11688.337890625, 'n_tokens': 4096}, {'ce_sum': 11672.591796875, 'n_tokens': 4096}, {'ce_sum': 5239.0771484375, 'n_tokens': 4096}, {'ce_sum': 9383.9990234375, 'n_tokens': 4096}, {'ce_sum': 14340.85546875, 'n_tokens': 4096}, {'ce_sum': 12419.9453125, 'n_tokens': 4096}, {'ce_sum': 14943.431640625, 'n_tokens': 4096}, {'ce_sum': 12122.08203125, 'n_tokens': 4096}, {'ce_sum': 12457.173828125, 'n_tokens': 4096}, {'ce_sum': 12174.255859375, 'n_tokens': 4096}, {'ce_sum': 8553.4755859375, 'n_tokens': 4096}, {'ce_sum': 12335.1015625, 'n_tokens': 4096}, {'ce_sum': 13795.271484375, 'n_tokens': 4096}, {'ce_sum': 12311.14453125, 'n_tokens': 4096}, {'ce_sum': 11834.416015625, 'n_tokens': 4096}, {'ce_sum': 10835.578125, 'n_tokens': 4096}, {'ce_sum': 11955.0478515625, 'n_tokens': 4096}, {'ce_sum': 12793.619140625, 'n_tokens': 4096}, {'ce_sum': 13590.2734375, 'n_tokens': 4096}, {'ce_sum': 11587.8037109375, 'n_tokens': 4096}, {'ce_sum': 11054.041015625, 'n_tokens': 4096}, {'ce_sum': 13646.09375, 'n_tokens': 4096}, {'ce_sum': 12214.35546875, 'n_tokens': 4096}, {'ce_sum': 13602.095703125, 'n_tokens': 4096}, {'ce_sum': 13489.6279296875, 'n_tokens': 4096}, {'ce_sum': 10864.185546875, 'n_tokens': 4096}, {'ce_sum': 11346.923828125, 'n_tokens': 4096}, {'ce_sum': 10486.138671875, 'n_tokens': 4096}, {'ce_sum': 10139.9375, 'n_tokens': 4096}, {'ce_sum': 9675.97265625, 'n_tokens': 4096}, {'ce_sum': 12833.353515625, 'n_tokens': 4096}, {'ce_sum': 13163.4853515625, 'n_tokens': 4096}, {'ce_sum': 14092.783203125, 'n_tokens': 4096}, {'ce_sum': 11046.6357421875, 'n_tokens': 4096}, {'ce_sum': 11059.8359375, 'n_tokens': 4096}, {'ce_sum': 7688.25927734375, 'n_tokens': 4096}, {'ce_sum': 8496.2802734375, 'n_tokens': 4096}, {'ce_sum': 11245.0185546875, 'n_tokens': 4096}, {'ce_sum': 12837.3349609375, 'n_tokens': 4096}, {'ce_sum': 11040.533203125, 'n_tokens': 4096}, {'ce_sum': 9132.486328125, 'n_tokens': 4096}, {'ce_sum': 14744.353515625, 'n_tokens': 4096}, {'ce_sum': 10604.33984375, 'n_tokens': 4096}, {'ce_sum': 13640.0361328125, 'n_tokens': 4096}, {'ce_sum': 12205.3037109375, 'n_tokens': 4096}, {'ce_sum': 11062.4375, 'n_tokens': 4096}, {'ce_sum': 11870.361328125, 'n_tokens': 4096}, {'ce_sum': 13978.640625, 'n_tokens': 4096}]}, 'chat_qa': {'loss': 2.8426, 'tokens': 262144, 'head_fp': '27c850ac279d2afb', 'blocks': [{'ce_sum': 11178.66796875, 'n_tokens': 4096}, {'ce_sum': 14156.814453125, 'n_tokens': 4096}, {'ce_sum': 13418.8896484375, 'n_tokens': 4096}, {'ce_sum': 7925.63623046875, 'n_tokens': 4096}, {'ce_sum': 8390.5576171875, 'n_tokens': 4096}, {'ce_sum': 13856.513671875, 'n_tokens': 4096}, {'ce_sum': 11618.0947265625, 'n_tokens': 4096}, {'ce_sum': 11193.220703125, 'n_tokens': 4096}, {'ce_sum': 11976.05859375, 'n_tokens': 4096}, {'ce_sum': 10007.4140625, 'n_tokens': 4096}, {'ce_sum': 13971.69921875, 'n_tokens': 4096}, {'ce_sum': 13794.990234375, 'n_tokens': 4096}, {'ce_sum': 9270.568359375, 'n_tokens': 4096}, {'ce_sum': 11915.6435546875, 'n_tokens': 4096}, {'ce_sum': 10205.33203125, 'n_tokens': 4096}, {'ce_sum': 11272.021484375, 'n_tokens': 4096}, {'ce_sum': 12530.28125, 'n_tokens': 4096}, {'ce_sum': 7979.8046875, 'n_tokens': 4096}, {'ce_sum': 7095.0966796875, 'n_tokens': 4096}, {'ce_sum': 11964.076171875, 'n_tokens': 4096}, {'ce_sum': 13248.0546875, 'n_tokens': 4096}, {'ce_sum': 13362.0361328125, 'n_tokens': 4096}, {'ce_sum': 14073.16015625, 'n_tokens': 4096}, {'ce_sum': 11154.384765625, 'n_tokens': 4096}, {'ce_sum': 14397.451171875, 'n_tokens': 4096}, {'ce_sum': 7805.83642578125, 'n_tokens': 4096}, {'ce_sum': 11052.099609375, 'n_tokens': 4096}, {'ce_sum': 13546.982421875, 'n_tokens': 4096}, {'ce_sum': 13598.80078125, 'n_tokens': 4096}, {'ce_sum': 11039.8994140625, 'n_tokens': 4096}, {'ce_sum': 11625.279296875, 'n_tokens': 4096}, {'ce_sum': 12227.158203125, 'n_tokens': 4096}, {'ce_sum': 11383.75390625, 'n_tokens': 4096}, {'ce_sum': 13892.0146484375, 'n_tokens': 4096}, {'ce_sum': 13266.03515625, 'n_tokens': 4096}, {'ce_sum': 9015.818359375, 'n_tokens': 4096}, {'ce_sum': 13797.22265625, 'n_tokens': 4096}, {'ce_sum': 13245.83984375, 'n_tokens': 4096}, {'ce_sum': 12475.75, 'n_tokens': 4096}, {'ce_sum': 13907.31640625, 'n_tokens': 4096}, {'ce_sum': 10854.017578125, 'n_tokens': 4096}, {'ce_sum': 11732.408203125, 'n_tokens': 4096}, {'ce_sum': 10301.1083984375, 'n_tokens': 4096}, {'ce_sum': 9959.89453125, 'n_tokens': 4096}, {'ce_sum': 9858.412109375, 'n_tokens': 4096}, {'ce_sum': 12781.0947265625, 'n_tokens': 4096}, {'ce_sum': 13175.3095703125, 'n_tokens': 4096}, {'ce_sum': 13933.74609375, 'n_tokens': 4096}, {'ce_sum': 10536.849609375, 'n_tokens': 4096}, {'ce_sum': 11469.556640625, 'n_tokens': 4096}, {'ce_sum': 7339.33984375, 'n_tokens': 4096}, {'ce_sum': 9347.4814453125, 'n_tokens': 4096}, {'ce_sum': 11525.5234375, 'n_tokens': 4096}, {'ce_sum': 11391.5244140625, 'n_tokens': 4096}, {'ce_sum': 10438.494140625, 'n_tokens': 4096}, {'ce_sum': 12153.181640625, 'n_tokens': 4096}, {'ce_sum': 13025.05859375, 'n_tokens': 4096}, {'ce_sum': 11563.84375, 'n_tokens': 4096}, {'ce_sum': 12105.759765625, 'n_tokens': 4096}, {'ce_sum': 10927.521484375, 'n_tokens': 4096}, {'ce_sum': 13799.48828125, 'n_tokens': 4096}, {'ce_sum': 10944.755859375, 'n_tokens': 4096}, {'ce_sum': 14180.216796875, 'n_tokens': 4096}, {'ce_sum': 9983.1787109375, 'n_tokens': 4096}]}, 'zh_web': {'loss': 4.2736, 'tokens': 262144, 'head_fp': 'ee53dcc1b598e4f3', 'blocks': [{'ce_sum': 18726.62109375, 'n_tokens': 4096}, {'ce_sum': 16625.763671875, 'n_tokens': 4096}, {'ce_sum': 16214.537109375, 'n_tokens': 4096}, {'ce_sum': 16936.9453125, 'n_tokens': 4096}, {'ce_sum': 13339.26171875, 'n_tokens': 4096}, {'ce_sum': 15834.4228515625, 'n_tokens': 4096}, {'ce_sum': 16903.6796875, 'n_tokens': 4096}, {'ce_sum': 18691.828125, 'n_tokens': 4096}, {'ce_sum': 18878.07421875, 'n_tokens': 4096}, {'ce_sum': 17381.91015625, 'n_tokens': 4096}, {'ce_sum': 16992.228515625, 'n_tokens': 4096}, {'ce_sum': 18117.298828125, 'n_tokens': 4096}, {'ce_sum': 16461.79296875, 'n_tokens': 4096}, {'ce_sum': 17866.828125, 'n_tokens': 4096}, {'ce_sum': 15613.2734375, 'n_tokens': 4096}, {'ce_sum': 16782.57421875, 'n_tokens': 4096}, {'ce_sum': 16719.47265625, 'n_tokens': 4096}, {'ce_sum': 16726.912109375, 'n_tokens': 4096}, {'ce_sum': 19522.806640625, 'n_tokens': 4096}, {'ce_sum': 19085.921875, 'n_tokens': 4096}, {'ce_sum': 18459.33984375, 'n_tokens': 4096}, {'ce_sum': 17517.70703125, 'n_tokens': 4096}, {'ce_sum': 18362.640625, 'n_tokens': 4096}, {'ce_sum': 18236.0546875, 'n_tokens': 4096}, {'ce_sum': 16592.69921875, 'n_tokens': 4096}, {'ce_sum': 17453.62890625, 'n_tokens': 4096}, {'ce_sum': 16218.384765625, 'n_tokens': 4096}, {'ce_sum': 19024.751953125, 'n_tokens': 4096}, {'ce_sum': 12261.462890625, 'n_tokens': 4096}, {'ce_sum': 19333.94140625, 'n_tokens': 4096}, {'ce_sum': 17341.34375, 'n_tokens': 4096}, {'ce_sum': 18542.3125, 'n_tokens': 4096}, {'ce_sum': 16403.38671875, 'n_tokens': 4096}, {'ce_sum': 16029.8369140625, 'n_tokens': 4096}, {'ce_sum': 14945.0185546875, 'n_tokens': 4096}, {'ce_sum': 17432.685546875, 'n_tokens': 4096}, {'ce_sum': 18418.02734375, 'n_tokens': 4096}, {'ce_sum': 19971.95703125, 'n_tokens': 4096}, {'ce_sum': 14686.791015625, 'n_tokens': 4096}, {'ce_sum': 18617.453125, 'n_tokens': 4096}, {'ce_sum': 17704.685546875, 'n_tokens': 4096}, {'ce_sum': 16444.0546875, 'n_tokens': 4096}, {'ce_sum': 18702.15234375, 'n_tokens': 4096}, {'ce_sum': 19344.201171875, 'n_tokens': 4096}, {'ce_sum': 21581.67578125, 'n_tokens': 4096}, {'ce_sum': 18663.1328125, 'n_tokens': 4096}, {'ce_sum': 17001.169921875, 'n_tokens': 4096}, {'ce_sum': 18188.0234375, 'n_tokens': 4096}, {'ce_sum': 18370.40234375, 'n_tokens': 4096}, {'ce_sum': 17281.63671875, 'n_tokens': 4096}, {'ce_sum': 18196.185546875, 'n_tokens': 4096}, {'ce_sum': 18372.078125, 'n_tokens': 4096}, {'ce_sum': 19127.1796875, 'n_tokens': 4096}, {'ce_sum': 17095.80078125, 'n_tokens': 4096}, {'ce_sum': 17224.111328125, 'n_tokens': 4096}, {'ce_sum': 17406.70703125, 'n_tokens': 4096}, {'ce_sum': 18157.400390625, 'n_tokens': 4096}, {'ce_sum': 17540.23046875, 'n_tokens': 4096}, {'ce_sum': 16603.96875, 'n_tokens': 4096}, {'ce_sum': 16936.54296875, 'n_tokens': 4096}, {'ce_sum': 17926.84375, 'n_tokens': 4096}, {'ce_sum': 18246.23828125, 'n_tokens': 4096}, {'ce_sum': 16920.53125, 'n_tokens': 4096}, {'ce_sum': 17981.078125, 'n_tokens': 4096}]}, 'code_py_starcoder': {'loss': 1.2078, 'tokens': 262144, 'head_fp': 'e0cda89e72545824', 'blocks': [{'ce_sum': 5075.283203125, 'n_tokens': 4096}, {'ce_sum': 4200.4990234375, 'n_tokens': 4096}, {'ce_sum': 2747.98046875, 'n_tokens': 4096}, {'ce_sum': 4183.25244140625, 'n_tokens': 4096}, {'ce_sum': 6143.84326171875, 'n_tokens': 4096}, {'ce_sum': 1938.9256591796875, 'n_tokens': 4096}, {'ce_sum': 1796.1669921875, 'n_tokens': 4096}, {'ce_sum': 3157.88916015625, 'n_tokens': 4096}, {'ce_sum': 4500.2822265625, 'n_tokens': 4096}, {'ce_sum': 4914.1708984375, 'n_tokens': 4096}, {'ce_sum': 5226.73681640625, 'n_tokens': 4096}, {'ce_sum': 6036.17236328125, 'n_tokens': 4096}, {'ce_sum': 6332.59326171875, 'n_tokens': 4096}, {'ce_sum': 5304.08349609375, 'n_tokens': 4096}, {'ce_sum': 5645.0654296875, 'n_tokens': 4096}, {'ce_sum': 6283.75, 'n_tokens': 4096}, {'ce_sum': 2429.6123046875, 'n_tokens': 4096}, {'ce_sum': 2321.82568359375, 'n_tokens': 4096}, {'ce_sum': 2108.78369140625, 'n_tokens': 4096}, {'ce_sum': 3412.630859375, 'n_tokens': 4096}, {'ce_sum': 5519.86572265625, 'n_tokens': 4096}, {'ce_sum': 5054.28466796875, 'n_tokens': 4096}, {'ce_sum': 6221.9912109375, 'n_tokens': 4096}, {'ce_sum': 4614.65234375, 'n_tokens': 4096}, {'ce_sum': 6237.1982421875, 'n_tokens': 4096}, {'ce_sum': 2974.0849609375, 'n_tokens': 4096}, {'ce_sum': 2118.60595703125, 'n_tokens': 4096}, {'ce_sum': 2917.759765625, 'n_tokens': 4096}, {'ce_sum': 2644.15087890625, 'n_tokens': 4096}, {'ce_sum': 5178.05859375, 'n_tokens': 4096}, {'ce_sum': 4632.67822265625, 'n_tokens': 4096}, {'ce_sum': 5236.61572265625, 'n_tokens': 4096}, {'ce_sum': 3733.8251953125, 'n_tokens': 4096}, {'ce_sum': 6479.01806640625, 'n_tokens': 4096}, {'ce_sum': 4966.49072265625, 'n_tokens': 4096}, {'ce_sum': 4824.4326171875, 'n_tokens': 4096}, {'ce_sum': 3403.353271484375, 'n_tokens': 4096}, {'ce_sum': 5882.4619140625, 'n_tokens': 4096}, {'ce_sum': 6097.1435546875, 'n_tokens': 4096}, {'ce_sum': 5774.7392578125, 'n_tokens': 4096}, {'ce_sum': 6151.85693359375, 'n_tokens': 4096}, {'ce_sum': 5602.197265625, 'n_tokens': 4096}, {'ce_sum': 5012.4130859375, 'n_tokens': 4096}, {'ce_sum': 7358.72021484375, 'n_tokens': 4096}, {'ce_sum': 6031.6865234375, 'n_tokens': 4096}, {'ce_sum': 6293.7490234375, 'n_tokens': 4096}, {'ce_sum': 5887.91748046875, 'n_tokens': 4096}, {'ce_sum': 6795.142578125, 'n_tokens': 4096}, {'ce_sum': 5876.021484375, 'n_tokens': 4096}, {'ce_sum': 6196.001953125, 'n_tokens': 4096}, {'ce_sum': 5913.7275390625, 'n_tokens': 4096}, {'ce_sum': 4634.73779296875, 'n_tokens': 4096}, {'ce_sum': 5661.8955078125, 'n_tokens': 4096}, {'ce_sum': 6186.2666015625, 'n_tokens': 4096}, {'ce_sum': 3629.287109375, 'n_tokens': 4096}, {'ce_sum': 6588.39404296875, 'n_tokens': 4096}, {'ce_sum': 7766.861328125, 'n_tokens': 4096}, {'ce_sum': 5107.6806640625, 'n_tokens': 4096}, {'ce_sum': 4064.440673828125, 'n_tokens': 4096}, {'ce_sum': 6719.7607421875, 'n_tokens': 4096}, {'ce_sum': 3909.8623046875, 'n_tokens': 4096}, {'ce_sum': 5526.28515625, 'n_tokens': 4096}, {'ce_sum': 5110.306640625, 'n_tokens': 4096}, {'ce_sum': 6328.953125, 'n_tokens': 4096}]}, 'code_py_rp1t': {'loss': 1.1405, 'tokens': 262144, 'head_fp': 'eba5b86b71371330', 'blocks': [{'ce_sum': 3863.95751953125, 'n_tokens': 4096}, {'ce_sum': 7709.2861328125, 'n_tokens': 4096}, {'ce_sum': 3713.89697265625, 'n_tokens': 4096}, {'ce_sum': 1243.001708984375, 'n_tokens': 4096}, {'ce_sum': 1343.4595947265625, 'n_tokens': 4096}, {'ce_sum': 1124.054443359375, 'n_tokens': 4096}, {'ce_sum': 1501.819580078125, 'n_tokens': 4096}, {'ce_sum': 1457.04052734375, 'n_tokens': 4096}, {'ce_sum': 1518.25048828125, 'n_tokens': 4096}, {'ce_sum': 1924.240966796875, 'n_tokens': 4096}, {'ce_sum': 3292.9931640625, 'n_tokens': 4096}, {'ce_sum': 6976.8173828125, 'n_tokens': 4096}, {'ce_sum': 5552.48779296875, 'n_tokens': 4096}, {'ce_sum': 5295.11865234375, 'n_tokens': 4096}, {'ce_sum': 6852.580078125, 'n_tokens': 4096}, {'ce_sum': 6546.943359375, 'n_tokens': 4096}, {'ce_sum': 6510.04296875, 'n_tokens': 4096}, {'ce_sum': 5186.6181640625, 'n_tokens': 4096}, {'ce_sum': 3457.435546875, 'n_tokens': 4096}, {'ce_sum': 5564.876953125, 'n_tokens': 4096}, {'ce_sum': 4251.15625, 'n_tokens': 4096}, {'ce_sum': 5350.86279296875, 'n_tokens': 4096}, {'ce_sum': 6044.251953125, 'n_tokens': 4096}, {'ce_sum': 4919.03564453125, 'n_tokens': 4096}, {'ce_sum': 4654.9853515625, 'n_tokens': 4096}, {'ce_sum': 1462.54248046875, 'n_tokens': 4096}, {'ce_sum': 4809.2099609375, 'n_tokens': 4096}, {'ce_sum': 4369.98193359375, 'n_tokens': 4096}, {'ce_sum': 7134.6728515625, 'n_tokens': 4096}, {'ce_sum': 4736.1298828125, 'n_tokens': 4096}, {'ce_sum': 6516.779296875, 'n_tokens': 4096}, {'ce_sum': 6331.357421875, 'n_tokens': 4096}, {'ce_sum': 4268.70703125, 'n_tokens': 4096}, {'ce_sum': 3824.3798828125, 'n_tokens': 4096}, {'ce_sum': 3991.318603515625, 'n_tokens': 4096}, {'ce_sum': 5787.55859375, 'n_tokens': 4096}, {'ce_sum': 5655.939453125, 'n_tokens': 4096}, {'ce_sum': 5317.31689453125, 'n_tokens': 4096}, {'ce_sum': 5292.92138671875, 'n_tokens': 4096}, {'ce_sum': 4728.8798828125, 'n_tokens': 4096}, {'ce_sum': 2737.80859375, 'n_tokens': 4096}, {'ce_sum': 4960.15625, 'n_tokens': 4096}, {'ce_sum': 5107.1318359375, 'n_tokens': 4096}, {'ce_sum': 5100.47265625, 'n_tokens': 4096}, {'ce_sum': 5264.9716796875, 'n_tokens': 4096}, {'ce_sum': 4714.40380859375, 'n_tokens': 4096}, {'ce_sum': 4721.69189453125, 'n_tokens': 4096}, {'ce_sum': 5522.51171875, 'n_tokens': 4096}, {'ce_sum': 6894.00244140625, 'n_tokens': 4096}, {'ce_sum': 4594.5830078125, 'n_tokens': 4096}, {'ce_sum': 5434.99658203125, 'n_tokens': 4096}, {'ce_sum': 6034.5673828125, 'n_tokens': 4096}, {'ce_sum': 7039.70703125, 'n_tokens': 4096}, {'ce_sum': 5032.50927734375, 'n_tokens': 4096}, {'ce_sum': 1251.7266845703125, 'n_tokens': 4096}, {'ce_sum': 1379.3896484375, 'n_tokens': 4096}, {'ce_sum': 3716.12841796875, 'n_tokens': 4096}, {'ce_sum': 3894.466796875, 'n_tokens': 4096}, {'ce_sum': 5737.1728515625, 'n_tokens': 4096}, {'ce_sum': 6199.7197265625, 'n_tokens': 4096}, {'ce_sum': 7179.69580078125, 'n_tokens': 4096}, {'ce_sum': 6664.6767578125, 'n_tokens': 4096}, {'ce_sum': 4006.2705078125, 'n_tokens': 4096}, {'ce_sum': 5691.35546875, 'n_tokens': 4096}]}, 'unweighted_mean': 2.283, '_split': 'val', '_wall_s': 123.4} (123.4s)
  minimal_pairs   ... running
  minimal_pairs   {'ckpt': 'ckpt_b0_sd_equalcompute.pt', 'n_params': 122.303286, 'swap': False, 'n_pairs': 277, 'skipped': {'word_order': 1, 'classifier': 14, 'function_word': 9, 'factual': 2}, 'dimensions': {'classifier': {'acc': 0.8809523809523809, 'n': 42}, 'factual': {'acc': 0.75, 'n': 16}, 'function_word': {'acc': 1.0, 'n': 20}, 'numeric': {'acc': 0.55, 'n': 100}, 'word_order': {'acc': 0.8585858585858586, 'n': 99}}, 'overall': 0.7545126353790613, 'mean_margin_nats': 2.1855289652029097, '_wall_s': 13.7} (13.7s)
  mc_ceval        ... running
  mc_ceval        {'C-Eval (zh)': 21.2, 'Average': 21.2, '_wall_s': 22.2} (22.2s)
  lambada_zh      ... running
  lambada_zh      {'ckpt': 'ckpt_b0_sd_equalcompute.pt', 'n_params': 122.303286, 'swap': False, 'n_items': 1000, 'provenance': ['lambada_zh_src.jsonl'], 'open_acc1': 0.207, 'open_acc5': 0.409, 'two_way_acc': 0.9018788933753967, '_wall_s': 20.0} (20.0s)
  math_v2_like    ... running
  math_v2_like    {'ckpt': 'ckpt_b0_sd_equalcompute.pt', 'n_params': 122.303286, 'swap': False, 'n_items': 3012, 'skipped': {'no_digit': 0, 'tok_len': 149, 'no_boxed': 0}, 'overall': 0.9714475431606906, 'families': {'abs_equation': {'acc': 1.0, 'n': 223}, 'cryptarithm': {'acc': 1.0, 'n': 220}, 'factorize': {'acc': 1.0, 'n': 95}, 'floor_gauss': {'acc': 0.7607142925262451, 'n': 280}, 'fractional_eq': {'acc': 1.0, 'n': 275}, 'hound_hare': {'acc': 0.9751552939414978, 'n': 161}, 'inverse_prop': {'acc': 1.0, 'n': 142}, 'linear_func': {'acc': 1.0, 'n': 273}, 'number_array_cross': {'acc': 1.0, 'n': 3}, 'number_line_moving': {'acc': 0.9527272582054138, 'n': 275}, 'perfect_square_pattern': {'acc': 1.0, 'n': 10}, 'pythagoras': {'acc': 0.984375, 'n': 128}, 'quadratic': {'acc': 1.0, 'n': 138}, 'quadratic_func': {'acc': 1.0, 'n': 79}, 'right_triangle_3060': {'acc': 1.0, 'n': 26}, 'similar_triangle': {'acc': 1.0, 'n': 124}, 'system_2var': {'acc': 1.0, 'n': 280}, 'variance': {'acc': 1.0, 'n': 280}}, '_wall_s': 21.7} (21.7s)
  domain_bpb      ... running
  domain_bpb      ERROR: domain_bpb.py exited 1: /work/aupai/eval/domain_bpb.py:221: UserWarning: checkpoint has no vocab_id (old format); cannot cross-check tokenizer | ours_tok = load_tokenizer(a.tokenizer, None) (115.9s)
  lambada_en      ... running
