W0901 00:02:24.486000 1104436 torch/distributed/run.py:851] 
W0901 00:02:24.486000 1104436 torch/distributed/run.py:851] *****************************************
W0901 00:02:24.486000 1104436 torch/distributed/run.py:851] Setting OMP_NUM_THREADS environment variable for each process to be 1 in default, to avoid your system being overloaded, please further tune the variable for optimal performance in your application as needed. 
W0901 00:02:24.486000 1104436 torch/distributed/run.py:851] *****************************************
corpus_fp: {'code_rp1t': 'd8b9b18ba080f487', 'math_owm_stage2': '1e687e4b5ce37598', 'cot': '388496b76ed9bf88', 'en_c4_stage2': '05e0fc6f14704056', 'zh_web': 'a0d44fc44a289d60', 'textbook_30b': '3f237c5191cb8571', 'wiki_chat': 'b864d32f9452a7c8'}
/usr/local/lib/python3.12/dist-packages/torch/distributed/c10d_logger.py:83: UserWarning: barrier(): using the device under current context. You can specify `device_id` in `init_process_group` to mute this warning.
  return func(*args, **kwargs)
[rank0]:[W901 00:02:41.206367189 ProcessGroupNCCL.cpp:5188] Guessing device ID based on global rank. This can cause a hang if rank to GPU mapping is heterogeneous. You can specify device_id in init_process_group()
mix: code_rp1t resuming at row 1338744 (0.73 epochs consumed)
mix: cot resuming at row 290401 (2.95 epochs consumed)
mix: zh_web resuming at row 395865 (0.08 epochs consumed)
mix: textbook_30b resuming at row 119947 (0.31 epochs consumed)
mix: wiki_chat resuming at row 24003 (0.36 epochs consumed)
mix: code_rp1t 2412834 rows = 1.31 epochs
mix: math_owm_stage2 1173994 rows = 0.74 epochs
mix: cot 585912 rows = 5.95 epochs
mix: en_c4_stage2 571450 rows = 0.98 epochs
mix: zh_web 797042 rows = 0.15 epochs
mix: textbook_30b 241527 rows = 0.62 epochs
mix: wiki_chat 48304 rows = 0.73 epochs
mix: 3662103 rows = 15.00B tokens scheduled
env fingerprint OK (b802edfcec8dad5e)
Resumed from ckpt_pretrain_15b_s1.pt.step16000 (step 16000)
FP8 compute enabled
params 206.1M | tokens 523157 | seqs 523157 | device cuda:0 | world 7 | fa True | fp8 True
cfg batch 16 accum 2 seq 4096 grad_ckpt False doc_mask True attn_res True/0 softcap 15.0 warmup 300 epochs 1 lr_scale 1.0 mix data/mix_30b_stage2.json fone False seed 42 sample_seed 42 (follows seed) warmdown 0.1 anneal_frac 0.1 val_every 500 attn_every 4
dynamo cache_size_limit=64 (need 25)
WSD JOIN: resumed at step 16000/32348 under mix data/mix_30b_stage2.json | lr_mult 1.0000 | warmdown 0.1 anneal_frac 0.1 | warmdown starts at step 29114
[rank4]:W0901 00:05:19.909000 1104507 torch/_logging/_internal.py:1279] [0/0] Profiler record function <class 'torch.autograd.profiler.record_function'> will be ignored
[rank5]:W0901 00:05:19.910000 1104508 torch/_logging/_internal.py:1279] [0/0] Profiler record function <class 'torch.autograd.profiler.record_function'> will be ignored
[rank1]:W0901 00:05:19.919000 1104504 torch/_logging/_internal.py:1279] [0/0] Profiler record function <class 'torch.autograd.profiler.record_function'> will be ignored
[rank2]:W0901 00:05:19.922000 1104505 torch/_logging/_internal.py:1279] [0/0] Profiler record function <class 'torch.autograd.profiler.record_function'> will be ignored
[rank3]:W0901 00:05:19.927000 1104506 torch/_logging/_internal.py:1279] [0/0] Profiler record function <class 'torch.autograd.profiler.record_function'> will be ignored
[rank0]:W0901 00:05:19.929000 1104503 torch/_logging/_internal.py:1279] [0/0] Profiler record function <class 'torch.autograd.profiler.record_function'> will be ignored
[rank6]:W0901 00:05:19.939000 1104509 torch/_logging/_internal.py:1279] [0/0] Profiler record function <class 'torch.autograd.profiler.record_function'> will be ignored
step 16010/32348 49% [main] | loss 1.936 | lr 1.00e-02 | gnorm 0.91 | 14.69B tok | 32K tok/s/gpu | MFU 14% | ETA 18.4h
step 16020/32348 50% [main] | loss 1.697 | lr 1.00e-02 | gnorm 1.04 | 14.70B tok | 76K tok/s/gpu | MFU 32% | ETA 7.8h
step 16030/32348 50% [main] | loss 1.335 | lr 1.00e-02 | gnorm 1.03 | 14.71B tok | 77K tok/s/gpu | MFU 32% | ETA 7.7h
step 16040/32348 50% [main] | loss 1.804 | lr 1.00e-02 | gnorm 0.96 | 14.72B tok | 77K tok/s/gpu | MFU 32% | ETA 7.8h
step 16050/32348 50% [main] | loss 1.673 | lr 1.00e-02 | gnorm 0.98 | 14.73B tok | 77K tok/s/gpu | MFU 32% | ETA 7.8h
step 16060/32348 50% [main] | loss 2.124 | lr 1.00e-02 | gnorm 0.75 | 14.74B tok | 77K tok/s/gpu | MFU 32% | ETA 7.7h
step 16070/32348 50% [main] | loss 1.388 | lr 1.00e-02 | gnorm 1.00 | 14.74B tok | 77K tok/s/gpu | MFU 32% | ETA 7.7h
step 16080/32348 50% [main] | loss 1.670 | lr 1.00e-02 | gnorm 1.01 | 14.75B tok | 77K tok/s/gpu | MFU 32% | ETA 7.7h
step 16090/32348 50% [main] | loss 1.682 | lr 1.00e-02 | gnorm 0.96 | 14.76B tok | 77K tok/s/gpu | MFU 32% | ETA 7.7h
step 16100/32348 50% [main] | loss 1.492 | lr 1.00e-02 | gnorm 1.09 | 14.77B tok | 77K tok/s/gpu | MFU 32% | ETA 7.7h
step 16110/32348 50% [main] | loss 1.827 | lr 1.00e-02 | gnorm 0.85 | 14.78B tok | 77K tok/s/gpu | MFU 32% | ETA 7.7h
step 16120/32348 50% [main] | loss 1.408 | lr 1.00e-02 | gnorm 0.90 | 14.79B tok | 77K tok/s/gpu | MFU 32% | ETA 7.7h
step 16130/32348 50% [main] | loss 1.436 | lr 1.00e-02 | gnorm 0.88 | 14.80B tok | 77K tok/s/gpu | MFU 32% | ETA 7.7h
step 16140/32348 50% [main] | loss 1.769 | lr 1.00e-02 | gnorm 0.84 | 14.81B tok | 77K tok/s/gpu | MFU 32% | ETA 7.7h
step 16150/32348 50% [main] | loss 1.560 | lr 1.00e-02 | gnorm 0.84 | 14.82B tok | 77K tok/s/gpu | MFU 32% | ETA 7.7h
step 16160/32348 50% [main] | loss 1.597 | lr 1.00e-02 | gnorm 0.86 | 14.83B tok | 77K tok/s/gpu | MFU 32% | ETA 7.7h
step 16170/32348 50% [main] | loss 2.114 | lr 1.00e-02 | gnorm 0.82 | 14.84B tok | 77K tok/s/gpu | MFU 32% | ETA 7.7h
step 16180/32348 50% [main] | loss 1.670 | lr 1.00e-02 | gnorm 0.81 | 14.85B tok | 77K tok/s/gpu | MFU 32% | ETA 7.7h
step 16190/32348 50% [main] | loss 1.717 | lr 1.00e-02 | gnorm 0.87 | 14.85B tok | 77K tok/s/gpu | MFU 32% | ETA 7.7h
step 16200/32348 50% [main] | loss 1.982 | lr 1.00e-02 | gnorm 0.80 | 14.86B tok | 74K tok/s/gpu | MFU 31% | ETA 8.0h
step 16210/32348 50% [main] | loss 1.658 | lr 1.00e-02 | gnorm 0.74 | 14.87B tok | 77K tok/s/gpu | MFU 32% | ETA 7.6h
step 16220/32348 50% [main] | loss 1.536 | lr 1.00e-02 | gnorm 0.88 | 14.88B tok | 75K tok/s/gpu | MFU 31% | ETA 7.8h
step 16230/32348 50% [main] | loss 2.060 | lr 1.00e-02 | gnorm 0.70 | 14.89B tok | 77K tok/s/gpu | MFU 32% | ETA 7.7h
step 16240/32348 50% [main] | loss 1.627 | lr 1.00e-02 | gnorm 0.71 | 14.90B tok | 77K tok/s/gpu | MFU 32% | ETA 7.6h
step 16250/32348 50% [main] | loss 2.025 | lr 1.00e-02 | gnorm 0.87 | 14.91B tok | 77K tok/s/gpu | MFU 32% | ETA 7.6h
step 16260/32348 50% [main] | loss 1.776 | lr 1.00e-02 | gnorm 0.80 | 14.92B tok | 77K tok/s/gpu | MFU 32% | ETA 7.6h
step 16270/32348 50% [main] | loss 1.536 | lr 1.00e-02 | gnorm 0.85 | 14.93B tok | 77K tok/s/gpu | MFU 32% | ETA 7.6h
step 16280/32348 50% [main] | loss 1.696 | lr 1.00e-02 | gnorm 1.09 | 14.94B tok | 77K tok/s/gpu | MFU 32% | ETA 7.6h
step 16290/32348 50% [main] | loss 1.447 | lr 1.00e-02 | gnorm 0.87 | 14.95B tok | 77K tok/s/gpu | MFU 32% | ETA 7.6h
step 16300/32348 50% [main] | loss 2.070 | lr 1.00e-02 | gnorm 1.04 | 14.96B tok | 77K tok/s/gpu | MFU 32% | ETA 7.6h
step 16310/32348 50% [main] | loss 1.435 | lr 1.00e-02 | gnorm 0.94 | 14.96B tok | 77K tok/s/gpu | MFU 32% | ETA 7.6h
step 16320/32348 50% [main] | loss 1.766 | lr 1.00e-02 | gnorm 0.92 | 14.97B tok | 77K tok/s/gpu | MFU 32% | ETA 7.6h
step 16330/32348 50% [main] | loss 1.871 | lr 1.00e-02 | gnorm 1.20 | 14.98B tok | 77K tok/s/gpu | MFU 32% | ETA 7.6h
step 16340/32348 51% [main] | loss 1.790 | lr 1.00e-02 | gnorm 0.80 | 14.99B tok | 77K tok/s/gpu | MFU 32% | ETA 7.6h
step 16350/32348 51% [main] | loss 1.726 | lr 1.00e-02 | gnorm 0.80 | 15.00B tok | 77K tok/s/gpu | MFU 32% | ETA 7.6h
step 16360/32348 51% [main] | loss 1.438 | lr 1.00e-02 | gnorm 0.88 | 15.01B tok | 77K tok/s/gpu | MFU 32% | ETA 7.6h
step 16370/32348 51% [main] | loss 1.429 | lr 1.00e-02 | gnorm 1.47 | 15.02B tok | 77K tok/s/gpu | MFU 32% | ETA 7.6h
step 16380/32348 51% [main] | loss 1.482 | lr 1.00e-02 | gnorm 1.12 | 15.03B tok | 77K tok/s/gpu | MFU 32% | ETA 7.6h
step 16390/32348 51% [main] | loss 1.846 | lr 1.00e-02 | gnorm 0.80 | 15.04B tok | 77K tok/s/gpu | MFU 32% | ETA 7.6h
step 16400/32348 51% [main] | loss 2.502 | lr 1.00e-02 | gnorm 0.86 | 15.05B tok | 74K tok/s/gpu | MFU 31% | ETA 7.9h
step 16410/32348 51% [main] | loss 1.935 | lr 1.00e-02 | gnorm 0.76 | 15.06B tok | 77K tok/s/gpu | MFU 32% | ETA 7.5h
step 16420/32348 51% [main] | loss 1.782 | lr 1.00e-02 | gnorm 0.79 | 15.07B tok | 77K tok/s/gpu | MFU 32% | ETA 7.6h
step 16430/32348 51% [main] | loss 1.862 | lr 1.00e-02 | gnorm 0.86 | 15.07B tok | 77K tok/s/gpu | MFU 32% | ETA 7.6h
step 16440/32348 51% [main] | loss 1.881 | lr 1.00e-02 | gnorm 0.82 | 15.08B tok | 77K tok/s/gpu | MFU 32% | ETA 7.6h
step 16450/32348 51% [main] | loss 1.940 | lr 1.00e-02 | gnorm 0.81 | 15.09B tok | 77K tok/s/gpu | MFU 32% | ETA 7.6h
step 16460/32348 51% [main] | loss 1.414 | lr 1.00e-02 | gnorm 0.82 | 15.10B tok | 77K tok/s/gpu | MFU 32% | ETA 7.5h
step 16470/32348 51% [main] | loss 1.715 | lr 1.00e-02 | gnorm 0.81 | 15.11B tok | 77K tok/s/gpu | MFU 32% | ETA 7.6h
step 16480/32348 51% [main] | loss 1.876 | lr 1.00e-02 | gnorm 0.96 | 15.12B tok | 77K tok/s/gpu | MFU 32% | ETA 7.5h
step 16490/32348 51% [main] | loss 1.333 | lr 1.00e-02 | gnorm 0.75 | 15.13B tok | 77K tok/s/gpu | MFU 32% | ETA 7.5h
step 16500/32348 val 2.120
step 16500/32348 51% [main] | loss 2.074 | lr 1.00e-02 | gnorm 0.87 | 15.14B tok | 38K tok/s/gpu | MFU 16% | ETA 15.4h
step 16510/32348 51% [main] | loss 2.205 | lr 1.00e-02 | gnorm 0.75 | 15.15B tok | 77K tok/s/gpu | MFU 32% | ETA 7.5h
step 16520/32348 51% [main] | loss 2.404 | lr 1.00e-02 | gnorm 0.89 | 15.16B tok | 77K tok/s/gpu | MFU 32% | ETA 7.5h
step 16530/32348 51% [main] | loss 1.645 | lr 1.00e-02 | gnorm 0.80 | 15.17B tok | 77K tok/s/gpu | MFU 32% | ETA 7.5h
step 16540/32348 51% [main] | loss 2.021 | lr 1.00e-02 | gnorm 0.81 | 15.18B tok | 77K tok/s/gpu | MFU 32% | ETA 7.5h
step 16550/32348 51% [main] | loss 1.510 | lr 1.00e-02 | gnorm 0.77 | 15.18B tok | 77K tok/s/gpu | MFU 32% | ETA 7.5h
step 16560/32348 51% [main] | loss 2.100 | lr 1.00e-02 | gnorm 0.95 | 15.19B tok | 77K tok/s/gpu | MFU 32% | ETA 7.5h
step 16570/32348 51% [main] | loss 1.633 | lr 1.00e-02 | gnorm 0.79 | 15.20B tok | 77K tok/s/gpu | MFU 32% | ETA 7.5h
step 16580/32348 51% [main] | loss 1.702 | lr 1.00e-02 | gnorm 0.81 | 15.21B tok | 77K tok/s/gpu | MFU 32% | ETA 7.5h
step 16590/32348 51% [main] | loss 1.822 | lr 1.00e-02 | gnorm 0.71 | 15.22B tok | 77K tok/s/gpu | MFU 32% | ETA 7.5h
step 16600/32348 51% [main] | loss 1.485 | lr 1.00e-02 | gnorm 0.80 | 15.23B tok | 75K tok/s/gpu | MFU 31% | ETA 7.7h
step 16610/32348 51% [main] | loss 2.105 | lr 1.00e-02 | gnorm 0.73 | 15.24B tok | 77K tok/s/gpu | MFU 32% | ETA 7.4h
step 16620/32348 51% [main] | loss 1.719 | lr 1.00e-02 | gnorm 0.90 | 15.25B tok | 77K tok/s/gpu | MFU 32% | ETA 7.5h
step 16630/32348 51% [main] | loss 1.372 | lr 1.00e-02 | gnorm 0.84 | 15.26B tok | 77K tok/s/gpu | MFU 32% | ETA 7.5h
step 16640/32348 51% [main] | loss 1.250 | lr 1.00e-02 | gnorm 0.71 | 15.27B tok | 77K tok/s/gpu | MFU 32% | ETA 7.5h
step 16650/32348 51% [main] | loss 1.043 | lr 1.00e-02 | gnorm 0.83 | 15.28B tok | 77K tok/s/gpu | MFU 32% | ETA 7.5h
step 16660/32348 52% [main] | loss 1.855 | lr 1.00e-02 | gnorm 0.72 | 15.29B tok | 74K tok/s/gpu | MFU 31% | ETA 7.8h
step 16670/32348 52% [main] | loss 1.544 | lr 1.00e-02 | gnorm 0.79 | 15.29B tok | 77K tok/s/gpu | MFU 32% | ETA 7.4h
step 16680/32348 52% [main] | loss 1.742 | lr 1.00e-02 | gnorm 0.92 | 15.30B tok | 77K tok/s/gpu | MFU 32% | ETA 7.5h
step 16690/32348 52% [main] | loss 1.951 | lr 1.00e-02 | gnorm 0.88 | 15.31B tok | 77K tok/s/gpu | MFU 32% | ETA 7.4h
step 16700/32348 52% [main] | loss 1.412 | lr 1.00e-02 | gnorm 0.90 | 15.32B tok | 77K tok/s/gpu | MFU 32% | ETA 7.4h
step 16710/32348 52% [main] | loss 1.380 | lr 1.00e-02 | gnorm 0.71 | 15.33B tok | 77K tok/s/gpu | MFU 32% | ETA 7.4h
step 16720/32348 52% [main] | loss 1.694 | lr 1.00e-02 | gnorm 0.75 | 15.34B tok | 77K tok/s/gpu | MFU 32% | ETA 7.4h
step 16730/32348 52% [main] | loss 1.669 | lr 1.00e-02 | gnorm 0.83 | 15.35B tok | 77K tok/s/gpu | MFU 32% | ETA 7.4h
step 16740/32348 52% [main] | loss 1.687 | lr 1.00e-02 | gnorm 0.85 | 15.36B tok | 77K tok/s/gpu | MFU 32% | ETA 7.4h
step 16750/32348 52% [main] | loss 1.831 | lr 1.00e-02 | gnorm 0.81 | 15.37B tok | 75K tok/s/gpu | MFU 31% | ETA 7.6h
step 16760/32348 52% [main] | loss 1.633 | lr 1.00e-02 | gnorm 0.86 | 15.38B tok | 77K tok/s/gpu | MFU 32% | ETA 7.4h
step 16770/32348 52% [main] | loss 1.883 | lr 1.00e-02 | gnorm 0.71 | 15.39B tok | 77K tok/s/gpu | MFU 32% | ETA 7.4h
step 16780/32348 52% [main] | loss 1.720 | lr 1.00e-02 | gnorm 0.82 | 15.40B tok | 77K tok/s/gpu | MFU 32% | ETA 7.4h
step 16790/32348 52% [main] | loss 1.896 | lr 1.00e-02 | gnorm 0.84 | 15.40B tok | 77K tok/s/gpu | MFU 32% | ETA 7.4h
step 16800/32348 52% [main] | loss 1.825 | lr 1.00e-02 | gnorm 0.78 | 15.41B tok | 74K tok/s/gpu | MFU 31% | ETA 7.6h
step 16810/32348 52% [main] | loss 1.542 | lr 1.00e-02 | gnorm 0.86 | 15.42B tok | 77K tok/s/gpu | MFU 32% | ETA 7.4h
step 16820/32348 52% [main] | loss 2.039 | lr 1.00e-02 | gnorm 1.45 | 15.43B tok | 77K tok/s/gpu | MFU 32% | ETA 7.4h
step 16830/32348 52% [main] | loss 2.066 | lr 1.00e-02 | gnorm 1.01 | 15.44B tok | 77K tok/s/gpu | MFU 32% | ETA 7.4h
step 16840/32348 52% [main] | loss 1.495 | lr 1.00e-02 | gnorm 0.89 | 15.45B tok | 77K tok/s/gpu | MFU 32% | ETA 7.4h
step 16850/32348 52% [main] | loss 1.591 | lr 1.00e-02 | gnorm 0.80 | 15.46B tok | 77K tok/s/gpu | MFU 32% | ETA 7.4h
step 16860/32348 52% [main] | loss 1.484 | lr 1.00e-02 | gnorm 1.34 | 15.47B tok | 77K tok/s/gpu | MFU 32% | ETA 7.4h
step 16870/32348 52% [main] | loss 2.001 | lr 1.00e-02 | gnorm 1.14 | 15.48B tok | 77K tok/s/gpu | MFU 32% | ETA 7.4h
step 16880/32348 52% [main] | loss 1.363 | lr 1.00e-02 | gnorm 0.77 | 15.49B tok | 77K tok/s/gpu | MFU 32% | ETA 7.3h
step 16890/32348 52% [main] | loss 1.727 | lr 1.00e-02 | gnorm 0.69 | 15.50B tok | 77K tok/s/gpu | MFU 32% | ETA 7.3h
step 16900/32348 52% [main] | loss 1.800 | lr 1.00e-02 | gnorm 0.71 | 15.51B tok | 77K tok/s/gpu | MFU 32% | ETA 7.3h
step 16910/32348 52% [main] | loss 1.453 | lr 1.00e-02 | gnorm 0.78 | 15.51B tok | 77K tok/s/gpu | MFU 32% | ETA 7.3h
step 16920/32348 52% [main] | loss 1.445 | lr 1.00e-02 | gnorm 0.83 | 15.52B tok | 77K tok/s/gpu | MFU 32% | ETA 7.3h
step 16930/32348 52% [main] | loss 1.744 | lr 1.00e-02 | gnorm 0.79 | 15.53B tok | 77K tok/s/gpu | MFU 32% | ETA 7.3h
step 16940/32348 52% [main] | loss 2.220 | lr 1.00e-02 | gnorm 0.76 | 15.54B tok | 77K tok/s/gpu | MFU 32% | ETA 7.3h
step 16950/32348 52% [main] | loss 1.687 | lr 1.00e-02 | gnorm 0.84 | 15.55B tok | 77K tok/s/gpu | MFU 32% | ETA 7.3h
step 16960/32348 52% [main] | loss 1.478 | lr 1.00e-02 | gnorm 1.04 | 15.56B tok | 77K tok/s/gpu | MFU 32% | ETA 7.3h
step 16970/32348 52% [main] | loss 1.598 | lr 1.00e-02 | gnorm 0.81 | 15.57B tok | 77K tok/s/gpu | MFU 32% | ETA 7.3h
step 16980/32348 52% [main] | loss 1.690 | lr 1.00e-02 | gnorm 0.86 | 15.58B tok | 77K tok/s/gpu | MFU 32% | ETA 7.3h
step 16990/32348 53% [main] | loss 1.629 | lr 1.00e-02 | gnorm 0.79 | 15.59B tok | 77K tok/s/gpu | MFU 32% | ETA 7.3h
step 17000/32348 val 2.119
step 17000/32348 53% [main] | loss 1.778 | lr 1.00e-02 | gnorm 0.83 | 15.60B tok | 51K tok/s/gpu | MFU 21% | ETA 11.0h
step 17010/32348 53% [main] | loss 1.591 | lr 1.00e-02 | gnorm 1.18 | 15.61B tok | 77K tok/s/gpu | MFU 32% | ETA 7.3h
step 17020/32348 53% [main] | loss 2.044 | lr 1.00e-02 | gnorm 0.86 | 15.62B tok | 77K tok/s/gpu | MFU 32% | ETA 7.3h
step 17030/32348 53% [main] | loss 1.718 | lr 1.00e-02 | gnorm 1.00 | 15.63B tok | 77K tok/s/gpu | MFU 32% | ETA 7.3h
step 17040/32348 53% [main] | loss 1.755 | lr 1.00e-02 | gnorm 1.22 | 15.63B tok | 77K tok/s/gpu | MFU 32% | ETA 7.3h
step 17050/32348 53% [main] | loss 1.561 | lr 1.00e-02 | gnorm 1.28 | 15.64B tok | 77K tok/s/gpu | MFU 32% | ETA 7.3h
step 17060/32348 53% [main] | loss 1.694 | lr 1.00e-02 | gnorm 0.79 | 15.65B tok | 77K tok/s/gpu | MFU 32% | ETA 7.3h
step 17070/32348 53% [main] | loss 1.798 | lr 1.00e-02 | gnorm 0.93 | 15.66B tok | 74K tok/s/gpu | MFU 31% | ETA 7.5h
step 17080/32348 53% [main] | loss 1.534 | lr 1.00e-02 | gnorm 0.86 | 15.67B tok | 77K tok/s/gpu | MFU 32% | ETA 7.2h
step 17090/32348 53% [main] | loss 1.561 | lr 1.00e-02 | gnorm 0.88 | 15.68B tok | 77K tok/s/gpu | MFU 32% | ETA 7.2h
step 17100/32348 53% [main] | loss 2.044 | lr 1.00e-02 | gnorm 0.97 | 15.69B tok | 76K tok/s/gpu | MFU 32% | ETA 7.3h
step 17110/32348 53% [main] | loss 1.565 | lr 1.00e-02 | gnorm 0.93 | 15.70B tok | 77K tok/s/gpu | MFU 32% | ETA 7.2h
step 17120/32348 53% [main] | loss 1.772 | lr 1.00e-02 | gnorm 0.97 | 15.71B tok | 77K tok/s/gpu | MFU 32% | ETA 7.2h
step 17130/32348 53% [main] | loss 1.834 | lr 1.00e-02 | gnorm 0.79 | 15.72B tok | 77K tok/s/gpu | MFU 32% | ETA 7.2h
step 17140/32348 53% [main] | loss 1.930 | lr 1.00e-02 | gnorm 0.77 | 15.73B tok | 77K tok/s/gpu | MFU 32% | ETA 7.2h
step 17150/32348 53% [main] | loss 1.538 | lr 1.00e-02 | gnorm 0.84 | 15.74B tok | 77K tok/s/gpu | MFU 32% | ETA 7.2h
step 17160/32348 53% [main] | loss 1.933 | lr 1.00e-02 | gnorm 0.89 | 15.74B tok | 77K tok/s/gpu | MFU 32% | ETA 7.2h
step 17170/32348 53% [main] | loss 1.427 | lr 1.00e-02 | gnorm 0.83 | 15.75B tok | 77K tok/s/gpu | MFU 32% | ETA 7.2h
step 17180/32348 53% [main] | loss 1.232 | lr 1.00e-02 | gnorm 0.71 | 15.76B tok | 77K tok/s/gpu | MFU 32% | ETA 7.2h
step 17190/32348 53% [main] | loss 1.448 | lr 1.00e-02 | gnorm 0.79 | 15.77B tok | 77K tok/s/gpu | MFU 32% | ETA 7.2h
step 17200/32348 53% [main] | loss 1.401 | lr 1.00e-02 | gnorm 0.76 | 15.78B tok | 74K tok/s/gpu | MFU 31% | ETA 7.4h
step 17210/32348 53% [main] | loss 1.620 | lr 1.00e-02 | gnorm 0.69 | 15.79B tok | 77K tok/s/gpu | MFU 32% | ETA 7.2h
step 17220/32348 53% [main] | loss 1.184 | lr 1.00e-02 | gnorm 0.75 | 15.80B tok | 77K tok/s/gpu | MFU 32% | ETA 7.2h
step 17230/32348 53% [main] | loss 1.837 | lr 1.00e-02 | gnorm 1.16 | 15.81B tok | 76K tok/s/gpu | MFU 32% | ETA 7.2h
step 17240/32348 53% [main] | loss 1.896 | lr 1.00e-02 | gnorm 0.75 | 15.82B tok | 77K tok/s/gpu | MFU 32% | ETA 7.2h
step 17250/32348 53% [main] | loss 2.025 | lr 1.00e-02 | gnorm 0.87 | 15.83B tok | 77K tok/s/gpu | MFU 32% | ETA 7.2h
step 17260/32348 53% [main] | loss 1.628 | lr 1.00e-02 | gnorm 1.16 | 15.84B tok | 77K tok/s/gpu | MFU 32% | ETA 7.2h
step 17270/32348 53% [main] | loss 1.843 | lr 1.00e-02 | gnorm 0.78 | 15.85B tok | 77K tok/s/gpu | MFU 32% | ETA 7.2h
step 17280/32348 53% [main] | loss 1.146 | lr 1.00e-02 | gnorm 0.77 | 15.85B tok | 77K tok/s/gpu | MFU 32% | ETA 7.2h
step 17290/32348 53% [main] | loss 1.793 | lr 1.00e-02 | gnorm 0.98 | 15.86B tok | 77K tok/s/gpu | MFU 32% | ETA 7.2h
step 17300/32348 53% [main] | loss 1.870 | lr 1.00e-02 | gnorm 0.80 | 15.87B tok | 77K tok/s/gpu | MFU 32% | ETA 7.1h
step 17310/32348 54% [main] | loss 1.794 | lr 1.00e-02 | gnorm 0.98 | 15.88B tok | 77K tok/s/gpu | MFU 32% | ETA 7.2h
step 17320/32348 54% [main] | loss 2.037 | lr 1.00e-02 | gnorm 1.32 | 15.89B tok | 77K tok/s/gpu | MFU 32% | ETA 7.1h
step 17330/32348 54% [main] | loss 1.933 | lr 1.00e-02 | gnorm 0.79 | 15.90B tok | 77K tok/s/gpu | MFU 32% | ETA 7.1h
step 17340/32348 54% [main] | loss 1.791 | lr 1.00e-02 | gnorm 0.73 | 15.91B tok | 77K tok/s/gpu | MFU 32% | ETA 7.1h
step 17350/32348 54% [main] | loss 1.828 | lr 1.00e-02 | gnorm 0.79 | 15.92B tok | 77K tok/s/gpu | MFU 32% | ETA 7.1h
step 17360/32348 54% [main] | loss 1.732 | lr 1.00e-02 | gnorm 0.82 | 15.93B tok | 77K tok/s/gpu | MFU 32% | ETA 7.1h
step 17370/32348 54% [main] | loss 1.554 | lr 1.00e-02 | gnorm 0.84 | 15.94B tok | 77K tok/s/gpu | MFU 32% | ETA 7.1h
step 17380/32348 54% [main] | loss 1.948 | lr 1.00e-02 | gnorm 1.10 | 15.95B tok | 75K tok/s/gpu | MFU 31% | ETA 7.3h
step 17390/32348 54% [main] | loss 1.599 | lr 1.00e-02 | gnorm 0.78 | 15.96B tok | 77K tok/s/gpu | MFU 32% | ETA 7.1h
step 17400/32348 54% [main] | loss 1.546 | lr 1.00e-02 | gnorm 1.10 | 15.96B tok | 74K tok/s/gpu | MFU 31% | ETA 7.3h
step 17410/32348 54% [main] | loss 1.475 | lr 1.00e-02 | gnorm 1.42 | 15.97B tok | 77K tok/s/gpu | MFU 32% | ETA 7.1h
step 17420/32348 54% [main] | loss 2.168 | lr 1.00e-02 | gnorm 0.91 | 15.98B tok | 77K tok/s/gpu | MFU 32% | ETA 7.1h
step 17430/32348 54% [main] | loss 1.100 | lr 1.00e-02 | gnorm 0.78 | 15.99B tok | 77K tok/s/gpu | MFU 32% | ETA 7.1h
step 17440/32348 54% [main] | loss 1.805 | lr 1.00e-02 | gnorm 0.80 | 16.00B tok | 77K tok/s/gpu | MFU 32% | ETA 7.1h
step 17450/32348 54% [main] | loss 1.827 | lr 1.00e-02 | gnorm 0.76 | 16.01B tok | 77K tok/s/gpu | MFU 32% | ETA 7.1h
step 17460/32348 54% [main] | loss 1.928 | lr 1.00e-02 | gnorm 0.82 | 16.02B tok | 77K tok/s/gpu | MFU 32% | ETA 7.1h
step 17470/32348 54% [main] | loss 1.707 | lr 1.00e-02 | gnorm 0.92 | 16.03B tok | 77K tok/s/gpu | MFU 32% | ETA 7.1h
step 17480/32348 54% [main] | loss 2.012 | lr 1.00e-02 | gnorm 0.75 | 16.04B tok | 74K tok/s/gpu | MFU 31% | ETA 7.3h
step 17490/32348 54% [main] | loss 1.653 | lr 1.00e-02 | gnorm 0.77 | 16.05B tok | 77K tok/s/gpu | MFU 32% | ETA 7.1h
step 17500/32348 val 2.124
step 17500/32348 54% [main] | loss 1.273 | lr 1.00e-02 | gnorm 0.77 | 16.06B tok | 53K tok/s/gpu | MFU 22% | ETA 10.2h
step 17510/32348 54% [main] | loss 1.422 | lr 1.00e-02 | gnorm 0.96 | 16.07B tok | 77K tok/s/gpu | MFU 32% | ETA 7.0h
step 17520/32348 54% [main] | loss 1.648 | lr 1.00e-02 | gnorm 1.20 | 16.07B tok | 77K tok/s/gpu | MFU 32% | ETA 7.1h
step 17530/32348 54% [main] | loss 2.052 | lr 1.00e-02 | gnorm 0.78 | 16.08B tok | 77K tok/s/gpu | MFU 32% | ETA 7.0h
step 17540/32348 54% [main] | loss 1.598 | lr 1.00e-02 | gnorm 0.78 | 16.09B tok | 77K tok/s/gpu | MFU 32% | ETA 7.0h
step 17550/32348 54% [main] | loss 1.999 | lr 1.00e-02 | gnorm 0.82 | 16.10B tok | 77K tok/s/gpu | MFU 32% | ETA 7.0h
step 17560/32348 54% [main] | loss 1.908 | lr 1.00e-02 | gnorm 0.77 | 16.11B tok | 75K tok/s/gpu | MFU 31% | ETA 7.2h
step 17570/32348 54% [main] | loss 1.468 | lr 1.00e-02 | gnorm 1.13 | 16.12B tok | 77K tok/s/gpu | MFU 32% | ETA 7.0h
step 17580/32348 54% [main] | loss 1.646 | lr 1.00e-02 | gnorm 0.73 | 16.13B tok | 77K tok/s/gpu | MFU 32% | ETA 7.0h
step 17590/32348 54% [main] | loss 1.932 | lr 1.00e-02 | gnorm 0.64 | 16.14B tok | 77K tok/s/gpu | MFU 32% | ETA 7.0h
step 17600/32348 54% [main] | loss 2.140 | lr 1.00e-02 | gnorm 1.06 | 16.15B tok | 74K tok/s/gpu | MFU 31% | ETA 7.2h
step 17610/32348 54% [main] | loss 1.644 | lr 1.00e-02 | gnorm 1.13 | 16.16B tok | 77K tok/s/gpu | MFU 32% | ETA 7.0h
step 17620/32348 54% [main] | loss 1.370 | lr 1.00e-02 | gnorm 0.96 | 16.17B tok | 77K tok/s/gpu | MFU 32% | ETA 7.0h
step 17630/32348 55% [main] | loss 1.670 | lr 1.00e-02 | gnorm 0.97 | 16.18B tok | 77K tok/s/gpu | MFU 32% | ETA 7.0h
step 17640/32348 55% [main] | loss 1.249 | lr 1.00e-02 | gnorm 0.81 | 16.18B tok | 77K tok/s/gpu | MFU 32% | ETA 7.0h
step 17650/32348 55% [main] | loss 1.760 | lr 1.00e-02 | gnorm 0.89 | 16.19B tok | 77K tok/s/gpu | MFU 32% | ETA 7.0h
step 17660/32348 55% [main] | loss 1.965 | lr 1.00e-02 | gnorm 0.81 | 16.20B tok | 77K tok/s/gpu | MFU 32% | ETA 7.0h
step 17670/32348 55% [main] | loss 2.020 | lr 1.00e-02 | gnorm 0.91 | 16.21B tok | 77K tok/s/gpu | MFU 32% | ETA 7.0h
step 17680/32348 55% [main] | loss 1.602 | lr 1.00e-02 | gnorm 0.75 | 16.22B tok | 76K tok/s/gpu | MFU 32% | ETA 7.0h
step 17690/32348 55% [main] | loss 1.986 | lr 1.00e-02 | gnorm 0.79 | 16.23B tok | 77K tok/s/gpu | MFU 32% | ETA 7.0h
step 17700/32348 55% [main] | loss 1.657 | lr 1.00e-02 | gnorm 0.68 | 16.24B tok | 77K tok/s/gpu | MFU 32% | ETA 7.0h
step 17710/32348 55% [main] | loss 1.284 | lr 1.00e-02 | gnorm 0.73 | 16.25B tok | 76K tok/s/gpu | MFU 32% | ETA 7.0h
step 17720/32348 55% [main] | loss 1.114 | lr 1.00e-02 | gnorm 0.80 | 16.26B tok | 77K tok/s/gpu | MFU 32% | ETA 6.9h
step 17730/32348 55% [main] | loss 1.710 | lr 1.00e-02 | gnorm 1.12 | 16.27B tok | 77K tok/s/gpu | MFU 32% | ETA 7.0h
step 17740/32348 55% [main] | loss 1.715 | lr 1.00e-02 | gnorm 0.99 | 16.28B tok | 77K tok/s/gpu | MFU 32% | ETA 6.9h
step 17750/32348 55% [main] | loss 1.184 | lr 1.00e-02 | gnorm 0.82 | 16.29B tok | 77K tok/s/gpu | MFU 32% | ETA 6.9h
step 17760/32348 55% [main] | loss 1.964 | lr 1.00e-02 | gnorm 0.80 | 16.29B tok | 77K tok/s/gpu | MFU 32% | ETA 6.9h
step 17770/32348 55% [main] | loss 1.905 | lr 1.00e-02 | gnorm 0.87 | 16.30B tok | 77K tok/s/gpu | MFU 32% | ETA 6.9h
step 17780/32348 55% [main] | loss 1.498 | lr 1.00e-02 | gnorm 0.88 | 16.31B tok | 77K tok/s/gpu | MFU 32% | ETA 6.9h
step 17790/32348 55% [main] | loss 1.915 | lr 1.00e-02 | gnorm 0.84 | 16.32B tok | 77K tok/s/gpu | MFU 32% | ETA 6.9h
step 17800/32348 55% [main] | loss 2.383 | lr 1.00e-02 | gnorm 0.85 | 16.33B tok | 74K tok/s/gpu | MFU 31% | ETA 7.1h
step 17810/32348 55% [main] | loss 2.073 | lr 1.00e-02 | gnorm 1.12 | 16.34B tok | 76K tok/s/gpu | MFU 32% | ETA 6.9h
step 17820/32348 55% [main] | loss 1.506 | lr 1.00e-02 | gnorm 0.77 | 16.35B tok | 77K tok/s/gpu | MFU 32% | ETA 6.9h
step 17830/32348 55% [main] | loss 1.740 | lr 1.00e-02 | gnorm 0.89 | 16.36B tok | 76K tok/s/gpu | MFU 32% | ETA 6.9h
step 17840/32348 55% [main] | loss 2.359 | lr 1.00e-02 | gnorm 1.09 | 16.37B tok | 77K tok/s/gpu | MFU 32% | ETA 6.9h
step 17850/32348 55% [main] | loss 1.257 | lr 1.00e-02 | gnorm 0.68 | 16.38B tok | 77K tok/s/gpu | MFU 32% | ETA 6.9h
step 17860/32348 55% [main] | loss 1.832 | lr 1.00e-02 | gnorm 0.94 | 16.39B tok | 77K tok/s/gpu | MFU 32% | ETA 6.9h
step 17870/32348 55% [main] | loss 1.799 | lr 1.00e-02 | gnorm 0.83 | 16.40B tok | 77K tok/s/gpu | MFU 32% | ETA 6.9h
step 17880/32348 55% [main] | loss 1.400 | lr 1.00e-02 | gnorm 0.75 | 16.40B tok | 77K tok/s/gpu | MFU 32% | ETA 6.9h
step 17890/32348 55% [main] | loss 2.119 | lr 1.00e-02 | gnorm 0.82 | 16.41B tok | 74K tok/s/gpu | MFU 31% | ETA 7.1h
step 17900/32348 55% [main] | loss 1.916 | lr 1.00e-02 | gnorm 0.95 | 16.42B tok | 77K tok/s/gpu | MFU 32% | ETA 6.9h
step 17910/32348 55% [main] | loss 1.846 | lr 1.00e-02 | gnorm 0.87 | 16.43B tok | 77K tok/s/gpu | MFU 32% | ETA 6.9h
step 17920/32348 55% [main] | loss 1.376 | lr 1.00e-02 | gnorm 0.91 | 16.44B tok | 76K tok/s/gpu | MFU 32% | ETA 6.9h
step 17930/32348 55% [main] | loss 2.039 | lr 1.00e-02 | gnorm 0.88 | 16.45B tok | 77K tok/s/gpu | MFU 32% | ETA 6.8h
step 17940/32348 55% [main] | loss 2.005 | lr 1.00e-02 | gnorm 0.87 | 16.46B tok | 76K tok/s/gpu | MFU 32% | ETA 6.9h
step 17950/32348 55% [main] | loss 1.777 | lr 1.00e-02 | gnorm 0.94 | 16.47B tok | 77K tok/s/gpu | MFU 32% | ETA 6.8h
step 17960/32348 56% [main] | loss 1.374 | lr 1.00e-02 | gnorm 0.73 | 16.48B tok | 77K tok/s/gpu | MFU 32% | ETA 6.8h
step 17970/32348 56% [main] | loss 1.269 | lr 1.00e-02 | gnorm 0.73 | 16.49B tok | 77K tok/s/gpu | MFU 32% | ETA 6.8h
step 17980/32348 56% [main] | loss 1.427 | lr 1.00e-02 | gnorm 0.79 | 16.50B tok | 77K tok/s/gpu | MFU 32% | ETA 6.8h
step 17990/32348 56% [main] | loss 1.544 | lr 1.00e-02 | gnorm 0.87 | 16.51B tok | 77K tok/s/gpu | MFU 32% | ETA 6.8h
step 18000/32348 val 2.121
step 18000/32348 56% [main] | loss 1.423 | lr 1.00e-02 | gnorm 0.72 | 16.52B tok | 51K tok/s/gpu | MFU 21% | ETA 10.3h
step 18010/32348 56% [main] | loss 2.215 | lr 1.00e-02 | gnorm 1.39 | 16.52B tok | 77K tok/s/gpu | MFU 32% | ETA 6.8h
step 18020/32348 56% [main] | loss 1.673 | lr 1.00e-02 | gnorm 0.71 | 16.53B tok | 77K tok/s/gpu | MFU 32% | ETA 6.8h
step 18030/32348 56% [main] | loss 1.883 | lr 1.00e-02 | gnorm 0.80 | 16.54B tok | 77K tok/s/gpu | MFU 32% | ETA 6.8h
step 18040/32348 56% [main] | loss 1.744 | lr 1.00e-02 | gnorm 0.82 | 16.55B tok | 77K tok/s/gpu | MFU 32% | ETA 6.8h
step 18050/32348 56% [main] | loss 1.375 | lr 1.00e-02 | gnorm 0.76 | 16.56B tok | 77K tok/s/gpu | MFU 32% | ETA 6.8h
step 18060/32348 56% [main] | loss 1.270 | lr 1.00e-02 | gnorm 0.91 | 16.57B tok | 77K tok/s/gpu | MFU 32% | ETA 6.8h
step 18070/32348 56% [main] | loss 1.559 | lr 1.00e-02 | gnorm 1.15 | 16.58B tok | 77K tok/s/gpu | MFU 32% | ETA 6.8h
step 18080/32348 56% [main] | loss 1.595 | lr 1.00e-02 | gnorm 1.00 | 16.59B tok | 77K tok/s/gpu | MFU 32% | ETA 6.8h
step 18090/32348 56% [main] | loss 2.149 | lr 1.00e-02 | gnorm 0.99 | 16.60B tok | 77K tok/s/gpu | MFU 32% | ETA 6.8h
step 18100/32348 56% [main] | loss 1.147 | lr 1.00e-02 | gnorm 0.75 | 16.61B tok | 77K tok/s/gpu | MFU 32% | ETA 6.8h
step 18110/32348 56% [main] | loss 1.738 | lr 1.00e-02 | gnorm 0.89 | 16.62B tok | 77K tok/s/gpu | MFU 32% | ETA 6.8h
step 18120/32348 56% [main] | loss 1.604 | lr 1.00e-02 | gnorm 0.84 | 16.63B tok | 77K tok/s/gpu | MFU 32% | ETA 6.8h
step 18130/32348 56% [main] | loss 1.771 | lr 1.00e-02 | gnorm 0.84 | 16.63B tok | 77K tok/s/gpu | MFU 32% | ETA 6.7h
step 18140/32348 56% [main] | loss 2.232 | lr 1.00e-02 | gnorm 0.89 | 16.64B tok | 77K tok/s/gpu | MFU 32% | ETA 6.7h
step 18150/32348 56% [main] | loss 2.188 | lr 1.00e-02 | gnorm 0.73 | 16.65B tok | 77K tok/s/gpu | MFU 32% | ETA 6.7h
step 18160/32348 56% [main] | loss 1.665 | lr 1.00e-02 | gnorm 0.96 | 16.66B tok | 77K tok/s/gpu | MFU 32% | ETA 6.7h
step 18170/32348 56% [main] | loss 1.639 | lr 1.00e-02 | gnorm 0.93 | 16.67B tok | 77K tok/s/gpu | MFU 32% | ETA 6.7h
step 18180/32348 56% [main] | loss 1.549 | lr 1.00e-02 | gnorm 0.96 | 16.68B tok | 77K tok/s/gpu | MFU 32% | ETA 6.7h
step 18190/32348 56% [main] | loss 1.555 | lr 1.00e-02 | gnorm 0.76 | 16.69B tok | 77K tok/s/gpu | MFU 32% | ETA 6.7h
step 18200/32348 56% [main] | loss 1.769 | lr 1.00e-02 | gnorm 0.91 | 16.70B tok | 74K tok/s/gpu | MFU 31% | ETA 6.9h
step 18210/32348 56% [main] | loss 1.947 | lr 1.00e-02 | gnorm 0.79 | 16.71B tok | 77K tok/s/gpu | MFU 32% | ETA 6.7h
step 18220/32348 56% [main] | loss 1.574 | lr 1.00e-02 | gnorm 0.79 | 16.72B tok | 77K tok/s/gpu | MFU 32% | ETA 6.7h
step 18230/32348 56% [main] | loss 1.832 | lr 1.00e-02 | gnorm 0.67 | 16.73B tok | 77K tok/s/gpu | MFU 32% | ETA 6.7h
step 18240/32348 56% [main] | loss 2.034 | lr 1.00e-02 | gnorm 0.88 | 16.74B tok | 77K tok/s/gpu | MFU 32% | ETA 6.7h
step 18250/32348 56% [main] | loss 1.668 | lr 1.00e-02 | gnorm 0.88 | 16.74B tok | 77K tok/s/gpu | MFU 32% | ETA 6.7h
step 18260/32348 56% [main] | loss 2.136 | lr 1.00e-02 | gnorm 0.84 | 16.75B tok | 77K tok/s/gpu | MFU 32% | ETA 6.7h
step 18270/32348 56% [main] | loss 1.993 | lr 1.00e-02 | gnorm 0.77 | 16.76B tok | 77K tok/s/gpu | MFU 32% | ETA 6.7h
step 18280/32348 57% [main] | loss 1.805 | lr 1.00e-02 | gnorm 0.72 | 16.77B tok | 77K tok/s/gpu | MFU 32% | ETA 6.7h
step 18290/32348 57% [main] | loss 2.120 | lr 1.00e-02 | gnorm 0.90 | 16.78B tok | 77K tok/s/gpu | MFU 32% | ETA 6.7h
step 18300/32348 57% [main] | loss 1.882 | lr 1.00e-02 | gnorm 1.00 | 16.79B tok | 75K tok/s/gpu | MFU 31% | ETA 6.9h
step 18310/32348 57% [main] | loss 2.154 | lr 1.00e-02 | gnorm 1.24 | 16.80B tok | 77K tok/s/gpu | MFU 32% | ETA 6.7h
step 18320/32348 57% [main] | loss 2.105 | lr 1.00e-02 | gnorm 0.94 | 16.81B tok | 77K tok/s/gpu | MFU 32% | ETA 6.7h
step 18330/32348 57% [main] | loss 2.140 | lr 1.00e-02 | gnorm 1.01 | 16.82B tok | 75K tok/s/gpu | MFU 31% | ETA 6.8h
step 18340/32348 57% [main] | loss 1.492 | lr 1.00e-02 | gnorm 0.78 | 16.83B tok | 77K tok/s/gpu | MFU 32% | ETA 6.6h
step 18350/32348 57% [main] | loss 1.798 | lr 1.00e-02 | gnorm 0.85 | 16.84B tok | 77K tok/s/gpu | MFU 32% | ETA 6.6h
step 18360/32348 57% [main] | loss 1.737 | lr 1.00e-02 | gnorm 0.78 | 16.85B tok | 77K tok/s/gpu | MFU 32% | ETA 6.6h
step 18370/32348 57% [main] | loss 1.756 | lr 1.00e-02 | gnorm 0.92 | 16.85B tok | 77K tok/s/gpu | MFU 32% | ETA 6.6h
step 18380/32348 57% [main] | loss 2.025 | lr 1.00e-02 | gnorm 0.86 | 16.86B tok | 77K tok/s/gpu | MFU 32% | ETA 6.6h
step 18390/32348 57% [main] | loss 1.769 | lr 1.00e-02 | gnorm 0.85 | 16.87B tok | 77K tok/s/gpu | MFU 32% | ETA 6.6h
step 18400/32348 57% [main] | loss 1.266 | lr 1.00e-02 | gnorm 0.86 | 16.88B tok | 74K tok/s/gpu | MFU 31% | ETA 6.8h
step 18410/32348 57% [main] | loss 1.377 | lr 1.00e-02 | gnorm 1.11 | 16.89B tok | 77K tok/s/gpu | MFU 32% | ETA 6.6h
step 18420/32348 57% [main] | loss 1.962 | lr 1.00e-02 | gnorm 0.77 | 16.90B tok | 77K tok/s/gpu | MFU 32% | ETA 6.6h
step 18430/32348 57% [main] | loss 1.517 | lr 1.00e-02 | gnorm 0.93 | 16.91B tok | 77K tok/s/gpu | MFU 32% | ETA 6.6h
step 18440/32348 57% [main] | loss 1.729 | lr 1.00e-02 | gnorm 0.76 | 16.92B tok | 77K tok/s/gpu | MFU 32% | ETA 6.6h
step 18450/32348 57% [main] | loss 1.781 | lr 1.00e-02 | gnorm 1.13 | 16.93B tok | 77K tok/s/gpu | MFU 32% | ETA 6.6h
step 18460/32348 57% [main] | loss 1.729 | lr 1.00e-02 | gnorm 0.92 | 16.94B tok | 77K tok/s/gpu | MFU 32% | ETA 6.6h
step 18470/32348 57% [main] | loss 2.042 | lr 1.00e-02 | gnorm 0.97 | 16.95B tok | 77K tok/s/gpu | MFU 32% | ETA 6.6h
step 18480/32348 57% [main] | loss 1.673 | lr 1.00e-02 | gnorm 0.81 | 16.96B tok | 77K tok/s/gpu | MFU 32% | ETA 6.6h
step 18490/32348 57% [main] | loss 1.703 | lr 1.00e-02 | gnorm 0.89 | 16.96B tok | 77K tok/s/gpu | MFU 32% | ETA 6.6h
step 18500/32348 val 2.124
step 18500/32348 57% [main] | loss 2.076 | lr 1.00e-02 | gnorm 0.85 | 16.97B tok | 53K tok/s/gpu | MFU 22% | ETA 9.6h
step 18510/32348 57% [main] | loss 1.758 | lr 1.00e-02 | gnorm 0.72 | 16.98B tok | 75K tok/s/gpu | MFU 32% | ETA 6.7h
step 18520/32348 57% [main] | loss 1.540 | lr 1.00e-02 | gnorm 0.86 | 16.99B tok | 77K tok/s/gpu | MFU 32% | ETA 6.6h
step 18530/32348 57% [main] | loss 1.424 | lr 1.00e-02 | gnorm 0.84 | 17.00B tok | 77K tok/s/gpu | MFU 32% | ETA 6.6h
step 18540/32348 57% [main] | loss 1.930 | lr 1.00e-02 | gnorm 0.87 | 17.01B tok | 77K tok/s/gpu | MFU 32% | ETA 6.6h
step 18550/32348 57% [main] | loss 1.466 | lr 1.00e-02 | gnorm 0.64 | 17.02B tok | 77K tok/s/gpu | MFU 32% | ETA 6.6h
step 18560/32348 57% [main] | loss 1.783 | lr 1.00e-02 | gnorm 0.93 | 17.03B tok | 77K tok/s/gpu | MFU 32% | ETA 6.5h
step 18570/32348 57% [main] | loss 1.734 | lr 1.00e-02 | gnorm 0.88 | 17.04B tok | 77K tok/s/gpu | MFU 32% | ETA 6.5h
step 18580/32348 57% [main] | loss 1.813 | lr 1.00e-02 | gnorm 1.11 | 17.05B tok | 77K tok/s/gpu | MFU 32% | ETA 6.5h
step 18590/32348 57% [main] | loss 1.993 | lr 1.00e-02 | gnorm 0.92 | 17.06B tok | 77K tok/s/gpu | MFU 32% | ETA 6.5h
step 18600/32348 57% [main] | loss 1.601 | lr 1.00e-02 | gnorm 0.82 | 17.07B tok | 74K tok/s/gpu | MFU 31% | ETA 6.7h
step 18610/32348 58% [main] | loss 1.705 | lr 1.00e-02 | gnorm 1.46 | 17.07B tok | 77K tok/s/gpu | MFU 32% | ETA 6.5h
step 18620/32348 58% [main] | loss 1.772 | lr 1.00e-02 | gnorm 1.14 | 17.08B tok | 77K tok/s/gpu | MFU 32% | ETA 6.5h
step 18630/32348 58% [main] | loss 2.079 | lr 1.00e-02 | gnorm 0.80 | 17.09B tok | 77K tok/s/gpu | MFU 32% | ETA 6.5h
step 18640/32348 58% [main] | loss 1.895 | lr 1.00e-02 | gnorm 0.90 | 17.10B tok | 77K tok/s/gpu | MFU 32% | ETA 6.5h
step 18650/32348 58% [main] | loss 1.732 | lr 1.00e-02 | gnorm 0.94 | 17.11B tok | 77K tok/s/gpu | MFU 32% | ETA 6.5h
step 18660/32348 58% [main] | loss 1.837 | lr 1.00e-02 | gnorm 0.88 | 17.12B tok | 77K tok/s/gpu | MFU 32% | ETA 6.5h
step 18670/32348 58% [main] | loss 2.177 | lr 1.00e-02 | gnorm 0.84 | 17.13B tok | 77K tok/s/gpu | MFU 32% | ETA 6.5h
step 18680/32348 58% [main] | loss 1.568 | lr 1.00e-02 | gnorm 1.09 | 17.14B tok | 77K tok/s/gpu | MFU 32% | ETA 6.5h
step 18690/32348 58% [main] | loss 1.720 | lr 1.00e-02 | gnorm 0.80 | 17.15B tok | 77K tok/s/gpu | MFU 32% | ETA 6.5h
step 18700/32348 58% [main] | loss 1.455 | lr 1.00e-02 | gnorm 0.79 | 17.16B tok | 74K tok/s/gpu | MFU 31% | ETA 6.7h
step 18710/32348 58% [main] | loss 1.768 | lr 1.00e-02 | gnorm 0.79 | 17.17B tok | 77K tok/s/gpu | MFU 32% | ETA 6.5h
step 18720/32348 58% [main] | loss 2.074 | lr 1.00e-02 | gnorm 0.72 | 17.18B tok | 77K tok/s/gpu | MFU 32% | ETA 6.5h
step 18730/32348 58% [main] | loss 1.616 | lr 1.00e-02 | gnorm 0.97 | 17.18B tok | 77K tok/s/gpu | MFU 32% | ETA 6.5h
step 18740/32348 58% [main] | loss 1.728 | lr 1.00e-02 | gnorm 0.98 | 17.19B tok | 77K tok/s/gpu | MFU 32% | ETA 6.5h
step 18750/32348 58% [main] | loss 1.861 | lr 1.00e-02 | gnorm 0.89 | 17.20B tok | 77K tok/s/gpu | MFU 32% | ETA 6.5h
step 18760/32348 58% [main] | loss 1.987 | lr 1.00e-02 | gnorm 0.78 | 17.21B tok | 77K tok/s/gpu | MFU 32% | ETA 6.4h
step 18770/32348 58% [main] | loss 2.014 | lr 1.00e-02 | gnorm 0.96 | 17.22B tok | 77K tok/s/gpu | MFU 32% | ETA 6.5h
step 18780/32348 58% [main] | loss 1.814 | lr 1.00e-02 | gnorm 1.02 | 17.23B tok | 77K tok/s/gpu | MFU 32% | ETA 6.4h
step 18790/32348 58% [main] | loss 1.615 | lr 1.00e-02 | gnorm 0.75 | 17.24B tok | 77K tok/s/gpu | MFU 32% | ETA 6.4h
step 18800/32348 58% [main] | loss 1.410 | lr 1.00e-02 | gnorm 0.79 | 17.25B tok | 75K tok/s/gpu | MFU 31% | ETA 6.6h
step 18810/32348 58% [main] | loss 1.910 | lr 1.00e-02 | gnorm 0.83 | 17.26B tok | 77K tok/s/gpu | MFU 32% | ETA 6.4h
step 18820/32348 58% [main] | loss 1.139 | lr 1.00e-02 | gnorm 0.75 | 17.27B tok | 77K tok/s/gpu | MFU 32% | ETA 6.4h
step 18830/32348 58% [main] | loss 1.854 | lr 1.00e-02 | gnorm 0.80 | 17.28B tok | 77K tok/s/gpu | MFU 32% | ETA 6.4h
step 18840/32348 58% [main] | loss 1.644 | lr 1.00e-02 | gnorm 0.81 | 17.29B tok | 77K tok/s/gpu | MFU 32% | ETA 6.4h
step 18850/32348 58% [main] | loss 1.912 | lr 1.00e-02 | gnorm 1.18 | 17.29B tok | 77K tok/s/gpu | MFU 32% | ETA 6.4h
step 18860/32348 58% [main] | loss 1.878 | lr 1.00e-02 | gnorm 1.12 | 17.30B tok | 77K tok/s/gpu | MFU 32% | ETA 6.4h
step 18870/32348 58% [main] | loss 1.430 | lr 1.00e-02 | gnorm 1.04 | 17.31B tok | 77K tok/s/gpu | MFU 32% | ETA 6.4h
step 18880/32348 58% [main] | loss 1.903 | lr 1.00e-02 | gnorm 0.86 | 17.32B tok | 77K tok/s/gpu | MFU 32% | ETA 6.4h
step 18890/32348 58% [main] | loss 1.803 | lr 1.00e-02 | gnorm 1.15 | 17.33B tok | 77K tok/s/gpu | MFU 32% | ETA 6.4h
step 18900/32348 58% [main] | loss 1.960 | lr 1.00e-02 | gnorm 0.77 | 17.34B tok | 77K tok/s/gpu | MFU 32% | ETA 6.4h
step 18910/32348 58% [main] | loss 1.995 | lr 1.00e-02 | gnorm 0.70 | 17.35B tok | 77K tok/s/gpu | MFU 32% | ETA 6.4h
step 18920/32348 58% [main] | loss 2.039 | lr 1.00e-02 | gnorm 0.85 | 17.36B tok | 77K tok/s/gpu | MFU 32% | ETA 6.4h
step 18930/32348 59% [main] | loss 1.957 | lr 1.00e-02 | gnorm 0.79 | 17.37B tok | 77K tok/s/gpu | MFU 32% | ETA 6.4h
step 18940/32348 59% [main] | loss 1.669 | lr 1.00e-02 | gnorm 0.85 | 17.38B tok | 77K tok/s/gpu | MFU 32% | ETA 6.4h
step 18950/32348 59% [main] | loss 1.323 | lr 1.00e-02 | gnorm 0.82 | 17.39B tok | 77K tok/s/gpu | MFU 32% | ETA 6.4h
step 18960/32348 59% [main] | loss 1.771 | lr 1.00e-02 | gnorm 0.76 | 17.40B tok | 77K tok/s/gpu | MFU 32% | ETA 6.4h
step 18970/32348 59% [main] | loss 1.482 | lr 1.00e-02 | gnorm 0.72 | 17.41B tok | 77K tok/s/gpu | MFU 32% | ETA 6.4h
step 18980/32348 59% [main] | loss 1.632 | lr 1.00e-02 | gnorm 0.71 | 17.41B tok | 77K tok/s/gpu | MFU 32% | ETA 6.3h
step 18990/32348 59% [main] | loss 2.335 | lr 1.00e-02 | gnorm 0.79 | 17.42B tok | 77K tok/s/gpu | MFU 32% | ETA 6.4h
roller: keeping ckpt_pretrain_30b_s2.pt.step17500 -- pinned
step 19000/32348 val 2.122
step 19000/32348 59% [main] | loss 1.739 | lr 1.00e-02 | gnorm 0.79 | 17.43B tok | 51K tok/s/gpu | MFU 21% | ETA 9.6h
step 19010/32348 59% [main] | loss 2.072 | lr 1.00e-02 | gnorm 0.72 | 17.44B tok | 77K tok/s/gpu | MFU 32% | ETA 6.3h
step 19020/32348 59% [main] | loss 1.330 | lr 1.00e-02 | gnorm 0.75 | 17.45B tok | 77K tok/s/gpu | MFU 32% | ETA 6.3h
step 19030/32348 59% [main] | loss 1.703 | lr 1.00e-02 | gnorm 0.78 | 17.46B tok | 77K tok/s/gpu | MFU 32% | ETA 6.3h
step 19040/32348 59% [main] | loss 1.707 | lr 1.00e-02 | gnorm 0.73 | 17.47B tok | 77K tok/s/gpu | MFU 32% | ETA 6.3h
step 19050/32348 59% [main] | loss 1.739 | lr 1.00e-02 | gnorm 0.83 | 17.48B tok | 77K tok/s/gpu | MFU 32% | ETA 6.3h
step 19060/32348 59% [main] | loss 1.687 | lr 1.00e-02 | gnorm 0.77 | 17.49B tok | 77K tok/s/gpu | MFU 32% | ETA 6.3h
step 19070/32348 59% [main] | loss 1.554 | lr 1.00e-02 | gnorm 0.95 | 17.50B tok | 77K tok/s/gpu | MFU 32% | ETA 6.3h
step 19080/32348 59% [main] | loss 2.098 | lr 1.00e-02 | gnorm 0.96 | 17.51B tok | 76K tok/s/gpu | MFU 32% | ETA 6.3h
step 19090/32348 59% [main] | loss 1.644 | lr 1.00e-02 | gnorm 0.79 | 17.52B tok | 77K tok/s/gpu | MFU 32% | ETA 6.3h
step 19100/32348 59% [main] | loss 1.349 | lr 1.00e-02 | gnorm 0.91 | 17.52B tok | 77K tok/s/gpu | MFU 32% | ETA 6.3h
step 19110/32348 59% [main] | loss 1.774 | lr 1.00e-02 | gnorm 1.40 | 17.53B tok | 74K tok/s/gpu | MFU 31% | ETA 6.5h
step 19120/32348 59% [main] | loss 1.828 | lr 1.00e-02 | gnorm 1.02 | 17.54B tok | 77K tok/s/gpu | MFU 32% | ETA 6.3h
step 19130/32348 59% [main] | loss 1.704 | lr 1.00e-02 | gnorm 0.80 | 17.55B tok | 77K tok/s/gpu | MFU 32% | ETA 6.3h
step 19140/32348 59% [main] | loss 1.546 | lr 1.00e-02 | gnorm 0.73 | 17.56B tok | 77K tok/s/gpu | MFU 32% | ETA 6.3h
step 19150/32348 59% [main] | loss 1.935 | lr 1.00e-02 | gnorm 0.72 | 17.57B tok | 76K tok/s/gpu | MFU 32% | ETA 6.3h
step 19160/32348 59% [main] | loss 1.915 | lr 1.00e-02 | gnorm 0.78 | 17.58B tok | 77K tok/s/gpu | MFU 32% | ETA 6.3h
step 19170/32348 59% [main] | loss 1.606 | lr 1.00e-02 | gnorm 0.99 | 17.59B tok | 77K tok/s/gpu | MFU 32% | ETA 6.3h
step 19180/32348 59% [main] | loss 2.045 | lr 1.00e-02 | gnorm 0.88 | 17.60B tok | 77K tok/s/gpu | MFU 32% | ETA 6.3h
step 19190/32348 59% [main] | loss 2.061 | lr 1.00e-02 | gnorm 1.00 | 17.61B tok | 77K tok/s/gpu | MFU 32% | ETA 6.3h
step 19200/32348 59% [main] | loss 1.919 | lr 1.00e-02 | gnorm 1.18 | 17.62B tok | 74K tok/s/gpu | MFU 31% | ETA 6.4h
step 19210/32348 59% [main] | loss 1.562 | lr 1.00e-02 | gnorm 0.87 | 17.63B tok | 76K tok/s/gpu | MFU 32% | ETA 6.3h
step 19220/32348 59% [main] | loss 1.938 | lr 1.00e-02 | gnorm 1.00 | 17.63B tok | 77K tok/s/gpu | MFU 32% | ETA 6.2h
step 19230/32348 59% [main] | loss 1.975 | lr 1.00e-02 | gnorm 0.84 | 17.64B tok | 77K tok/s/gpu | MFU 32% | ETA 6.2h
step 19240/32348 59% [main] | loss 1.486 | lr 1.00e-02 | gnorm 1.23 | 17.65B tok | 77K tok/s/gpu | MFU 32% | ETA 6.2h
step 19250/32348 60% [main] | loss 1.903 | lr 1.00e-02 | gnorm 0.76 | 17.66B tok | 77K tok/s/gpu | MFU 32% | ETA 6.2h
step 19260/32348 60% [main] | loss 1.635 | lr 1.00e-02 | gnorm 0.92 | 17.67B tok | 77K tok/s/gpu | MFU 32% | ETA 6.2h
step 19270/32348 60% [main] | loss 1.846 | lr 1.00e-02 | gnorm 0.76 | 17.68B tok | 77K tok/s/gpu | MFU 32% | ETA 6.2h
step 19280/32348 60% [main] | loss 1.851 | lr 1.00e-02 | gnorm 0.95 | 17.69B tok | 77K tok/s/gpu | MFU 32% | ETA 6.2h
step 19290/32348 60% [main] | loss 1.380 | lr 1.00e-02 | gnorm 0.74 | 17.70B tok | 75K tok/s/gpu | MFU 31% | ETA 6.3h
step 19300/32348 60% [main] | loss 1.926 | lr 1.00e-02 | gnorm 0.83 | 17.71B tok | 76K tok/s/gpu | MFU 32% | ETA 6.2h
step 19310/32348 60% [main] | loss 1.580 | lr 1.00e-02 | gnorm 0.71 | 17.72B tok | 77K tok/s/gpu | MFU 32% | ETA 6.2h
step 19320/32348 60% [main] | loss 1.906 | lr 1.00e-02 | gnorm 0.80 | 17.73B tok | 77K tok/s/gpu | MFU 32% | ETA 6.2h
step 19330/32348 60% [main] | loss 1.596 | lr 1.00e-02 | gnorm 0.77 | 17.74B tok | 76K tok/s/gpu | MFU 32% | ETA 6.2h
step 19340/32348 60% [main] | loss 1.865 | lr 1.00e-02 | gnorm 1.02 | 17.74B tok | 77K tok/s/gpu | MFU 32% | ETA 6.2h
step 19350/32348 60% [main] | loss 1.805 | lr 1.00e-02 | gnorm 0.76 | 17.75B tok | 77K tok/s/gpu | MFU 32% | ETA 6.2h
step 19360/32348 60% [main] | loss 1.548 | lr 1.00e-02 | gnorm 0.75 | 17.76B tok | 77K tok/s/gpu | MFU 32% | ETA 6.2h
step 19370/32348 60% [main] | loss 1.772 | lr 1.00e-02 | gnorm 0.90 | 17.77B tok | 77K tok/s/gpu | MFU 32% | ETA 6.2h
step 19380/32348 60% [main] | loss 1.799 | lr 1.00e-02 | gnorm 1.11 | 17.78B tok | 77K tok/s/gpu | MFU 32% | ETA 6.2h
step 19390/32348 60% [main] | loss 1.524 | lr 1.00e-02 | gnorm 0.78 | 17.79B tok | 77K tok/s/gpu | MFU 32% | ETA 6.2h
step 19400/32348 60% [main] | loss 1.764 | lr 1.00e-02 | gnorm 0.95 | 17.80B tok | 74K tok/s/gpu | MFU 31% | ETA 6.3h
step 19410/32348 60% [main] | loss 1.365 | lr 1.00e-02 | gnorm 0.98 | 17.81B tok | 77K tok/s/gpu | MFU 32% | ETA 6.1h
step 19420/32348 60% [main] | loss 1.834 | lr 1.00e-02 | gnorm 1.00 | 17.82B tok | 77K tok/s/gpu | MFU 32% | ETA 6.1h
step 19430/32348 60% [main] | loss 1.956 | lr 1.00e-02 | gnorm 1.41 | 17.83B tok | 77K tok/s/gpu | MFU 32% | ETA 6.1h
step 19440/32348 60% [main] | loss 1.872 | lr 1.00e-02 | gnorm 0.81 | 17.84B tok | 77K tok/s/gpu | MFU 32% | ETA 6.1h
step 19450/32348 60% [main] | loss 1.583 | lr 1.00e-02 | gnorm 0.86 | 17.85B tok | 77K tok/s/gpu | MFU 32% | ETA 6.1h
step 19460/32348 60% [main] | loss 2.149 | lr 1.00e-02 | gnorm 0.85 | 17.85B tok | 77K tok/s/gpu | MFU 32% | ETA 6.1h
step 19470/32348 60% [main] | loss 1.489 | lr 1.00e-02 | gnorm 0.82 | 17.86B tok | 77K tok/s/gpu | MFU 32% | ETA 6.1h
step 19480/32348 60% [main] | loss 1.811 | lr 1.00e-02 | gnorm 0.75 | 17.87B tok | 77K tok/s/gpu | MFU 32% | ETA 6.1h
step 19490/32348 60% [main] | loss 1.656 | lr 1.00e-02 | gnorm 0.77 | 17.88B tok | 77K tok/s/gpu | MFU 32% | ETA 6.1h
roller: keeping ckpt_pretrain_30b_s2.pt.step17500 -- pinned
step 19500/32348 val 2.124
step 19500/32348 60% [main] | loss 1.424 | lr 1.00e-02 | gnorm 0.82 | 17.89B tok | 52K tok/s/gpu | MFU 22% | ETA 9.0h
step 19510/32348 60% [main] | loss 1.757 | lr 1.00e-02 | gnorm 0.84 | 17.90B tok | 77K tok/s/gpu | MFU 32% | ETA 6.1h
step 19520/32348 60% [main] | loss 2.077 | lr 1.00e-02 | gnorm 0.77 | 17.91B tok | 74K tok/s/gpu | MFU 31% | ETA 6.3h
step 19530/32348 60% [main] | loss 1.587 | lr 1.00e-02 | gnorm 0.80 | 17.92B tok | 77K tok/s/gpu | MFU 32% | ETA 6.1h
step 19540/32348 60% [main] | loss 1.948 | lr 1.00e-02 | gnorm 0.79 | 17.93B tok | 77K tok/s/gpu | MFU 32% | ETA 6.1h
step 19550/32348 60% [main] | loss 1.690 | lr 1.00e-02 | gnorm 0.93 | 17.94B tok | 77K tok/s/gpu | MFU 32% | ETA 6.1h
step 19560/32348 60% [main] | loss 1.655 | lr 1.00e-02 | gnorm 0.73 | 17.95B tok | 77K tok/s/gpu | MFU 32% | ETA 6.1h
step 19570/32348 60% [main] | loss 1.572 | lr 1.00e-02 | gnorm 0.77 | 17.96B tok | 77K tok/s/gpu | MFU 32% | ETA 6.1h
step 19580/32348 61% [main] | loss 2.029 | lr 1.00e-02 | gnorm 0.78 | 17.96B tok | 77K tok/s/gpu | MFU 32% | ETA 6.1h
step 19590/32348 61% [main] | loss 1.542 | lr 1.00e-02 | gnorm 0.80 | 17.97B tok | 77K tok/s/gpu | MFU 32% | ETA 6.1h
step 19600/32348 61% [main] | loss 1.827 | lr 1.00e-02 | gnorm 0.86 | 17.98B tok | 74K tok/s/gpu | MFU 31% | ETA 6.3h
step 19610/32348 61% [main] | loss 1.643 | lr 1.00e-02 | gnorm 0.71 | 17.99B tok | 77K tok/s/gpu | MFU 32% | ETA 6.1h
step 19620/32348 61% [main] | loss 2.197 | lr 1.00e-02 | gnorm 0.85 | 18.00B tok | 77K tok/s/gpu | MFU 32% | ETA 6.1h
step 19630/32348 61% [main] | loss 1.837 | lr 1.00e-02 | gnorm 0.86 | 18.01B tok | 77K tok/s/gpu | MFU 32% | ETA 6.0h
step 19640/32348 61% [main] | loss 1.734 | lr 1.00e-02 | gnorm 0.88 | 18.02B tok | 76K tok/s/gpu | MFU 32% | ETA 6.1h
step 19650/32348 61% [main] | loss 2.180 | lr 1.00e-02 | gnorm 0.94 | 18.03B tok | 77K tok/s/gpu | MFU 32% | ETA 6.0h
step 19660/32348 61% [main] | loss 1.368 | lr 1.00e-02 | gnorm 0.79 | 18.04B tok | 77K tok/s/gpu | MFU 32% | ETA 6.0h
step 19670/32348 61% [main] | loss 1.980 | lr 1.00e-02 | gnorm 0.82 | 18.05B tok | 77K tok/s/gpu | MFU 32% | ETA 6.0h
step 19680/32348 61% [main] | loss 1.624 | lr 1.00e-02 | gnorm 0.86 | 18.06B tok | 77K tok/s/gpu | MFU 32% | ETA 6.0h
step 19690/32348 61% [main] | loss 1.457 | lr 1.00e-02 | gnorm 0.77 | 18.07B tok | 77K tok/s/gpu | MFU 32% | ETA 6.0h
step 19700/32348 61% [main] | loss 1.947 | lr 1.00e-02 | gnorm 1.23 | 18.07B tok | 77K tok/s/gpu | MFU 32% | ETA 6.0h
step 19710/32348 61% [main] | loss 1.603 | lr 1.00e-02 | gnorm 1.09 | 18.08B tok | 77K tok/s/gpu | MFU 32% | ETA 6.0h
step 19720/32348 61% [main] | loss 1.856 | lr 1.00e-02 | gnorm 1.23 | 18.09B tok | 77K tok/s/gpu | MFU 32% | ETA 6.0h
step 19730/32348 61% [main] | loss 1.932 | lr 1.00e-02 | gnorm 1.03 | 18.10B tok | 77K tok/s/gpu | MFU 32% | ETA 6.0h
step 19740/32348 61% [main] | loss 1.618 | lr 1.00e-02 | gnorm 0.78 | 18.11B tok | 77K tok/s/gpu | MFU 32% | ETA 6.0h
step 19750/32348 61% [main] | loss 1.691 | lr 1.00e-02 | gnorm 1.03 | 18.12B tok | 77K tok/s/gpu | MFU 32% | ETA 6.0h
step 19760/32348 61% [main] | loss 2.240 | lr 1.00e-02 | gnorm 1.10 | 18.13B tok | 77K tok/s/gpu | MFU 32% | ETA 6.0h
step 19770/32348 61% [main] | loss 1.460 | lr 1.00e-02 | gnorm 1.19 | 18.14B tok | 77K tok/s/gpu | MFU 32% | ETA 6.0h
step 19780/32348 61% [main] | loss 1.830 | lr 1.00e-02 | gnorm 0.97 | 18.15B tok | 77K tok/s/gpu | MFU 32% | ETA 6.0h
step 19790/32348 61% [main] | loss 1.654 | lr 1.00e-02 | gnorm 0.98 | 18.16B tok | 76K tok/s/gpu | MFU 32% | ETA 6.0h
step 19800/32348 61% [main] | loss 1.754 | lr 1.00e-02 | gnorm 0.91 | 18.17B tok | 74K tok/s/gpu | MFU 31% | ETA 6.2h
step 19810/32348 61% [main] | loss 2.012 | lr 1.00e-02 | gnorm 0.73 | 18.18B tok | 77K tok/s/gpu | MFU 32% | ETA 6.0h
step 19820/32348 61% [main] | loss 1.649 | lr 1.00e-02 | gnorm 0.76 | 18.18B tok | 77K tok/s/gpu | MFU 32% | ETA 6.0h
step 19830/32348 61% [main] | loss 1.851 | lr 1.00e-02 | gnorm 0.75 | 18.19B tok | 77K tok/s/gpu | MFU 32% | ETA 5.9h
step 19840/32348 61% [main] | loss 1.848 | lr 1.00e-02 | gnorm 0.78 | 18.20B tok | 77K tok/s/gpu | MFU 32% | ETA 5.9h
step 19850/32348 61% [main] | loss 1.858 | lr 1.00e-02 | gnorm 0.78 | 18.21B tok | 77K tok/s/gpu | MFU 32% | ETA 5.9h
step 19860/32348 61% [main] | loss 2.209 | lr 1.00e-02 | gnorm 0.88 | 18.22B tok | 77K tok/s/gpu | MFU 32% | ETA 5.9h
step 19870/32348 61% [main] | loss 1.855 | lr 1.00e-02 | gnorm 0.88 | 18.23B tok | 77K tok/s/gpu | MFU 32% | ETA 5.9h
step 19880/32348 61% [main] | loss 1.815 | lr 1.00e-02 | gnorm 0.84 | 18.24B tok | 77K tok/s/gpu | MFU 32% | ETA 5.9h
step 19890/32348 61% [main] | loss 1.776 | lr 1.00e-02 | gnorm 1.15 | 18.25B tok | 77K tok/s/gpu | MFU 32% | ETA 5.9h
step 19900/32348 62% [main] | loss 1.843 | lr 1.00e-02 | gnorm 0.74 | 18.26B tok | 77K tok/s/gpu | MFU 32% | ETA 5.9h
step 19910/32348 62% [main] | loss 1.934 | lr 1.00e-02 | gnorm 0.79 | 18.27B tok | 77K tok/s/gpu | MFU 32% | ETA 5.9h
step 19920/32348 62% [main] | loss 1.635 | lr 1.00e-02 | gnorm 0.81 | 18.28B tok | 77K tok/s/gpu | MFU 32% | ETA 5.9h
step 19930/32348 62% [main] | loss 2.381 | lr 1.00e-02 | gnorm 0.93 | 18.29B tok | 74K tok/s/gpu | MFU 31% | ETA 6.1h
step 19940/32348 62% [main] | loss 1.661 | lr 1.00e-02 | gnorm 0.77 | 18.30B tok | 77K tok/s/gpu | MFU 32% | ETA 5.9h
step 19950/32348 62% [main] | loss 1.747 | lr 1.00e-02 | gnorm 0.75 | 18.30B tok | 77K tok/s/gpu | MFU 32% | ETA 5.9h
step 19960/32348 62% [main] | loss 1.791 | lr 1.00e-02 | gnorm 0.76 | 18.31B tok | 77K tok/s/gpu | MFU 32% | ETA 5.9h
step 19970/32348 62% [main] | loss 1.824 | lr 1.00e-02 | gnorm 0.72 | 18.32B tok | 77K tok/s/gpu | MFU 32% | ETA 5.9h
step 19980/32348 62% [main] | loss 2.392 | lr 1.00e-02 | gnorm 0.80 | 18.33B tok | 77K tok/s/gpu | MFU 32% | ETA 5.9h
step 19990/32348 62% [main] | loss 2.048 | lr 1.00e-02 | gnorm 0.71 | 18.34B tok | 77K tok/s/gpu | MFU 32% | ETA 5.9h
roller: keeping ckpt_pretrain_30b_s2.pt.step17500 -- pinned
step 20000/32348 val 2.120
step 20000/32348 62% [main] | loss 1.653 | lr 1.00e-02 | gnorm 0.85 | 18.35B tok | 51K tok/s/gpu | MFU 21% | ETA 8.9h
step 20010/32348 62% [main] | loss 1.827 | lr 1.00e-02 | gnorm 0.78 | 18.36B tok | 77K tok/s/gpu | MFU 32% | ETA 5.8h
step 20020/32348 62% [main] | loss 2.315 | lr 1.00e-02 | gnorm 0.79 | 18.37B tok | 77K tok/s/gpu | MFU 32% | ETA 5.9h
step 20030/32348 62% [main] | loss 2.608 | lr 1.00e-02 | gnorm 0.81 | 18.38B tok | 77K tok/s/gpu | MFU 32% | ETA 5.9h
step 20040/32348 62% [main] | loss 1.680 | lr 1.00e-02 | gnorm 0.85 | 18.39B tok | 77K tok/s/gpu | MFU 32% | ETA 5.9h
step 20050/32348 62% [main] | loss 1.798 | lr 1.00e-02 | gnorm 0.74 | 18.40B tok | 77K tok/s/gpu | MFU 32% | ETA 5.8h
step 20060/32348 62% [main] | loss 1.507 | lr 1.00e-02 | gnorm 0.85 | 18.41B tok | 77K tok/s/gpu | MFU 32% | ETA 5.8h
step 20070/32348 62% [main] | loss 2.049 | lr 1.00e-02 | gnorm 0.91 | 18.41B tok | 77K tok/s/gpu | MFU 32% | ETA 5.8h
step 20080/32348 62% [main] | loss 1.755 | lr 1.00e-02 | gnorm 0.73 | 18.42B tok | 77K tok/s/gpu | MFU 32% | ETA 5.8h
step 20090/32348 62% [main] | loss 1.948 | lr 1.00e-02 | gnorm 1.00 | 18.43B tok | 77K tok/s/gpu | MFU 32% | ETA 5.8h
step 20100/32348 62% [main] | loss 1.614 | lr 1.00e-02 | gnorm 0.92 | 18.44B tok | 77K tok/s/gpu | MFU 32% | ETA 5.8h
step 20110/32348 62% [main] | loss 1.635 | lr 1.00e-02 | gnorm 0.80 | 18.45B tok | 77K tok/s/gpu | MFU 32% | ETA 5.8h
step 20120/32348 62% [main] | loss 1.502 | lr 1.00e-02 | gnorm 0.91 | 18.46B tok | 77K tok/s/gpu | MFU 32% | ETA 5.8h
step 20130/32348 62% [main] | loss 1.672 | lr 1.00e-02 | gnorm 0.97 | 18.47B tok | 77K tok/s/gpu | MFU 32% | ETA 5.8h
step 20140/32348 62% [main] | loss 1.233 | lr 1.00e-02 | gnorm 0.74 | 18.48B tok | 77K tok/s/gpu | MFU 32% | ETA 5.8h
step 20150/32348 62% [main] | loss 2.135 | lr 1.00e-02 | gnorm 0.81 | 18.49B tok | 77K tok/s/gpu | MFU 32% | ETA 5.8h
step 20160/32348 62% [main] | loss 2.041 | lr 1.00e-02 | gnorm 0.96 | 18.50B tok | 77K tok/s/gpu | MFU 32% | ETA 5.8h
step 20170/32348 62% [main] | loss 1.991 | lr 1.00e-02 | gnorm 0.78 | 18.51B tok | 77K tok/s/gpu | MFU 32% | ETA 5.8h
step 20180/32348 62% [main] | loss 1.840 | lr 1.00e-02 | gnorm 0.95 | 18.52B tok | 77K tok/s/gpu | MFU 32% | ETA 5.8h
step 20190/32348 62% [main] | loss 1.835 | lr 1.00e-02 | gnorm 0.86 | 18.52B tok | 77K tok/s/gpu | MFU 32% | ETA 5.8h
step 20200/32348 62% [main] | loss 1.741 | lr 1.00e-02 | gnorm 0.96 | 18.53B tok | 74K tok/s/gpu | MFU 31% | ETA 5.9h
step 20210/32348 62% [main] | loss 1.769 | lr 1.00e-02 | gnorm 1.18 | 18.54B tok | 76K tok/s/gpu | MFU 32% | ETA 5.8h
step 20220/32348 63% [main] | loss 2.139 | lr 1.00e-02 | gnorm 1.15 | 18.55B tok | 77K tok/s/gpu | MFU 32% | ETA 5.8h
step 20230/32348 63% [main] | loss 1.753 | lr 1.00e-02 | gnorm 0.76 | 18.56B tok | 77K tok/s/gpu | MFU 32% | ETA 5.8h
step 20240/32348 63% [main] | loss 2.099 | lr 1.00e-02 | gnorm 0.81 | 18.57B tok | 75K tok/s/gpu | MFU 31% | ETA 5.9h
step 20250/32348 63% [main] | loss 1.815 | lr 1.00e-02 | gnorm 0.79 | 18.58B tok | 77K tok/s/gpu | MFU 32% | ETA 5.8h
step 20260/32348 63% [main] | loss 1.907 | lr 1.00e-02 | gnorm 0.88 | 18.59B tok | 77K tok/s/gpu | MFU 32% | ETA 5.7h
step 20270/32348 63% [main] | loss 2.089 | lr 1.00e-02 | gnorm 0.63 | 18.60B tok | 77K tok/s/gpu | MFU 32% | ETA 5.7h
step 20280/32348 63% [main] | loss 1.390 | lr 1.00e-02 | gnorm 0.71 | 18.61B tok | 77K tok/s/gpu | MFU 32% | ETA 5.7h
step 20290/32348 63% [main] | loss 1.856 | lr 1.00e-02 | gnorm 0.70 | 18.62B tok | 77K tok/s/gpu | MFU 32% | ETA 5.7h
step 20300/32348 63% [main] | loss 1.711 | lr 1.00e-02 | gnorm 0.78 | 18.63B tok | 77K tok/s/gpu | MFU 32% | ETA 5.7h
step 20310/32348 63% [main] | loss 2.098 | lr 1.00e-02 | gnorm 0.73 | 18.63B tok | 77K tok/s/gpu | MFU 32% | ETA 5.7h
step 20320/32348 63% [main] | loss 1.513 | lr 1.00e-02 | gnorm 0.76 | 18.64B tok | 77K tok/s/gpu | MFU 32% | ETA 5.7h
step 20330/32348 63% [main] | loss 2.112 | lr 1.00e-02 | gnorm 0.80 | 18.65B tok | 77K tok/s/gpu | MFU 32% | ETA 5.7h
step 20340/32348 63% [main] | loss 1.878 | lr 1.00e-02 | gnorm 0.71 | 18.66B tok | 74K tok/s/gpu | MFU 31% | ETA 5.9h
step 20350/32348 63% [main] | loss 1.933 | lr 1.00e-02 | gnorm 0.79 | 18.67B tok | 76K tok/s/gpu | MFU 32% | ETA 5.7h
step 20360/32348 63% [main] | loss 2.152 | lr 1.00e-02 | gnorm 1.15 | 18.68B tok | 77K tok/s/gpu | MFU 32% | ETA 5.7h
step 20370/32348 63% [main] | loss 1.694 | lr 1.00e-02 | gnorm 0.95 | 18.69B tok | 77K tok/s/gpu | MFU 32% | ETA 5.7h
step 20380/32348 63% [main] | loss 1.906 | lr 1.00e-02 | gnorm 0.86 | 18.70B tok | 77K tok/s/gpu | MFU 32% | ETA 5.7h
step 20390/32348 63% [main] | loss 1.901 | lr 1.00e-02 | gnorm 0.80 | 18.71B tok | 77K tok/s/gpu | MFU 32% | ETA 5.7h
step 20400/32348 63% [main] | loss 1.728 | lr 1.00e-02 | gnorm 0.80 | 18.72B tok | 74K tok/s/gpu | MFU 31% | ETA 5.9h
step 20410/32348 63% [main] | loss 1.588 | lr 1.00e-02 | gnorm 0.83 | 18.73B tok | 77K tok/s/gpu | MFU 32% | ETA 5.7h
step 20420/32348 63% [main] | loss 2.220 | lr 1.00e-02 | gnorm 0.84 | 18.74B tok | 77K tok/s/gpu | MFU 32% | ETA 5.7h
step 20430/32348 63% [main] | loss 1.439 | lr 1.00e-02 | gnorm 1.35 | 18.74B tok | 77K tok/s/gpu | MFU 32% | ETA 5.7h
step 20440/32348 63% [main] | loss 2.008 | lr 1.00e-02 | gnorm 0.82 | 18.75B tok | 77K tok/s/gpu | MFU 32% | ETA 5.7h
step 20450/32348 63% [main] | loss 1.967 | lr 1.00e-02 | gnorm 1.16 | 18.76B tok | 77K tok/s/gpu | MFU 32% | ETA 5.6h
step 20460/32348 63% [main] | loss 1.585 | lr 1.00e-02 | gnorm 0.84 | 18.77B tok | 77K tok/s/gpu | MFU 32% | ETA 5.6h
step 20470/32348 63% [main] | loss 1.729 | lr 1.00e-02 | gnorm 0.74 | 18.78B tok | 77K tok/s/gpu | MFU 32% | ETA 5.7h
step 20480/32348 63% [main] | loss 1.751 | lr 1.00e-02 | gnorm 0.80 | 18.79B tok | 77K tok/s/gpu | MFU 32% | ETA 5.6h
step 20490/32348 63% [main] | loss 1.869 | lr 1.00e-02 | gnorm 0.82 | 18.80B tok | 76K tok/s/gpu | MFU 32% | ETA 5.6h
roller: keeping ckpt_pretrain_30b_s2.pt.step17500 -- pinned
step 20500/32348 val 2.126
step 20500/32348 63% [main] | loss 1.867 | lr 1.00e-02 | gnorm 0.97 | 18.81B tok | 51K tok/s/gpu | MFU 21% | ETA 8.4h
step 20510/32348 63% [main] | loss 1.800 | lr 1.00e-02 | gnorm 0.80 | 18.82B tok | 77K tok/s/gpu | MFU 32% | ETA 5.6h
step 20520/32348 63% [main] | loss 1.982 | lr 1.00e-02 | gnorm 1.12 | 18.83B tok | 77K tok/s/gpu | MFU 32% | ETA 5.6h
step 20530/32348 63% [main] | loss 1.553 | lr 1.00e-02 | gnorm 0.77 | 18.84B tok | 77K tok/s/gpu | MFU 32% | ETA 5.6h
step 20540/32348 63% [main] | loss 1.756 | lr 1.00e-02 | gnorm 1.13 | 18.85B tok | 77K tok/s/gpu | MFU 32% | ETA 5.6h
step 20550/32348 64% [main] | loss 1.937 | lr 1.00e-02 | gnorm 0.73 | 18.85B tok | 77K tok/s/gpu | MFU 32% | ETA 5.6h
step 20560/32348 64% [main] | loss 1.914 | lr 1.00e-02 | gnorm 0.89 | 18.86B tok | 77K tok/s/gpu | MFU 32% | ETA 5.6h
step 20570/32348 64% [main] | loss 1.781 | lr 1.00e-02 | gnorm 1.14 | 18.87B tok | 77K tok/s/gpu | MFU 32% | ETA 5.6h
step 20580/32348 64% [main] | loss 1.833 | lr 1.00e-02 | gnorm 0.78 | 18.88B tok | 77K tok/s/gpu | MFU 32% | ETA 5.6h
step 20590/32348 64% [main] | loss 1.426 | lr 1.00e-02 | gnorm 0.73 | 18.89B tok | 77K tok/s/gpu | MFU 32% | ETA 5.6h
step 20600/32348 64% [main] | loss 2.256 | lr 1.00e-02 | gnorm 0.84 | 18.90B tok | 74K tok/s/gpu | MFU 31% | ETA 5.7h
step 20610/32348 64% [main] | loss 1.238 | lr 1.00e-02 | gnorm 0.73 | 18.91B tok | 76K tok/s/gpu | MFU 32% | ETA 5.6h
step 20620/32348 64% [main] | loss 1.955 | lr 1.00e-02 | gnorm 0.83 | 18.92B tok | 77K tok/s/gpu | MFU 32% | ETA 5.6h
step 20630/32348 64% [main] | loss 1.667 | lr 1.00e-02 | gnorm 0.99 | 18.93B tok | 77K tok/s/gpu | MFU 32% | ETA 5.6h
step 20640/32348 64% [main] | loss 2.042 | lr 1.00e-02 | gnorm 0.87 | 18.94B tok | 77K tok/s/gpu | MFU 32% | ETA 5.6h
step 20650/32348 64% [main] | loss 1.480 | lr 1.00e-02 | gnorm 0.87 | 18.95B tok | 77K tok/s/gpu | MFU 32% | ETA 5.6h
step 20660/32348 64% [main] | loss 1.485 | lr 1.00e-02 | gnorm 0.80 | 18.96B tok | 77K tok/s/gpu | MFU 32% | ETA 5.6h
step 20670/32348 64% [main] | loss 1.982 | lr 1.00e-02 | gnorm 0.90 | 18.96B tok | 77K tok/s/gpu | MFU 32% | ETA 5.6h
step 20680/32348 64% [main] | loss 2.130 | lr 1.00e-02 | gnorm 0.97 | 18.97B tok | 77K tok/s/gpu | MFU 32% | ETA 5.6h
step 20690/32348 64% [main] | loss 1.833 | lr 1.00e-02 | gnorm 0.77 | 18.98B tok | 77K tok/s/gpu | MFU 32% | ETA 5.5h
step 20700/32348 64% [main] | loss 1.832 | lr 1.00e-02 | gnorm 1.39 | 18.99B tok | 77K tok/s/gpu | MFU 32% | ETA 5.5h
step 20710/32348 64% [main] | loss 1.507 | lr 1.00e-02 | gnorm 0.71 | 19.00B tok | 77K tok/s/gpu | MFU 32% | ETA 5.5h
step 20720/32348 64% [main] | loss 1.847 | lr 1.00e-02 | gnorm 0.71 | 19.01B tok | 77K tok/s/gpu | MFU 32% | ETA 5.5h
step 20730/32348 64% [main] | loss 1.672 | lr 1.00e-02 | gnorm 0.75 | 19.02B tok | 77K tok/s/gpu | MFU 32% | ETA 5.5h
step 20740/32348 64% [main] | loss 1.733 | lr 1.00e-02 | gnorm 0.91 | 19.03B tok | 74K tok/s/gpu | MFU 31% | ETA 5.7h
step 20750/32348 64% [main] | loss 1.992 | lr 1.00e-02 | gnorm 0.96 | 19.04B tok | 77K tok/s/gpu | MFU 32% | ETA 5.5h
step 20760/32348 64% [main] | loss 1.825 | lr 1.00e-02 | gnorm 0.79 | 19.05B tok | 77K tok/s/gpu | MFU 32% | ETA 5.5h
step 20770/32348 64% [main] | loss 1.610 | lr 1.00e-02 | gnorm 0.87 | 19.06B tok | 77K tok/s/gpu | MFU 32% | ETA 5.5h
step 20780/32348 64% [main] | loss 1.563 | lr 1.00e-02 | gnorm 0.77 | 19.07B tok | 76K tok/s/gpu | MFU 32% | ETA 5.5h
step 20790/32348 64% [main] | loss 1.294 | lr 1.00e-02 | gnorm 0.69 | 19.07B tok | 77K tok/s/gpu | MFU 32% | ETA 5.5h
step 20800/32348 64% [main] | loss 1.786 | lr 1.00e-02 | gnorm 0.85 | 19.08B tok | 74K tok/s/gpu | MFU 31% | ETA 5.6h
step 20810/32348 64% [main] | loss 1.998 | lr 1.00e-02 | gnorm 0.82 | 19.09B tok | 77K tok/s/gpu | MFU 32% | ETA 5.5h
step 20820/32348 64% [main] | loss 1.954 | lr 1.00e-02 | gnorm 0.78 | 19.10B tok | 77K tok/s/gpu | MFU 32% | ETA 5.5h
step 20830/32348 64% [main] | loss 1.704 | lr 1.00e-02 | gnorm 0.78 | 19.11B tok | 77K tok/s/gpu | MFU 32% | ETA 5.5h
step 20840/32348 64% [main] | loss 1.885 | lr 1.00e-02 | gnorm 0.87 | 19.12B tok | 77K tok/s/gpu | MFU 32% | ETA 5.5h
step 20850/32348 64% [main] | loss 1.821 | lr 1.00e-02 | gnorm 0.77 | 19.13B tok | 77K tok/s/gpu | MFU 32% | ETA 5.5h
step 20860/32348 64% [main] | loss 1.392 | lr 1.00e-02 | gnorm 0.97 | 19.14B tok | 77K tok/s/gpu | MFU 32% | ETA 5.5h
step 20870/32348 65% [main] | loss 2.019 | lr 1.00e-02 | gnorm 0.76 | 19.15B tok | 77K tok/s/gpu | MFU 32% | ETA 5.5h
step 20880/32348 65% [main] | loss 1.640 | lr 1.00e-02 | gnorm 0.61 | 19.16B tok | 77K tok/s/gpu | MFU 32% | ETA 5.5h
step 20890/32348 65% [main] | loss 2.159 | lr 1.00e-02 | gnorm 0.75 | 19.17B tok | 77K tok/s/gpu | MFU 32% | ETA 5.4h
step 20900/32348 65% [main] | loss 2.115 | lr 1.00e-02 | gnorm 0.81 | 19.18B tok | 77K tok/s/gpu | MFU 32% | ETA 5.4h
step 20910/32348 65% [main] | loss 1.462 | lr 1.00e-02 | gnorm 0.83 | 19.19B tok | 77K tok/s/gpu | MFU 32% | ETA 5.4h
step 20920/32348 65% [main] | loss 1.699 | lr 1.00e-02 | gnorm 0.74 | 19.19B tok | 77K tok/s/gpu | MFU 32% | ETA 5.4h
step 20930/32348 65% [main] | loss 1.622 | lr 1.00e-02 | gnorm 1.63 | 19.20B tok | 77K tok/s/gpu | MFU 32% | ETA 5.4h
step 20940/32348 65% [main] | loss 2.069 | lr 1.00e-02 | gnorm 0.78 | 19.21B tok | 77K tok/s/gpu | MFU 32% | ETA 5.4h
step 20950/32348 65% [main] | loss 1.792 | lr 1.00e-02 | gnorm 0.74 | 19.22B tok | 77K tok/s/gpu | MFU 32% | ETA 5.4h
step 20960/32348 65% [main] | loss 1.759 | lr 1.00e-02 | gnorm 0.81 | 19.23B tok | 77K tok/s/gpu | MFU 32% | ETA 5.4h
step 20970/32348 65% [main] | loss 2.130 | lr 1.00e-02 | gnorm 0.68 | 19.24B tok | 77K tok/s/gpu | MFU 32% | ETA 5.4h
step 20980/32348 65% [main] | loss 1.363 | lr 1.00e-02 | gnorm 1.13 | 19.25B tok | 77K tok/s/gpu | MFU 32% | ETA 5.4h
step 20990/32348 65% [main] | loss 1.832 | lr 1.00e-02 | gnorm 1.27 | 19.26B tok | 77K tok/s/gpu | MFU 32% | ETA 5.4h
roller: keeping ckpt_pretrain_30b_s2.pt.step17500 -- pinned
step 21000/32348 val 2.115
step 21000/32348 65% [main] | loss 1.681 | lr 1.00e-02 | gnorm 0.86 | 19.27B tok | 51K tok/s/gpu | MFU 21% | ETA 8.2h
step 21010/32348 65% [main] | loss 1.855 | lr 1.00e-02 | gnorm 0.81 | 19.28B tok | 77K tok/s/gpu | MFU 32% | ETA 5.4h
step 21020/32348 65% [main] | loss 1.652 | lr 1.00e-02 | gnorm 0.86 | 19.29B tok | 77K tok/s/gpu | MFU 32% | ETA 5.4h
step 21030/32348 65% [main] | loss 2.077 | lr 1.00e-02 | gnorm 0.89 | 19.30B tok | 77K tok/s/gpu | MFU 32% | ETA 5.4h
step 21040/32348 65% [main] | loss 2.006 | lr 1.00e-02 | gnorm 0.87 | 19.30B tok | 77K tok/s/gpu | MFU 32% | ETA 5.4h
step 21050/32348 65% [main] | loss 1.664 | lr 1.00e-02 | gnorm 0.75 | 19.31B tok | 76K tok/s/gpu | MFU 32% | ETA 5.4h
step 21060/32348 65% [main] | loss 1.754 | lr 1.00e-02 | gnorm 0.71 | 19.32B tok | 77K tok/s/gpu | MFU 32% | ETA 5.4h
step 21070/32348 65% [main] | loss 1.946 | lr 1.00e-02 | gnorm 0.78 | 19.33B tok | 76K tok/s/gpu | MFU 32% | ETA 5.4h
step 21080/32348 65% [main] | loss 1.945 | lr 1.00e-02 | gnorm 0.73 | 19.34B tok | 77K tok/s/gpu | MFU 32% | ETA 5.4h
step 21090/32348 65% [main] | loss 1.966 | lr 1.00e-02 | gnorm 0.90 | 19.35B tok | 76K tok/s/gpu | MFU 32% | ETA 5.4h
step 21100/32348 65% [main] | loss 1.617 | lr 1.00e-02 | gnorm 1.14 | 19.36B tok | 76K tok/s/gpu | MFU 32% | ETA 5.4h
step 21110/32348 65% [main] | loss 2.048 | lr 1.00e-02 | gnorm 0.88 | 19.37B tok | 77K tok/s/gpu | MFU 32% | ETA 5.3h
step 21120/32348 65% [main] | loss 1.629 | lr 1.00e-02 | gnorm 1.11 | 19.38B tok | 76K tok/s/gpu | MFU 32% | ETA 5.3h
step 21130/32348 65% [main] | loss 1.619 | lr 1.00e-02 | gnorm 0.74 | 19.39B tok | 77K tok/s/gpu | MFU 32% | ETA 5.3h
step 21140/32348 65% [main] | loss 1.495 | lr 1.00e-02 | gnorm 0.81 | 19.40B tok | 77K tok/s/gpu | MFU 32% | ETA 5.3h
step 21150/32348 65% [main] | loss 1.753 | lr 1.00e-02 | gnorm 0.83 | 19.41B tok | 74K tok/s/gpu | MFU 31% | ETA 5.5h
step 21160/32348 65% [main] | loss 1.973 | lr 1.00e-02 | gnorm 0.88 | 19.41B tok | 77K tok/s/gpu | MFU 32% | ETA 5.3h
step 21170/32348 65% [main] | loss 1.363 | lr 1.00e-02 | gnorm 0.86 | 19.42B tok | 77K tok/s/gpu | MFU 32% | ETA 5.3h
step 21180/32348 65% [main] | loss 1.616 | lr 1.00e-02 | gnorm 0.88 | 19.43B tok | 75K tok/s/gpu | MFU 31% | ETA 5.4h
step 21190/32348 66% [main] | loss 1.404 | lr 1.00e-02 | gnorm 0.79 | 19.44B tok | 77K tok/s/gpu | MFU 32% | ETA 5.3h
step 21200/32348 66% [main] | loss 1.999 | lr 1.00e-02 | gnorm 0.88 | 19.45B tok | 75K tok/s/gpu | MFU 31% | ETA 5.4h
step 21210/32348 66% [main] | loss 1.880 | lr 1.00e-02 | gnorm 0.73 | 19.46B tok | 76K tok/s/gpu | MFU 32% | ETA 5.3h
step 21220/32348 66% [main] | loss 1.953 | lr 1.00e-02 | gnorm 0.70 | 19.47B tok | 77K tok/s/gpu | MFU 32% | ETA 5.3h
step 21230/32348 66% [main] | loss 1.614 | lr 1.00e-02 | gnorm 0.81 | 19.48B tok | 77K tok/s/gpu | MFU 32% | ETA 5.3h
step 21240/32348 66% [main] | loss 1.806 | lr 1.00e-02 | gnorm 0.80 | 19.49B tok | 77K tok/s/gpu | MFU 32% | ETA 5.3h
step 21250/32348 66% [main] | loss 1.318 | lr 1.00e-02 | gnorm 0.87 | 19.50B tok | 77K tok/s/gpu | MFU 32% | ETA 5.3h
step 21260/32348 66% [main] | loss 1.763 | lr 1.00e-02 | gnorm 0.97 | 19.51B tok | 77K tok/s/gpu | MFU 32% | ETA 5.3h
step 21270/32348 66% [main] | loss 2.401 | lr 1.00e-02 | gnorm 0.86 | 19.52B tok | 77K tok/s/gpu | MFU 32% | ETA 5.3h
step 21280/32348 66% [main] | loss 1.813 | lr 1.00e-02 | gnorm 0.90 | 19.52B tok | 77K tok/s/gpu | MFU 32% | ETA 5.3h
step 21290/32348 66% [main] | loss 1.393 | lr 1.00e-02 | gnorm 0.98 | 19.53B tok | 77K tok/s/gpu | MFU 32% | ETA 5.3h
step 21300/32348 66% [main] | loss 1.602 | lr 1.00e-02 | gnorm 0.82 | 19.54B tok | 77K tok/s/gpu | MFU 32% | ETA 5.2h
step 21310/32348 66% [main] | loss 1.529 | lr 1.00e-02 | gnorm 0.80 | 19.55B tok | 77K tok/s/gpu | MFU 32% | ETA 5.2h
step 21320/32348 66% [main] | loss 1.831 | lr 1.00e-02 | gnorm 0.75 | 19.56B tok | 77K tok/s/gpu | MFU 32% | ETA 5.2h
step 21330/32348 66% [main] | loss 1.892 | lr 1.00e-02 | gnorm 0.74 | 19.57B tok | 77K tok/s/gpu | MFU 32% | ETA 5.2h
step 21340/32348 66% [main] | loss 1.563 | lr 1.00e-02 | gnorm 0.96 | 19.58B tok | 77K tok/s/gpu | MFU 32% | ETA 5.2h
step 21350/32348 66% [main] | loss 1.869 | lr 1.00e-02 | gnorm 0.88 | 19.59B tok | 77K tok/s/gpu | MFU 32% | ETA 5.2h
step 21360/32348 66% [main] | loss 1.674 | lr 1.00e-02 | gnorm 0.75 | 19.60B tok | 77K tok/s/gpu | MFU 32% | ETA 5.2h
step 21370/32348 66% [main] | loss 1.702 | lr 1.00e-02 | gnorm 0.80 | 19.61B tok | 77K tok/s/gpu | MFU 32% | ETA 5.2h
step 21380/32348 66% [main] | loss 1.898 | lr 1.00e-02 | gnorm 0.82 | 19.62B tok | 77K tok/s/gpu | MFU 32% | ETA 5.2h
step 21390/32348 66% [main] | loss 1.744 | lr 1.00e-02 | gnorm 0.92 | 19.63B tok | 77K tok/s/gpu | MFU 32% | ETA 5.2h
step 21400/32348 66% [main] | loss 2.000 | lr 1.00e-02 | gnorm 1.03 | 19.63B tok | 74K tok/s/gpu | MFU 31% | ETA 5.4h
step 21410/32348 66% [main] | loss 1.641 | lr 1.00e-02 | gnorm 0.97 | 19.64B tok | 76K tok/s/gpu | MFU 32% | ETA 5.2h
step 21420/32348 66% [main] | loss 1.802 | lr 1.00e-02 | gnorm 0.75 | 19.65B tok | 77K tok/s/gpu | MFU 32% | ETA 5.2h
step 21430/32348 66% [main] | loss 1.732 | lr 1.00e-02 | gnorm 0.84 | 19.66B tok | 77K tok/s/gpu | MFU 32% | ETA 5.2h
step 21440/32348 66% [main] | loss 1.426 | lr 1.00e-02 | gnorm 1.01 | 19.67B tok | 77K tok/s/gpu | MFU 32% | ETA 5.2h
step 21450/32348 66% [main] | loss 1.846 | lr 1.00e-02 | gnorm 0.79 | 19.68B tok | 77K tok/s/gpu | MFU 32% | ETA 5.2h
step 21460/32348 66% [main] | loss 1.456 | lr 1.00e-02 | gnorm 0.84 | 19.69B tok | 77K tok/s/gpu | MFU 32% | ETA 5.2h
step 21470/32348 66% [main] | loss 1.688 | lr 1.00e-02 | gnorm 1.04 | 19.70B tok | 77K tok/s/gpu | MFU 32% | ETA 5.2h
step 21480/32348 66% [main] | loss 1.442 | lr 1.00e-02 | gnorm 0.91 | 19.71B tok | 77K tok/s/gpu | MFU 32% | ETA 5.2h
step 21490/32348 66% [main] | loss 1.734 | lr 1.00e-02 | gnorm 1.07 | 19.72B tok | 77K tok/s/gpu | MFU 32% | ETA 5.2h
roller: keeping ckpt_pretrain_30b_s2.pt.step17500 -- pinned
step 21500/32348 val 2.134
step 21500/32348 66% [main] | loss 1.596 | lr 1.00e-02 | gnorm 0.91 | 19.73B tok | 52K tok/s/gpu | MFU 22% | ETA 7.7h
step 21510/32348 66% [main] | loss 1.494 | lr 1.00e-02 | gnorm 0.85 | 19.74B tok | 77K tok/s/gpu | MFU 32% | ETA 5.1h
step 21520/32348 67% [main] | loss 1.863 | lr 1.00e-02 | gnorm 1.33 | 19.74B tok | 77K tok/s/gpu | MFU 32% | ETA 5.2h
step 21530/32348 67% [main] | loss 1.881 | lr 1.00e-02 | gnorm 0.93 | 19.75B tok | 76K tok/s/gpu | MFU 32% | ETA 5.1h
step 21540/32348 67% [main] | loss 1.892 | lr 1.00e-02 | gnorm 0.77 | 19.76B tok | 77K tok/s/gpu | MFU 32% | ETA 5.1h
step 21550/32348 67% [main] | loss 1.658 | lr 1.00e-02 | gnorm 0.77 | 19.77B tok | 77K tok/s/gpu | MFU 32% | ETA 5.1h
step 21560/32348 67% [main] | loss 1.424 | lr 1.00e-02 | gnorm 0.84 | 19.78B tok | 74K tok/s/gpu | MFU 31% | ETA 5.3h
step 21570/32348 67% [main] | loss 1.493 | lr 1.00e-02 | gnorm 0.82 | 19.79B tok | 77K tok/s/gpu | MFU 32% | ETA 5.1h
step 21580/32348 67% [main] | loss 1.540 | lr 1.00e-02 | gnorm 0.91 | 19.80B tok | 76K tok/s/gpu | MFU 32% | ETA 5.1h
step 21590/32348 67% [main] | loss 1.808 | lr 1.00e-02 | gnorm 0.81 | 19.81B tok | 77K tok/s/gpu | MFU 32% | ETA 5.1h
step 21600/32348 67% [main] | loss 1.713 | lr 1.00e-02 | gnorm 0.78 | 19.82B tok | 74K tok/s/gpu | MFU 31% | ETA 5.3h
step 21610/32348 67% [main] | loss 1.899 | lr 1.00e-02 | gnorm 0.74 | 19.83B tok | 76K tok/s/gpu | MFU 32% | ETA 5.1h
step 21620/32348 67% [main] | loss 1.410 | lr 1.00e-02 | gnorm 0.78 | 19.84B tok | 77K tok/s/gpu | MFU 32% | ETA 5.1h
step 21630/32348 67% [main] | loss 1.658 | lr 1.00e-02 | gnorm 0.84 | 19.85B tok | 77K tok/s/gpu | MFU 32% | ETA 5.1h
step 21640/32348 67% [main] | loss 1.554 | lr 1.00e-02 | gnorm 0.93 | 19.85B tok | 77K tok/s/gpu | MFU 32% | ETA 5.1h
step 21650/32348 67% [main] | loss 1.414 | lr 1.00e-02 | gnorm 0.96 | 19.86B tok | 77K tok/s/gpu | MFU 32% | ETA 5.1h
step 21660/32348 67% [main] | loss 1.395 | lr 1.00e-02 | gnorm 0.87 | 19.87B tok | 77K tok/s/gpu | MFU 32% | ETA 5.1h
step 21670/32348 67% [main] | loss 1.663 | lr 1.00e-02 | gnorm 0.88 | 19.88B tok | 77K tok/s/gpu | MFU 32% | ETA 5.1h
step 21680/32348 67% [main] | loss 1.620 | lr 1.00e-02 | gnorm 0.85 | 19.89B tok | 77K tok/s/gpu | MFU 32% | ETA 5.1h
step 21690/32348 67% [main] | loss 1.573 | lr 1.00e-02 | gnorm 0.83 | 19.90B tok | 76K tok/s/gpu | MFU 32% | ETA 5.1h
step 21700/32348 67% [main] | loss 1.802 | lr 1.00e-02 | gnorm 0.81 | 19.91B tok | 77K tok/s/gpu | MFU 32% | ETA 5.1h
step 21710/32348 67% [main] | loss 1.498 | lr 1.00e-02 | gnorm 0.76 | 19.92B tok | 77K tok/s/gpu | MFU 32% | ETA 5.1h
step 21720/32348 67% [main] | loss 2.179 | lr 1.00e-02 | gnorm 0.93 | 19.93B tok | 77K tok/s/gpu | MFU 32% | ETA 5.1h
step 21730/32348 67% [main] | loss 1.746 | lr 1.00e-02 | gnorm 0.98 | 19.94B tok | 77K tok/s/gpu | MFU 32% | ETA 5.0h
step 21740/32348 67% [main] | loss 1.834 | lr 1.00e-02 | gnorm 0.85 | 19.95B tok | 77K tok/s/gpu | MFU 32% | ETA 5.0h
step 21750/32348 67% [main] | loss 1.601 | lr 1.00e-02 | gnorm 0.68 | 19.96B tok | 77K tok/s/gpu | MFU 32% | ETA 5.0h
step 21760/32348 67% [main] | loss 1.542 | lr 1.00e-02 | gnorm 0.74 | 19.96B tok | 77K tok/s/gpu | MFU 32% | ETA 5.0h
step 21770/32348 67% [main] | loss 1.446 | lr 1.00e-02 | gnorm 0.74 | 19.97B tok | 77K tok/s/gpu | MFU 32% | ETA 5.0h
step 21780/32348 67% [main] | loss 1.419 | lr 1.00e-02 | gnorm 0.71 | 19.98B tok | 77K tok/s/gpu | MFU 32% | ETA 5.0h
step 21790/32348 67% [main] | loss 1.741 | lr 1.00e-02 | gnorm 0.82 | 19.99B tok | 77K tok/s/gpu | MFU 32% | ETA 5.0h
step 21800/32348 67% [main] | loss 1.606 | lr 1.00e-02 | gnorm 0.74 | 20.00B tok | 74K tok/s/gpu | MFU 31% | ETA 5.2h
step 21810/32348 67% [main] | loss 1.647 | lr 1.00e-02 | gnorm 1.11 | 20.01B tok | 77K tok/s/gpu | MFU 32% | ETA 5.0h
step 21820/32348 67% [main] | loss 1.743 | lr 1.00e-02 | gnorm 0.94 | 20.02B tok | 77K tok/s/gpu | MFU 32% | ETA 5.0h
step 21830/32348 67% [main] | loss 2.066 | lr 1.00e-02 | gnorm 0.79 | 20.03B tok | 77K tok/s/gpu | MFU 32% | ETA 5.0h
step 21840/32348 68% [main] | loss 1.911 | lr 1.00e-02 | gnorm 0.77 | 20.04B tok | 77K tok/s/gpu | MFU 32% | ETA 5.0h
step 21850/32348 68% [main] | loss 1.503 | lr 1.00e-02 | gnorm 1.14 | 20.05B tok | 77K tok/s/gpu | MFU 32% | ETA 5.0h
step 21860/32348 68% [main] | loss 1.434 | lr 1.00e-02 | gnorm 0.91 | 20.06B tok | 77K tok/s/gpu | MFU 32% | ETA 5.0h
step 21870/32348 68% [main] | loss 2.157 | lr 1.00e-02 | gnorm 0.75 | 20.07B tok | 77K tok/s/gpu | MFU 32% | ETA 5.0h
step 21880/32348 68% [main] | loss 2.087 | lr 1.00e-02 | gnorm 0.73 | 20.07B tok | 77K tok/s/gpu | MFU 32% | ETA 5.0h
step 21890/32348 68% [main] | loss 1.588 | lr 1.00e-02 | gnorm 0.88 | 20.08B tok | 77K tok/s/gpu | MFU 32% | ETA 5.0h
step 21900/32348 68% [main] | loss 1.891 | lr 1.00e-02 | gnorm 0.89 | 20.09B tok | 77K tok/s/gpu | MFU 32% | ETA 5.0h
step 21910/32348 68% [main] | loss 1.715 | lr 1.00e-02 | gnorm 0.84 | 20.10B tok | 77K tok/s/gpu | MFU 32% | ETA 5.0h
step 21920/32348 68% [main] | loss 1.726 | lr 1.00e-02 | gnorm 0.73 | 20.11B tok | 77K tok/s/gpu | MFU 32% | ETA 5.0h
step 21930/32348 68% [main] | loss 1.697 | lr 1.00e-02 | gnorm 1.12 | 20.12B tok | 76K tok/s/gpu | MFU 32% | ETA 5.0h
step 21940/32348 68% [main] | loss 1.760 | lr 1.00e-02 | gnorm 0.77 | 20.13B tok | 77K tok/s/gpu | MFU 32% | ETA 4.9h
step 21950/32348 68% [main] | loss 1.640 | lr 1.00e-02 | gnorm 1.23 | 20.14B tok | 77K tok/s/gpu | MFU 32% | ETA 4.9h
step 21960/32348 68% [main] | loss 2.136 | lr 1.00e-02 | gnorm 0.88 | 20.15B tok | 75K tok/s/gpu | MFU 31% | ETA 5.0h
step 21970/32348 68% [main] | loss 1.746 | lr 1.00e-02 | gnorm 0.76 | 20.16B tok | 74K tok/s/gpu | MFU 31% | ETA 5.1h
step 21980/32348 68% [main] | loss 1.726 | lr 1.00e-02 | gnorm 0.83 | 20.17B tok | 77K tok/s/gpu | MFU 32% | ETA 4.9h
step 21990/32348 68% [main] | loss 2.017 | lr 1.00e-02 | gnorm 0.80 | 20.18B tok | 77K tok/s/gpu | MFU 32% | ETA 4.9h
roller: keeping ckpt_pretrain_30b_s2.pt.step17500 -- pinned
step 22000/32348 val 2.111
step 22000/32348 68% [main] | loss 1.493 | lr 1.00e-02 | gnorm 0.70 | 20.19B tok | 52K tok/s/gpu | MFU 22% | ETA 7.3h
step 22010/32348 68% [main] | loss 1.578 | lr 1.00e-02 | gnorm 0.78 | 20.19B tok | 77K tok/s/gpu | MFU 32% | ETA 4.9h
step 22020/32348 68% [main] | loss 1.679 | lr 1.00e-02 | gnorm 0.79 | 20.20B tok | 77K tok/s/gpu | MFU 32% | ETA 4.9h
step 22030/32348 68% [main] | loss 1.810 | lr 1.00e-02 | gnorm 0.79 | 20.21B tok | 76K tok/s/gpu | MFU 32% | ETA 4.9h
step 22040/32348 68% [main] | loss 1.453 | lr 1.00e-02 | gnorm 0.93 | 20.22B tok | 77K tok/s/gpu | MFU 32% | ETA 4.9h
step 22050/32348 68% [main] | loss 1.427 | lr 1.00e-02 | gnorm 0.76 | 20.23B tok | 77K tok/s/gpu | MFU 32% | ETA 4.9h
step 22060/32348 68% [main] | loss 1.928 | lr 1.00e-02 | gnorm 0.84 | 20.24B tok | 77K tok/s/gpu | MFU 32% | ETA 4.9h
step 22070/32348 68% [main] | loss 1.933 | lr 1.00e-02 | gnorm 0.91 | 20.25B tok | 77K tok/s/gpu | MFU 32% | ETA 4.9h
step 22080/32348 68% [main] | loss 1.800 | lr 1.00e-02 | gnorm 0.80 | 20.26B tok | 77K tok/s/gpu | MFU 32% | ETA 4.9h
step 22090/32348 68% [main] | loss 1.726 | lr 1.00e-02 | gnorm 0.85 | 20.27B tok | 77K tok/s/gpu | MFU 32% | ETA 4.9h
step 22100/32348 68% [main] | loss 1.815 | lr 1.00e-02 | gnorm 0.91 | 20.28B tok | 75K tok/s/gpu | MFU 31% | ETA 5.0h
step 22110/32348 68% [main] | loss 2.063 | lr 1.00e-02 | gnorm 0.80 | 20.29B tok | 77K tok/s/gpu | MFU 32% | ETA 4.9h
step 22120/32348 68% [main] | loss 1.630 | lr 1.00e-02 | gnorm 0.79 | 20.30B tok | 77K tok/s/gpu | MFU 32% | ETA 4.9h
step 22130/32348 68% [main] | loss 1.701 | lr 1.00e-02 | gnorm 0.89 | 20.30B tok | 77K tok/s/gpu | MFU 32% | ETA 4.9h
step 22140/32348 68% [main] | loss 1.200 | lr 1.00e-02 | gnorm 0.74 | 20.31B tok | 77K tok/s/gpu | MFU 32% | ETA 4.9h
step 22150/32348 68% [main] | loss 1.783 | lr 1.00e-02 | gnorm 0.78 | 20.32B tok | 77K tok/s/gpu | MFU 32% | ETA 4.9h
step 22160/32348 69% [main] | loss 1.508 | lr 1.00e-02 | gnorm 0.72 | 20.33B tok | 76K tok/s/gpu | MFU 32% | ETA 4.8h
step 22170/32348 69% [main] | loss 1.675 | lr 1.00e-02 | gnorm 0.78 | 20.34B tok | 77K tok/s/gpu | MFU 32% | ETA 4.8h
step 22180/32348 69% [main] | loss 1.948 | lr 1.00e-02 | gnorm 0.78 | 20.35B tok | 77K tok/s/gpu | MFU 32% | ETA 4.8h
step 22190/32348 69% [main] | loss 1.822 | lr 1.00e-02 | gnorm 0.85 | 20.36B tok | 77K tok/s/gpu | MFU 32% | ETA 4.8h
step 22200/32348 69% [main] | loss 1.938 | lr 1.00e-02 | gnorm 0.66 | 20.37B tok | 74K tok/s/gpu | MFU 31% | ETA 5.0h
step 22210/32348 69% [main] | loss 1.955 | lr 1.00e-02 | gnorm 0.78 | 20.38B tok | 76K tok/s/gpu | MFU 32% | ETA 4.8h
step 22220/32348 69% [main] | loss 1.637 | lr 1.00e-02 | gnorm 0.75 | 20.39B tok | 77K tok/s/gpu | MFU 32% | ETA 4.8h
step 22230/32348 69% [main] | loss 1.935 | lr 1.00e-02 | gnorm 0.89 | 20.40B tok | 77K tok/s/gpu | MFU 32% | ETA 4.8h
step 22240/32348 69% [main] | loss 1.608 | lr 1.00e-02 | gnorm 0.93 | 20.41B tok | 77K tok/s/gpu | MFU 32% | ETA 4.8h
step 22250/32348 69% [main] | loss 1.982 | lr 1.00e-02 | gnorm 0.74 | 20.41B tok | 77K tok/s/gpu | MFU 32% | ETA 4.8h
step 22260/32348 69% [main] | loss 1.517 | lr 1.00e-02 | gnorm 0.71 | 20.42B tok | 77K tok/s/gpu | MFU 32% | ETA 4.8h
step 22270/32348 69% [main] | loss 1.628 | lr 1.00e-02 | gnorm 0.85 | 20.43B tok | 77K tok/s/gpu | MFU 32% | ETA 4.8h
step 22280/32348 69% [main] | loss 1.881 | lr 1.00e-02 | gnorm 1.55 | 20.44B tok | 77K tok/s/gpu | MFU 32% | ETA 4.8h
step 22290/32348 69% [main] | loss 1.682 | lr 1.00e-02 | gnorm 0.88 | 20.45B tok | 77K tok/s/gpu | MFU 32% | ETA 4.8h
step 22300/32348 69% [main] | loss 1.580 | lr 1.00e-02 | gnorm 0.82 | 20.46B tok | 77K tok/s/gpu | MFU 32% | ETA 4.8h
step 22310/32348 69% [main] | loss 1.350 | lr 1.00e-02 | gnorm 0.73 | 20.47B tok | 77K tok/s/gpu | MFU 32% | ETA 4.8h
step 22320/32348 69% [main] | loss 1.621 | lr 1.00e-02 | gnorm 0.91 | 20.48B tok | 77K tok/s/gpu | MFU 32% | ETA 4.8h
step 22330/32348 69% [main] | loss 1.973 | lr 1.00e-02 | gnorm 0.82 | 20.49B tok | 77K tok/s/gpu | MFU 32% | ETA 4.8h
step 22340/32348 69% [main] | loss 1.369 | lr 1.00e-02 | gnorm 0.74 | 20.50B tok | 76K tok/s/gpu | MFU 32% | ETA 4.8h
step 22350/32348 69% [main] | loss 1.575 | lr 1.00e-02 | gnorm 0.69 | 20.51B tok | 77K tok/s/gpu | MFU 32% | ETA 4.8h
step 22360/32348 69% [main] | loss 1.788 | lr 1.00e-02 | gnorm 0.75 | 20.52B tok | 77K tok/s/gpu | MFU 32% | ETA 4.8h
step 22370/32348 69% [main] | loss 1.481 | lr 1.00e-02 | gnorm 0.80 | 20.52B tok | 77K tok/s/gpu | MFU 32% | ETA 4.7h
step 22380/32348 69% [main] | loss 1.488 | lr 1.00e-02 | gnorm 1.16 | 20.53B tok | 74K tok/s/gpu | MFU 31% | ETA 4.9h
step 22390/32348 69% [main] | loss 1.753 | lr 1.00e-02 | gnorm 0.99 | 20.54B tok | 77K tok/s/gpu | MFU 32% | ETA 4.7h
step 22400/32348 69% [main] | loss 2.252 | lr 1.00e-02 | gnorm 1.23 | 20.55B tok | 75K tok/s/gpu | MFU 31% | ETA 4.9h
step 22410/32348 69% [main] | loss 1.756 | lr 1.00e-02 | gnorm 0.73 | 20.56B tok | 76K tok/s/gpu | MFU 32% | ETA 4.7h
step 22420/32348 69% [main] | loss 1.932 | lr 1.00e-02 | gnorm 0.74 | 20.57B tok | 77K tok/s/gpu | MFU 32% | ETA 4.7h
step 22430/32348 69% [main] | loss 1.848 | lr 1.00e-02 | gnorm 1.23 | 20.58B tok | 77K tok/s/gpu | MFU 32% | ETA 4.7h
step 22440/32348 69% [main] | loss 1.898 | lr 1.00e-02 | gnorm 0.78 | 20.59B tok | 77K tok/s/gpu | MFU 32% | ETA 4.7h
step 22450/32348 69% [main] | loss 1.824 | lr 1.00e-02 | gnorm 0.76 | 20.60B tok | 77K tok/s/gpu | MFU 32% | ETA 4.7h
step 22460/32348 69% [main] | loss 1.619 | lr 1.00e-02 | gnorm 1.12 | 20.61B tok | 77K tok/s/gpu | MFU 32% | ETA 4.7h
step 22470/32348 69% [main] | loss 1.308 | lr 1.00e-02 | gnorm 1.34 | 20.62B tok | 77K tok/s/gpu | MFU 32% | ETA 4.7h
step 22480/32348 69% [main] | loss 1.832 | lr 1.00e-02 | gnorm 0.92 | 20.63B tok | 77K tok/s/gpu | MFU 32% | ETA 4.7h
step 22490/32348 70% [main] | loss 1.860 | lr 1.00e-02 | gnorm 0.84 | 20.63B tok | 77K tok/s/gpu | MFU 32% | ETA 4.7h
roller: keeping ckpt_pretrain_30b_s2.pt.step17500 -- pinned
step 22500/32348 val 2.111
step 22500/32348 70% [main] | loss 1.929 | lr 1.00e-02 | gnorm 0.84 | 20.64B tok | 52K tok/s/gpu | MFU 22% | ETA 6.9h
step 22510/32348 70% [main] | loss 1.954 | lr 1.00e-02 | gnorm 0.84 | 20.65B tok | 77K tok/s/gpu | MFU 32% | ETA 4.6h
step 22520/32348 70% [main] | loss 2.037 | lr 1.00e-02 | gnorm 0.89 | 20.66B tok | 77K tok/s/gpu | MFU 32% | ETA 4.7h
step 22530/32348 70% [main] | loss 2.031 | lr 1.00e-02 | gnorm 0.89 | 20.67B tok | 77K tok/s/gpu | MFU 32% | ETA 4.7h
step 22540/32348 70% [main] | loss 1.708 | lr 1.00e-02 | gnorm 0.78 | 20.68B tok | 77K tok/s/gpu | MFU 32% | ETA 4.6h
step 22550/32348 70% [main] | loss 1.869 | lr 1.00e-02 | gnorm 0.80 | 20.69B tok | 77K tok/s/gpu | MFU 32% | ETA 4.7h
step 22560/32348 70% [main] | loss 1.875 | lr 1.00e-02 | gnorm 0.85 | 20.70B tok | 77K tok/s/gpu | MFU 32% | ETA 4.6h
step 22570/32348 70% [main] | loss 1.898 | lr 1.00e-02 | gnorm 0.80 | 20.71B tok | 77K tok/s/gpu | MFU 32% | ETA 4.6h
step 22580/32348 70% [main] | loss 1.760 | lr 1.00e-02 | gnorm 0.71 | 20.72B tok | 77K tok/s/gpu | MFU 32% | ETA 4.6h
step 22590/32348 70% [main] | loss 1.280 | lr 1.00e-02 | gnorm 0.73 | 20.73B tok | 77K tok/s/gpu | MFU 32% | ETA 4.6h
step 22600/32348 70% [main] | loss 2.067 | lr 1.00e-02 | gnorm 0.85 | 20.74B tok | 74K tok/s/gpu | MFU 31% | ETA 4.8h
step 22610/32348 70% [main] | loss 1.958 | lr 1.00e-02 | gnorm 0.81 | 20.74B tok | 76K tok/s/gpu | MFU 32% | ETA 4.6h
step 22620/32348 70% [main] | loss 1.519 | lr 1.00e-02 | gnorm 0.88 | 20.75B tok | 77K tok/s/gpu | MFU 32% | ETA 4.6h
step 22630/32348 70% [main] | loss 1.701 | lr 1.00e-02 | gnorm 0.75 | 20.76B tok | 77K tok/s/gpu | MFU 32% | ETA 4.6h
step 22640/32348 70% [main] | loss 1.610 | lr 1.00e-02 | gnorm 0.80 | 20.77B tok | 77K tok/s/gpu | MFU 32% | ETA 4.6h
step 22650/32348 70% [main] | loss 1.821 | lr 1.00e-02 | gnorm 1.52 | 20.78B tok | 77K tok/s/gpu | MFU 32% | ETA 4.6h
step 22660/32348 70% [main] | loss 1.353 | lr 1.00e-02 | gnorm 0.81 | 20.79B tok | 77K tok/s/gpu | MFU 32% | ETA 4.6h
step 22670/32348 70% [main] | loss 1.598 | lr 1.00e-02 | gnorm 0.91 | 20.80B tok | 75K tok/s/gpu | MFU 31% | ETA 4.7h
step 22680/32348 70% [main] | loss 1.652 | lr 1.00e-02 | gnorm 0.91 | 20.81B tok | 77K tok/s/gpu | MFU 32% | ETA 4.6h
step 22690/32348 70% [main] | loss 1.842 | lr 1.00e-02 | gnorm 0.73 | 20.82B tok | 77K tok/s/gpu | MFU 32% | ETA 4.6h
step 22700/32348 70% [main] | loss 2.010 | lr 1.00e-02 | gnorm 0.77 | 20.83B tok | 77K tok/s/gpu | MFU 32% | ETA 4.6h
step 22710/32348 70% [main] | loss 1.386 | lr 1.00e-02 | gnorm 0.69 | 20.84B tok | 77K tok/s/gpu | MFU 32% | ETA 4.6h
step 22720/32348 70% [main] | loss 1.999 | lr 1.00e-02 | gnorm 0.80 | 20.85B tok | 77K tok/s/gpu | MFU 32% | ETA 4.6h
step 22730/32348 70% [main] | loss 1.507 | lr 1.00e-02 | gnorm 0.82 | 20.85B tok | 77K tok/s/gpu | MFU 32% | ETA 4.6h
step 22740/32348 70% [main] | loss 1.930 | lr 1.00e-02 | gnorm 0.80 | 20.86B tok | 77K tok/s/gpu | MFU 32% | ETA 4.6h
step 22750/32348 70% [main] | loss 1.464 | lr 1.00e-02 | gnorm 0.72 | 20.87B tok | 77K tok/s/gpu | MFU 32% | ETA 4.6h
step 22760/32348 70% [main] | loss 2.123 | lr 1.00e-02 | gnorm 0.84 | 20.88B tok | 77K tok/s/gpu | MFU 32% | ETA 4.6h
step 22770/32348 70% [main] | loss 1.610 | lr 1.00e-02 | gnorm 0.71 | 20.89B tok | 77K tok/s/gpu | MFU 32% | ETA 4.5h
step 22780/32348 70% [main] | loss 1.813 | lr 1.00e-02 | gnorm 0.86 | 20.90B tok | 74K tok/s/gpu | MFU 31% | ETA 4.7h
step 22790/32348 70% [main] | loss 1.815 | lr 1.00e-02 | gnorm 0.77 | 20.91B tok | 77K tok/s/gpu | MFU 32% | ETA 4.5h
step 22800/32348 70% [main] | loss 2.044 | lr 1.00e-02 | gnorm 0.82 | 20.92B tok | 74K tok/s/gpu | MFU 31% | ETA 4.7h
step 22810/32348 71% [main] | loss 1.597 | lr 1.00e-02 | gnorm 1.64 | 20.93B tok | 76K tok/s/gpu | MFU 32% | ETA 4.5h
step 22820/32348 71% [main] | loss 1.377 | lr 1.00e-02 | gnorm 0.78 | 20.94B tok | 77K tok/s/gpu | MFU 32% | ETA 4.5h
step 22830/32348 71% [main] | loss 1.923 | lr 1.00e-02 | gnorm 0.82 | 20.95B tok | 77K tok/s/gpu | MFU 32% | ETA 4.5h
step 22840/32348 71% [main] | loss 1.721 | lr 1.00e-02 | gnorm 0.76 | 20.96B tok | 77K tok/s/gpu | MFU 32% | ETA 4.5h
step 22850/32348 71% [main] | loss 1.827 | lr 1.00e-02 | gnorm 0.68 | 20.96B tok | 77K tok/s/gpu | MFU 32% | ETA 4.5h
step 22860/32348 71% [main] | loss 1.949 | lr 1.00e-02 | gnorm 0.72 | 20.97B tok | 77K tok/s/gpu | MFU 32% | ETA 4.5h
step 22870/32348 71% [main] | loss 1.852 | lr 1.00e-02 | gnorm 0.79 | 20.98B tok | 77K tok/s/gpu | MFU 32% | ETA 4.5h
step 22880/32348 71% [main] | loss 1.747 | lr 1.00e-02 | gnorm 0.75 | 20.99B tok | 77K tok/s/gpu | MFU 32% | ETA 4.5h
step 22890/32348 71% [main] | loss 1.558 | lr 1.00e-02 | gnorm 1.01 | 21.00B tok | 77K tok/s/gpu | MFU 32% | ETA 4.5h
step 22900/32348 71% [main] | loss 1.731 | lr 1.00e-02 | gnorm 1.05 | 21.01B tok | 77K tok/s/gpu | MFU 32% | ETA 4.5h
step 22910/32348 71% [main] | loss 1.498 | lr 1.00e-02 | gnorm 0.82 | 21.02B tok | 77K tok/s/gpu | MFU 32% | ETA 4.5h
step 22920/32348 71% [main] | loss 1.918 | lr 1.00e-02 | gnorm 0.76 | 21.03B tok | 77K tok/s/gpu | MFU 32% | ETA 4.5h
step 22930/32348 71% [main] | loss 1.497 | lr 1.00e-02 | gnorm 0.73 | 21.04B tok | 77K tok/s/gpu | MFU 32% | ETA 4.5h
step 22940/32348 71% [main] | loss 1.710 | lr 1.00e-02 | gnorm 0.74 | 21.05B tok | 77K tok/s/gpu | MFU 32% | ETA 4.5h
step 22950/32348 71% [main] | loss 1.738 | lr 1.00e-02 | gnorm 0.78 | 21.06B tok | 77K tok/s/gpu | MFU 32% | ETA 4.5h
step 22960/32348 71% [main] | loss 1.722 | lr 1.00e-02 | gnorm 0.74 | 21.07B tok | 77K tok/s/gpu | MFU 32% | ETA 4.5h
step 22970/32348 71% [main] | loss 1.708 | lr 1.00e-02 | gnorm 0.76 | 21.08B tok | 76K tok/s/gpu | MFU 32% | ETA 4.5h
step 22980/32348 71% [main] | loss 1.789 | lr 1.00e-02 | gnorm 0.79 | 21.08B tok | 77K tok/s/gpu | MFU 32% | ETA 4.5h
step 22990/32348 71% [main] | loss 2.183 | lr 1.00e-02 | gnorm 0.91 | 21.09B tok | 77K tok/s/gpu | MFU 32% | ETA 4.5h
roller: keeping ckpt_pretrain_30b_s2.pt.step17500 -- pinned
step 23000/32348 val 2.118
step 23000/32348 71% [main] | loss 1.491 | lr 1.00e-02 | gnorm 0.92 | 21.10B tok | 51K tok/s/gpu | MFU 21% | ETA 6.7h
step 23010/32348 71% [main] | loss 1.588 | lr 1.00e-02 | gnorm 0.69 | 21.11B tok | 77K tok/s/gpu | MFU 32% | ETA 4.4h
step 23020/32348 71% [main] | loss 2.027 | lr 1.00e-02 | gnorm 0.95 | 21.12B tok | 77K tok/s/gpu | MFU 32% | ETA 4.4h
step 23030/32348 71% [main] | loss 1.692 | lr 1.00e-02 | gnorm 0.70 | 21.13B tok | 77K tok/s/gpu | MFU 32% | ETA 4.4h
step 23040/32348 71% [main] | loss 1.471 | lr 1.00e-02 | gnorm 1.15 | 21.14B tok | 77K tok/s/gpu | MFU 32% | ETA 4.4h
step 23050/32348 71% [main] | loss 2.080 | lr 1.00e-02 | gnorm 0.81 | 21.15B tok | 77K tok/s/gpu | MFU 32% | ETA 4.4h
step 23060/32348 71% [main] | loss 1.623 | lr 1.00e-02 | gnorm 0.77 | 21.16B tok | 76K tok/s/gpu | MFU 32% | ETA 4.4h
step 23070/32348 71% [main] | loss 1.838 | lr 1.00e-02 | gnorm 0.70 | 21.17B tok | 76K tok/s/gpu | MFU 32% | ETA 4.4h
step 23080/32348 71% [main] | loss 1.630 | lr 1.00e-02 | gnorm 0.79 | 21.18B tok | 77K tok/s/gpu | MFU 32% | ETA 4.4h
step 23090/32348 71% [main] | loss 1.642 | lr 1.00e-02 | gnorm 0.75 | 21.19B tok | 77K tok/s/gpu | MFU 32% | ETA 4.4h
step 23100/32348 71% [main] | loss 1.573 | lr 1.00e-02 | gnorm 0.69 | 21.19B tok | 77K tok/s/gpu | MFU 32% | ETA 4.4h
step 23110/32348 71% [main] | loss 2.155 | lr 1.00e-02 | gnorm 0.76 | 21.20B tok | 77K tok/s/gpu | MFU 32% | ETA 4.4h
step 23120/32348 71% [main] | loss 1.706 | lr 1.00e-02 | gnorm 0.73 | 21.21B tok | 77K tok/s/gpu | MFU 32% | ETA 4.4h
step 23130/32348 72% [main] | loss 1.854 | lr 1.00e-02 | gnorm 0.74 | 21.22B tok | 76K tok/s/gpu | MFU 32% | ETA 4.4h
step 23140/32348 72% [main] | loss 1.716 | lr 1.00e-02 | gnorm 0.77 | 21.23B tok | 77K tok/s/gpu | MFU 32% | ETA 4.4h
step 23150/32348 72% [main] | loss 1.762 | lr 1.00e-02 | gnorm 0.95 | 21.24B tok | 77K tok/s/gpu | MFU 32% | ETA 4.4h
step 23160/32348 72% [main] | loss 1.399 | lr 1.00e-02 | gnorm 1.12 | 21.25B tok | 77K tok/s/gpu | MFU 32% | ETA 4.4h
step 23170/32348 72% [main] | loss 2.103 | lr 1.00e-02 | gnorm 0.92 | 21.26B tok | 77K tok/s/gpu | MFU 32% | ETA 4.4h
step 23180/32348 72% [main] | loss 2.081 | lr 1.00e-02 | gnorm 0.96 | 21.27B tok | 77K tok/s/gpu | MFU 32% | ETA 4.4h
step 23190/32348 72% [main] | loss 1.475 | lr 1.00e-02 | gnorm 0.75 | 21.28B tok | 74K tok/s/gpu | MFU 31% | ETA 4.5h
step 23200/32348 72% [main] | loss 1.342 | lr 1.00e-02 | gnorm 0.77 | 21.29B tok | 74K tok/s/gpu | MFU 31% | ETA 4.5h
step 23210/32348 72% [main] | loss 2.528 | lr 1.00e-02 | gnorm 0.86 | 21.30B tok | 77K tok/s/gpu | MFU 32% | ETA 4.3h
step 23220/32348 72% [main] | loss 1.713 | lr 1.00e-02 | gnorm 0.76 | 21.30B tok | 77K tok/s/gpu | MFU 32% | ETA 4.3h
step 23230/32348 72% [main] | loss 1.799 | lr 1.00e-02 | gnorm 0.80 | 21.31B tok | 77K tok/s/gpu | MFU 32% | ETA 4.3h
step 23240/32348 72% [main] | loss 1.838 | lr 1.00e-02 | gnorm 0.73 | 21.32B tok | 77K tok/s/gpu | MFU 32% | ETA 4.3h
step 23250/32348 72% [main] | loss 1.909 | lr 1.00e-02 | gnorm 1.22 | 21.33B tok | 77K tok/s/gpu | MFU 32% | ETA 4.3h
step 23260/32348 72% [main] | loss 1.801 | lr 1.00e-02 | gnorm 0.88 | 21.34B tok | 77K tok/s/gpu | MFU 32% | ETA 4.3h
step 23270/32348 72% [main] | loss 1.523 | lr 1.00e-02 | gnorm 1.14 | 21.35B tok | 77K tok/s/gpu | MFU 32% | ETA 4.3h
step 23280/32348 72% [main] | loss 1.507 | lr 1.00e-02 | gnorm 0.77 | 21.36B tok | 77K tok/s/gpu | MFU 32% | ETA 4.3h
step 23290/32348 72% [main] | loss 1.510 | lr 1.00e-02 | gnorm 0.71 | 21.37B tok | 77K tok/s/gpu | MFU 32% | ETA 4.3h
step 23300/32348 72% [main] | loss 1.592 | lr 1.00e-02 | gnorm 0.82 | 21.38B tok | 77K tok/s/gpu | MFU 32% | ETA 4.3h
step 23310/32348 72% [main] | loss 1.751 | lr 1.00e-02 | gnorm 0.75 | 21.39B tok | 77K tok/s/gpu | MFU 32% | ETA 4.3h
step 23320/32348 72% [main] | loss 1.980 | lr 1.00e-02 | gnorm 0.79 | 21.40B tok | 77K tok/s/gpu | MFU 32% | ETA 4.3h
step 23330/32348 72% [main] | loss 1.561 | lr 1.00e-02 | gnorm 0.71 | 21.41B tok | 77K tok/s/gpu | MFU 32% | ETA 4.3h
step 23340/32348 72% [main] | loss 2.021 | lr 1.00e-02 | gnorm 0.71 | 21.41B tok | 77K tok/s/gpu | MFU 32% | ETA 4.3h
step 23350/32348 72% [main] | loss 1.954 | lr 1.00e-02 | gnorm 0.89 | 21.42B tok | 76K tok/s/gpu | MFU 32% | ETA 4.3h
step 23360/32348 72% [main] | loss 1.660 | lr 1.00e-02 | gnorm 0.74 | 21.43B tok | 77K tok/s/gpu | MFU 32% | ETA 4.3h
step 23370/32348 72% [main] | loss 1.649 | lr 1.00e-02 | gnorm 0.90 | 21.44B tok | 77K tok/s/gpu | MFU 32% | ETA 4.3h
step 23380/32348 72% [main] | loss 1.569 | lr 1.00e-02 | gnorm 0.81 | 21.45B tok | 77K tok/s/gpu | MFU 32% | ETA 4.3h
step 23390/32348 72% [main] | loss 1.540 | lr 1.00e-02 | gnorm 0.74 | 21.46B tok | 77K tok/s/gpu | MFU 32% | ETA 4.3h
step 23400/32348 72% [main] | loss 1.547 | lr 1.00e-02 | gnorm 1.21 | 21.47B tok | 74K tok/s/gpu | MFU 31% | ETA 4.4h
step 23410/32348 72% [main] | loss 1.899 | lr 1.00e-02 | gnorm 1.23 | 21.48B tok | 77K tok/s/gpu | MFU 32% | ETA 4.3h
step 23420/32348 72% [main] | loss 1.725 | lr 1.00e-02 | gnorm 0.78 | 21.49B tok | 77K tok/s/gpu | MFU 32% | ETA 4.2h
step 23430/32348 72% [main] | loss 1.833 | lr 1.00e-02 | gnorm 0.80 | 21.50B tok | 77K tok/s/gpu | MFU 32% | ETA 4.2h
step 23440/32348 72% [main] | loss 2.027 | lr 1.00e-02 | gnorm 0.66 | 21.51B tok | 75K tok/s/gpu | MFU 31% | ETA 4.3h
step 23450/32348 72% [main] | loss 1.616 | lr 1.00e-02 | gnorm 0.84 | 21.52B tok | 77K tok/s/gpu | MFU 32% | ETA 4.2h
step 23460/32348 73% [main] | loss 1.549 | lr 1.00e-02 | gnorm 0.83 | 21.52B tok | 77K tok/s/gpu | MFU 32% | ETA 4.2h
step 23470/32348 73% [main] | loss 2.280 | lr 1.00e-02 | gnorm 1.34 | 21.53B tok | 77K tok/s/gpu | MFU 32% | ETA 4.2h
step 23480/32348 73% [main] | loss 1.728 | lr 1.00e-02 | gnorm 0.74 | 21.54B tok | 77K tok/s/gpu | MFU 32% | ETA 4.2h
step 23490/32348 73% [main] | loss 1.976 | lr 1.00e-02 | gnorm 0.80 | 21.55B tok | 77K tok/s/gpu | MFU 32% | ETA 4.2h
roller: keeping ckpt_pretrain_30b_s2.pt.step17500 -- pinned
step 23500/32348 val 2.103
step 23500/32348 73% [main] | loss 1.588 | lr 1.00e-02 | gnorm 0.75 | 21.56B tok | 53K tok/s/gpu | MFU 22% | ETA 6.1h
step 23510/32348 73% [main] | loss 1.985 | lr 1.00e-02 | gnorm 0.73 | 21.57B tok | 77K tok/s/gpu | MFU 32% | ETA 4.2h
step 23520/32348 73% [main] | loss 1.809 | lr 1.00e-02 | gnorm 0.83 | 21.58B tok | 76K tok/s/gpu | MFU 32% | ETA 4.2h
step 23530/32348 73% [main] | loss 1.482 | lr 1.00e-02 | gnorm 1.34 | 21.59B tok | 77K tok/s/gpu | MFU 32% | ETA 4.2h
step 23540/32348 73% [main] | loss 1.687 | lr 1.00e-02 | gnorm 0.79 | 21.60B tok | 77K tok/s/gpu | MFU 32% | ETA 4.2h
step 23550/32348 73% [main] | loss 1.743 | lr 1.00e-02 | gnorm 0.84 | 21.61B tok | 77K tok/s/gpu | MFU 32% | ETA 4.2h
step 23560/32348 73% [main] | loss 1.841 | lr 1.00e-02 | gnorm 0.75 | 21.62B tok | 76K tok/s/gpu | MFU 32% | ETA 4.2h
step 23570/32348 73% [main] | loss 1.956 | lr 1.00e-02 | gnorm 0.89 | 21.63B tok | 77K tok/s/gpu | MFU 32% | ETA 4.2h
step 23580/32348 73% [main] | loss 1.964 | lr 1.00e-02 | gnorm 0.82 | 21.63B tok | 75K tok/s/gpu | MFU 31% | ETA 4.3h
step 23590/32348 73% [main] | loss 1.778 | lr 1.00e-02 | gnorm 0.97 | 21.64B tok | 77K tok/s/gpu | MFU 32% | ETA 4.2h
step 23600/32348 73% [main] | loss 1.691 | lr 1.00e-02 | gnorm 0.94 | 21.65B tok | 72K tok/s/gpu | MFU 30% | ETA 4.4h
step 23610/32348 73% [main] | loss 1.965 | lr 1.00e-02 | gnorm 0.78 | 21.66B tok | 77K tok/s/gpu | MFU 32% | ETA 4.2h
step 23620/32348 73% [main] | loss 1.771 | lr 1.00e-02 | gnorm 0.70 | 21.67B tok | 77K tok/s/gpu | MFU 32% | ETA 4.2h
step 23630/32348 73% [main] | loss 1.678 | lr 1.00e-02 | gnorm 0.78 | 21.68B tok | 77K tok/s/gpu | MFU 32% | ETA 4.1h
step 23640/32348 73% [main] | loss 1.771 | lr 1.00e-02 | gnorm 0.89 | 21.69B tok | 77K tok/s/gpu | MFU 32% | ETA 4.1h
step 23650/32348 73% [main] | loss 1.595 | lr 1.00e-02 | gnorm 0.77 | 21.70B tok | 77K tok/s/gpu | MFU 32% | ETA 4.1h
step 23660/32348 73% [main] | loss 1.834 | lr 1.00e-02 | gnorm 0.79 | 21.71B tok | 77K tok/s/gpu | MFU 32% | ETA 4.1h
step 23670/32348 73% [main] | loss 1.411 | lr 1.00e-02 | gnorm 0.72 | 21.72B tok | 77K tok/s/gpu | MFU 32% | ETA 4.1h
step 23680/32348 73% [main] | loss 2.384 | lr 1.00e-02 | gnorm 0.93 | 21.73B tok | 77K tok/s/gpu | MFU 32% | ETA 4.1h
step 23690/32348 73% [main] | loss 1.768 | lr 1.00e-02 | gnorm 0.70 | 21.74B tok | 76K tok/s/gpu | MFU 32% | ETA 4.1h
step 23700/32348 73% [main] | loss 1.601 | lr 1.00e-02 | gnorm 0.85 | 21.74B tok | 77K tok/s/gpu | MFU 32% | ETA 4.1h
step 23710/32348 73% [main] | loss 1.697 | lr 1.00e-02 | gnorm 0.80 | 21.75B tok | 77K tok/s/gpu | MFU 32% | ETA 4.1h
step 23720/32348 73% [main] | loss 1.529 | lr 1.00e-02 | gnorm 1.07 | 21.76B tok | 77K tok/s/gpu | MFU 32% | ETA 4.1h
step 23730/32348 73% [main] | loss 2.001 | lr 1.00e-02 | gnorm 1.09 | 21.77B tok | 77K tok/s/gpu | MFU 32% | ETA 4.1h
step 23740/32348 73% [main] | loss 1.673 | lr 1.00e-02 | gnorm 1.21 | 21.78B tok | 77K tok/s/gpu | MFU 32% | ETA 4.1h
step 23750/32348 73% [main] | loss 1.746 | lr 1.00e-02 | gnorm 0.86 | 21.79B tok | 77K tok/s/gpu | MFU 32% | ETA 4.1h
step 23760/32348 73% [main] | loss 1.480 | lr 1.00e-02 | gnorm 0.86 | 21.80B tok | 77K tok/s/gpu | MFU 32% | ETA 4.1h
step 23770/32348 73% [main] | loss 1.609 | lr 1.00e-02 | gnorm 0.84 | 21.81B tok | 77K tok/s/gpu | MFU 32% | ETA 4.1h
step 23780/32348 74% [main] | loss 1.234 | lr 1.00e-02 | gnorm 0.80 | 21.82B tok | 77K tok/s/gpu | MFU 32% | ETA 4.1h
step 23790/32348 74% [main] | loss 1.732 | lr 1.00e-02 | gnorm 0.89 | 21.83B tok | 77K tok/s/gpu | MFU 32% | ETA 4.1h
step 23800/32348 74% [main] | loss 1.397 | lr 1.00e-02 | gnorm 0.79 | 21.84B tok | 74K tok/s/gpu | MFU 31% | ETA 4.2h
step 23810/32348 74% [main] | loss 1.666 | lr 1.00e-02 | gnorm 0.75 | 21.85B tok | 77K tok/s/gpu | MFU 32% | ETA 4.1h
step 23820/32348 74% [main] | loss 1.439 | lr 1.00e-02 | gnorm 0.91 | 21.85B tok | 77K tok/s/gpu | MFU 32% | ETA 4.1h
step 23830/32348 74% [main] | loss 1.615 | lr 1.00e-02 | gnorm 1.12 | 21.86B tok | 77K tok/s/gpu | MFU 32% | ETA 4.0h
step 23840/32348 74% [main] | loss 1.733 | lr 1.00e-02 | gnorm 1.11 | 21.87B tok | 77K tok/s/gpu | MFU 32% | ETA 4.0h
step 23850/32348 74% [main] | loss 1.684 | lr 1.00e-02 | gnorm 0.72 | 21.88B tok | 77K tok/s/gpu | MFU 32% | ETA 4.0h
step 23860/32348 74% [main] | loss 1.743 | lr 1.00e-02 | gnorm 0.82 | 21.89B tok | 77K tok/s/gpu | MFU 32% | ETA 4.0h
step 23870/32348 74% [main] | loss 1.636 | lr 1.00e-02 | gnorm 0.91 | 21.90B tok | 76K tok/s/gpu | MFU 32% | ETA 4.0h
step 23880/32348 74% [main] | loss 1.371 | lr 1.00e-02 | gnorm 0.73 | 21.91B tok | 77K tok/s/gpu | MFU 32% | ETA 4.0h
step 23890/32348 74% [main] | loss 1.464 | lr 1.00e-02 | gnorm 0.70 | 21.92B tok | 77K tok/s/gpu | MFU 32% | ETA 4.0h
step 23900/32348 74% [main] | loss 2.009 | lr 1.00e-02 | gnorm 0.79 | 21.93B tok | 77K tok/s/gpu | MFU 32% | ETA 4.0h
step 23910/32348 74% [main] | loss 1.945 | lr 1.00e-02 | gnorm 0.74 | 21.94B tok | 77K tok/s/gpu | MFU 32% | ETA 4.0h
step 23920/32348 74% [main] | loss 2.053 | lr 1.00e-02 | gnorm 0.86 | 21.95B tok | 77K tok/s/gpu | MFU 32% | ETA 4.0h
step 23930/32348 74% [main] | loss 1.627 | lr 1.00e-02 | gnorm 0.89 | 21.96B tok | 77K tok/s/gpu | MFU 32% | ETA 4.0h
step 23940/32348 74% [main] | loss 1.422 | lr 1.00e-02 | gnorm 0.95 | 21.97B tok | 77K tok/s/gpu | MFU 32% | ETA 4.0h
step 23950/32348 74% [main] | loss 2.023 | lr 1.00e-02 | gnorm 0.74 | 21.97B tok | 77K tok/s/gpu | MFU 32% | ETA 4.0h
step 23960/32348 74% [main] | loss 1.610 | lr 1.00e-02 | gnorm 0.75 | 21.98B tok | 77K tok/s/gpu | MFU 32% | ETA 4.0h
step 23970/32348 74% [main] | loss 1.576 | lr 1.00e-02 | gnorm 0.82 | 21.99B tok | 77K tok/s/gpu | MFU 32% | ETA 4.0h
step 23980/32348 74% [main] | loss 1.938 | lr 1.00e-02 | gnorm 0.73 | 22.00B tok | 77K tok/s/gpu | MFU 32% | ETA 4.0h
step 23990/32348 74% [main] | loss 1.663 | lr 1.00e-02 | gnorm 0.71 | 22.01B tok | 75K tok/s/gpu | MFU 31% | ETA 4.1h
roller: keeping ckpt_pretrain_30b_s2.pt.step17500 -- pinned
step 24000/32348 val 2.102
step 24000/32348 74% [main] | loss 1.764 | lr 1.00e-02 | gnorm 0.72 | 22.02B tok | 51K tok/s/gpu | MFU 21% | ETA 5.9h
step 24010/32348 74% [main] | loss 1.916 | lr 1.00e-02 | gnorm 0.68 | 22.03B tok | 74K tok/s/gpu | MFU 31% | ETA 4.1h
step 24020/32348 74% [main] | loss 1.684 | lr 1.00e-02 | gnorm 0.89 | 22.04B tok | 77K tok/s/gpu | MFU 32% | ETA 4.0h
step 24030/32348 74% [main] | loss 1.326 | lr 1.00e-02 | gnorm 0.71 | 22.05B tok | 76K tok/s/gpu | MFU 32% | ETA 4.0h
step 24040/32348 74% [main] | loss 1.804 | lr 1.00e-02 | gnorm 0.68 | 22.06B tok | 77K tok/s/gpu | MFU 32% | ETA 3.9h
step 24050/32348 74% [main] | loss 1.426 | lr 1.00e-02 | gnorm 0.86 | 22.07B tok | 76K tok/s/gpu | MFU 32% | ETA 4.0h
step 24060/32348 74% [main] | loss 2.263 | lr 1.00e-02 | gnorm 0.77 | 22.08B tok | 77K tok/s/gpu | MFU 32% | ETA 3.9h
step 24070/32348 74% [main] | loss 1.976 | lr 1.00e-02 | gnorm 0.82 | 22.08B tok | 77K tok/s/gpu | MFU 32% | ETA 3.9h
step 24080/32348 74% [main] | loss 1.694 | lr 1.00e-02 | gnorm 0.73 | 22.09B tok | 77K tok/s/gpu | MFU 32% | ETA 3.9h
step 24090/32348 74% [main] | loss 1.930 | lr 1.00e-02 | gnorm 0.86 | 22.10B tok | 75K tok/s/gpu | MFU 31% | ETA 4.0h
step 24100/32348 75% [main] | loss 1.657 | lr 1.00e-02 | gnorm 0.79 | 22.11B tok | 77K tok/s/gpu | MFU 32% | ETA 3.9h
step 24110/32348 75% [main] | loss 1.818 | lr 1.00e-02 | gnorm 0.66 | 22.12B tok | 77K tok/s/gpu | MFU 32% | ETA 3.9h
step 24120/32348 75% [main] | loss 1.522 | lr 1.00e-02 | gnorm 0.66 | 22.13B tok | 77K tok/s/gpu | MFU 32% | ETA 3.9h
step 24130/32348 75% [main] | loss 1.938 | lr 1.00e-02 | gnorm 0.79 | 22.14B tok | 77K tok/s/gpu | MFU 32% | ETA 3.9h
step 24140/32348 75% [main] | loss 1.935 | lr 1.00e-02 | gnorm 0.82 | 22.15B tok | 77K tok/s/gpu | MFU 32% | ETA 3.9h
step 24150/32348 75% [main] | loss 2.124 | lr 1.00e-02 | gnorm 0.87 | 22.16B tok | 77K tok/s/gpu | MFU 32% | ETA 3.9h
step 24160/32348 75% [main] | loss 1.675 | lr 1.00e-02 | gnorm 0.79 | 22.17B tok | 77K tok/s/gpu | MFU 32% | ETA 3.9h
step 24170/32348 75% [main] | loss 1.655 | lr 1.00e-02 | gnorm 0.75 | 22.18B tok | 77K tok/s/gpu | MFU 32% | ETA 3.9h
step 24180/32348 75% [main] | loss 1.833 | lr 1.00e-02 | gnorm 0.76 | 22.19B tok | 77K tok/s/gpu | MFU 32% | ETA 3.9h
step 24190/32348 75% [main] | loss 1.471 | lr 1.00e-02 | gnorm 0.82 | 22.19B tok | 77K tok/s/gpu | MFU 32% | ETA 3.9h
step 24200/32348 75% [main] | loss 1.718 | lr 1.00e-02 | gnorm 0.79 | 22.20B tok | 74K tok/s/gpu | MFU 31% | ETA 4.0h
step 24210/32348 75% [main] | loss 1.626 | lr 1.00e-02 | gnorm 0.77 | 22.21B tok | 76K tok/s/gpu | MFU 32% | ETA 3.9h
step 24220/32348 75% [main] | loss 1.971 | lr 1.00e-02 | gnorm 0.80 | 22.22B tok | 77K tok/s/gpu | MFU 32% | ETA 3.9h
step 24230/32348 75% [main] | loss 1.826 | lr 1.00e-02 | gnorm 0.84 | 22.23B tok | 77K tok/s/gpu | MFU 32% | ETA 3.9h
step 24240/32348 75% [main] | loss 1.748 | lr 1.00e-02 | gnorm 0.76 | 22.24B tok | 77K tok/s/gpu | MFU 32% | ETA 3.9h
step 24250/32348 75% [main] | loss 1.926 | lr 1.00e-02 | gnorm 0.77 | 22.25B tok | 77K tok/s/gpu | MFU 32% | ETA 3.8h
step 24260/32348 75% [main] | loss 1.795 | lr 1.00e-02 | gnorm 0.79 | 22.26B tok | 77K tok/s/gpu | MFU 32% | ETA 3.8h
step 24270/32348 75% [main] | loss 1.680 | lr 1.00e-02 | gnorm 0.83 | 22.27B tok | 77K tok/s/gpu | MFU 32% | ETA 3.8h
step 24280/32348 75% [main] | loss 2.120 | lr 1.00e-02 | gnorm 0.77 | 22.28B tok | 77K tok/s/gpu | MFU 32% | ETA 3.8h
step 24290/32348 75% [main] | loss 1.526 | lr 1.00e-02 | gnorm 0.73 | 22.29B tok | 77K tok/s/gpu | MFU 32% | ETA 3.8h
step 24300/32348 75% [main] | loss 1.883 | lr 1.00e-02 | gnorm 0.75 | 22.30B tok | 77K tok/s/gpu | MFU 32% | ETA 3.8h
step 24310/32348 75% [main] | loss 1.381 | lr 1.00e-02 | gnorm 0.75 | 22.30B tok | 77K tok/s/gpu | MFU 32% | ETA 3.8h
step 24320/32348 75% [main] | loss 1.833 | lr 1.00e-02 | gnorm 0.74 | 22.31B tok | 77K tok/s/gpu | MFU 32% | ETA 3.8h
step 24330/32348 75% [main] | loss 1.741 | lr 1.00e-02 | gnorm 0.91 | 22.32B tok | 77K tok/s/gpu | MFU 32% | ETA 3.8h
step 24340/32348 75% [main] | loss 2.110 | lr 1.00e-02 | gnorm 0.72 | 22.33B tok | 77K tok/s/gpu | MFU 32% | ETA 3.8h
step 24350/32348 75% [main] | loss 1.594 | lr 1.00e-02 | gnorm 0.70 | 22.34B tok | 77K tok/s/gpu | MFU 32% | ETA 3.8h
step 24360/32348 75% [main] | loss 1.662 | lr 1.00e-02 | gnorm 1.05 | 22.35B tok | 76K tok/s/gpu | MFU 32% | ETA 3.8h
step 24370/32348 75% [main] | loss 1.860 | lr 1.00e-02 | gnorm 1.00 | 22.36B tok | 77K tok/s/gpu | MFU 32% | ETA 3.8h
step 24380/32348 75% [main] | loss 1.617 | lr 1.00e-02 | gnorm 1.04 | 22.37B tok | 77K tok/s/gpu | MFU 32% | ETA 3.8h
step 24390/32348 75% [main] | loss 1.693 | lr 1.00e-02 | gnorm 1.20 | 22.38B tok | 77K tok/s/gpu | MFU 32% | ETA 3.8h
step 24400/32348 75% [main] | loss 2.176 | lr 1.00e-02 | gnorm 0.73 | 22.39B tok | 74K tok/s/gpu | MFU 31% | ETA 3.9h
step 24410/32348 75% [main] | loss 1.514 | lr 1.00e-02 | gnorm 0.89 | 22.40B tok | 76K tok/s/gpu | MFU 32% | ETA 3.8h
step 24420/32348 75% [main] | loss 1.655 | lr 1.00e-02 | gnorm 0.75 | 22.41B tok | 74K tok/s/gpu | MFU 31% | ETA 3.9h
step 24430/32348 76% [main] | loss 2.093 | lr 1.00e-02 | gnorm 0.81 | 22.41B tok | 77K tok/s/gpu | MFU 32% | ETA 3.8h
step 24440/32348 76% [main] | loss 1.848 | lr 1.00e-02 | gnorm 0.70 | 22.42B tok | 77K tok/s/gpu | MFU 32% | ETA 3.8h
step 24450/32348 76% [main] | loss 1.759 | lr 1.00e-02 | gnorm 1.04 | 22.43B tok | 77K tok/s/gpu | MFU 32% | ETA 3.7h
step 24460/32348 76% [main] | loss 1.803 | lr 1.00e-02 | gnorm 0.72 | 22.44B tok | 77K tok/s/gpu | MFU 32% | ETA 3.7h
step 24470/32348 76% [main] | loss 1.837 | lr 1.00e-02 | gnorm 1.36 | 22.45B tok | 77K tok/s/gpu | MFU 32% | ETA 3.7h
step 24480/32348 76% [main] | loss 1.865 | lr 1.00e-02 | gnorm 0.71 | 22.46B tok | 77K tok/s/gpu | MFU 32% | ETA 3.7h
step 24490/32348 76% [main] | loss 2.020 | lr 1.00e-02 | gnorm 0.78 | 22.47B tok | 77K tok/s/gpu | MFU 32% | ETA 3.7h
roller: keeping ckpt_pretrain_30b_s2.pt.step17500 -- pinned
step 24500/32348 val 2.096
step 24500/32348 76% [main] | loss 1.864 | lr 1.00e-02 | gnorm 0.73 | 22.48B tok | 52K tok/s/gpu | MFU 22% | ETA 5.5h
step 24510/32348 76% [main] | loss 1.695 | lr 1.00e-02 | gnorm 0.83 | 22.49B tok | 77K tok/s/gpu | MFU 32% | ETA 3.7h
step 24520/32348 76% [main] | loss 1.864 | lr 1.00e-02 | gnorm 0.72 | 22.50B tok | 77K tok/s/gpu | MFU 32% | ETA 3.7h
step 24530/32348 76% [main] | loss 1.598 | lr 1.00e-02 | gnorm 0.59 | 22.51B tok | 77K tok/s/gpu | MFU 32% | ETA 3.7h
step 24540/32348 76% [main] | loss 1.569 | lr 1.00e-02 | gnorm 0.73 | 22.52B tok | 77K tok/s/gpu | MFU 32% | ETA 3.7h
step 24550/32348 76% [main] | loss 1.578 | lr 1.00e-02 | gnorm 0.90 | 22.52B tok | 77K tok/s/gpu | MFU 32% | ETA 3.7h
step 24560/32348 76% [main] | loss 1.214 | lr 1.00e-02 | gnorm 0.66 | 22.53B tok | 77K tok/s/gpu | MFU 32% | ETA 3.7h
step 24570/32348 76% [main] | loss 1.862 | lr 1.00e-02 | gnorm 0.68 | 22.54B tok | 77K tok/s/gpu | MFU 32% | ETA 3.7h
step 24580/32348 76% [main] | loss 1.861 | lr 1.00e-02 | gnorm 0.87 | 22.55B tok | 77K tok/s/gpu | MFU 32% | ETA 3.7h
step 24590/32348 76% [main] | loss 1.841 | lr 1.00e-02 | gnorm 0.81 | 22.56B tok | 77K tok/s/gpu | MFU 32% | ETA 3.7h
step 24600/32348 76% [main] | loss 1.702 | lr 1.00e-02 | gnorm 0.72 | 22.57B tok | 74K tok/s/gpu | MFU 31% | ETA 3.8h
step 24610/32348 76% [main] | loss 1.477 | lr 1.00e-02 | gnorm 0.80 | 22.58B tok | 77K tok/s/gpu | MFU 32% | ETA 3.7h
step 24620/32348 76% [main] | loss 1.570 | lr 1.00e-02 | gnorm 0.75 | 22.59B tok | 77K tok/s/gpu | MFU 32% | ETA 3.7h
step 24630/32348 76% [main] | loss 1.559 | lr 1.00e-02 | gnorm 0.82 | 22.60B tok | 77K tok/s/gpu | MFU 32% | ETA 3.7h
step 24640/32348 76% [main] | loss 1.908 | lr 1.00e-02 | gnorm 0.94 | 22.61B tok | 75K tok/s/gpu | MFU 31% | ETA 3.7h
step 24650/32348 76% [main] | loss 1.746 | lr 1.00e-02 | gnorm 0.77 | 22.62B tok | 77K tok/s/gpu | MFU 32% | ETA 3.7h
step 24660/32348 76% [main] | loss 1.813 | lr 1.00e-02 | gnorm 0.67 | 22.63B tok | 77K tok/s/gpu | MFU 32% | ETA 3.7h
step 24670/32348 76% [main] | loss 1.658 | lr 1.00e-02 | gnorm 0.67 | 22.63B tok | 77K tok/s/gpu | MFU 32% | ETA 3.6h
step 24680/32348 76% [main] | loss 1.485 | lr 1.00e-02 | gnorm 0.97 | 22.64B tok | 77K tok/s/gpu | MFU 32% | ETA 3.6h
step 24690/32348 76% [main] | loss 1.541 | lr 1.00e-02 | gnorm 0.88 | 22.65B tok | 77K tok/s/gpu | MFU 32% | ETA 3.6h
step 24700/32348 76% [main] | loss 1.692 | lr 1.00e-02 | gnorm 0.93 | 22.66B tok | 77K tok/s/gpu | MFU 32% | ETA 3.6h
step 24710/32348 76% [main] | loss 1.615 | lr 1.00e-02 | gnorm 0.68 | 22.67B tok | 77K tok/s/gpu | MFU 32% | ETA 3.6h
step 24720/32348 76% [main] | loss 1.476 | lr 1.00e-02 | gnorm 0.71 | 22.68B tok | 77K tok/s/gpu | MFU 32% | ETA 3.6h
step 24730/32348 76% [main] | loss 1.686 | lr 1.00e-02 | gnorm 0.71 | 22.69B tok | 77K tok/s/gpu | MFU 32% | ETA 3.6h
step 24740/32348 76% [main] | loss 1.737 | lr 1.00e-02 | gnorm 0.99 | 22.70B tok | 77K tok/s/gpu | MFU 32% | ETA 3.6h
step 24750/32348 77% [main] | loss 1.927 | lr 1.00e-02 | gnorm 0.74 | 22.71B tok | 77K tok/s/gpu | MFU 32% | ETA 3.6h
step 24760/32348 77% [main] | loss 1.530 | lr 1.00e-02 | gnorm 0.81 | 22.72B tok | 77K tok/s/gpu | MFU 32% | ETA 3.6h
step 24770/32348 77% [main] | loss 1.509 | lr 1.00e-02 | gnorm 0.75 | 22.73B tok | 77K tok/s/gpu | MFU 32% | ETA 3.6h
step 24780/32348 77% [main] | loss 1.653 | lr 1.00e-02 | gnorm 0.68 | 22.74B tok | 77K tok/s/gpu | MFU 32% | ETA 3.6h
step 24790/32348 77% [main] | loss 2.317 | lr 1.00e-02 | gnorm 1.00 | 22.74B tok | 77K tok/s/gpu | MFU 32% | ETA 3.6h
step 24800/32348 77% [main] | loss 1.866 | lr 1.00e-02 | gnorm 1.14 | 22.75B tok | 74K tok/s/gpu | MFU 31% | ETA 3.7h
step 24810/32348 77% [main] | loss 1.573 | lr 1.00e-02 | gnorm 0.80 | 22.76B tok | 77K tok/s/gpu | MFU 32% | ETA 3.6h
step 24820/32348 77% [main] | loss 2.421 | lr 1.00e-02 | gnorm 1.08 | 22.77B tok | 74K tok/s/gpu | MFU 31% | ETA 3.7h
step 24830/32348 77% [main] | loss 1.881 | lr 1.00e-02 | gnorm 0.93 | 22.78B tok | 77K tok/s/gpu | MFU 32% | ETA 3.6h
step 24840/32348 77% [main] | loss 1.436 | lr 1.00e-02 | gnorm 0.65 | 22.79B tok | 77K tok/s/gpu | MFU 32% | ETA 3.6h
step 24850/32348 77% [main] | loss 2.022 | lr 1.00e-02 | gnorm 0.88 | 22.80B tok | 77K tok/s/gpu | MFU 32% | ETA 3.6h
step 24860/32348 77% [main] | loss 1.762 | lr 1.00e-02 | gnorm 0.78 | 22.81B tok | 77K tok/s/gpu | MFU 32% | ETA 3.6h
step 24870/32348 77% [main] | loss 1.766 | lr 1.00e-02 | gnorm 0.71 | 22.82B tok | 77K tok/s/gpu | MFU 32% | ETA 3.6h
step 24880/32348 77% [main] | loss 1.614 | lr 1.00e-02 | gnorm 0.70 | 22.83B tok | 77K tok/s/gpu | MFU 32% | ETA 3.5h
step 24890/32348 77% [main] | loss 1.920 | lr 1.00e-02 | gnorm 0.68 | 22.84B tok | 77K tok/s/gpu | MFU 32% | ETA 3.5h
step 24900/32348 77% [main] | loss 2.183 | lr 1.00e-02 | gnorm 0.85 | 22.85B tok | 77K tok/s/gpu | MFU 32% | ETA 3.5h
step 24910/32348 77% [main] | loss 1.478 | lr 1.00e-02 | gnorm 0.81 | 22.86B tok | 77K tok/s/gpu | MFU 32% | ETA 3.5h
step 24920/32348 77% [main] | loss 1.518 | lr 1.00e-02 | gnorm 0.73 | 22.86B tok | 77K tok/s/gpu | MFU 32% | ETA 3.5h
step 24930/32348 77% [main] | loss 1.517 | lr 1.00e-02 | gnorm 0.83 | 22.87B tok | 77K tok/s/gpu | MFU 32% | ETA 3.5h
step 24940/32348 77% [main] | loss 1.751 | lr 1.00e-02 | gnorm 0.77 | 22.88B tok | 77K tok/s/gpu | MFU 32% | ETA 3.5h
step 24950/32348 77% [main] | loss 1.680 | lr 1.00e-02 | gnorm 0.78 | 22.89B tok | 77K tok/s/gpu | MFU 32% | ETA 3.5h
step 24960/32348 77% [main] | loss 1.416 | lr 1.00e-02 | gnorm 0.74 | 22.90B tok | 77K tok/s/gpu | MFU 32% | ETA 3.5h
step 24970/32348 77% [main] | loss 1.749 | lr 1.00e-02 | gnorm 0.79 | 22.91B tok | 77K tok/s/gpu | MFU 32% | ETA 3.5h
step 24980/32348 77% [main] | loss 1.850 | lr 1.00e-02 | gnorm 0.75 | 22.92B tok | 77K tok/s/gpu | MFU 32% | ETA 3.5h
step 24990/32348 77% [main] | loss 1.537 | lr 1.00e-02 | gnorm 0.80 | 22.93B tok | 77K tok/s/gpu | MFU 32% | ETA 3.5h
roller: keeping ckpt_pretrain_30b_s2.pt.step17500 -- pinned
step 25000/32348 val 2.098
step 25000/32348 77% [main] | loss 1.526 | lr 1.00e-02 | gnorm 0.82 | 22.94B tok | 51K tok/s/gpu | MFU 21% | ETA 5.3h
step 25010/32348 77% [main] | loss 1.627 | lr 1.00e-02 | gnorm 0.76 | 22.95B tok | 77K tok/s/gpu | MFU 32% | ETA 3.5h
step 25020/32348 77% [main] | loss 1.690 | lr 1.00e-02 | gnorm 0.70 | 22.96B tok | 77K tok/s/gpu | MFU 32% | ETA 3.5h
step 25030/32348 77% [main] | loss 1.963 | lr 1.00e-02 | gnorm 0.74 | 22.97B tok | 77K tok/s/gpu | MFU 32% | ETA 3.5h
step 25040/32348 77% [main] | loss 1.581 | lr 1.00e-02 | gnorm 0.71 | 22.97B tok | 77K tok/s/gpu | MFU 32% | ETA 3.5h
step 25050/32348 77% [main] | loss 1.440 | lr 1.00e-02 | gnorm 0.88 | 22.98B tok | 76K tok/s/gpu | MFU 32% | ETA 3.5h
step 25060/32348 77% [main] | loss 1.981 | lr 1.00e-02 | gnorm 0.84 | 22.99B tok | 77K tok/s/gpu | MFU 32% | ETA 3.5h
step 25070/32348 78% [main] | loss 1.755 | lr 1.00e-02 | gnorm 0.75 | 23.00B tok | 77K tok/s/gpu | MFU 32% | ETA 3.4h
step 25080/32348 78% [main] | loss 1.661 | lr 1.00e-02 | gnorm 0.81 | 23.01B tok | 77K tok/s/gpu | MFU 32% | ETA 3.5h
step 25090/32348 78% [main] | loss 1.840 | lr 1.00e-02 | gnorm 0.80 | 23.02B tok | 77K tok/s/gpu | MFU 32% | ETA 3.4h
step 25100/32348 78% [main] | loss 1.735 | lr 1.00e-02 | gnorm 0.76 | 23.03B tok | 77K tok/s/gpu | MFU 32% | ETA 3.4h
step 25110/32348 78% [main] | loss 2.240 | lr 1.00e-02 | gnorm 0.85 | 23.04B tok | 77K tok/s/gpu | MFU 32% | ETA 3.4h
step 25120/32348 78% [main] | loss 1.788 | lr 1.00e-02 | gnorm 0.69 | 23.05B tok | 77K tok/s/gpu | MFU 32% | ETA 3.4h
step 25130/32348 78% [main] | loss 1.572 | lr 1.00e-02 | gnorm 0.75 | 23.06B tok | 77K tok/s/gpu | MFU 32% | ETA 3.4h
step 25140/32348 78% [main] | loss 1.991 | lr 1.00e-02 | gnorm 0.81 | 23.07B tok | 77K tok/s/gpu | MFU 32% | ETA 3.4h
step 25150/32348 78% [main] | loss 1.958 | lr 1.00e-02 | gnorm 0.84 | 23.08B tok | 77K tok/s/gpu | MFU 32% | ETA 3.4h
step 25160/32348 78% [main] | loss 1.452 | lr 1.00e-02 | gnorm 0.70 | 23.08B tok | 77K tok/s/gpu | MFU 32% | ETA 3.4h
step 25170/32348 78% [main] | loss 1.460 | lr 1.00e-02 | gnorm 0.71 | 23.09B tok | 77K tok/s/gpu | MFU 32% | ETA 3.4h
step 25180/32348 78% [main] | loss 1.997 | lr 1.00e-02 | gnorm 0.74 | 23.10B tok | 75K tok/s/gpu | MFU 31% | ETA 3.5h
step 25190/32348 78% [main] | loss 1.714 | lr 1.00e-02 | gnorm 0.72 | 23.11B tok | 77K tok/s/gpu | MFU 32% | ETA 3.4h
step 25200/32348 78% [main] | loss 1.729 | lr 1.00e-02 | gnorm 0.68 | 23.12B tok | 74K tok/s/gpu | MFU 31% | ETA 3.5h
step 25210/32348 78% [main] | loss 1.683 | lr 1.00e-02 | gnorm 0.74 | 23.13B tok | 76K tok/s/gpu | MFU 32% | ETA 3.4h
step 25220/32348 78% [main] | loss 1.687 | lr 1.00e-02 | gnorm 1.39 | 23.14B tok | 77K tok/s/gpu | MFU 32% | ETA 3.4h
step 25230/32348 78% [main] | loss 1.955 | lr 1.00e-02 | gnorm 0.76 | 23.15B tok | 74K tok/s/gpu | MFU 31% | ETA 3.5h
step 25240/32348 78% [main] | loss 1.614 | lr 1.00e-02 | gnorm 0.85 | 23.16B tok | 77K tok/s/gpu | MFU 32% | ETA 3.4h
step 25250/32348 78% [main] | loss 1.505 | lr 1.00e-02 | gnorm 0.72 | 23.17B tok | 77K tok/s/gpu | MFU 32% | ETA 3.4h
step 25260/32348 78% [main] | loss 1.662 | lr 1.00e-02 | gnorm 0.73 | 23.18B tok | 77K tok/s/gpu | MFU 32% | ETA 3.4h
step 25270/32348 78% [main] | loss 1.428 | lr 1.00e-02 | gnorm 0.71 | 23.19B tok | 77K tok/s/gpu | MFU 32% | ETA 3.4h
step 25280/32348 78% [main] | loss 1.351 | lr 1.00e-02 | gnorm 0.73 | 23.19B tok | 77K tok/s/gpu | MFU 32% | ETA 3.4h
step 25290/32348 78% [main] | loss 1.581 | lr 1.00e-02 | gnorm 0.65 | 23.20B tok | 77K tok/s/gpu | MFU 32% | ETA 3.4h
step 25300/32348 78% [main] | loss 1.453 | lr 1.00e-02 | gnorm 0.86 | 23.21B tok | 77K tok/s/gpu | MFU 32% | ETA 3.4h
step 25310/32348 78% [main] | loss 1.829 | lr 1.00e-02 | gnorm 0.96 | 23.22B tok | 77K tok/s/gpu | MFU 32% | ETA 3.3h
step 25320/32348 78% [main] | loss 1.903 | lr 1.00e-02 | gnorm 0.79 | 23.23B tok | 77K tok/s/gpu | MFU 32% | ETA 3.3h
step 25330/32348 78% [main] | loss 1.521 | lr 1.00e-02 | gnorm 0.80 | 23.24B tok | 77K tok/s/gpu | MFU 32% | ETA 3.3h
step 25340/32348 78% [main] | loss 1.383 | lr 1.00e-02 | gnorm 1.34 | 23.25B tok | 77K tok/s/gpu | MFU 32% | ETA 3.3h
step 25350/32348 78% [main] | loss 1.791 | lr 1.00e-02 | gnorm 0.90 | 23.26B tok | 77K tok/s/gpu | MFU 32% | ETA 3.3h
step 25360/32348 78% [main] | loss 1.615 | lr 1.00e-02 | gnorm 1.16 | 23.27B tok | 77K tok/s/gpu | MFU 32% | ETA 3.3h
step 25370/32348 78% [main] | loss 1.606 | lr 1.00e-02 | gnorm 0.76 | 23.28B tok | 77K tok/s/gpu | MFU 32% | ETA 3.3h
step 25380/32348 78% [main] | loss 1.998 | lr 1.00e-02 | gnorm 0.77 | 23.29B tok | 77K tok/s/gpu | MFU 32% | ETA 3.3h
step 25390/32348 78% [main] | loss 2.019 | lr 1.00e-02 | gnorm 0.77 | 23.30B tok | 77K tok/s/gpu | MFU 32% | ETA 3.3h
step 25400/32348 79% [main] | loss 1.786 | lr 1.00e-02 | gnorm 0.71 | 23.30B tok | 74K tok/s/gpu | MFU 31% | ETA 3.4h
step 25410/32348 79% [main] | loss 1.841 | lr 1.00e-02 | gnorm 0.70 | 23.31B tok | 77K tok/s/gpu | MFU 32% | ETA 3.3h
step 25420/32348 79% [main] | loss 1.685 | lr 1.00e-02 | gnorm 0.88 | 23.32B tok | 76K tok/s/gpu | MFU 32% | ETA 3.3h
step 25430/32348 79% [main] | loss 1.817 | lr 1.00e-02 | gnorm 0.76 | 23.33B tok | 77K tok/s/gpu | MFU 32% | ETA 3.3h
step 25440/32348 79% [main] | loss 1.533 | lr 1.00e-02 | gnorm 0.92 | 23.34B tok | 77K tok/s/gpu | MFU 32% | ETA 3.3h
step 25450/32348 79% [main] | loss 1.526 | lr 1.00e-02 | gnorm 0.74 | 23.35B tok | 77K tok/s/gpu | MFU 32% | ETA 3.3h
step 25460/32348 79% [main] | loss 1.936 | lr 1.00e-02 | gnorm 1.07 | 23.36B tok | 76K tok/s/gpu | MFU 32% | ETA 3.3h
step 25470/32348 79% [main] | loss 1.633 | lr 1.00e-02 | gnorm 0.73 | 23.37B tok | 76K tok/s/gpu | MFU 32% | ETA 3.3h
step 25480/32348 79% [main] | loss 1.560 | lr 1.00e-02 | gnorm 0.95 | 23.38B tok | 77K tok/s/gpu | MFU 32% | ETA 3.3h
step 25490/32348 79% [main] | loss 1.725 | lr 1.00e-02 | gnorm 0.79 | 23.39B tok | 77K tok/s/gpu | MFU 32% | ETA 3.3h
roller: keeping ckpt_pretrain_30b_s2.pt.step17500 -- pinned
roller: keeping ckpt_pretrain_30b_s2.pt.step24000 -- pinned
step 25500/32348 val 2.093
step 25500/32348 79% [main] | loss 2.066 | lr 1.00e-02 | gnorm 0.83 | 23.40B tok | 52K tok/s/gpu | MFU 22% | ETA 4.8h
step 25510/32348 79% [main] | loss 1.669 | lr 1.00e-02 | gnorm 0.71 | 23.41B tok | 77K tok/s/gpu | MFU 32% | ETA 3.2h
step 25520/32348 79% [main] | loss 1.454 | lr 1.00e-02 | gnorm 0.79 | 23.41B tok | 76K tok/s/gpu | MFU 32% | ETA 3.3h
step 25530/32348 79% [main] | loss 1.571 | lr 1.00e-02 | gnorm 0.77 | 23.42B tok | 77K tok/s/gpu | MFU 32% | ETA 3.2h
step 25540/32348 79% [main] | loss 1.949 | lr 1.00e-02 | gnorm 0.73 | 23.43B tok | 77K tok/s/gpu | MFU 32% | ETA 3.2h
step 25550/32348 79% [main] | loss 2.365 | lr 1.00e-02 | gnorm 0.77 | 23.44B tok | 77K tok/s/gpu | MFU 32% | ETA 3.2h
step 25560/32348 79% [main] | loss 1.846 | lr 1.00e-02 | gnorm 0.77 | 23.45B tok | 77K tok/s/gpu | MFU 32% | ETA 3.2h
step 25570/32348 79% [main] | loss 1.834 | lr 1.00e-02 | gnorm 1.05 | 23.46B tok | 77K tok/s/gpu | MFU 32% | ETA 3.2h
step 25580/32348 79% [main] | loss 1.356 | lr 1.00e-02 | gnorm 0.68 | 23.47B tok | 77K tok/s/gpu | MFU 32% | ETA 3.2h
step 25590/32348 79% [main] | loss 1.611 | lr 1.00e-02 | gnorm 1.13 | 23.48B tok | 77K tok/s/gpu | MFU 32% | ETA 3.2h
step 25600/32348 79% [main] | loss 1.944 | lr 1.00e-02 | gnorm 0.83 | 23.49B tok | 74K tok/s/gpu | MFU 31% | ETA 3.3h
step 25610/32348 79% [main] | loss 1.720 | lr 1.00e-02 | gnorm 0.76 | 23.50B tok | 77K tok/s/gpu | MFU 32% | ETA 3.2h
step 25620/32348 79% [main] | loss 1.594 | lr 1.00e-02 | gnorm 0.79 | 23.51B tok | 77K tok/s/gpu | MFU 32% | ETA 3.2h
step 25630/32348 79% [main] | loss 1.493 | lr 1.00e-02 | gnorm 0.70 | 23.52B tok | 77K tok/s/gpu | MFU 32% | ETA 3.2h
step 25640/32348 79% [main] | loss 1.287 | lr 1.00e-02 | gnorm 0.65 | 23.52B tok | 74K tok/s/gpu | MFU 31% | ETA 3.3h
step 25650/32348 79% [main] | loss 1.316 | lr 1.00e-02 | gnorm 0.80 | 23.53B tok | 77K tok/s/gpu | MFU 32% | ETA 3.2h
step 25660/32348 79% [main] | loss 1.624 | lr 1.00e-02 | gnorm 0.77 | 23.54B tok | 77K tok/s/gpu | MFU 32% | ETA 3.2h
step 25670/32348 79% [main] | loss 1.478 | lr 1.00e-02 | gnorm 0.77 | 23.55B tok | 77K tok/s/gpu | MFU 32% | ETA 3.2h
step 25680/32348 79% [main] | loss 1.840 | lr 1.00e-02 | gnorm 0.67 | 23.56B tok | 77K tok/s/gpu | MFU 32% | ETA 3.2h
step 25690/32348 79% [main] | loss 1.695 | lr 1.00e-02 | gnorm 1.11 | 23.57B tok | 77K tok/s/gpu | MFU 32% | ETA 3.2h
step 25700/32348 79% [main] | loss 2.040 | lr 1.00e-02 | gnorm 0.75 | 23.58B tok | 77K tok/s/gpu | MFU 32% | ETA 3.2h
step 25710/32348 79% [main] | loss 1.757 | lr 1.00e-02 | gnorm 0.77 | 23.59B tok | 75K tok/s/gpu | MFU 31% | ETA 3.2h
step 25720/32348 80% [main] | loss 1.703 | lr 1.00e-02 | gnorm 0.70 | 23.60B tok | 77K tok/s/gpu | MFU 32% | ETA 3.2h
step 25730/32348 80% [main] | loss 1.483 | lr 1.00e-02 | gnorm 0.66 | 23.61B tok | 76K tok/s/gpu | MFU 32% | ETA 3.2h
step 25740/32348 80% [main] | loss 1.813 | lr 1.00e-02 | gnorm 0.80 | 23.62B tok | 77K tok/s/gpu | MFU 32% | ETA 3.1h
step 25750/32348 80% [main] | loss 1.521 | lr 1.00e-02 | gnorm 0.73 | 23.63B tok | 77K tok/s/gpu | MFU 32% | ETA 3.1h
step 25760/32348 80% [main] | loss 1.855 | lr 1.00e-02 | gnorm 1.05 | 23.63B tok | 77K tok/s/gpu | MFU 32% | ETA 3.1h
step 25770/32348 80% [main] | loss 2.104 | lr 1.00e-02 | gnorm 0.93 | 23.64B tok | 77K tok/s/gpu | MFU 32% | ETA 3.1h
step 25780/32348 80% [main] | loss 1.673 | lr 1.00e-02 | gnorm 0.91 | 23.65B tok | 77K tok/s/gpu | MFU 32% | ETA 3.1h
step 25790/32348 80% [main] | loss 1.675 | lr 1.00e-02 | gnorm 0.70 | 23.66B tok | 76K tok/s/gpu | MFU 32% | ETA 3.1h
step 25800/32348 80% [main] | loss 1.919 | lr 1.00e-02 | gnorm 1.38 | 23.67B tok | 74K tok/s/gpu | MFU 31% | ETA 3.2h
step 25810/32348 80% [main] | loss 1.572 | lr 1.00e-02 | gnorm 0.87 | 23.68B tok | 77K tok/s/gpu | MFU 32% | ETA 3.1h
step 25820/32348 80% [main] | loss 1.654 | lr 1.00e-02 | gnorm 0.79 | 23.69B tok | 77K tok/s/gpu | MFU 32% | ETA 3.1h
step 25830/32348 80% [main] | loss 1.677 | lr 1.00e-02 | gnorm 0.66 | 23.70B tok | 77K tok/s/gpu | MFU 32% | ETA 3.1h
step 25840/32348 80% [main] | loss 1.662 | lr 1.00e-02 | gnorm 0.74 | 23.71B tok | 77K tok/s/gpu | MFU 32% | ETA 3.1h
step 25850/32348 80% [main] | loss 1.556 | lr 1.00e-02 | gnorm 0.73 | 23.72B tok | 77K tok/s/gpu | MFU 32% | ETA 3.1h
step 25860/32348 80% [main] | loss 1.471 | lr 1.00e-02 | gnorm 0.64 | 23.73B tok | 76K tok/s/gpu | MFU 32% | ETA 3.1h
step 25870/32348 80% [main] | loss 1.896 | lr 1.00e-02 | gnorm 0.77 | 23.74B tok | 77K tok/s/gpu | MFU 32% | ETA 3.1h
step 25880/32348 80% [main] | loss 1.428 | lr 1.00e-02 | gnorm 0.76 | 23.75B tok | 77K tok/s/gpu | MFU 32% | ETA 3.1h
step 25890/32348 80% [main] | loss 2.012 | lr 1.00e-02 | gnorm 0.77 | 23.75B tok | 77K tok/s/gpu | MFU 32% | ETA 3.1h
step 25900/32348 80% [main] | loss 1.514 | lr 1.00e-02 | gnorm 0.81 | 23.76B tok | 77K tok/s/gpu | MFU 32% | ETA 3.1h
step 25910/32348 80% [main] | loss 1.612 | lr 1.00e-02 | gnorm 1.12 | 23.77B tok | 77K tok/s/gpu | MFU 32% | ETA 3.1h
step 25920/32348 80% [main] | loss 2.209 | lr 1.00e-02 | gnorm 1.32 | 23.78B tok | 77K tok/s/gpu | MFU 32% | ETA 3.1h
step 25930/32348 80% [main] | loss 1.396 | lr 1.00e-02 | gnorm 0.98 | 23.79B tok | 76K tok/s/gpu | MFU 32% | ETA 3.1h
step 25940/32348 80% [main] | loss 1.459 | lr 1.00e-02 | gnorm 1.41 | 23.80B tok | 77K tok/s/gpu | MFU 32% | ETA 3.0h
step 25950/32348 80% [main] | loss 2.040 | lr 1.00e-02 | gnorm 0.95 | 23.81B tok | 77K tok/s/gpu | MFU 32% | ETA 3.0h
step 25960/32348 80% [main] | loss 1.734 | lr 1.00e-02 | gnorm 0.79 | 23.82B tok | 77K tok/s/gpu | MFU 32% | ETA 3.0h
step 25970/32348 80% [main] | loss 1.444 | lr 1.00e-02 | gnorm 0.82 | 23.83B tok | 77K tok/s/gpu | MFU 32% | ETA 3.0h
step 25980/32348 80% [main] | loss 1.215 | lr 1.00e-02 | gnorm 0.63 | 23.84B tok | 77K tok/s/gpu | MFU 32% | ETA 3.0h
step 25990/32348 80% [main] | loss 2.087 | lr 1.00e-02 | gnorm 0.73 | 23.85B tok | 77K tok/s/gpu | MFU 32% | ETA 3.0h
roller: keeping ckpt_pretrain_30b_s2.pt.step17500 -- pinned
roller: keeping ckpt_pretrain_30b_s2.pt.step24000 -- pinned
step 26000/32348 val 2.088
step 26000/32348 80% [main] | loss 1.557 | lr 1.00e-02 | gnorm 0.66 | 23.86B tok | 51K tok/s/gpu | MFU 21% | ETA 4.6h
step 26010/32348 80% [main] | loss 1.741 | lr 1.00e-02 | gnorm 0.74 | 23.86B tok | 77K tok/s/gpu | MFU 32% | ETA 3.0h
step 26020/32348 80% [main] | loss 1.834 | lr 1.00e-02 | gnorm 0.73 | 23.87B tok | 77K tok/s/gpu | MFU 32% | ETA 3.0h
step 26030/32348 80% [main] | loss 1.580 | lr 1.00e-02 | gnorm 0.68 | 23.88B tok | 77K tok/s/gpu | MFU 32% | ETA 3.0h
step 26040/32348 80% [main] | loss 1.782 | lr 1.00e-02 | gnorm 0.80 | 23.89B tok | 77K tok/s/gpu | MFU 32% | ETA 3.0h
step 26050/32348 81% [main] | loss 1.461 | lr 1.00e-02 | gnorm 0.70 | 23.90B tok | 74K tok/s/gpu | MFU 31% | ETA 3.1h
step 26060/32348 81% [main] | loss 1.631 | lr 1.00e-02 | gnorm 0.79 | 23.91B tok | 77K tok/s/gpu | MFU 32% | ETA 3.0h
step 26070/32348 81% [main] | loss 1.715 | lr 1.00e-02 | gnorm 0.80 | 23.92B tok | 77K tok/s/gpu | MFU 32% | ETA 3.0h
step 26080/32348 81% [main] | loss 2.163 | lr 1.00e-02 | gnorm 0.90 | 23.93B tok | 77K tok/s/gpu | MFU 32% | ETA 3.0h
step 26090/32348 81% [main] | loss 2.022 | lr 1.00e-02 | gnorm 0.76 | 23.94B tok | 77K tok/s/gpu | MFU 32% | ETA 3.0h
step 26100/32348 81% [main] | loss 2.048 | lr 1.00e-02 | gnorm 0.68 | 23.95B tok | 77K tok/s/gpu | MFU 32% | ETA 3.0h
step 26110/32348 81% [main] | loss 1.755 | lr 1.00e-02 | gnorm 0.67 | 23.96B tok | 77K tok/s/gpu | MFU 32% | ETA 3.0h
step 26120/32348 81% [main] | loss 2.185 | lr 1.00e-02 | gnorm 0.89 | 23.97B tok | 77K tok/s/gpu | MFU 32% | ETA 3.0h
step 26130/32348 81% [main] | loss 2.140 | lr 1.00e-02 | gnorm 0.77 | 23.97B tok | 77K tok/s/gpu | MFU 32% | ETA 3.0h
step 26140/32348 81% [main] | loss 1.469 | lr 1.00e-02 | gnorm 0.76 | 23.98B tok | 77K tok/s/gpu | MFU 32% | ETA 2.9h
step 26150/32348 81% [main] | loss 1.712 | lr 1.00e-02 | gnorm 1.11 | 23.99B tok | 77K tok/s/gpu | MFU 32% | ETA 2.9h
step 26160/32348 81% [main] | loss 1.598 | lr 1.00e-02 | gnorm 0.86 | 24.00B tok | 77K tok/s/gpu | MFU 32% | ETA 2.9h
step 26170/32348 81% [main] | loss 1.890 | lr 1.00e-02 | gnorm 0.73 | 24.01B tok | 77K tok/s/gpu | MFU 32% | ETA 2.9h
step 26180/32348 81% [main] | loss 1.705 | lr 1.00e-02 | gnorm 0.75 | 24.02B tok | 77K tok/s/gpu | MFU 32% | ETA 2.9h
step 26190/32348 81% [main] | loss 1.804 | lr 1.00e-02 | gnorm 0.72 | 24.03B tok | 77K tok/s/gpu | MFU 32% | ETA 2.9h
step 26200/32348 81% [main] | loss 1.783 | lr 1.00e-02 | gnorm 0.76 | 24.04B tok | 74K tok/s/gpu | MFU 31% | ETA 3.0h
step 26210/32348 81% [main] | loss 1.795 | lr 1.00e-02 | gnorm 0.72 | 24.05B tok | 77K tok/s/gpu | MFU 32% | ETA 2.9h
step 26220/32348 81% [main] | loss 1.529 | lr 1.00e-02 | gnorm 0.65 | 24.06B tok | 77K tok/s/gpu | MFU 32% | ETA 2.9h
step 26230/32348 81% [main] | loss 2.063 | lr 1.00e-02 | gnorm 0.82 | 24.07B tok | 77K tok/s/gpu | MFU 32% | ETA 2.9h
step 26240/32348 81% [main] | loss 1.594 | lr 1.00e-02 | gnorm 1.26 | 24.08B tok | 77K tok/s/gpu | MFU 32% | ETA 2.9h
step 26250/32348 81% [main] | loss 2.124 | lr 1.00e-02 | gnorm 1.40 | 24.08B tok | 77K tok/s/gpu | MFU 32% | ETA 2.9h
step 26260/32348 81% [main] | loss 1.451 | lr 1.00e-02 | gnorm 0.66 | 24.09B tok | 77K tok/s/gpu | MFU 32% | ETA 2.9h
step 26270/32348 81% [main] | loss 2.155 | lr 1.00e-02 | gnorm 0.67 | 24.10B tok | 77K tok/s/gpu | MFU 32% | ETA 2.9h
step 26280/32348 81% [main] | loss 1.903 | lr 1.00e-02 | gnorm 0.75 | 24.11B tok | 76K tok/s/gpu | MFU 32% | ETA 2.9h
step 26290/32348 81% [main] | loss 2.185 | lr 1.00e-02 | gnorm 0.67 | 24.12B tok | 77K tok/s/gpu | MFU 32% | ETA 2.9h
step 26300/32348 81% [main] | loss 1.883 | lr 1.00e-02 | gnorm 0.83 | 24.13B tok | 77K tok/s/gpu | MFU 32% | ETA 2.9h
step 26310/32348 81% [main] | loss 1.538 | lr 1.00e-02 | gnorm 0.93 | 24.14B tok | 77K tok/s/gpu | MFU 32% | ETA 2.9h
step 26320/32348 81% [main] | loss 1.550 | lr 1.00e-02 | gnorm 1.27 | 24.15B tok | 77K tok/s/gpu | MFU 32% | ETA 2.9h
step 26330/32348 81% [main] | loss 1.681 | lr 1.00e-02 | gnorm 0.86 | 24.16B tok | 77K tok/s/gpu | MFU 32% | ETA 2.9h
step 26340/32348 81% [main] | loss 1.696 | lr 1.00e-02 | gnorm 0.65 | 24.17B tok | 76K tok/s/gpu | MFU 32% | ETA 2.9h
step 26350/32348 81% [main] | loss 1.742 | lr 1.00e-02 | gnorm 1.07 | 24.18B tok | 77K tok/s/gpu | MFU 32% | ETA 2.9h
step 26360/32348 81% [main] | loss 2.076 | lr 1.00e-02 | gnorm 0.81 | 24.19B tok | 75K tok/s/gpu | MFU 31% | ETA 2.9h
step 26370/32348 82% [main] | loss 1.855 | lr 1.00e-02 | gnorm 0.69 | 24.19B tok | 77K tok/s/gpu | MFU 32% | ETA 2.8h
step 26380/32348 82% [main] | loss 1.588 | lr 1.00e-02 | gnorm 0.71 | 24.20B tok | 77K tok/s/gpu | MFU 32% | ETA 2.8h
step 26390/32348 82% [main] | loss 1.776 | lr 1.00e-02 | gnorm 0.80 | 24.21B tok | 77K tok/s/gpu | MFU 32% | ETA 2.8h
step 26400/32348 82% [main] | loss 1.897 | lr 1.00e-02 | gnorm 0.81 | 24.22B tok | 74K tok/s/gpu | MFU 31% | ETA 2.9h
step 26410/32348 82% [main] | loss 1.475 | lr 1.00e-02 | gnorm 0.80 | 24.23B tok | 77K tok/s/gpu | MFU 32% | ETA 2.8h
step 26420/32348 82% [main] | loss 1.933 | lr 1.00e-02 | gnorm 0.77 | 24.24B tok | 77K tok/s/gpu | MFU 32% | ETA 2.8h
step 26430/32348 82% [main] | loss 1.534 | lr 1.00e-02 | gnorm 0.79 | 24.25B tok | 77K tok/s/gpu | MFU 32% | ETA 2.8h
step 26440/32348 82% [main] | loss 1.800 | lr 1.00e-02 | gnorm 0.69 | 24.26B tok | 77K tok/s/gpu | MFU 32% | ETA 2.8h
step 26450/32348 82% [main] | loss 1.823 | lr 1.00e-02 | gnorm 0.89 | 24.27B tok | 77K tok/s/gpu | MFU 32% | ETA 2.8h
step 26460/32348 82% [main] | loss 1.773 | lr 1.00e-02 | gnorm 0.80 | 24.28B tok | 74K tok/s/gpu | MFU 31% | ETA 2.9h
step 26470/32348 82% [main] | loss 1.398 | lr 1.00e-02 | gnorm 0.88 | 24.29B tok | 77K tok/s/gpu | MFU 32% | ETA 2.8h
step 26480/32348 82% [main] | loss 1.546 | lr 1.00e-02 | gnorm 0.70 | 24.30B tok | 77K tok/s/gpu | MFU 32% | ETA 2.8h
step 26490/32348 82% [main] | loss 1.894 | lr 1.00e-02 | gnorm 0.77 | 24.30B tok | 77K tok/s/gpu | MFU 32% | ETA 2.8h
roller: keeping ckpt_pretrain_30b_s2.pt.step17500 -- pinned
roller: keeping ckpt_pretrain_30b_s2.pt.step24000 -- pinned
step 26500/32348 val 2.085
step 26500/32348 82% [main] | loss 1.509 | lr 1.00e-02 | gnorm 0.69 | 24.31B tok | 53K tok/s/gpu | MFU 22% | ETA 4.0h
step 26510/32348 82% [main] | loss 1.623 | lr 1.00e-02 | gnorm 0.72 | 24.32B tok | 77K tok/s/gpu | MFU 32% | ETA 2.8h
step 26520/32348 82% [main] | loss 1.378 | lr 1.00e-02 | gnorm 0.69 | 24.33B tok | 77K tok/s/gpu | MFU 32% | ETA 2.8h
step 26530/32348 82% [main] | loss 1.928 | lr 1.00e-02 | gnorm 0.69 | 24.34B tok | 75K tok/s/gpu | MFU 31% | ETA 2.8h
step 26540/32348 82% [main] | loss 1.656 | lr 1.00e-02 | gnorm 0.70 | 24.35B tok | 77K tok/s/gpu | MFU 32% | ETA 2.8h
step 26550/32348 82% [main] | loss 1.684 | lr 1.00e-02 | gnorm 0.72 | 24.36B tok | 77K tok/s/gpu | MFU 32% | ETA 2.8h
step 26560/32348 82% [main] | loss 1.749 | lr 1.00e-02 | gnorm 0.62 | 24.37B tok | 77K tok/s/gpu | MFU 32% | ETA 2.7h
step 26570/32348 82% [main] | loss 1.660 | lr 1.00e-02 | gnorm 0.71 | 24.38B tok | 77K tok/s/gpu | MFU 32% | ETA 2.7h
step 26580/32348 82% [main] | loss 1.514 | lr 1.00e-02 | gnorm 0.70 | 24.39B tok | 77K tok/s/gpu | MFU 32% | ETA 2.7h
step 26590/32348 82% [main] | loss 1.704 | lr 1.00e-02 | gnorm 0.90 | 24.40B tok | 77K tok/s/gpu | MFU 32% | ETA 2.7h
step 26600/32348 82% [main] | loss 1.817 | lr 1.00e-02 | gnorm 1.34 | 24.41B tok | 74K tok/s/gpu | MFU 31% | ETA 2.8h
step 26610/32348 82% [main] | loss 1.668 | lr 1.00e-02 | gnorm 0.89 | 24.41B tok | 77K tok/s/gpu | MFU 32% | ETA 2.7h
step 26620/32348 82% [main] | loss 1.732 | lr 1.00e-02 | gnorm 0.86 | 24.42B tok | 77K tok/s/gpu | MFU 32% | ETA 2.7h
step 26630/32348 82% [main] | loss 1.747 | lr 1.00e-02 | gnorm 0.68 | 24.43B tok | 77K tok/s/gpu | MFU 32% | ETA 2.7h
step 26640/32348 82% [main] | loss 1.451 | lr 1.00e-02 | gnorm 0.88 | 24.44B tok | 77K tok/s/gpu | MFU 32% | ETA 2.7h
step 26650/32348 82% [main] | loss 1.772 | lr 1.00e-02 | gnorm 0.70 | 24.45B tok | 77K tok/s/gpu | MFU 32% | ETA 2.7h
step 26660/32348 82% [main] | loss 1.747 | lr 1.00e-02 | gnorm 0.75 | 24.46B tok | 77K tok/s/gpu | MFU 32% | ETA 2.7h
step 26670/32348 82% [main] | loss 1.935 | lr 1.00e-02 | gnorm 0.68 | 24.47B tok | 77K tok/s/gpu | MFU 32% | ETA 2.7h
step 26680/32348 82% [main] | loss 1.763 | lr 1.00e-02 | gnorm 0.67 | 24.48B tok | 77K tok/s/gpu | MFU 32% | ETA 2.7h
step 26690/32348 83% [main] | loss 1.625 | lr 1.00e-02 | gnorm 0.72 | 24.49B tok | 77K tok/s/gpu | MFU 32% | ETA 2.7h
step 26700/32348 83% [main] | loss 1.784 | lr 1.00e-02 | gnorm 0.73 | 24.50B tok | 77K tok/s/gpu | MFU 32% | ETA 2.7h
step 26710/32348 83% [main] | loss 1.467 | lr 1.00e-02 | gnorm 0.70 | 24.51B tok | 77K tok/s/gpu | MFU 32% | ETA 2.7h
step 26720/32348 83% [main] | loss 1.884 | lr 1.00e-02 | gnorm 0.68 | 24.52B tok | 77K tok/s/gpu | MFU 32% | ETA 2.7h
W0901 05:15:12.046000 1104436 torch/distributed/elastic/agent/server/api.py:739] Received 15 death signal, shutting down workers
W0901 05:15:12.046000 1104436 torch/distributed/elastic/multiprocessing/api.py:1012] Sending process 1104503 closing signal SIGTERM
W0901 05:15:12.061000 1104436 torch/distributed/elastic/multiprocessing/api.py:1012] Sending process 1104504 closing signal SIGTERM
W0901 05:15:12.085000 1104436 torch/distributed/elastic/multiprocessing/api.py:1012] Sending process 1104505 closing signal SIGTERM
W0901 05:15:12.106000 1104436 torch/distributed/elastic/multiprocessing/api.py:1012] Sending process 1104506 closing signal SIGTERM
W0901 05:15:12.117000 1104436 torch/distributed/elastic/multiprocessing/api.py:1012] Sending process 1104507 closing signal SIGTERM
W0901 05:15:12.125000 1104436 torch/distributed/elastic/multiprocessing/api.py:1012] Sending process 1104508 closing signal SIGTERM
W0901 05:15:12.170000 1104436 torch/distributed/elastic/multiprocessing/api.py:1012] Sending process 1104509 closing signal SIGTERM
