W0831 12:45:05.247000 838315 torch/distributed/run.py:851] 
W0831 12:45:05.247000 838315 torch/distributed/run.py:851] *****************************************
W0831 12:45:05.247000 838315 torch/distributed/run.py:851] Setting OMP_NUM_THREADS environment variable for each process to be 1 in default, to avoid your system being overloaded, please further tune the variable for optimal performance in your application as needed. 
W0831 12:45:05.247000 838315 torch/distributed/run.py:851] *****************************************
corpus_fp: {'en_c4': '225e0de8caced5f4', 'cot': '388496b76ed9bf88', 'math_owm': '580e04daf8376488', 'zh_web': 'a0d44fc44a289d60', 'textbook_30b': '3f237c5191cb8571', 'wiki_chat': 'b864d32f9452a7c8', 'code_rp1t': 'd8b9b18ba080f487'}
/usr/local/lib/python3.12/dist-packages/torch/distributed/c10d_logger.py:83: UserWarning: barrier(): using the device under current context. You can specify `device_id` in `init_process_group` to mute this warning.
  return func(*args, **kwargs)
[rank0]:[W831 12:45:22.519770823 ProcessGroupNCCL.cpp:5188] Guessing device ID based on global rank. This can cause a hang if rank to GPU mapping is heterogeneous. You can specify device_id in init_process_group()
mix: cot weight wants 310546 rows, epoch cap leaves 295512 -> capped
mix: en_c4 768566 rows = 0.66 epochs
mix: cot 295512 rows = 3.00 epochs
mix: math_owm 671374 rows = 0.69 epochs
mix: zh_web 402832 rows = 0.08 epochs
mix: textbook_30b 122058 rows = 0.31 epochs
mix: wiki_chat 24426 rows = 0.37 epochs
mix: code_rp1t 1362304 rows = 0.74 epochs
mix: 3647072 rows = 14.94B tokens scheduled
FP8 compute enabled
params 206.1M | tokens 521010 | seqs 521010 | device cuda:0 | world 7 | fa True | fp8 True
cfg batch 16 accum 2 seq 4096 grad_ckpt False doc_mask True attn_res True/0 softcap 15.0 warmup 300 epochs 1 lr_scale 1.0 mix data/mix_15b_stage1.json fone False
dynamo cache_size_limit=64 (need 25)
[rank4]:W0831 12:48:22.078000 838385 torch/_logging/_internal.py:1279] [0/0] Profiler record function <class 'torch.autograd.profiler.record_function'> will be ignored
[rank1]:W0831 12:48:22.079000 838382 torch/_logging/_internal.py:1279] [0/0] Profiler record function <class 'torch.autograd.profiler.record_function'> will be ignored
[rank5]:W0831 12:48:22.079000 838386 torch/_logging/_internal.py:1279] [0/0] Profiler record function <class 'torch.autograd.profiler.record_function'> will be ignored
[rank2]:W0831 12:48:22.079000 838383 torch/_logging/_internal.py:1279] [0/0] Profiler record function <class 'torch.autograd.profiler.record_function'> will be ignored
[rank6]:W0831 12:48:22.079000 838387 torch/_logging/_internal.py:1279] [0/0] Profiler record function <class 'torch.autograd.profiler.record_function'> will be ignored
[rank3]:W0831 12:48:22.080000 838384 torch/_logging/_internal.py:1279] [0/0] Profiler record function <class 'torch.autograd.profiler.record_function'> will be ignored
[rank0]:W0831 12:48:22.080000 838381 torch/_logging/_internal.py:1279] [0/0] Profiler record function <class 'torch.autograd.profiler.record_function'> will be ignored
/usr/local/lib/python3.12/dist-packages/torch/_dynamo/variables/functions.py:2202: UserWarning: Dynamo detected a call to a `functools.lru_cache`-wrapped function at 'interface.py:424'. Dynamo ignores the cache wrapper and directly traces the wrapped function. Silent incorrectness is only a *potential* risk, not something we have observed. Enable TORCH_LOGS=+dynamo for a DEBUG stack trace.

This call originates from:
  File "/usr/local/lib/python3.12/dist-packages/flash_attn/cute/interface.py", line 424, in torch_dynamo_resume_in__flash_attn_fwd_at_406
    arch = _get_device_arch() if _arch is None else _arch

  torch._dynamo.utils.warn_once(msg)
/usr/local/lib/python3.12/dist-packages/torch/_dynamo/variables/functions.py:2202: UserWarning: Dynamo detected a call to a `functools.lru_cache`-wrapped function at 'interface.py:424'. Dynamo ignores the cache wrapper and directly traces the wrapped function. Silent incorrectness is only a *potential* risk, not something we have observed. Enable TORCH_LOGS=+dynamo for a DEBUG stack trace.

This call originates from:
  File "/usr/local/lib/python3.12/dist-packages/flash_attn/cute/interface.py", line 424, in torch_dynamo_resume_in__flash_attn_fwd_at_406
    arch = _get_device_arch() if _arch is None else _arch

  torch._dynamo.utils.warn_once(msg)
/usr/local/lib/python3.12/dist-packages/torch/_dynamo/variables/functions.py:2202: UserWarning: Dynamo detected a call to a `functools.lru_cache`-wrapped function at 'interface.py:424'. Dynamo ignores the cache wrapper and directly traces the wrapped function. Silent incorrectness is only a *potential* risk, not something we have observed. Enable TORCH_LOGS=+dynamo for a DEBUG stack trace.

This call originates from:
  File "/usr/local/lib/python3.12/dist-packages/flash_attn/cute/interface.py", line 424, in torch_dynamo_resume_in__flash_attn_fwd_at_406
    arch = _get_device_arch() if _arch is None else _arch

  torch._dynamo.utils.warn_once(msg)
/usr/local/lib/python3.12/dist-packages/torch/_dynamo/variables/functions.py:2202: UserWarning: Dynamo detected a call to a `functools.lru_cache`-wrapped function at 'interface.py:424'. Dynamo ignores the cache wrapper and directly traces the wrapped function. Silent incorrectness is only a *potential* risk, not something we have observed. Enable TORCH_LOGS=+dynamo for a DEBUG stack trace.

This call originates from:
  File "/usr/local/lib/python3.12/dist-packages/flash_attn/cute/interface.py", line 424, in torch_dynamo_resume_in__flash_attn_fwd_at_406
    arch = _get_device_arch() if _arch is None else _arch

  torch._dynamo.utils.warn_once(msg)
/usr/local/lib/python3.12/dist-packages/torch/_dynamo/variables/functions.py:2202: UserWarning: Dynamo detected a call to a `functools.lru_cache`-wrapped function at 'interface.py:424'. Dynamo ignores the cache wrapper and directly traces the wrapped function. Silent incorrectness is only a *potential* risk, not something we have observed. Enable TORCH_LOGS=+dynamo for a DEBUG stack trace.

This call originates from:
  File "/usr/local/lib/python3.12/dist-packages/flash_attn/cute/interface.py", line 424, in torch_dynamo_resume_in__flash_attn_fwd_at_406
    arch = _get_device_arch() if _arch is None else _arch

  torch._dynamo.utils.warn_once(msg)
/usr/local/lib/python3.12/dist-packages/torch/_dynamo/variables/functions.py:2202: UserWarning: Dynamo detected a call to a `functools.lru_cache`-wrapped function at 'interface.py:424'. Dynamo ignores the cache wrapper and directly traces the wrapped function. Silent incorrectness is only a *potential* risk, not something we have observed. Enable TORCH_LOGS=+dynamo for a DEBUG stack trace.

This call originates from:
  File "/usr/local/lib/python3.12/dist-packages/flash_attn/cute/interface.py", line 424, in torch_dynamo_resume_in__flash_attn_fwd_at_406
    arch = _get_device_arch() if _arch is None else _arch

  torch._dynamo.utils.warn_once(msg)
/usr/local/lib/python3.12/dist-packages/torch/_dynamo/variables/functions.py:2202: UserWarning: Dynamo detected a call to a `functools.lru_cache`-wrapped function at 'interface.py:424'. Dynamo ignores the cache wrapper and directly traces the wrapped function. Silent incorrectness is only a *potential* risk, not something we have observed. Enable TORCH_LOGS=+dynamo for a DEBUG stack trace.

This call originates from:
  File "/usr/local/lib/python3.12/dist-packages/flash_attn/cute/interface.py", line 424, in torch_dynamo_resume_in__flash_attn_fwd_at_406
    arch = _get_device_arch() if _arch is None else _arch

  torch._dynamo.utils.warn_once(msg)
/usr/local/lib/python3.12/dist-packages/torch/_dynamo/variables/functions.py:2082: UserWarning: Dynamo does not know how to trace the builtin `<unknown module>.DLTensorWrapper.__new__.` This function is either a Python builtin (e.g. _warnings.warn) or a third-party C/C++ Python extension (perhaps created with pybind).
If it is a Python builtin, please file an issue on GitHub so the PyTorch team can add support for it and see the next case for a workaround.
If it is a third-party C/C++ Python extension, please either wrap it into a PyTorch-understood custom operator (see https://pytorch.org/tutorials/advanced/custom_ops_landing_page.html for more details) or, if it is traceable, use `torch.compiler.allow_in_graph`.
  torch._dynamo.utils.warn_once(explanation + "\n" + "\n".join(hints))
/usr/local/lib/python3.12/dist-packages/torch/_dynamo/variables/functions.py:2082: UserWarning: Dynamo does not know how to trace the builtin `<unknown module>.DLTensorWrapper.__new__.` This function is either a Python builtin (e.g. _warnings.warn) or a third-party C/C++ Python extension (perhaps created with pybind).
If it is a Python builtin, please file an issue on GitHub so the PyTorch team can add support for it and see the next case for a workaround.
If it is a third-party C/C++ Python extension, please either wrap it into a PyTorch-understood custom operator (see https://pytorch.org/tutorials/advanced/custom_ops_landing_page.html for more details) or, if it is traceable, use `torch.compiler.allow_in_graph`.
  torch._dynamo.utils.warn_once(explanation + "\n" + "\n".join(hints))
/usr/local/lib/python3.12/dist-packages/torch/_dynamo/variables/functions.py:2082: UserWarning: Dynamo does not know how to trace the builtin `<unknown module>.DLTensorWrapper.__new__.` This function is either a Python builtin (e.g. _warnings.warn) or a third-party C/C++ Python extension (perhaps created with pybind).
If it is a Python builtin, please file an issue on GitHub so the PyTorch team can add support for it and see the next case for a workaround.
If it is a third-party C/C++ Python extension, please either wrap it into a PyTorch-understood custom operator (see https://pytorch.org/tutorials/advanced/custom_ops_landing_page.html for more details) or, if it is traceable, use `torch.compiler.allow_in_graph`.
  torch._dynamo.utils.warn_once(explanation + "\n" + "\n".join(hints))
/usr/local/lib/python3.12/dist-packages/torch/_dynamo/variables/functions.py:2082: UserWarning: Dynamo does not know how to trace the builtin `<unknown module>.DLTensorWrapper.__new__.` This function is either a Python builtin (e.g. _warnings.warn) or a third-party C/C++ Python extension (perhaps created with pybind).
If it is a Python builtin, please file an issue on GitHub so the PyTorch team can add support for it and see the next case for a workaround.
If it is a third-party C/C++ Python extension, please either wrap it into a PyTorch-understood custom operator (see https://pytorch.org/tutorials/advanced/custom_ops_landing_page.html for more details) or, if it is traceable, use `torch.compiler.allow_in_graph`.
  torch._dynamo.utils.warn_once(explanation + "\n" + "\n".join(hints))
/usr/local/lib/python3.12/dist-packages/torch/_dynamo/variables/functions.py:2082: UserWarning: Dynamo does not know how to trace the builtin `<unknown module>.DLTensorWrapper.__new__.` This function is either a Python builtin (e.g. _warnings.warn) or a third-party C/C++ Python extension (perhaps created with pybind).
If it is a Python builtin, please file an issue on GitHub so the PyTorch team can add support for it and see the next case for a workaround.
If it is a third-party C/C++ Python extension, please either wrap it into a PyTorch-understood custom operator (see https://pytorch.org/tutorials/advanced/custom_ops_landing_page.html for more details) or, if it is traceable, use `torch.compiler.allow_in_graph`.
  torch._dynamo.utils.warn_once(explanation + "\n" + "\n".join(hints))
/usr/local/lib/python3.12/dist-packages/torch/_dynamo/variables/functions.py:2082: UserWarning: Dynamo does not know how to trace the builtin `<unknown module>.DLTensorWrapper.__new__.` This function is either a Python builtin (e.g. _warnings.warn) or a third-party C/C++ Python extension (perhaps created with pybind).
If it is a Python builtin, please file an issue on GitHub so the PyTorch team can add support for it and see the next case for a workaround.
If it is a third-party C/C++ Python extension, please either wrap it into a PyTorch-understood custom operator (see https://pytorch.org/tutorials/advanced/custom_ops_landing_page.html for more details) or, if it is traceable, use `torch.compiler.allow_in_graph`.
  torch._dynamo.utils.warn_once(explanation + "\n" + "\n".join(hints))
/usr/local/lib/python3.12/dist-packages/torch/_dynamo/variables/functions.py:2082: UserWarning: Dynamo does not know how to trace the builtin `<unknown module>.DLTensorWrapper.__new__.` This function is either a Python builtin (e.g. _warnings.warn) or a third-party C/C++ Python extension (perhaps created with pybind).
If it is a Python builtin, please file an issue on GitHub so the PyTorch team can add support for it and see the next case for a workaround.
If it is a third-party C/C++ Python extension, please either wrap it into a PyTorch-understood custom operator (see https://pytorch.org/tutorials/advanced/custom_ops_landing_page.html for more details) or, if it is traceable, use `torch.compiler.allow_in_graph`.
  torch._dynamo.utils.warn_once(explanation + "\n" + "\n".join(hints))
/usr/local/lib/python3.12/dist-packages/torch/_dynamo/variables/functions.py:2082: UserWarning: Dynamo does not know how to trace the builtin `sys._getframe.` This function is either a Python builtin (e.g. _warnings.warn) or a third-party C/C++ Python extension (perhaps created with pybind).
If it is a Python builtin, please file an issue on GitHub so the PyTorch team can add support for it and see the next case for a workaround.
If it is a third-party C/C++ Python extension, please either wrap it into a PyTorch-understood custom operator (see https://pytorch.org/tutorials/advanced/custom_ops_landing_page.html for more details) or, if it is traceable, use `torch.compiler.allow_in_graph`.
  torch._dynamo.utils.warn_once(explanation + "\n" + "\n".join(hints))
/usr/local/lib/python3.12/dist-packages/torch/_dynamo/variables/functions.py:2082: UserWarning: Dynamo does not know how to trace the builtin `sys._getframe.` This function is either a Python builtin (e.g. _warnings.warn) or a third-party C/C++ Python extension (perhaps created with pybind).
If it is a Python builtin, please file an issue on GitHub so the PyTorch team can add support for it and see the next case for a workaround.
If it is a third-party C/C++ Python extension, please either wrap it into a PyTorch-understood custom operator (see https://pytorch.org/tutorials/advanced/custom_ops_landing_page.html for more details) or, if it is traceable, use `torch.compiler.allow_in_graph`.
  torch._dynamo.utils.warn_once(explanation + "\n" + "\n".join(hints))
/usr/local/lib/python3.12/dist-packages/torch/_dynamo/variables/functions.py:2082: UserWarning: Dynamo does not know how to trace the builtin `sys._getframe.` This function is either a Python builtin (e.g. _warnings.warn) or a third-party C/C++ Python extension (perhaps created with pybind).
If it is a Python builtin, please file an issue on GitHub so the PyTorch team can add support for it and see the next case for a workaround.
If it is a third-party C/C++ Python extension, please either wrap it into a PyTorch-understood custom operator (see https://pytorch.org/tutorials/advanced/custom_ops_landing_page.html for more details) or, if it is traceable, use `torch.compiler.allow_in_graph`.
  torch._dynamo.utils.warn_once(explanation + "\n" + "\n".join(hints))
/usr/local/lib/python3.12/dist-packages/torch/_dynamo/variables/functions.py:2082: UserWarning: Dynamo does not know how to trace the builtin `sys._getframe.` This function is either a Python builtin (e.g. _warnings.warn) or a third-party C/C++ Python extension (perhaps created with pybind).
If it is a Python builtin, please file an issue on GitHub so the PyTorch team can add support for it and see the next case for a workaround.
If it is a third-party C/C++ Python extension, please either wrap it into a PyTorch-understood custom operator (see https://pytorch.org/tutorials/advanced/custom_ops_landing_page.html for more details) or, if it is traceable, use `torch.compiler.allow_in_graph`.
  torch._dynamo.utils.warn_once(explanation + "\n" + "\n".join(hints))
/usr/local/lib/python3.12/dist-packages/torch/_dynamo/variables/functions.py:2082: UserWarning: Dynamo does not know how to trace the builtin `<unknown module>.BF16Type.__new__.` This function is either a Python builtin (e.g. _warnings.warn) or a third-party C/C++ Python extension (perhaps created with pybind).
If it is a Python builtin, please file an issue on GitHub so the PyTorch team can add support for it and see the next case for a workaround.
If it is a third-party C/C++ Python extension, please either wrap it into a PyTorch-understood custom operator (see https://pytorch.org/tutorials/advanced/custom_ops_landing_page.html for more details) or, if it is traceable, use `torch.compiler.allow_in_graph`.
  torch._dynamo.utils.warn_once(explanation + "\n" + "\n".join(hints))
/usr/local/lib/python3.12/dist-packages/torch/_dynamo/variables/functions.py:2082: UserWarning: Dynamo does not know how to trace the builtin `<unknown module>.BF16Type.__new__.` This function is either a Python builtin (e.g. _warnings.warn) or a third-party C/C++ Python extension (perhaps created with pybind).
If it is a Python builtin, please file an issue on GitHub so the PyTorch team can add support for it and see the next case for a workaround.
If it is a third-party C/C++ Python extension, please either wrap it into a PyTorch-understood custom operator (see https://pytorch.org/tutorials/advanced/custom_ops_landing_page.html for more details) or, if it is traceable, use `torch.compiler.allow_in_graph`.
  torch._dynamo.utils.warn_once(explanation + "\n" + "\n".join(hints))
/usr/local/lib/python3.12/dist-packages/torch/_dynamo/variables/functions.py:2082: UserWarning: Dynamo does not know how to trace the builtin `<unknown module>.BF16Type.__new__.` This function is either a Python builtin (e.g. _warnings.warn) or a third-party C/C++ Python extension (perhaps created with pybind).
If it is a Python builtin, please file an issue on GitHub so the PyTorch team can add support for it and see the next case for a workaround.
If it is a third-party C/C++ Python extension, please either wrap it into a PyTorch-understood custom operator (see https://pytorch.org/tutorials/advanced/custom_ops_landing_page.html for more details) or, if it is traceable, use `torch.compiler.allow_in_graph`.
  torch._dynamo.utils.warn_once(explanation + "\n" + "\n".join(hints))
/usr/local/lib/python3.12/dist-packages/torch/_dynamo/variables/functions.py:2082: UserWarning: Dynamo does not know how to trace the builtin `<unknown module>.BF16Type.__new__.` This function is either a Python builtin (e.g. _warnings.warn) or a third-party C/C++ Python extension (perhaps created with pybind).
If it is a Python builtin, please file an issue on GitHub so the PyTorch team can add support for it and see the next case for a workaround.
If it is a third-party C/C++ Python extension, please either wrap it into a PyTorch-understood custom operator (see https://pytorch.org/tutorials/advanced/custom_ops_landing_page.html for more details) or, if it is traceable, use `torch.compiler.allow_in_graph`.
  torch._dynamo.utils.warn_once(explanation + "\n" + "\n".join(hints))
/usr/local/lib/python3.12/dist-packages/torch/_dynamo/variables/functions.py:2082: UserWarning: Dynamo does not know how to trace the builtin `<unknown module>.IntegerType.__new__.` This function is either a Python builtin (e.g. _warnings.warn) or a third-party C/C++ Python extension (perhaps created with pybind).
If it is a Python builtin, please file an issue on GitHub so the PyTorch team can add support for it and see the next case for a workaround.
If it is a third-party C/C++ Python extension, please either wrap it into a PyTorch-understood custom operator (see https://pytorch.org/tutorials/advanced/custom_ops_landing_page.html for more details) or, if it is traceable, use `torch.compiler.allow_in_graph`.
  torch._dynamo.utils.warn_once(explanation + "\n" + "\n".join(hints))
/usr/local/lib/python3.12/dist-packages/torch/_dynamo/variables/functions.py:2082: UserWarning: Dynamo does not know how to trace the builtin `<unknown module>.IntegerType.__new__.` This function is either a Python builtin (e.g. _warnings.warn) or a third-party C/C++ Python extension (perhaps created with pybind).
If it is a Python builtin, please file an issue on GitHub so the PyTorch team can add support for it and see the next case for a workaround.
If it is a third-party C/C++ Python extension, please either wrap it into a PyTorch-understood custom operator (see https://pytorch.org/tutorials/advanced/custom_ops_landing_page.html for more details) or, if it is traceable, use `torch.compiler.allow_in_graph`.
  torch._dynamo.utils.warn_once(explanation + "\n" + "\n".join(hints))
/usr/local/lib/python3.12/dist-packages/torch/_dynamo/variables/functions.py:2082: UserWarning: Dynamo does not know how to trace the builtin `<unknown module>.IntegerType.__new__.` This function is either a Python builtin (e.g. _warnings.warn) or a third-party C/C++ Python extension (perhaps created with pybind).
If it is a Python builtin, please file an issue on GitHub so the PyTorch team can add support for it and see the next case for a workaround.
If it is a third-party C/C++ Python extension, please either wrap it into a PyTorch-understood custom operator (see https://pytorch.org/tutorials/advanced/custom_ops_landing_page.html for more details) or, if it is traceable, use `torch.compiler.allow_in_graph`.
  torch._dynamo.utils.warn_once(explanation + "\n" + "\n".join(hints))
/usr/local/lib/python3.12/dist-packages/torch/_dynamo/variables/functions.py:2082: UserWarning: Dynamo does not know how to trace the builtin `sys._getframe.` This function is either a Python builtin (e.g. _warnings.warn) or a third-party C/C++ Python extension (perhaps created with pybind).
If it is a Python builtin, please file an issue on GitHub so the PyTorch team can add support for it and see the next case for a workaround.
If it is a third-party C/C++ Python extension, please either wrap it into a PyTorch-understood custom operator (see https://pytorch.org/tutorials/advanced/custom_ops_landing_page.html for more details) or, if it is traceable, use `torch.compiler.allow_in_graph`.
  torch._dynamo.utils.warn_once(explanation + "\n" + "\n".join(hints))
/usr/local/lib/python3.12/dist-packages/torch/_dynamo/variables/functions.py:2082: UserWarning: Dynamo does not know how to trace the builtin `sys._getframe.` This function is either a Python builtin (e.g. _warnings.warn) or a third-party C/C++ Python extension (perhaps created with pybind).
If it is a Python builtin, please file an issue on GitHub so the PyTorch team can add support for it and see the next case for a workaround.
If it is a third-party C/C++ Python extension, please either wrap it into a PyTorch-understood custom operator (see https://pytorch.org/tutorials/advanced/custom_ops_landing_page.html for more details) or, if it is traceable, use `torch.compiler.allow_in_graph`.
  torch._dynamo.utils.warn_once(explanation + "\n" + "\n".join(hints))
/usr/local/lib/python3.12/dist-packages/torch/_dynamo/variables/functions.py:2082: UserWarning: Dynamo does not know how to trace the builtin `<unknown module>.IntegerType.__new__.` This function is either a Python builtin (e.g. _warnings.warn) or a third-party C/C++ Python extension (perhaps created with pybind).
If it is a Python builtin, please file an issue on GitHub so the PyTorch team can add support for it and see the next case for a workaround.
If it is a third-party C/C++ Python extension, please either wrap it into a PyTorch-understood custom operator (see https://pytorch.org/tutorials/advanced/custom_ops_landing_page.html for more details) or, if it is traceable, use `torch.compiler.allow_in_graph`.
  torch._dynamo.utils.warn_once(explanation + "\n" + "\n".join(hints))
/usr/local/lib/python3.12/dist-packages/torch/_dynamo/variables/functions.py:2082: UserWarning: Dynamo does not know how to trace the builtin `<unknown module>.OpView.__new__.` This function is either a Python builtin (e.g. _warnings.warn) or a third-party C/C++ Python extension (perhaps created with pybind).
If it is a Python builtin, please file an issue on GitHub so the PyTorch team can add support for it and see the next case for a workaround.
If it is a third-party C/C++ Python extension, please either wrap it into a PyTorch-understood custom operator (see https://pytorch.org/tutorials/advanced/custom_ops_landing_page.html for more details) or, if it is traceable, use `torch.compiler.allow_in_graph`.
  torch._dynamo.utils.warn_once(explanation + "\n" + "\n".join(hints))
/usr/local/lib/python3.12/dist-packages/torch/_dynamo/variables/functions.py:2082: UserWarning: Dynamo does not know how to trace the builtin `<unknown module>.OpView.__new__.` This function is either a Python builtin (e.g. _warnings.warn) or a third-party C/C++ Python extension (perhaps created with pybind).
If it is a Python builtin, please file an issue on GitHub so the PyTorch team can add support for it and see the next case for a workaround.
If it is a third-party C/C++ Python extension, please either wrap it into a PyTorch-understood custom operator (see https://pytorch.org/tutorials/advanced/custom_ops_landing_page.html for more details) or, if it is traceable, use `torch.compiler.allow_in_graph`.
  torch._dynamo.utils.warn_once(explanation + "\n" + "\n".join(hints))
/usr/local/lib/python3.12/dist-packages/torch/_dynamo/variables/functions.py:2082: UserWarning: Dynamo does not know how to trace the builtin `<unknown module>.OpView.__new__.` This function is either a Python builtin (e.g. _warnings.warn) or a third-party C/C++ Python extension (perhaps created with pybind).
If it is a Python builtin, please file an issue on GitHub so the PyTorch team can add support for it and see the next case for a workaround.
If it is a third-party C/C++ Python extension, please either wrap it into a PyTorch-understood custom operator (see https://pytorch.org/tutorials/advanced/custom_ops_landing_page.html for more details) or, if it is traceable, use `torch.compiler.allow_in_graph`.
  torch._dynamo.utils.warn_once(explanation + "\n" + "\n".join(hints))
/usr/local/lib/python3.12/dist-packages/torch/_dynamo/variables/functions.py:2082: UserWarning: Dynamo does not know how to trace the builtin `sys._getframe.` This function is either a Python builtin (e.g. _warnings.warn) or a third-party C/C++ Python extension (perhaps created with pybind).
If it is a Python builtin, please file an issue on GitHub so the PyTorch team can add support for it and see the next case for a workaround.
If it is a third-party C/C++ Python extension, please either wrap it into a PyTorch-understood custom operator (see https://pytorch.org/tutorials/advanced/custom_ops_landing_page.html for more details) or, if it is traceable, use `torch.compiler.allow_in_graph`.
  torch._dynamo.utils.warn_once(explanation + "\n" + "\n".join(hints))
/usr/local/lib/python3.12/dist-packages/torch/_dynamo/variables/functions.py:2082: UserWarning: Dynamo does not know how to trace the builtin `<unknown module>.OpView.__new__.` This function is either a Python builtin (e.g. _warnings.warn) or a third-party C/C++ Python extension (perhaps created with pybind).
If it is a Python builtin, please file an issue on GitHub so the PyTorch team can add support for it and see the next case for a workaround.
If it is a third-party C/C++ Python extension, please either wrap it into a PyTorch-understood custom operator (see https://pytorch.org/tutorials/advanced/custom_ops_landing_page.html for more details) or, if it is traceable, use `torch.compiler.allow_in_graph`.
  torch._dynamo.utils.warn_once(explanation + "\n" + "\n".join(hints))
/usr/local/lib/python3.12/dist-packages/torch/_dynamo/variables/functions.py:2082: UserWarning: Dynamo does not know how to trace the builtin `<unknown module>.BF16Type.__new__.` This function is either a Python builtin (e.g. _warnings.warn) or a third-party C/C++ Python extension (perhaps created with pybind).
If it is a Python builtin, please file an issue on GitHub so the PyTorch team can add support for it and see the next case for a workaround.
If it is a third-party C/C++ Python extension, please either wrap it into a PyTorch-understood custom operator (see https://pytorch.org/tutorials/advanced/custom_ops_landing_page.html for more details) or, if it is traceable, use `torch.compiler.allow_in_graph`.
  torch._dynamo.utils.warn_once(explanation + "\n" + "\n".join(hints))
/usr/local/lib/python3.12/dist-packages/torch/_dynamo/variables/functions.py:2082: UserWarning: Dynamo does not know how to trace the builtin `<unknown module>.BF16Type.__new__.` This function is either a Python builtin (e.g. _warnings.warn) or a third-party C/C++ Python extension (perhaps created with pybind).
If it is a Python builtin, please file an issue on GitHub so the PyTorch team can add support for it and see the next case for a workaround.
If it is a third-party C/C++ Python extension, please either wrap it into a PyTorch-understood custom operator (see https://pytorch.org/tutorials/advanced/custom_ops_landing_page.html for more details) or, if it is traceable, use `torch.compiler.allow_in_graph`.
  torch._dynamo.utils.warn_once(explanation + "\n" + "\n".join(hints))
/usr/local/lib/python3.12/dist-packages/torch/_dynamo/variables/functions.py:2082: UserWarning: Dynamo does not know how to trace the builtin `<unknown module>.BF16Type.__new__.` This function is either a Python builtin (e.g. _warnings.warn) or a third-party C/C++ Python extension (perhaps created with pybind).
If it is a Python builtin, please file an issue on GitHub so the PyTorch team can add support for it and see the next case for a workaround.
If it is a third-party C/C++ Python extension, please either wrap it into a PyTorch-understood custom operator (see https://pytorch.org/tutorials/advanced/custom_ops_landing_page.html for more details) or, if it is traceable, use `torch.compiler.allow_in_graph`.
  torch._dynamo.utils.warn_once(explanation + "\n" + "\n".join(hints))
/usr/local/lib/python3.12/dist-packages/torch/_dynamo/variables/functions.py:2082: UserWarning: Dynamo does not know how to trace the builtin `<unknown module>.IntegerType.__new__.` This function is either a Python builtin (e.g. _warnings.warn) or a third-party C/C++ Python extension (perhaps created with pybind).
If it is a Python builtin, please file an issue on GitHub so the PyTorch team can add support for it and see the next case for a workaround.
If it is a third-party C/C++ Python extension, please either wrap it into a PyTorch-understood custom operator (see https://pytorch.org/tutorials/advanced/custom_ops_landing_page.html for more details) or, if it is traceable, use `torch.compiler.allow_in_graph`.
  torch._dynamo.utils.warn_once(explanation + "\n" + "\n".join(hints))
/usr/local/lib/python3.12/dist-packages/torch/_dynamo/variables/functions.py:2082: UserWarning: Dynamo does not know how to trace the builtin `<unknown module>.IntegerType.__new__.` This function is either a Python builtin (e.g. _warnings.warn) or a third-party C/C++ Python extension (perhaps created with pybind).
If it is a Python builtin, please file an issue on GitHub so the PyTorch team can add support for it and see the next case for a workaround.
If it is a third-party C/C++ Python extension, please either wrap it into a PyTorch-understood custom operator (see https://pytorch.org/tutorials/advanced/custom_ops_landing_page.html for more details) or, if it is traceable, use `torch.compiler.allow_in_graph`.
  torch._dynamo.utils.warn_once(explanation + "\n" + "\n".join(hints))
/usr/local/lib/python3.12/dist-packages/torch/_dynamo/variables/functions.py:2082: UserWarning: Dynamo does not know how to trace the builtin `<unknown module>.IntegerType.__new__.` This function is either a Python builtin (e.g. _warnings.warn) or a third-party C/C++ Python extension (perhaps created with pybind).
If it is a Python builtin, please file an issue on GitHub so the PyTorch team can add support for it and see the next case for a workaround.
If it is a third-party C/C++ Python extension, please either wrap it into a PyTorch-understood custom operator (see https://pytorch.org/tutorials/advanced/custom_ops_landing_page.html for more details) or, if it is traceable, use `torch.compiler.allow_in_graph`.
  torch._dynamo.utils.warn_once(explanation + "\n" + "\n".join(hints))
/usr/local/lib/python3.12/dist-packages/torch/_dynamo/variables/functions.py:2082: UserWarning: Dynamo does not know how to trace the builtin `<unknown module>.OpView.__new__.` This function is either a Python builtin (e.g. _warnings.warn) or a third-party C/C++ Python extension (perhaps created with pybind).
If it is a Python builtin, please file an issue on GitHub so the PyTorch team can add support for it and see the next case for a workaround.
If it is a third-party C/C++ Python extension, please either wrap it into a PyTorch-understood custom operator (see https://pytorch.org/tutorials/advanced/custom_ops_landing_page.html for more details) or, if it is traceable, use `torch.compiler.allow_in_graph`.
  torch._dynamo.utils.warn_once(explanation + "\n" + "\n".join(hints))
/usr/local/lib/python3.12/dist-packages/torch/_dynamo/variables/functions.py:2082: UserWarning: Dynamo does not know how to trace the builtin `<unknown module>.OpView.__new__.` This function is either a Python builtin (e.g. _warnings.warn) or a third-party C/C++ Python extension (perhaps created with pybind).
If it is a Python builtin, please file an issue on GitHub so the PyTorch team can add support for it and see the next case for a workaround.
If it is a third-party C/C++ Python extension, please either wrap it into a PyTorch-understood custom operator (see https://pytorch.org/tutorials/advanced/custom_ops_landing_page.html for more details) or, if it is traceable, use `torch.compiler.allow_in_graph`.
  torch._dynamo.utils.warn_once(explanation + "\n" + "\n".join(hints))
/usr/local/lib/python3.12/dist-packages/torch/_dynamo/variables/functions.py:2082: UserWarning: Dynamo does not know how to trace the builtin `<unknown module>.OpView.__new__.` This function is either a Python builtin (e.g. _warnings.warn) or a third-party C/C++ Python extension (perhaps created with pybind).
If it is a Python builtin, please file an issue on GitHub so the PyTorch team can add support for it and see the next case for a workaround.
If it is a third-party C/C++ Python extension, please either wrap it into a PyTorch-understood custom operator (see https://pytorch.org/tutorials/advanced/custom_ops_landing_page.html for more details) or, if it is traceable, use `torch.compiler.allow_in_graph`.
  torch._dynamo.utils.warn_once(explanation + "\n" + "\n".join(hints))
step 10/16281 0% [main] | loss 7.619 | lr 3.33e-04 | gnorm 1.74 | 0.01B tok | 24K tok/s/gpu | MFU 10% | ETA 24.8h
step 20/16281 0% [main] | loss 5.941 | lr 6.67e-04 | gnorm 0.65 | 0.02B tok | 61K tok/s/gpu | MFU 26% | ETA 9.6h
step 30/16281 0% [main] | loss 5.661 | lr 1.00e-03 | gnorm 1.43 | 0.03B tok | 70K tok/s/gpu | MFU 29% | ETA 8.5h
step 40/16281 0% [main] | loss 5.097 | lr 1.33e-03 | gnorm 1.36 | 0.04B tok | 70K tok/s/gpu | MFU 29% | ETA 8.4h
step 50/16281 0% [main] | loss 4.592 | lr 1.67e-03 | gnorm 2.14 | 0.05B tok | 71K tok/s/gpu | MFU 30% | ETA 8.3h
step 60/16281 0% [main] | loss 4.879 | lr 2.00e-03 | gnorm 1.64 | 0.06B tok | 72K tok/s/gpu | MFU 30% | ETA 8.2h
step 70/16281 0% [main] | loss 4.493 | lr 2.33e-03 | gnorm 2.05 | 0.06B tok | 73K tok/s/gpu | MFU 30% | ETA 8.1h
step 80/16281 0% [main] | loss 4.811 | lr 2.67e-03 | gnorm 2.83 | 0.07B tok | 70K tok/s/gpu | MFU 29% | ETA 8.4h
step 90/16281 1% [main] | loss 4.442 | lr 3.00e-03 | gnorm 2.59 | 0.08B tok | 72K tok/s/gpu | MFU 30% | ETA 8.2h
step 100/16281 1% [main] | loss 4.639 | lr 3.33e-03 | gnorm 2.89 | 0.09B tok | 71K tok/s/gpu | MFU 30% | ETA 8.3h
step 110/16281 1% [main] | loss 4.489 | lr 3.67e-03 | gnorm 3.08 | 0.10B tok | 70K tok/s/gpu | MFU 29% | ETA 8.4h
step 120/16281 1% [main] | loss 4.448 | lr 4.00e-03 | gnorm 7.25 | 0.11B tok | 69K tok/s/gpu | MFU 29% | ETA 8.5h
step 130/16281 1% [main] | loss 3.739 | lr 4.33e-03 | gnorm 7.38 | 0.12B tok | 73K tok/s/gpu | MFU 31% | ETA 8.0h
step 140/16281 1% [main] | loss 3.906 | lr 4.67e-03 | gnorm 5.03 | 0.13B tok | 74K tok/s/gpu | MFU 31% | ETA 7.9h
[rank3]:W0831 12:53:33.650000 838384 torch/_dynamo/convert_frame.py:1743] [17/64] torch._dynamo hit config.recompile_limit (64)
[rank3]:W0831 12:53:33.650000 838384 torch/_dynamo/convert_frame.py:1743] [17/64]    function: 'torch_dynamo_resume_in__flash_attn_fwd_at_406' (/usr/local/lib/python3.12/dist-packages/flash_attn/cute/interface.py:406)
[rank3]:W0831 12:53:33.650000 838384 torch/_dynamo/convert_frame.py:1743] [17/64]    last reason: 17/39: batch_size == 83                                         # total_mblocks = batch_size * num_head_kv * num_m_blocks  # flash_attn/cute/interface.py:541 in torch_dynamo_resume_in__flash_attn_fwd_at_406
[rank3]:W0831 12:53:33.650000 838384 torch/_dynamo/convert_frame.py:1743] [17/64] User stack trace:
[rank3]:W0831 12:53:33.650000 838384 torch/_dynamo/convert_frame.py:1743] [17/64]   File "/usr/local/lib/python3.12/dist-packages/flash_attn/cute/interface.py", line 541, in torch_dynamo_resume_in__flash_attn_fwd_at_406
[rank3]:W0831 12:53:33.650000 838384 torch/_dynamo/convert_frame.py:1743] [17/64]     total_mblocks = batch_size * num_head_kv * num_m_blocks
[rank3]:W0831 12:53:33.650000 838384 torch/_dynamo/convert_frame.py:1743] [17/64] To log all recompilation reasons, use TORCH_LOGS="recompiles".
[rank3]:W0831 12:53:33.650000 838384 torch/_dynamo/convert_frame.py:1743] [17/64] To diagnose recompilation issues, see https://docs.pytorch.org/docs/main/user_guide/torch_compiler/compile/programming_model.recompilation.html
step 150/16281 1% [main] | loss 3.579 | lr 5.00e-03 | gnorm 3.69 | 0.14B tok | 75K tok/s/gpu | MFU 31% | ETA 7.9h
step 160/16281 1% [main] | loss 3.965 | lr 5.33e-03 | gnorm 4.06 | 0.15B tok | 76K tok/s/gpu | MFU 32% | ETA 7.8h
step 170/16281 1% [main] | loss 3.574 | lr 5.67e-03 | gnorm 4.06 | 0.16B tok | 74K tok/s/gpu | MFU 31% | ETA 7.9h
step 180/16281 1% [main] | loss 2.662 | lr 6.00e-03 | gnorm 2.36 | 0.17B tok | 74K tok/s/gpu | MFU 31% | ETA 7.9h
step 190/16281 1% [main] | loss 3.767 | lr 6.33e-03 | gnorm 2.03 | 0.17B tok | 74K tok/s/gpu | MFU 31% | ETA 7.9h
step 200/16281 1% [main] | loss 2.950 | lr 6.67e-03 | gnorm 1.82 | 0.18B tok | 71K tok/s/gpu | MFU 30% | ETA 8.2h
step 210/16281 1% [main] | loss 3.147 | lr 7.00e-03 | gnorm 2.50 | 0.19B tok | 77K tok/s/gpu | MFU 32% | ETA 7.6h
[rank5]:W0831 12:55:29.277000 838386 torch/_dynamo/convert_frame.py:1743] [17/64] torch._dynamo hit config.recompile_limit (64)
[rank5]:W0831 12:55:29.277000 838386 torch/_dynamo/convert_frame.py:1743] [17/64]    function: 'torch_dynamo_resume_in__flash_attn_fwd_at_406' (/usr/local/lib/python3.12/dist-packages/flash_attn/cute/interface.py:406)
[rank5]:W0831 12:55:29.277000 838386 torch/_dynamo/convert_frame.py:1743] [17/64]    last reason: 17/12: batch_size == 76                                         # total_mblocks = batch_size * num_head_kv * num_m_blocks  # flash_attn/cute/interface.py:541 in torch_dynamo_resume_in__flash_attn_fwd_at_406
[rank5]:W0831 12:55:29.277000 838386 torch/_dynamo/convert_frame.py:1743] [17/64] User stack trace:
[rank5]:W0831 12:55:29.277000 838386 torch/_dynamo/convert_frame.py:1743] [17/64]   File "/usr/local/lib/python3.12/dist-packages/flash_attn/cute/interface.py", line 541, in torch_dynamo_resume_in__flash_attn_fwd_at_406
[rank5]:W0831 12:55:29.277000 838386 torch/_dynamo/convert_frame.py:1743] [17/64]     total_mblocks = batch_size * num_head_kv * num_m_blocks
[rank5]:W0831 12:55:29.277000 838386 torch/_dynamo/convert_frame.py:1743] [17/64] To log all recompilation reasons, use TORCH_LOGS="recompiles".
[rank5]:W0831 12:55:29.277000 838386 torch/_dynamo/convert_frame.py:1743] [17/64] To diagnose recompilation issues, see https://docs.pytorch.org/docs/main/user_guide/torch_compiler/compile/programming_model.recompilation.html
step 220/16281 1% [main] | loss 2.947 | lr 7.33e-03 | gnorm 2.53 | 0.20B tok | 77K tok/s/gpu | MFU 32% | ETA 7.6h
[rank1]:W0831 12:55:54.008000 838382 torch/_dynamo/convert_frame.py:1743] [17/64] torch._dynamo hit config.recompile_limit (64)
[rank1]:W0831 12:55:54.008000 838382 torch/_dynamo/convert_frame.py:1743] [17/64]    function: 'torch_dynamo_resume_in__flash_attn_fwd_at_406' (/usr/local/lib/python3.12/dist-packages/flash_attn/cute/interface.py:406)
[rank1]:W0831 12:55:54.008000 838382 torch/_dynamo/convert_frame.py:1743] [17/64]    last reason: 17/22: batch_size == 71                                         # total_mblocks = batch_size * num_head_kv * num_m_blocks  # flash_attn/cute/interface.py:541 in torch_dynamo_resume_in__flash_attn_fwd_at_406
[rank1]:W0831 12:55:54.008000 838382 torch/_dynamo/convert_frame.py:1743] [17/64] User stack trace:
[rank1]:W0831 12:55:54.008000 838382 torch/_dynamo/convert_frame.py:1743] [17/64]   File "/usr/local/lib/python3.12/dist-packages/flash_attn/cute/interface.py", line 541, in torch_dynamo_resume_in__flash_attn_fwd_at_406
[rank1]:W0831 12:55:54.008000 838382 torch/_dynamo/convert_frame.py:1743] [17/64]     total_mblocks = batch_size * num_head_kv * num_m_blocks
[rank1]:W0831 12:55:54.008000 838382 torch/_dynamo/convert_frame.py:1743] [17/64] To log all recompilation reasons, use TORCH_LOGS="recompiles".
[rank1]:W0831 12:55:54.008000 838382 torch/_dynamo/convert_frame.py:1743] [17/64] To diagnose recompilation issues, see https://docs.pytorch.org/docs/main/user_guide/torch_compiler/compile/programming_model.recompilation.html
step 230/16281 1% [main] | loss 3.030 | lr 7.67e-03 | gnorm 2.61 | 0.21B tok | 76K tok/s/gpu | MFU 32% | ETA 7.7h
[rank4]:W0831 12:56:00.041000 838385 torch/_dynamo/convert_frame.py:1743] [17/64] torch._dynamo hit config.recompile_limit (64)
[rank4]:W0831 12:56:00.041000 838385 torch/_dynamo/convert_frame.py:1743] [17/64]    function: 'torch_dynamo_resume_in__flash_attn_fwd_at_406' (/usr/local/lib/python3.12/dist-packages/flash_attn/cute/interface.py:406)
[rank4]:W0831 12:56:00.041000 838385 torch/_dynamo/convert_frame.py:1743] [17/64]    last reason: 17/41: batch_size == 70                                         # total_mblocks = batch_size * num_head_kv * num_m_blocks  # flash_attn/cute/interface.py:541 in torch_dynamo_resume_in__flash_attn_fwd_at_406
[rank4]:W0831 12:56:00.041000 838385 torch/_dynamo/convert_frame.py:1743] [17/64] User stack trace:
[rank4]:W0831 12:56:00.041000 838385 torch/_dynamo/convert_frame.py:1743] [17/64]   File "/usr/local/lib/python3.12/dist-packages/flash_attn/cute/interface.py", line 541, in torch_dynamo_resume_in__flash_attn_fwd_at_406
[rank4]:W0831 12:56:00.041000 838385 torch/_dynamo/convert_frame.py:1743] [17/64]     total_mblocks = batch_size * num_head_kv * num_m_blocks
[rank4]:W0831 12:56:00.041000 838385 torch/_dynamo/convert_frame.py:1743] [17/64] To log all recompilation reasons, use TORCH_LOGS="recompiles".
[rank4]:W0831 12:56:00.041000 838385 torch/_dynamo/convert_frame.py:1743] [17/64] To diagnose recompilation issues, see https://docs.pytorch.org/docs/main/user_guide/torch_compiler/compile/programming_model.recompilation.html
step 240/16281 1% [main] | loss 3.275 | lr 8.00e-03 | gnorm 1.26 | 0.22B tok | 77K tok/s/gpu | MFU 32% | ETA 7.6h
step 250/16281 2% [main] | loss 3.190 | lr 8.33e-03 | gnorm 1.19 | 0.23B tok | 77K tok/s/gpu | MFU 32% | ETA 7.6h
step 260/16281 2% [main] | loss 3.323 | lr 8.67e-03 | gnorm 1.00 | 0.24B tok | 77K tok/s/gpu | MFU 32% | ETA 7.6h
step 270/16281 2% [main] | loss 2.788 | lr 9.00e-03 | gnorm 1.19 | 0.25B tok | 76K tok/s/gpu | MFU 32% | ETA 7.7h
step 280/16281 2% [main] | loss 3.051 | lr 9.33e-03 | gnorm 1.14 | 0.26B tok | 77K tok/s/gpu | MFU 32% | ETA 7.6h
step 290/16281 2% [main] | loss 2.745 | lr 9.67e-03 | gnorm 1.75 | 0.27B tok | 77K tok/s/gpu | MFU 32% | ETA 7.6h
[rank0]:W0831 12:57:39.474000 838381 torch/_dynamo/convert_frame.py:1743] [17/64] torch._dynamo hit config.recompile_limit (64)
[rank0]:W0831 12:57:39.474000 838381 torch/_dynamo/convert_frame.py:1743] [17/64]    function: 'torch_dynamo_resume_in__flash_attn_fwd_at_406' (/usr/local/lib/python3.12/dist-packages/flash_attn/cute/interface.py:406)
[rank0]:W0831 12:57:39.474000 838381 torch/_dynamo/convert_frame.py:1743] [17/64]    last reason: 17/31: batch_size == 69                                         # total_mblocks = batch_size * num_head_kv * num_m_blocks  # flash_attn/cute/interface.py:541 in torch_dynamo_resume_in__flash_attn_fwd_at_406
[rank0]:W0831 12:57:39.474000 838381 torch/_dynamo/convert_frame.py:1743] [17/64] User stack trace:
[rank0]:W0831 12:57:39.474000 838381 torch/_dynamo/convert_frame.py:1743] [17/64]   File "/usr/local/lib/python3.12/dist-packages/flash_attn/cute/interface.py", line 541, in torch_dynamo_resume_in__flash_attn_fwd_at_406
[rank0]:W0831 12:57:39.474000 838381 torch/_dynamo/convert_frame.py:1743] [17/64]     total_mblocks = batch_size * num_head_kv * num_m_blocks
[rank0]:W0831 12:57:39.474000 838381 torch/_dynamo/convert_frame.py:1743] [17/64] To log all recompilation reasons, use TORCH_LOGS="recompiles".
[rank0]:W0831 12:57:39.474000 838381 torch/_dynamo/convert_frame.py:1743] [17/64] To diagnose recompilation issues, see https://docs.pytorch.org/docs/main/user_guide/torch_compiler/compile/programming_model.recompilation.html
step 300/16281 2% [main] | loss 3.285 | lr 1.00e-02 | gnorm 1.45 | 0.28B tok | 76K tok/s/gpu | MFU 32% | ETA 7.6h
step 310/16281 2% [main] | loss 2.697 | lr 1.00e-02 | gnorm 0.70 | 0.28B tok | 76K tok/s/gpu | MFU 32% | ETA 7.6h
[rank2]:W0831 12:58:18.945000 838383 torch/_dynamo/convert_frame.py:1743] [17/64] torch._dynamo hit config.recompile_limit (64)
[rank2]:W0831 12:58:18.945000 838383 torch/_dynamo/convert_frame.py:1743] [17/64]    function: 'torch_dynamo_resume_in__flash_attn_fwd_at_406' (/usr/local/lib/python3.12/dist-packages/flash_attn/cute/interface.py:406)
[rank2]:W0831 12:58:18.945000 838383 torch/_dynamo/convert_frame.py:1743] [17/64]    last reason: 17/29: batch_size == 52                                         # total_mblocks = batch_size * num_head_kv * num_m_blocks  # flash_attn/cute/interface.py:541 in torch_dynamo_resume_in__flash_attn_fwd_at_406
[rank2]:W0831 12:58:18.945000 838383 torch/_dynamo/convert_frame.py:1743] [17/64] User stack trace:
[rank2]:W0831 12:58:18.945000 838383 torch/_dynamo/convert_frame.py:1743] [17/64]   File "/usr/local/lib/python3.12/dist-packages/flash_attn/cute/interface.py", line 541, in torch_dynamo_resume_in__flash_attn_fwd_at_406
[rank2]:W0831 12:58:18.945000 838383 torch/_dynamo/convert_frame.py:1743] [17/64]     total_mblocks = batch_size * num_head_kv * num_m_blocks
[rank2]:W0831 12:58:18.945000 838383 torch/_dynamo/convert_frame.py:1743] [17/64] To log all recompilation reasons, use TORCH_LOGS="recompiles".
[rank2]:W0831 12:58:18.945000 838383 torch/_dynamo/convert_frame.py:1743] [17/64] To diagnose recompilation issues, see https://docs.pytorch.org/docs/main/user_guide/torch_compiler/compile/programming_model.recompilation.html
step 320/16281 2% [main] | loss 2.398 | lr 1.00e-02 | gnorm 0.95 | 0.29B tok | 77K tok/s/gpu | MFU 32% | ETA 7.6h
step 330/16281 2% [main] | loss 2.268 | lr 1.00e-02 | gnorm 0.54 | 0.30B tok | 76K tok/s/gpu | MFU 32% | ETA 7.6h
step 340/16281 2% [main] | loss 2.393 | lr 1.00e-02 | gnorm 0.72 | 0.31B tok | 77K tok/s/gpu | MFU 32% | ETA 7.6h
[rank6]:W0831 12:59:06.014000 838387 torch/_dynamo/convert_frame.py:1743] [17/64] torch._dynamo hit config.recompile_limit (64)
[rank6]:W0831 12:59:06.014000 838387 torch/_dynamo/convert_frame.py:1743] [17/64]    function: 'torch_dynamo_resume_in__flash_attn_fwd_at_406' (/usr/local/lib/python3.12/dist-packages/flash_attn/cute/interface.py:406)
[rank6]:W0831 12:59:06.014000 838387 torch/_dynamo/convert_frame.py:1743] [17/64]    last reason: 17/13: batch_size == 81                                         # total_mblocks = batch_size * num_head_kv * num_m_blocks  # flash_attn/cute/interface.py:541 in torch_dynamo_resume_in__flash_attn_fwd_at_406
[rank6]:W0831 12:59:06.014000 838387 torch/_dynamo/convert_frame.py:1743] [17/64] User stack trace:
[rank6]:W0831 12:59:06.014000 838387 torch/_dynamo/convert_frame.py:1743] [17/64]   File "/usr/local/lib/python3.12/dist-packages/flash_attn/cute/interface.py", line 541, in torch_dynamo_resume_in__flash_attn_fwd_at_406
[rank6]:W0831 12:59:06.014000 838387 torch/_dynamo/convert_frame.py:1743] [17/64]     total_mblocks = batch_size * num_head_kv * num_m_blocks
[rank6]:W0831 12:59:06.014000 838387 torch/_dynamo/convert_frame.py:1743] [17/64] To log all recompilation reasons, use TORCH_LOGS="recompiles".
[rank6]:W0831 12:59:06.014000 838387 torch/_dynamo/convert_frame.py:1743] [17/64] To diagnose recompilation issues, see https://docs.pytorch.org/docs/main/user_guide/torch_compiler/compile/programming_model.recompilation.html
step 350/16281 2% [main] | loss 3.010 | lr 1.00e-02 | gnorm 0.82 | 0.32B tok | 77K tok/s/gpu | MFU 32% | ETA 7.6h
step 360/16281 2% [main] | loss 3.324 | lr 1.00e-02 | gnorm 0.45 | 0.33B tok | 77K tok/s/gpu | MFU 32% | ETA 7.5h
step 370/16281 2% [main] | loss 2.637 | lr 1.00e-02 | gnorm 0.67 | 0.34B tok | 77K tok/s/gpu | MFU 32% | ETA 7.6h
step 380/16281 2% [main] | loss 2.588 | lr 1.00e-02 | gnorm 0.78 | 0.35B tok | 77K tok/s/gpu | MFU 32% | ETA 7.5h
step 390/16281 2% [main] | loss 2.857 | lr 1.00e-02 | gnorm 0.95 | 0.36B tok | 77K tok/s/gpu | MFU 32% | ETA 7.6h
step 400/16281 2% [main] | loss 2.081 | lr 1.00e-02 | gnorm 0.38 | 0.37B tok | 74K tok/s/gpu | MFU 31% | ETA 7.8h
step 410/16281 3% [main] | loss 2.637 | lr 1.00e-02 | gnorm 0.34 | 0.38B tok | 77K tok/s/gpu | MFU 32% | ETA 7.5h
step 420/16281 3% [main] | loss 2.280 | lr 1.00e-02 | gnorm 0.86 | 0.39B tok | 77K tok/s/gpu | MFU 32% | ETA 7.5h
step 430/16281 3% [main] | loss 2.827 | lr 1.00e-02 | gnorm 0.69 | 0.39B tok | 77K tok/s/gpu | MFU 32% | ETA 7.5h
step 440/16281 3% [main] | loss 2.403 | lr 1.00e-02 | gnorm 0.46 | 0.40B tok | 77K tok/s/gpu | MFU 32% | ETA 7.5h
step 450/16281 3% [main] | loss 2.562 | lr 1.00e-02 | gnorm 0.70 | 0.41B tok | 77K tok/s/gpu | MFU 32% | ETA 7.5h
step 460/16281 3% [main] | loss 2.760 | lr 1.00e-02 | gnorm 1.34 | 0.42B tok | 74K tok/s/gpu | MFU 31% | ETA 7.8h
step 470/16281 3% [main] | loss 2.339 | lr 1.00e-02 | gnorm 0.57 | 0.43B tok | 74K tok/s/gpu | MFU 31% | ETA 7.7h
step 480/16281 3% [main] | loss 2.616 | lr 1.00e-02 | gnorm 0.34 | 0.44B tok | 73K tok/s/gpu | MFU 31% | ETA 7.8h
step 490/16281 3% [main] | loss 2.120 | lr 1.00e-02 | gnorm 1.01 | 0.45B tok | 74K tok/s/gpu | MFU 31% | ETA 7.7h
step 500/16281 val 2.917
step 500/16281 3% [main] | loss 2.177 | lr 1.00e-02 | gnorm 0.52 | 0.46B tok | 36K tok/s/gpu | MFU 15% | ETA 15.9h
step 510/16281 3% [main] | loss 2.292 | lr 1.00e-02 | gnorm 0.34 | 0.47B tok | 77K tok/s/gpu | MFU 32% | ETA 7.4h
step 520/16281 3% [main] | loss 2.160 | lr 1.00e-02 | gnorm 0.44 | 0.48B tok | 77K tok/s/gpu | MFU 32% | ETA 7.5h
step 530/16281 3% [main] | loss 2.109 | lr 1.00e-02 | gnorm 0.55 | 0.49B tok | 77K tok/s/gpu | MFU 32% | ETA 7.5h
step 540/16281 3% [main] | loss 2.255 | lr 1.00e-02 | gnorm 0.68 | 0.50B tok | 77K tok/s/gpu | MFU 32% | ETA 7.5h
step 550/16281 3% [main] | loss 3.014 | lr 1.00e-02 | gnorm 0.51 | 0.50B tok | 77K tok/s/gpu | MFU 32% | ETA 7.5h
step 560/16281 3% [main] | loss 2.378 | lr 1.00e-02 | gnorm 1.11 | 0.51B tok | 77K tok/s/gpu | MFU 32% | ETA 7.5h
step 570/16281 4% [main] | loss 2.687 | lr 1.00e-02 | gnorm 0.51 | 0.52B tok | 77K tok/s/gpu | MFU 32% | ETA 7.5h
step 580/16281 4% [main] | loss 1.869 | lr 1.00e-02 | gnorm 0.41 | 0.53B tok | 74K tok/s/gpu | MFU 31% | ETA 7.7h
step 590/16281 4% [main] | loss 2.507 | lr 1.00e-02 | gnorm 0.43 | 0.54B tok | 74K tok/s/gpu | MFU 31% | ETA 7.7h
step 600/16281 4% [main] | loss 2.238 | lr 1.00e-02 | gnorm 0.86 | 0.55B tok | 73K tok/s/gpu | MFU 30% | ETA 7.8h
step 610/16281 4% [main] | loss 1.973 | lr 1.00e-02 | gnorm 1.01 | 0.56B tok | 75K tok/s/gpu | MFU 31% | ETA 7.6h
step 620/16281 4% [main] | loss 2.331 | lr 1.00e-02 | gnorm 0.48 | 0.57B tok | 74K tok/s/gpu | MFU 31% | ETA 7.7h
step 630/16281 4% [main] | loss 2.408 | lr 1.00e-02 | gnorm 0.50 | 0.58B tok | 77K tok/s/gpu | MFU 32% | ETA 7.4h
step 640/16281 4% [main] | loss 2.647 | lr 1.00e-02 | gnorm 0.84 | 0.59B tok | 77K tok/s/gpu | MFU 32% | ETA 7.4h
step 650/16281 4% [main] | loss 2.331 | lr 1.00e-02 | gnorm 0.39 | 0.60B tok | 75K tok/s/gpu | MFU 31% | ETA 7.6h
step 660/16281 4% [main] | loss 2.325 | lr 1.00e-02 | gnorm 0.36 | 0.61B tok | 77K tok/s/gpu | MFU 32% | ETA 7.4h
step 670/16281 4% [main] | loss 2.352 | lr 1.00e-02 | gnorm 0.50 | 0.61B tok | 77K tok/s/gpu | MFU 32% | ETA 7.4h
step 680/16281 4% [main] | loss 3.133 | lr 1.00e-02 | gnorm 0.37 | 0.62B tok | 77K tok/s/gpu | MFU 32% | ETA 7.4h
step 690/16281 4% [main] | loss 2.649 | lr 1.00e-02 | gnorm 0.71 | 0.63B tok | 77K tok/s/gpu | MFU 32% | ETA 7.4h
step 700/16281 4% [main] | loss 2.740 | lr 1.00e-02 | gnorm 0.54 | 0.64B tok | 77K tok/s/gpu | MFU 32% | ETA 7.4h
step 710/16281 4% [main] | loss 2.744 | lr 1.00e-02 | gnorm 0.59 | 0.65B tok | 77K tok/s/gpu | MFU 32% | ETA 7.4h
step 720/16281 4% [main] | loss 2.488 | lr 1.00e-02 | gnorm 0.59 | 0.66B tok | 77K tok/s/gpu | MFU 32% | ETA 7.4h
step 730/16281 4% [main] | loss 1.938 | lr 1.00e-02 | gnorm 0.90 | 0.67B tok | 77K tok/s/gpu | MFU 32% | ETA 7.4h
step 740/16281 5% [main] | loss 2.421 | lr 1.00e-02 | gnorm 0.77 | 0.68B tok | 77K tok/s/gpu | MFU 32% | ETA 7.4h
step 750/16281 5% [main] | loss 2.651 | lr 1.00e-02 | gnorm 0.97 | 0.69B tok | 77K tok/s/gpu | MFU 32% | ETA 7.4h
step 760/16281 5% [main] | loss 2.853 | lr 1.00e-02 | gnorm 0.84 | 0.70B tok | 77K tok/s/gpu | MFU 32% | ETA 7.4h
step 770/16281 5% [main] | loss 2.101 | lr 1.00e-02 | gnorm 0.57 | 0.71B tok | 77K tok/s/gpu | MFU 32% | ETA 7.4h
step 780/16281 5% [main] | loss 2.719 | lr 1.00e-02 | gnorm 0.55 | 0.72B tok | 77K tok/s/gpu | MFU 32% | ETA 7.4h
step 790/16281 5% [main] | loss 1.791 | lr 1.00e-02 | gnorm 0.33 | 0.72B tok | 77K tok/s/gpu | MFU 32% | ETA 7.4h
step 800/16281 5% [main] | loss 2.592 | lr 1.00e-02 | gnorm 0.62 | 0.73B tok | 74K tok/s/gpu | MFU 31% | ETA 7.6h
step 810/16281 5% [main] | loss 1.972 | lr 1.00e-02 | gnorm 0.53 | 0.74B tok | 77K tok/s/gpu | MFU 32% | ETA 7.3h
step 820/16281 5% [main] | loss 2.307 | lr 1.00e-02 | gnorm 0.56 | 0.75B tok | 77K tok/s/gpu | MFU 32% | ETA 7.3h
step 830/16281 5% [main] | loss 2.398 | lr 1.00e-02 | gnorm 0.88 | 0.76B tok | 77K tok/s/gpu | MFU 32% | ETA 7.3h
step 840/16281 5% [main] | loss 2.363 | lr 1.00e-02 | gnorm 0.59 | 0.77B tok | 77K tok/s/gpu | MFU 32% | ETA 7.3h
step 850/16281 5% [main] | loss 2.397 | lr 1.00e-02 | gnorm 0.66 | 0.78B tok | 77K tok/s/gpu | MFU 32% | ETA 7.3h
step 860/16281 5% [main] | loss 2.491 | lr 1.00e-02 | gnorm 0.44 | 0.79B tok | 77K tok/s/gpu | MFU 32% | ETA 7.3h
step 870/16281 5% [main] | loss 2.140 | lr 1.00e-02 | gnorm 0.74 | 0.80B tok | 77K tok/s/gpu | MFU 32% | ETA 7.3h
step 880/16281 5% [main] | loss 2.359 | lr 1.00e-02 | gnorm 0.31 | 0.81B tok | 77K tok/s/gpu | MFU 32% | ETA 7.3h
step 890/16281 5% [main] | loss 1.932 | lr 1.00e-02 | gnorm 0.73 | 0.82B tok | 77K tok/s/gpu | MFU 32% | ETA 7.3h
step 900/16281 6% [main] | loss 2.340 | lr 1.00e-02 | gnorm 0.51 | 0.83B tok | 77K tok/s/gpu | MFU 32% | ETA 7.3h
step 910/16281 6% [main] | loss 2.529 | lr 1.00e-02 | gnorm 0.42 | 0.83B tok | 74K tok/s/gpu | MFU 31% | ETA 7.6h
step 920/16281 6% [main] | loss 2.353 | lr 1.00e-02 | gnorm 0.47 | 0.84B tok | 77K tok/s/gpu | MFU 32% | ETA 7.3h
step 930/16281 6% [main] | loss 2.242 | lr 1.00e-02 | gnorm 0.50 | 0.85B tok | 77K tok/s/gpu | MFU 32% | ETA 7.3h
step 940/16281 6% [main] | loss 2.193 | lr 1.00e-02 | gnorm 0.45 | 0.86B tok | 77K tok/s/gpu | MFU 32% | ETA 7.3h
step 950/16281 6% [main] | loss 1.920 | lr 1.00e-02 | gnorm 0.70 | 0.87B tok | 77K tok/s/gpu | MFU 32% | ETA 7.3h
step 960/16281 6% [main] | loss 2.202 | lr 1.00e-02 | gnorm 0.57 | 0.88B tok | 77K tok/s/gpu | MFU 32% | ETA 7.3h
step 970/16281 6% [main] | loss 2.099 | lr 1.00e-02 | gnorm 0.38 | 0.89B tok | 77K tok/s/gpu | MFU 32% | ETA 7.3h
step 980/16281 6% [main] | loss 2.036 | lr 1.00e-02 | gnorm 0.42 | 0.90B tok | 77K tok/s/gpu | MFU 32% | ETA 7.3h
step 990/16281 6% [main] | loss 1.953 | lr 1.00e-02 | gnorm 0.67 | 0.91B tok | 77K tok/s/gpu | MFU 32% | ETA 7.3h
step 1000/16281 val 2.627
step 1000/16281 6% [main] | loss 1.788 | lr 1.00e-02 | gnorm 0.38 | 0.92B tok | 52K tok/s/gpu | MFU 22% | ETA 10.7h
step 1010/16281 6% [main] | loss 2.340 | lr 1.00e-02 | gnorm 0.50 | 0.93B tok | 77K tok/s/gpu | MFU 32% | ETA 7.2h
step 1020/16281 6% [main] | loss 2.200 | lr 1.00e-02 | gnorm 0.71 | 0.94B tok | 77K tok/s/gpu | MFU 32% | ETA 7.2h
step 1030/16281 6% [main] | loss 2.124 | lr 1.00e-02 | gnorm 0.33 | 0.95B tok | 77K tok/s/gpu | MFU 32% | ETA 7.2h
step 1040/16281 6% [main] | loss 2.034 | lr 1.00e-02 | gnorm 0.70 | 0.95B tok | 77K tok/s/gpu | MFU 32% | ETA 7.2h
step 1050/16281 6% [main] | loss 1.662 | lr 1.00e-02 | gnorm 0.60 | 0.96B tok | 77K tok/s/gpu | MFU 32% | ETA 7.2h
step 1060/16281 7% [main] | loss 2.327 | lr 1.00e-02 | gnorm 0.61 | 0.97B tok | 77K tok/s/gpu | MFU 32% | ETA 7.2h
step 1070/16281 7% [main] | loss 1.876 | lr 1.00e-02 | gnorm 0.80 | 0.98B tok | 77K tok/s/gpu | MFU 32% | ETA 7.2h
step 1080/16281 7% [main] | loss 1.499 | lr 1.00e-02 | gnorm 0.82 | 0.99B tok | 74K tok/s/gpu | MFU 31% | ETA 7.5h
step 1090/16281 7% [main] | loss 2.121 | lr 1.00e-02 | gnorm 0.49 | 1.00B tok | 74K tok/s/gpu | MFU 31% | ETA 7.4h
step 1100/16281 7% [main] | loss 2.351 | lr 1.00e-02 | gnorm 0.62 | 1.01B tok | 75K tok/s/gpu | MFU 31% | ETA 7.4h
step 1110/16281 7% [main] | loss 2.161 | lr 1.00e-02 | gnorm 0.65 | 1.02B tok | 73K tok/s/gpu | MFU 30% | ETA 7.6h
step 1120/16281 7% [main] | loss 2.764 | lr 1.00e-02 | gnorm 0.45 | 1.03B tok | 77K tok/s/gpu | MFU 32% | ETA 7.2h
step 1130/16281 7% [main] | loss 1.957 | lr 1.00e-02 | gnorm 0.54 | 1.04B tok | 77K tok/s/gpu | MFU 32% | ETA 7.2h
step 1140/16281 7% [main] | loss 1.808 | lr 1.00e-02 | gnorm 0.41 | 1.05B tok | 74K tok/s/gpu | MFU 31% | ETA 7.4h
step 1150/16281 7% [main] | loss 2.049 | lr 1.00e-02 | gnorm 0.37 | 1.06B tok | 74K tok/s/gpu | MFU 31% | ETA 7.4h
step 1160/16281 7% [main] | loss 2.333 | lr 1.00e-02 | gnorm 0.70 | 1.06B tok | 77K tok/s/gpu | MFU 32% | ETA 7.2h
step 1170/16281 7% [main] | loss 1.943 | lr 1.00e-02 | gnorm 0.46 | 1.07B tok | 77K tok/s/gpu | MFU 32% | ETA 7.2h
step 1180/16281 7% [main] | loss 2.415 | lr 1.00e-02 | gnorm 0.57 | 1.08B tok | 77K tok/s/gpu | MFU 32% | ETA 7.2h
step 1190/16281 7% [main] | loss 2.237 | lr 1.00e-02 | gnorm 0.48 | 1.09B tok | 77K tok/s/gpu | MFU 32% | ETA 7.2h
step 1200/16281 7% [main] | loss 1.930 | lr 1.00e-02 | gnorm 0.64 | 1.10B tok | 75K tok/s/gpu | MFU 31% | ETA 7.4h
step 1210/16281 7% [main] | loss 2.651 | lr 1.00e-02 | gnorm 0.43 | 1.11B tok | 77K tok/s/gpu | MFU 32% | ETA 7.1h
step 1220/16281 7% [main] | loss 2.161 | lr 1.00e-02 | gnorm 0.44 | 1.12B tok | 77K tok/s/gpu | MFU 32% | ETA 7.1h
step 1230/16281 8% [main] | loss 1.974 | lr 1.00e-02 | gnorm 0.72 | 1.13B tok | 77K tok/s/gpu | MFU 32% | ETA 7.1h
step 1240/16281 8% [main] | loss 1.506 | lr 1.00e-02 | gnorm 0.66 | 1.14B tok | 77K tok/s/gpu | MFU 32% | ETA 7.1h
step 1250/16281 8% [main] | loss 2.669 | lr 1.00e-02 | gnorm 0.73 | 1.15B tok | 77K tok/s/gpu | MFU 32% | ETA 7.1h
step 1260/16281 8% [main] | loss 1.842 | lr 1.00e-02 | gnorm 0.41 | 1.16B tok | 77K tok/s/gpu | MFU 32% | ETA 7.1h
step 1270/16281 8% [main] | loss 2.374 | lr 1.00e-02 | gnorm 0.70 | 1.17B tok | 77K tok/s/gpu | MFU 32% | ETA 7.1h
step 1280/16281 8% [main] | loss 1.837 | lr 1.00e-02 | gnorm 0.41 | 1.17B tok | 77K tok/s/gpu | MFU 32% | ETA 7.1h
step 1290/16281 8% [main] | loss 2.596 | lr 1.00e-02 | gnorm 0.89 | 1.18B tok | 77K tok/s/gpu | MFU 32% | ETA 7.1h
step 1300/16281 8% [main] | loss 2.533 | lr 1.00e-02 | gnorm 0.84 | 1.19B tok | 77K tok/s/gpu | MFU 32% | ETA 7.1h
step 1310/16281 8% [main] | loss 2.611 | lr 1.00e-02 | gnorm 0.55 | 1.20B tok | 77K tok/s/gpu | MFU 32% | ETA 7.1h
step 1320/16281 8% [main] | loss 1.951 | lr 1.00e-02 | gnorm 0.58 | 1.21B tok | 77K tok/s/gpu | MFU 32% | ETA 7.1h
step 1330/16281 8% [main] | loss 2.092 | lr 1.00e-02 | gnorm 0.93 | 1.22B tok | 77K tok/s/gpu | MFU 32% | ETA 7.1h
step 1340/16281 8% [main] | loss 2.688 | lr 1.00e-02 | gnorm 0.75 | 1.23B tok | 76K tok/s/gpu | MFU 32% | ETA 7.1h
step 1350/16281 8% [main] | loss 1.602 | lr 1.00e-02 | gnorm 1.54 | 1.24B tok | 77K tok/s/gpu | MFU 32% | ETA 7.1h
step 1360/16281 8% [main] | loss 1.970 | lr 1.00e-02 | gnorm 0.75 | 1.25B tok | 77K tok/s/gpu | MFU 32% | ETA 7.1h
step 1370/16281 8% [main] | loss 2.264 | lr 1.00e-02 | gnorm 0.62 | 1.26B tok | 77K tok/s/gpu | MFU 32% | ETA 7.1h
step 1380/16281 8% [main] | loss 1.871 | lr 1.00e-02 | gnorm 0.77 | 1.27B tok | 77K tok/s/gpu | MFU 32% | ETA 7.1h
step 1390/16281 9% [main] | loss 2.052 | lr 1.00e-02 | gnorm 0.38 | 1.28B tok | 77K tok/s/gpu | MFU 32% | ETA 7.1h
step 1400/16281 9% [main] | loss 2.322 | lr 1.00e-02 | gnorm 0.40 | 1.28B tok | 75K tok/s/gpu | MFU 31% | ETA 7.3h
step 1410/16281 9% [main] | loss 1.682 | lr 1.00e-02 | gnorm 0.44 | 1.29B tok | 77K tok/s/gpu | MFU 32% | ETA 7.0h
step 1420/16281 9% [main] | loss 1.675 | lr 1.00e-02 | gnorm 0.39 | 1.30B tok | 77K tok/s/gpu | MFU 32% | ETA 7.0h
step 1430/16281 9% [main] | loss 1.690 | lr 1.00e-02 | gnorm 0.45 | 1.31B tok | 77K tok/s/gpu | MFU 32% | ETA 7.1h
step 1440/16281 9% [main] | loss 1.828 | lr 1.00e-02 | gnorm 0.93 | 1.32B tok | 77K tok/s/gpu | MFU 32% | ETA 7.1h
step 1450/16281 9% [main] | loss 2.003 | lr 1.00e-02 | gnorm 0.59 | 1.33B tok | 77K tok/s/gpu | MFU 32% | ETA 7.0h
step 1460/16281 9% [main] | loss 1.766 | lr 1.00e-02 | gnorm 0.39 | 1.34B tok | 77K tok/s/gpu | MFU 32% | ETA 7.0h
step 1470/16281 9% [main] | loss 2.027 | lr 1.00e-02 | gnorm 0.39 | 1.35B tok | 77K tok/s/gpu | MFU 32% | ETA 7.0h
step 1480/16281 9% [main] | loss 2.641 | lr 1.00e-02 | gnorm 0.61 | 1.36B tok | 77K tok/s/gpu | MFU 32% | ETA 7.0h
step 1490/16281 9% [main] | loss 2.380 | lr 1.00e-02 | gnorm 0.44 | 1.37B tok | 77K tok/s/gpu | MFU 32% | ETA 7.0h
step 1500/16281 val 2.513
step 1500/16281 9% [main] | loss 1.845 | lr 1.00e-02 | gnorm 0.57 | 1.38B tok | 52K tok/s/gpu | MFU 22% | ETA 10.4h
step 1510/16281 9% [main] | loss 1.812 | lr 1.00e-02 | gnorm 0.51 | 1.39B tok | 77K tok/s/gpu | MFU 32% | ETA 7.0h
step 1520/16281 9% [main] | loss 2.229 | lr 1.00e-02 | gnorm 0.48 | 1.39B tok | 77K tok/s/gpu | MFU 32% | ETA 7.0h
step 1530/16281 9% [main] | loss 1.720 | lr 1.00e-02 | gnorm 0.77 | 1.40B tok | 77K tok/s/gpu | MFU 32% | ETA 7.0h
step 1540/16281 9% [main] | loss 2.483 | lr 1.00e-02 | gnorm 0.55 | 1.41B tok | 77K tok/s/gpu | MFU 32% | ETA 7.0h
step 1550/16281 10% [main] | loss 2.565 | lr 1.00e-02 | gnorm 0.61 | 1.42B tok | 77K tok/s/gpu | MFU 32% | ETA 7.0h
step 1560/16281 10% [main] | loss 2.600 | lr 1.00e-02 | gnorm 1.31 | 1.43B tok | 77K tok/s/gpu | MFU 32% | ETA 7.0h
step 1570/16281 10% [main] | loss 1.908 | lr 1.00e-02 | gnorm 0.47 | 1.44B tok | 74K tok/s/gpu | MFU 31% | ETA 7.2h
step 1580/16281 10% [main] | loss 1.979 | lr 1.00e-02 | gnorm 0.64 | 1.45B tok | 74K tok/s/gpu | MFU 31% | ETA 7.2h
step 1590/16281 10% [main] | loss 2.254 | lr 1.00e-02 | gnorm 0.62 | 1.46B tok | 74K tok/s/gpu | MFU 31% | ETA 7.3h
step 1600/16281 10% [main] | loss 2.592 | lr 1.00e-02 | gnorm 0.41 | 1.47B tok | 72K tok/s/gpu | MFU 30% | ETA 7.4h
step 1610/16281 10% [main] | loss 2.428 | lr 1.00e-02 | gnorm 0.66 | 1.48B tok | 75K tok/s/gpu | MFU 31% | ETA 7.1h
step 1620/16281 10% [main] | loss 1.844 | lr 1.00e-02 | gnorm 0.86 | 1.49B tok | 77K tok/s/gpu | MFU 32% | ETA 6.9h
step 1630/16281 10% [main] | loss 2.254 | lr 1.00e-02 | gnorm 1.38 | 1.50B tok | 77K tok/s/gpu | MFU 32% | ETA 6.9h
step 1640/16281 10% [main] | loss 2.163 | lr 1.00e-02 | gnorm 0.57 | 1.50B tok | 74K tok/s/gpu | MFU 31% | ETA 7.2h
step 1650/16281 10% [main] | loss 2.283 | lr 1.00e-02 | gnorm 0.69 | 1.51B tok | 77K tok/s/gpu | MFU 32% | ETA 6.9h
step 1660/16281 10% [main] | loss 2.352 | lr 1.00e-02 | gnorm 0.52 | 1.52B tok | 77K tok/s/gpu | MFU 32% | ETA 7.0h
step 1670/16281 10% [main] | loss 1.965 | lr 1.00e-02 | gnorm 0.50 | 1.53B tok | 77K tok/s/gpu | MFU 32% | ETA 6.9h
step 1680/16281 10% [main] | loss 2.208 | lr 1.00e-02 | gnorm 0.48 | 1.54B tok | 77K tok/s/gpu | MFU 32% | ETA 6.9h
step 1690/16281 10% [main] | loss 1.925 | lr 1.00e-02 | gnorm 0.50 | 1.55B tok | 77K tok/s/gpu | MFU 32% | ETA 6.9h
step 1700/16281 10% [main] | loss 2.547 | lr 1.00e-02 | gnorm 1.05 | 1.56B tok | 77K tok/s/gpu | MFU 32% | ETA 6.9h
step 1710/16281 11% [main] | loss 1.830 | lr 1.00e-02 | gnorm 0.81 | 1.57B tok | 77K tok/s/gpu | MFU 32% | ETA 6.9h
step 1720/16281 11% [main] | loss 2.250 | lr 1.00e-02 | gnorm 1.70 | 1.58B tok | 77K tok/s/gpu | MFU 32% | ETA 6.9h
step 1730/16281 11% [main] | loss 1.833 | lr 1.00e-02 | gnorm 0.71 | 1.59B tok | 77K tok/s/gpu | MFU 32% | ETA 6.9h
step 1740/16281 11% [main] | loss 2.077 | lr 1.00e-02 | gnorm 0.59 | 1.60B tok | 77K tok/s/gpu | MFU 32% | ETA 6.9h
step 1750/16281 11% [main] | loss 2.121 | lr 1.00e-02 | gnorm 0.92 | 1.61B tok | 77K tok/s/gpu | MFU 32% | ETA 6.9h
step 1760/16281 11% [main] | loss 2.257 | lr 1.00e-02 | gnorm 1.47 | 1.61B tok | 77K tok/s/gpu | MFU 32% | ETA 6.9h
step 1770/16281 11% [main] | loss 1.810 | lr 1.00e-02 | gnorm 0.71 | 1.62B tok | 77K tok/s/gpu | MFU 32% | ETA 6.9h
step 1780/16281 11% [main] | loss 1.554 | lr 1.00e-02 | gnorm 0.53 | 1.63B tok | 77K tok/s/gpu | MFU 32% | ETA 6.9h
step 1790/16281 11% [main] | loss 1.714 | lr 1.00e-02 | gnorm 0.86 | 1.64B tok | 77K tok/s/gpu | MFU 32% | ETA 6.9h
step 1800/16281 11% [main] | loss 2.320 | lr 1.00e-02 | gnorm 0.42 | 1.65B tok | 74K tok/s/gpu | MFU 31% | ETA 7.1h
step 1810/16281 11% [main] | loss 2.150 | lr 1.00e-02 | gnorm 0.97 | 1.66B tok | 77K tok/s/gpu | MFU 32% | ETA 6.9h
step 1820/16281 11% [main] | loss 1.568 | lr 1.00e-02 | gnorm 0.50 | 1.67B tok | 77K tok/s/gpu | MFU 32% | ETA 6.9h
step 1830/16281 11% [main] | loss 1.846 | lr 1.00e-02 | gnorm 0.87 | 1.68B tok | 77K tok/s/gpu | MFU 32% | ETA 6.9h
step 1840/16281 11% [main] | loss 2.495 | lr 1.00e-02 | gnorm 0.58 | 1.69B tok | 77K tok/s/gpu | MFU 32% | ETA 6.9h
step 1850/16281 11% [main] | loss 1.667 | lr 1.00e-02 | gnorm 0.70 | 1.70B tok | 77K tok/s/gpu | MFU 32% | ETA 6.9h
step 1860/16281 11% [main] | loss 1.684 | lr 1.00e-02 | gnorm 0.75 | 1.71B tok | 77K tok/s/gpu | MFU 32% | ETA 6.9h
step 1870/16281 11% [main] | loss 1.667 | lr 1.00e-02 | gnorm 0.54 | 1.72B tok | 77K tok/s/gpu | MFU 32% | ETA 6.8h
step 1880/16281 12% [main] | loss 1.800 | lr 1.00e-02 | gnorm 0.94 | 1.72B tok | 77K tok/s/gpu | MFU 32% | ETA 6.8h
step 1890/16281 12% [main] | loss 2.626 | lr 1.00e-02 | gnorm 0.62 | 1.73B tok | 77K tok/s/gpu | MFU 32% | ETA 6.8h
step 1900/16281 12% [main] | loss 1.772 | lr 1.00e-02 | gnorm 0.81 | 1.74B tok | 77K tok/s/gpu | MFU 32% | ETA 6.8h
step 1910/16281 12% [main] | loss 1.524 | lr 1.00e-02 | gnorm 0.49 | 1.75B tok | 77K tok/s/gpu | MFU 32% | ETA 6.8h
step 1920/16281 12% [main] | loss 2.332 | lr 1.00e-02 | gnorm 0.55 | 1.76B tok | 77K tok/s/gpu | MFU 32% | ETA 6.8h
step 1930/16281 12% [main] | loss 1.960 | lr 1.00e-02 | gnorm 1.06 | 1.77B tok | 77K tok/s/gpu | MFU 32% | ETA 6.8h
step 1940/16281 12% [main] | loss 2.197 | lr 1.00e-02 | gnorm 0.74 | 1.78B tok | 77K tok/s/gpu | MFU 32% | ETA 6.8h
step 1950/16281 12% [main] | loss 1.777 | lr 1.00e-02 | gnorm 1.31 | 1.79B tok | 77K tok/s/gpu | MFU 32% | ETA 6.8h
step 1960/16281 12% [main] | loss 2.236 | lr 1.00e-02 | gnorm 0.85 | 1.80B tok | 77K tok/s/gpu | MFU 32% | ETA 6.8h
step 1970/16281 12% [main] | loss 2.483 | lr 1.00e-02 | gnorm 0.82 | 1.81B tok | 77K tok/s/gpu | MFU 32% | ETA 6.8h
step 1980/16281 12% [main] | loss 2.253 | lr 1.00e-02 | gnorm 0.69 | 1.82B tok | 77K tok/s/gpu | MFU 32% | ETA 6.8h
step 1990/16281 12% [main] | loss 2.039 | lr 1.00e-02 | gnorm 0.88 | 1.83B tok | 77K tok/s/gpu | MFU 32% | ETA 6.8h
step 2000/16281 val 2.443
step 2000/16281 12% [main] | loss 1.711 | lr 1.00e-02 | gnorm 0.51 | 1.84B tok | 51K tok/s/gpu | MFU 21% | ETA 10.3h
step 2010/16281 12% [main] | loss 2.305 | lr 1.00e-02 | gnorm 0.71 | 1.84B tok | 77K tok/s/gpu | MFU 32% | ETA 6.7h
step 2020/16281 12% [main] | loss 2.113 | lr 1.00e-02 | gnorm 0.77 | 1.85B tok | 77K tok/s/gpu | MFU 32% | ETA 6.8h
step 2030/16281 12% [main] | loss 1.839 | lr 1.00e-02 | gnorm 0.69 | 1.86B tok | 77K tok/s/gpu | MFU 32% | ETA 6.8h
step 2040/16281 13% [main] | loss 2.193 | lr 1.00e-02 | gnorm 0.92 | 1.87B tok | 77K tok/s/gpu | MFU 32% | ETA 6.8h
step 2050/16281 13% [main] | loss 2.523 | lr 1.00e-02 | gnorm 0.71 | 1.88B tok | 77K tok/s/gpu | MFU 32% | ETA 6.8h
step 2060/16281 13% [main] | loss 1.558 | lr 1.00e-02 | gnorm 0.53 | 1.89B tok | 77K tok/s/gpu | MFU 32% | ETA 6.8h
step 2070/16281 13% [main] | loss 1.808 | lr 1.00e-02 | gnorm 0.59 | 1.90B tok | 74K tok/s/gpu | MFU 31% | ETA 7.0h
step 2080/16281 13% [main] | loss 2.048 | lr 1.00e-02 | gnorm 0.65 | 1.91B tok | 74K tok/s/gpu | MFU 31% | ETA 7.0h
step 2090/16281 13% [main] | loss 1.796 | lr 1.00e-02 | gnorm 0.45 | 1.92B tok | 73K tok/s/gpu | MFU 31% | ETA 7.0h
step 2100/16281 13% [main] | loss 2.139 | lr 1.00e-02 | gnorm 0.78 | 1.93B tok | 72K tok/s/gpu | MFU 30% | ETA 7.2h
step 2110/16281 13% [main] | loss 1.967 | lr 1.00e-02 | gnorm 0.75 | 1.94B tok | 77K tok/s/gpu | MFU 32% | ETA 6.7h
step 2120/16281 13% [main] | loss 1.443 | lr 1.00e-02 | gnorm 1.02 | 1.95B tok | 77K tok/s/gpu | MFU 32% | ETA 6.7h
step 2130/16281 13% [main] | loss 1.903 | lr 1.00e-02 | gnorm 0.61 | 1.95B tok | 74K tok/s/gpu | MFU 31% | ETA 6.9h
step 2140/16281 13% [main] | loss 1.804 | lr 1.00e-02 | gnorm 0.78 | 1.96B tok | 77K tok/s/gpu | MFU 32% | ETA 6.7h
step 2150/16281 13% [main] | loss 2.152 | lr 1.00e-02 | gnorm 0.64 | 1.97B tok | 77K tok/s/gpu | MFU 32% | ETA 6.7h
step 2160/16281 13% [main] | loss 2.407 | lr 1.00e-02 | gnorm 0.70 | 1.98B tok | 77K tok/s/gpu | MFU 32% | ETA 6.7h
step 2170/16281 13% [main] | loss 1.984 | lr 1.00e-02 | gnorm 0.86 | 1.99B tok | 77K tok/s/gpu | MFU 32% | ETA 6.7h
step 2180/16281 13% [main] | loss 2.347 | lr 1.00e-02 | gnorm 1.41 | 2.00B tok | 77K tok/s/gpu | MFU 32% | ETA 6.7h
step 2190/16281 13% [main] | loss 2.266 | lr 1.00e-02 | gnorm 1.09 | 2.01B tok | 77K tok/s/gpu | MFU 32% | ETA 6.7h
step 2200/16281 14% [main] | loss 2.021 | lr 1.00e-02 | gnorm 0.85 | 2.02B tok | 75K tok/s/gpu | MFU 31% | ETA 6.9h
step 2210/16281 14% [main] | loss 2.656 | lr 1.00e-02 | gnorm 0.58 | 2.03B tok | 77K tok/s/gpu | MFU 32% | ETA 6.7h
step 2220/16281 14% [main] | loss 2.086 | lr 1.00e-02 | gnorm 0.85 | 2.04B tok | 77K tok/s/gpu | MFU 32% | ETA 6.7h
step 2230/16281 14% [main] | loss 1.980 | lr 1.00e-02 | gnorm 0.75 | 2.05B tok | 77K tok/s/gpu | MFU 32% | ETA 6.7h
step 2240/16281 14% [main] | loss 2.221 | lr 1.00e-02 | gnorm 0.87 | 2.06B tok | 77K tok/s/gpu | MFU 32% | ETA 6.7h
step 2250/16281 14% [main] | loss 2.179 | lr 1.00e-02 | gnorm 1.07 | 2.06B tok | 77K tok/s/gpu | MFU 32% | ETA 6.7h
step 2260/16281 14% [main] | loss 1.912 | lr 1.00e-02 | gnorm 0.68 | 2.07B tok | 77K tok/s/gpu | MFU 32% | ETA 6.7h
step 2270/16281 14% [main] | loss 1.970 | lr 1.00e-02 | gnorm 0.80 | 2.08B tok | 77K tok/s/gpu | MFU 32% | ETA 6.7h
step 2280/16281 14% [main] | loss 2.119 | lr 1.00e-02 | gnorm 0.91 | 2.09B tok | 77K tok/s/gpu | MFU 32% | ETA 6.7h
step 2290/16281 14% [main] | loss 1.810 | lr 1.00e-02 | gnorm 0.98 | 2.10B tok | 77K tok/s/gpu | MFU 32% | ETA 6.6h
step 2300/16281 14% [main] | loss 1.625 | lr 1.00e-02 | gnorm 0.57 | 2.11B tok | 77K tok/s/gpu | MFU 32% | ETA 6.6h
step 2310/16281 14% [main] | loss 1.835 | lr 1.00e-02 | gnorm 0.94 | 2.12B tok | 77K tok/s/gpu | MFU 32% | ETA 6.6h
step 2320/16281 14% [main] | loss 1.893 | lr 1.00e-02 | gnorm 1.02 | 2.13B tok | 77K tok/s/gpu | MFU 32% | ETA 6.6h
step 2330/16281 14% [main] | loss 1.419 | lr 1.00e-02 | gnorm 0.73 | 2.14B tok | 77K tok/s/gpu | MFU 32% | ETA 6.6h
step 2340/16281 14% [main] | loss 1.688 | lr 1.00e-02 | gnorm 0.82 | 2.15B tok | 77K tok/s/gpu | MFU 32% | ETA 6.6h
step 2350/16281 14% [main] | loss 2.013 | lr 1.00e-02 | gnorm 0.99 | 2.16B tok | 77K tok/s/gpu | MFU 32% | ETA 6.6h
step 2360/16281 14% [main] | loss 1.998 | lr 1.00e-02 | gnorm 0.99 | 2.17B tok | 77K tok/s/gpu | MFU 32% | ETA 6.6h
step 2370/16281 15% [main] | loss 1.927 | lr 1.00e-02 | gnorm 1.06 | 2.17B tok | 77K tok/s/gpu | MFU 32% | ETA 6.6h
step 2380/16281 15% [main] | loss 2.667 | lr 1.00e-02 | gnorm 0.91 | 2.18B tok | 77K tok/s/gpu | MFU 32% | ETA 6.6h
step 2390/16281 15% [main] | loss 1.795 | lr 1.00e-02 | gnorm 0.77 | 2.19B tok | 77K tok/s/gpu | MFU 32% | ETA 6.6h
step 2400/16281 15% [main] | loss 2.094 | lr 1.00e-02 | gnorm 0.93 | 2.20B tok | 74K tok/s/gpu | MFU 31% | ETA 6.8h
step 2410/16281 15% [main] | loss 1.636 | lr 1.00e-02 | gnorm 0.57 | 2.21B tok | 76K tok/s/gpu | MFU 32% | ETA 6.6h
step 2420/16281 15% [main] | loss 2.475 | lr 1.00e-02 | gnorm 0.80 | 2.22B tok | 77K tok/s/gpu | MFU 32% | ETA 6.6h
step 2430/16281 15% [main] | loss 2.322 | lr 1.00e-02 | gnorm 0.99 | 2.23B tok | 77K tok/s/gpu | MFU 32% | ETA 6.6h
step 2440/16281 15% [main] | loss 1.819 | lr 1.00e-02 | gnorm 0.86 | 2.24B tok | 77K tok/s/gpu | MFU 32% | ETA 6.6h
step 2450/16281 15% [main] | loss 1.869 | lr 1.00e-02 | gnorm 0.94 | 2.25B tok | 75K tok/s/gpu | MFU 31% | ETA 6.7h
step 2460/16281 15% [main] | loss 2.208 | lr 1.00e-02 | gnorm 0.73 | 2.26B tok | 77K tok/s/gpu | MFU 32% | ETA 6.6h
step 2470/16281 15% [main] | loss 1.868 | lr 1.00e-02 | gnorm 1.05 | 2.27B tok | 77K tok/s/gpu | MFU 32% | ETA 6.6h
step 2480/16281 15% [main] | loss 2.034 | lr 1.00e-02 | gnorm 0.63 | 2.28B tok | 77K tok/s/gpu | MFU 32% | ETA 6.6h
step 2490/16281 15% [main] | loss 1.779 | lr 1.00e-02 | gnorm 0.82 | 2.28B tok | 77K tok/s/gpu | MFU 32% | ETA 6.6h
step 2500/16281 val 2.402
step 2500/16281 15% [main] | loss 2.336 | lr 1.00e-02 | gnorm 1.06 | 2.29B tok | 53K tok/s/gpu | MFU 22% | ETA 9.5h
step 2510/16281 15% [main] | loss 2.249 | lr 1.00e-02 | gnorm 0.73 | 2.30B tok | 77K tok/s/gpu | MFU 32% | ETA 6.5h
step 2520/16281 15% [main] | loss 1.926 | lr 1.00e-02 | gnorm 0.99 | 2.31B tok | 77K tok/s/gpu | MFU 32% | ETA 6.5h
step 2530/16281 16% [main] | loss 2.081 | lr 1.00e-02 | gnorm 1.14 | 2.32B tok | 77K tok/s/gpu | MFU 32% | ETA 6.5h
step 2540/16281 16% [main] | loss 1.831 | lr 1.00e-02 | gnorm 0.86 | 2.33B tok | 77K tok/s/gpu | MFU 32% | ETA 6.5h
step 2550/16281 16% [main] | loss 2.141 | lr 1.00e-02 | gnorm 1.35 | 2.34B tok | 77K tok/s/gpu | MFU 32% | ETA 6.5h
step 2560/16281 16% [main] | loss 1.776 | lr 1.00e-02 | gnorm 1.37 | 2.35B tok | 74K tok/s/gpu | MFU 31% | ETA 6.7h
step 2570/16281 16% [main] | loss 1.935 | lr 1.00e-02 | gnorm 0.72 | 2.36B tok | 74K tok/s/gpu | MFU 31% | ETA 6.7h
step 2580/16281 16% [main] | loss 1.710 | lr 1.00e-02 | gnorm 0.86 | 2.37B tok | 75K tok/s/gpu | MFU 31% | ETA 6.7h
step 2590/16281 16% [main] | loss 2.003 | lr 1.00e-02 | gnorm 1.10 | 2.38B tok | 75K tok/s/gpu | MFU 31% | ETA 6.7h
step 2600/16281 16% [main] | loss 1.766 | lr 1.00e-02 | gnorm 0.97 | 2.39B tok | 72K tok/s/gpu | MFU 30% | ETA 6.9h
step 2610/16281 16% [main] | loss 2.222 | lr 1.00e-02 | gnorm 0.85 | 2.39B tok | 77K tok/s/gpu | MFU 32% | ETA 6.5h
step 2620/16281 16% [main] | loss 2.378 | lr 1.00e-02 | gnorm 1.24 | 2.40B tok | 77K tok/s/gpu | MFU 32% | ETA 6.5h
step 2630/16281 16% [main] | loss 2.128 | lr 1.00e-02 | gnorm 0.94 | 2.41B tok | 74K tok/s/gpu | MFU 31% | ETA 6.7h
step 2640/16281 16% [main] | loss 1.605 | lr 1.00e-02 | gnorm 0.80 | 2.42B tok | 77K tok/s/gpu | MFU 32% | ETA 6.5h
step 2650/16281 16% [main] | loss 2.070 | lr 1.00e-02 | gnorm 0.98 | 2.43B tok | 77K tok/s/gpu | MFU 32% | ETA 6.5h
step 2660/16281 16% [main] | loss 2.267 | lr 1.00e-02 | gnorm 0.89 | 2.44B tok | 77K tok/s/gpu | MFU 32% | ETA 6.5h
step 2670/16281 16% [main] | loss 1.978 | lr 1.00e-02 | gnorm 0.68 | 2.45B tok | 77K tok/s/gpu | MFU 32% | ETA 6.5h
step 2680/16281 16% [main] | loss 2.103 | lr 1.00e-02 | gnorm 0.85 | 2.46B tok | 75K tok/s/gpu | MFU 31% | ETA 6.6h
step 2690/16281 17% [main] | loss 2.476 | lr 1.00e-02 | gnorm 1.21 | 2.47B tok | 77K tok/s/gpu | MFU 32% | ETA 6.5h
step 2700/16281 17% [main] | loss 2.072 | lr 1.00e-02 | gnorm 1.07 | 2.48B tok | 77K tok/s/gpu | MFU 32% | ETA 6.4h
step 2710/16281 17% [main] | loss 2.134 | lr 1.00e-02 | gnorm 0.90 | 2.49B tok | 77K tok/s/gpu | MFU 32% | ETA 6.5h
step 2720/16281 17% [main] | loss 1.813 | lr 1.00e-02 | gnorm 0.76 | 2.50B tok | 77K tok/s/gpu | MFU 32% | ETA 6.4h
step 2730/16281 17% [main] | loss 1.910 | lr 1.00e-02 | gnorm 0.94 | 2.50B tok | 77K tok/s/gpu | MFU 32% | ETA 6.4h
step 2740/16281 17% [main] | loss 1.641 | lr 1.00e-02 | gnorm 0.81 | 2.51B tok | 77K tok/s/gpu | MFU 32% | ETA 6.4h
step 2750/16281 17% [main] | loss 2.311 | lr 1.00e-02 | gnorm 0.77 | 2.52B tok | 77K tok/s/gpu | MFU 32% | ETA 6.4h
step 2760/16281 17% [main] | loss 2.182 | lr 1.00e-02 | gnorm 0.96 | 2.53B tok | 77K tok/s/gpu | MFU 32% | ETA 6.4h
step 2770/16281 17% [main] | loss 1.904 | lr 1.00e-02 | gnorm 1.38 | 2.54B tok | 77K tok/s/gpu | MFU 32% | ETA 6.4h
step 2780/16281 17% [main] | loss 1.907 | lr 1.00e-02 | gnorm 0.88 | 2.55B tok | 77K tok/s/gpu | MFU 32% | ETA 6.4h
step 2790/16281 17% [main] | loss 1.919 | lr 1.00e-02 | gnorm 0.92 | 2.56B tok | 77K tok/s/gpu | MFU 32% | ETA 6.4h
step 2800/16281 17% [main] | loss 2.183 | lr 1.00e-02 | gnorm 1.10 | 2.57B tok | 74K tok/s/gpu | MFU 31% | ETA 6.6h
step 2810/16281 17% [main] | loss 2.227 | lr 1.00e-02 | gnorm 0.74 | 2.58B tok | 77K tok/s/gpu | MFU 32% | ETA 6.4h
step 2820/16281 17% [main] | loss 1.741 | lr 1.00e-02 | gnorm 1.42 | 2.59B tok | 77K tok/s/gpu | MFU 32% | ETA 6.4h
step 2830/16281 17% [main] | loss 1.800 | lr 1.00e-02 | gnorm 1.06 | 2.60B tok | 77K tok/s/gpu | MFU 32% | ETA 6.4h
step 2840/16281 17% [main] | loss 1.952 | lr 1.00e-02 | gnorm 1.01 | 2.61B tok | 77K tok/s/gpu | MFU 32% | ETA 6.4h
step 2850/16281 18% [main] | loss 1.920 | lr 1.00e-02 | gnorm 0.91 | 2.61B tok | 76K tok/s/gpu | MFU 32% | ETA 6.4h
step 2860/16281 18% [main] | loss 2.414 | lr 1.00e-02 | gnorm 0.96 | 2.62B tok | 77K tok/s/gpu | MFU 32% | ETA 6.4h
step 2870/16281 18% [main] | loss 1.375 | lr 1.00e-02 | gnorm 1.09 | 2.63B tok | 77K tok/s/gpu | MFU 32% | ETA 6.4h
step 2880/16281 18% [main] | loss 2.108 | lr 1.00e-02 | gnorm 0.93 | 2.64B tok | 77K tok/s/gpu | MFU 32% | ETA 6.4h
step 2890/16281 18% [main] | loss 1.957 | lr 1.00e-02 | gnorm 0.95 | 2.65B tok | 77K tok/s/gpu | MFU 32% | ETA 6.4h
step 2900/16281 18% [main] | loss 2.157 | lr 1.00e-02 | gnorm 1.11 | 2.66B tok | 77K tok/s/gpu | MFU 32% | ETA 6.4h
step 2910/16281 18% [main] | loss 2.092 | lr 1.00e-02 | gnorm 1.05 | 2.67B tok | 77K tok/s/gpu | MFU 32% | ETA 6.3h
step 2920/16281 18% [main] | loss 1.507 | lr 1.00e-02 | gnorm 0.93 | 2.68B tok | 77K tok/s/gpu | MFU 32% | ETA 6.3h
step 2930/16281 18% [main] | loss 2.005 | lr 1.00e-02 | gnorm 0.84 | 2.69B tok | 77K tok/s/gpu | MFU 32% | ETA 6.3h
step 2940/16281 18% [main] | loss 1.525 | lr 1.00e-02 | gnorm 1.07 | 2.70B tok | 77K tok/s/gpu | MFU 32% | ETA 6.3h
step 2950/16281 18% [main] | loss 1.553 | lr 1.00e-02 | gnorm 0.80 | 2.71B tok | 77K tok/s/gpu | MFU 32% | ETA 6.3h
step 2960/16281 18% [main] | loss 2.070 | lr 1.00e-02 | gnorm 0.93 | 2.72B tok | 77K tok/s/gpu | MFU 32% | ETA 6.3h
step 2970/16281 18% [main] | loss 1.581 | lr 1.00e-02 | gnorm 1.20 | 2.72B tok | 77K tok/s/gpu | MFU 32% | ETA 6.3h
step 2980/16281 18% [main] | loss 1.637 | lr 1.00e-02 | gnorm 1.15 | 2.73B tok | 77K tok/s/gpu | MFU 32% | ETA 6.3h
step 2990/16281 18% [main] | loss 1.962 | lr 1.00e-02 | gnorm 1.11 | 2.74B tok | 77K tok/s/gpu | MFU 32% | ETA 6.3h
step 3000/16281 val 2.372
step 3000/16281 18% [main] | loss 2.037 | lr 1.00e-02 | gnorm 0.99 | 2.75B tok | 51K tok/s/gpu | MFU 21% | ETA 9.5h
step 3010/16281 18% [main] | loss 2.070 | lr 1.00e-02 | gnorm 0.99 | 2.76B tok | 77K tok/s/gpu | MFU 32% | ETA 6.3h
step 3020/16281 19% [main] | loss 1.955 | lr 1.00e-02 | gnorm 0.77 | 2.77B tok | 77K tok/s/gpu | MFU 32% | ETA 6.3h
step 3030/16281 19% [main] | loss 2.140 | lr 1.00e-02 | gnorm 1.09 | 2.78B tok | 77K tok/s/gpu | MFU 32% | ETA 6.3h
step 3040/16281 19% [main] | loss 2.136 | lr 1.00e-02 | gnorm 1.04 | 2.79B tok | 77K tok/s/gpu | MFU 32% | ETA 6.3h
step 3050/16281 19% [main] | loss 1.837 | lr 1.00e-02 | gnorm 0.90 | 2.80B tok | 77K tok/s/gpu | MFU 32% | ETA 6.3h
step 3060/16281 19% [main] | loss 2.269 | lr 1.00e-02 | gnorm 0.91 | 2.81B tok | 74K tok/s/gpu | MFU 31% | ETA 6.5h
step 3070/16281 19% [main] | loss 2.110 | lr 1.00e-02 | gnorm 0.89 | 2.82B tok | 74K tok/s/gpu | MFU 31% | ETA 6.5h
step 3080/16281 19% [main] | loss 1.941 | lr 1.00e-02 | gnorm 0.80 | 2.83B tok | 74K tok/s/gpu | MFU 31% | ETA 6.5h
step 3090/16281 19% [main] | loss 1.558 | lr 1.00e-02 | gnorm 1.09 | 2.84B tok | 71K tok/s/gpu | MFU 30% | ETA 6.7h
step 3100/16281 19% [main] | loss 2.204 | lr 1.00e-02 | gnorm 0.96 | 2.84B tok | 77K tok/s/gpu | MFU 32% | ETA 6.3h
step 3110/16281 19% [main] | loss 2.080 | lr 1.00e-02 | gnorm 1.02 | 2.85B tok | 77K tok/s/gpu | MFU 32% | ETA 6.3h
step 3120/16281 19% [main] | loss 2.093 | lr 1.00e-02 | gnorm 0.85 | 2.86B tok | 74K tok/s/gpu | MFU 31% | ETA 6.4h
step 3130/16281 19% [main] | loss 2.022 | lr 1.00e-02 | gnorm 0.88 | 2.87B tok | 77K tok/s/gpu | MFU 32% | ETA 6.2h
step 3140/16281 19% [main] | loss 1.899 | lr 1.00e-02 | gnorm 1.21 | 2.88B tok | 77K tok/s/gpu | MFU 32% | ETA 6.2h
step 3150/16281 19% [main] | loss 1.796 | lr 1.00e-02 | gnorm 0.82 | 2.89B tok | 77K tok/s/gpu | MFU 32% | ETA 6.2h
step 3160/16281 19% [main] | loss 1.866 | lr 1.00e-02 | gnorm 1.53 | 2.90B tok | 77K tok/s/gpu | MFU 32% | ETA 6.2h
step 3170/16281 19% [main] | loss 2.633 | lr 1.00e-02 | gnorm 1.27 | 2.91B tok | 77K tok/s/gpu | MFU 32% | ETA 6.2h
step 3180/16281 20% [main] | loss 1.977 | lr 1.00e-02 | gnorm 0.92 | 2.92B tok | 77K tok/s/gpu | MFU 32% | ETA 6.2h
step 3190/16281 20% [main] | loss 1.946 | lr 1.00e-02 | gnorm 0.88 | 2.93B tok | 77K tok/s/gpu | MFU 32% | ETA 6.2h
step 3200/16281 20% [main] | loss 1.796 | lr 1.00e-02 | gnorm 1.04 | 2.94B tok | 74K tok/s/gpu | MFU 31% | ETA 6.4h
step 3210/16281 20% [main] | loss 1.610 | lr 1.00e-02 | gnorm 1.07 | 2.95B tok | 77K tok/s/gpu | MFU 32% | ETA 6.2h
step 3220/16281 20% [main] | loss 2.082 | lr 1.00e-02 | gnorm 1.12 | 2.95B tok | 77K tok/s/gpu | MFU 32% | ETA 6.2h
step 3230/16281 20% [main] | loss 1.862 | lr 1.00e-02 | gnorm 1.52 | 2.96B tok | 77K tok/s/gpu | MFU 32% | ETA 6.2h
step 3240/16281 20% [main] | loss 2.562 | lr 1.00e-02 | gnorm 1.03 | 2.97B tok | 77K tok/s/gpu | MFU 32% | ETA 6.2h
step 3250/16281 20% [main] | loss 1.657 | lr 1.00e-02 | gnorm 1.29 | 2.98B tok | 77K tok/s/gpu | MFU 32% | ETA 6.2h
step 3260/16281 20% [main] | loss 2.026 | lr 1.00e-02 | gnorm 0.93 | 2.99B tok | 77K tok/s/gpu | MFU 32% | ETA 6.2h
step 3270/16281 20% [main] | loss 1.805 | lr 1.00e-02 | gnorm 1.15 | 3.00B tok | 77K tok/s/gpu | MFU 32% | ETA 6.2h
step 3280/16281 20% [main] | loss 1.903 | lr 1.00e-02 | gnorm 0.92 | 3.01B tok | 77K tok/s/gpu | MFU 32% | ETA 6.2h
step 3290/16281 20% [main] | loss 2.314 | lr 1.00e-02 | gnorm 1.09 | 3.02B tok | 77K tok/s/gpu | MFU 32% | ETA 6.2h
step 3300/16281 20% [main] | loss 1.389 | lr 1.00e-02 | gnorm 1.05 | 3.03B tok | 77K tok/s/gpu | MFU 32% | ETA 6.2h
step 3310/16281 20% [main] | loss 2.390 | lr 1.00e-02 | gnorm 1.34 | 3.04B tok | 77K tok/s/gpu | MFU 32% | ETA 6.2h
step 3320/16281 20% [main] | loss 2.187 | lr 1.00e-02 | gnorm 0.90 | 3.05B tok | 77K tok/s/gpu | MFU 32% | ETA 6.2h
step 3330/16281 20% [main] | loss 1.645 | lr 1.00e-02 | gnorm 1.15 | 3.06B tok | 77K tok/s/gpu | MFU 32% | ETA 6.2h
step 3340/16281 21% [main] | loss 1.921 | lr 1.00e-02 | gnorm 0.95 | 3.06B tok | 77K tok/s/gpu | MFU 32% | ETA 6.1h
step 3350/16281 21% [main] | loss 2.375 | lr 1.00e-02 | gnorm 1.22 | 3.07B tok | 77K tok/s/gpu | MFU 32% | ETA 6.1h
step 3360/16281 21% [main] | loss 2.051 | lr 1.00e-02 | gnorm 0.81 | 3.08B tok | 77K tok/s/gpu | MFU 32% | ETA 6.1h
step 3370/16281 21% [main] | loss 1.744 | lr 1.00e-02 | gnorm 0.78 | 3.09B tok | 77K tok/s/gpu | MFU 32% | ETA 6.1h
step 3380/16281 21% [main] | loss 2.107 | lr 1.00e-02 | gnorm 1.17 | 3.10B tok | 77K tok/s/gpu | MFU 32% | ETA 6.1h
step 3390/16281 21% [main] | loss 2.299 | lr 1.00e-02 | gnorm 1.06 | 3.11B tok | 77K tok/s/gpu | MFU 32% | ETA 6.1h
step 3400/16281 21% [main] | loss 1.896 | lr 1.00e-02 | gnorm 0.80 | 3.12B tok | 74K tok/s/gpu | MFU 31% | ETA 6.3h
step 3410/16281 21% [main] | loss 1.980 | lr 1.00e-02 | gnorm 0.96 | 3.13B tok | 77K tok/s/gpu | MFU 32% | ETA 6.1h
step 3420/16281 21% [main] | loss 1.480 | lr 1.00e-02 | gnorm 1.08 | 3.14B tok | 77K tok/s/gpu | MFU 32% | ETA 6.1h
step 3430/16281 21% [main] | loss 1.617 | lr 1.00e-02 | gnorm 1.20 | 3.15B tok | 77K tok/s/gpu | MFU 32% | ETA 6.1h
step 3440/16281 21% [main] | loss 1.672 | lr 1.00e-02 | gnorm 0.86 | 3.16B tok | 77K tok/s/gpu | MFU 32% | ETA 6.1h
step 3450/16281 21% [main] | loss 2.324 | lr 1.00e-02 | gnorm 0.98 | 3.17B tok | 77K tok/s/gpu | MFU 32% | ETA 6.1h
step 3460/16281 21% [main] | loss 2.206 | lr 1.00e-02 | gnorm 1.04 | 3.17B tok | 77K tok/s/gpu | MFU 32% | ETA 6.1h
step 3470/16281 21% [main] | loss 1.682 | lr 1.00e-02 | gnorm 1.42 | 3.18B tok | 77K tok/s/gpu | MFU 32% | ETA 6.1h
step 3480/16281 21% [main] | loss 2.145 | lr 1.00e-02 | gnorm 1.12 | 3.19B tok | 77K tok/s/gpu | MFU 32% | ETA 6.1h
step 3490/16281 21% [main] | loss 2.272 | lr 1.00e-02 | gnorm 0.94 | 3.20B tok | 77K tok/s/gpu | MFU 32% | ETA 6.1h
step 3500/16281 val 2.340
step 3500/16281 21% [main] | loss 1.618 | lr 1.00e-02 | gnorm 1.41 | 3.21B tok | 52K tok/s/gpu | MFU 22% | ETA 9.0h
step 3510/16281 22% [main] | loss 1.700 | lr 1.00e-02 | gnorm 1.16 | 3.22B tok | 77K tok/s/gpu | MFU 32% | ETA 6.0h
step 3520/16281 22% [main] | loss 2.260 | lr 1.00e-02 | gnorm 0.98 | 3.23B tok | 77K tok/s/gpu | MFU 32% | ETA 6.1h
step 3530/16281 22% [main] | loss 1.956 | lr 1.00e-02 | gnorm 0.94 | 3.24B tok | 77K tok/s/gpu | MFU 32% | ETA 6.1h
step 3540/16281 22% [main] | loss 1.722 | lr 1.00e-02 | gnorm 0.98 | 3.25B tok | 77K tok/s/gpu | MFU 32% | ETA 6.1h
step 3550/16281 22% [main] | loss 1.861 | lr 1.00e-02 | gnorm 1.09 | 3.26B tok | 74K tok/s/gpu | MFU 31% | ETA 6.3h
step 3560/16281 22% [main] | loss 2.155 | lr 1.00e-02 | gnorm 0.96 | 3.27B tok | 74K tok/s/gpu | MFU 31% | ETA 6.2h
step 3570/16281 22% [main] | loss 1.932 | lr 1.00e-02 | gnorm 1.19 | 3.28B tok | 75K tok/s/gpu | MFU 31% | ETA 6.2h
step 3580/16281 22% [main] | loss 1.962 | lr 1.00e-02 | gnorm 0.94 | 3.28B tok | 74K tok/s/gpu | MFU 31% | ETA 6.2h
step 3590/16281 22% [main] | loss 1.776 | lr 1.00e-02 | gnorm 0.99 | 3.29B tok | 74K tok/s/gpu | MFU 31% | ETA 6.2h
step 3600/16281 22% [main] | loss 2.002 | lr 1.00e-02 | gnorm 0.56 | 3.30B tok | 74K tok/s/gpu | MFU 31% | ETA 6.2h
step 3610/16281 22% [main] | loss 1.879 | lr 1.00e-02 | gnorm 1.08 | 3.31B tok | 77K tok/s/gpu | MFU 32% | ETA 6.0h
step 3620/16281 22% [main] | loss 1.926 | lr 1.00e-02 | gnorm 0.67 | 3.32B tok | 74K tok/s/gpu | MFU 31% | ETA 6.2h
step 3630/16281 22% [main] | loss 2.400 | lr 1.00e-02 | gnorm 1.20 | 3.33B tok | 77K tok/s/gpu | MFU 32% | ETA 6.0h
step 3640/16281 22% [main] | loss 1.973 | lr 1.00e-02 | gnorm 0.96 | 3.34B tok | 77K tok/s/gpu | MFU 32% | ETA 6.0h
step 3650/16281 22% [main] | loss 1.976 | lr 1.00e-02 | gnorm 0.73 | 3.35B tok | 77K tok/s/gpu | MFU 32% | ETA 6.0h
step 3660/16281 22% [main] | loss 2.267 | lr 1.00e-02 | gnorm 1.04 | 3.36B tok | 77K tok/s/gpu | MFU 32% | ETA 6.0h
step 3670/16281 23% [main] | loss 2.436 | lr 1.00e-02 | gnorm 1.09 | 3.37B tok | 77K tok/s/gpu | MFU 32% | ETA 6.0h
step 3680/16281 23% [main] | loss 1.821 | lr 1.00e-02 | gnorm 1.74 | 3.38B tok | 77K tok/s/gpu | MFU 32% | ETA 6.0h
step 3690/16281 23% [main] | loss 1.620 | lr 1.00e-02 | gnorm 0.91 | 3.39B tok | 77K tok/s/gpu | MFU 32% | ETA 6.0h
step 3700/16281 23% [main] | loss 1.338 | lr 1.00e-02 | gnorm 1.11 | 3.39B tok | 77K tok/s/gpu | MFU 32% | ETA 6.0h
step 3710/16281 23% [main] | loss 1.855 | lr 1.00e-02 | gnorm 1.34 | 3.40B tok | 77K tok/s/gpu | MFU 32% | ETA 6.0h
step 3720/16281 23% [main] | loss 1.888 | lr 1.00e-02 | gnorm 0.91 | 3.41B tok | 77K tok/s/gpu | MFU 32% | ETA 6.0h
step 3730/16281 23% [main] | loss 2.033 | lr 1.00e-02 | gnorm 0.81 | 3.42B tok | 77K tok/s/gpu | MFU 32% | ETA 6.0h
step 3740/16281 23% [main] | loss 2.224 | lr 1.00e-02 | gnorm 1.09 | 3.43B tok | 77K tok/s/gpu | MFU 32% | ETA 6.0h
step 3750/16281 23% [main] | loss 2.133 | lr 1.00e-02 | gnorm 1.48 | 3.44B tok | 77K tok/s/gpu | MFU 32% | ETA 6.0h
step 3760/16281 23% [main] | loss 1.824 | lr 1.00e-02 | gnorm 1.16 | 3.45B tok | 77K tok/s/gpu | MFU 32% | ETA 6.0h
step 3770/16281 23% [main] | loss 2.009 | lr 1.00e-02 | gnorm 0.96 | 3.46B tok | 77K tok/s/gpu | MFU 32% | ETA 5.9h
step 3780/16281 23% [main] | loss 1.731 | lr 1.00e-02 | gnorm 1.13 | 3.47B tok | 77K tok/s/gpu | MFU 32% | ETA 5.9h
step 3790/16281 23% [main] | loss 1.911 | lr 1.00e-02 | gnorm 0.81 | 3.48B tok | 77K tok/s/gpu | MFU 32% | ETA 5.9h
step 3800/16281 23% [main] | loss 2.103 | lr 1.00e-02 | gnorm 1.05 | 3.49B tok | 74K tok/s/gpu | MFU 31% | ETA 6.1h
step 3810/16281 23% [main] | loss 2.067 | lr 1.00e-02 | gnorm 1.02 | 3.50B tok | 77K tok/s/gpu | MFU 32% | ETA 5.9h
step 3820/16281 23% [main] | loss 1.679 | lr 1.00e-02 | gnorm 1.12 | 3.50B tok | 45K tok/s/gpu | MFU 19% | ETA 10.2h
step 3830/16281 24% [main] | loss 1.546 | lr 1.00e-02 | gnorm 1.40 | 3.51B tok | 52K tok/s/gpu | MFU 22% | ETA 8.7h
step 3840/16281 24% [main] | loss 1.610 | lr 1.00e-02 | gnorm 1.00 | 3.52B tok | 75K tok/s/gpu | MFU 31% | ETA 6.0h
step 3850/16281 24% [main] | loss 2.054 | lr 1.00e-02 | gnorm 0.81 | 3.53B tok | 77K tok/s/gpu | MFU 32% | ETA 5.9h
step 3860/16281 24% [main] | loss 2.210 | lr 1.00e-02 | gnorm 1.33 | 3.54B tok | 77K tok/s/gpu | MFU 32% | ETA 5.9h
step 3870/16281 24% [main] | loss 1.784 | lr 1.00e-02 | gnorm 1.16 | 3.55B tok | 77K tok/s/gpu | MFU 32% | ETA 5.9h
step 3880/16281 24% [main] | loss 1.827 | lr 1.00e-02 | gnorm 0.97 | 3.56B tok | 77K tok/s/gpu | MFU 32% | ETA 5.9h
step 3890/16281 24% [main] | loss 1.998 | lr 1.00e-02 | gnorm 1.37 | 3.57B tok | 77K tok/s/gpu | MFU 32% | ETA 5.9h
step 3900/16281 24% [main] | loss 1.909 | lr 1.00e-02 | gnorm 0.95 | 3.58B tok | 77K tok/s/gpu | MFU 32% | ETA 5.9h
step 3910/16281 24% [main] | loss 2.582 | lr 1.00e-02 | gnorm 0.98 | 3.59B tok | 77K tok/s/gpu | MFU 32% | ETA 5.9h
step 3920/16281 24% [main] | loss 2.014 | lr 1.00e-02 | gnorm 1.18 | 3.60B tok | 77K tok/s/gpu | MFU 32% | ETA 5.9h
step 3930/16281 24% [main] | loss 2.027 | lr 1.00e-02 | gnorm 1.05 | 3.61B tok | 77K tok/s/gpu | MFU 32% | ETA 5.9h
step 3940/16281 24% [main] | loss 1.684 | lr 1.00e-02 | gnorm 1.07 | 3.61B tok | 77K tok/s/gpu | MFU 32% | ETA 5.9h
step 3950/16281 24% [main] | loss 2.460 | lr 1.00e-02 | gnorm 1.27 | 3.62B tok | 77K tok/s/gpu | MFU 32% | ETA 5.9h
step 3960/16281 24% [main] | loss 2.296 | lr 1.00e-02 | gnorm 0.95 | 3.63B tok | 77K tok/s/gpu | MFU 32% | ETA 5.9h
step 3970/16281 24% [main] | loss 1.866 | lr 1.00e-02 | gnorm 0.86 | 3.64B tok | 77K tok/s/gpu | MFU 32% | ETA 5.9h
step 3980/16281 24% [main] | loss 1.595 | lr 1.00e-02 | gnorm 1.27 | 3.65B tok | 77K tok/s/gpu | MFU 32% | ETA 5.8h
step 3990/16281 25% [main] | loss 2.044 | lr 1.00e-02 | gnorm 1.13 | 3.66B tok | 77K tok/s/gpu | MFU 32% | ETA 5.8h
step 4000/16281 val 2.335
step 4000/16281 25% [main] | loss 1.984 | lr 1.00e-02 | gnorm 1.36 | 3.67B tok | 52K tok/s/gpu | MFU 22% | ETA 8.6h
step 4010/16281 25% [main] | loss 1.929 | lr 1.00e-02 | gnorm 0.98 | 3.68B tok | 77K tok/s/gpu | MFU 32% | ETA 5.8h
step 4020/16281 25% [main] | loss 2.098 | lr 1.00e-02 | gnorm 1.24 | 3.69B tok | 77K tok/s/gpu | MFU 32% | ETA 5.8h
step 4030/16281 25% [main] | loss 1.758 | lr 1.00e-02 | gnorm 1.08 | 3.70B tok | 77K tok/s/gpu | MFU 32% | ETA 5.8h
step 4040/16281 25% [main] | loss 1.430 | lr 1.00e-02 | gnorm 0.81 | 3.71B tok | 77K tok/s/gpu | MFU 32% | ETA 5.8h
step 4050/16281 25% [main] | loss 1.838 | lr 1.00e-02 | gnorm 1.07 | 3.72B tok | 75K tok/s/gpu | MFU 31% | ETA 6.0h
step 4060/16281 25% [main] | loss 1.887 | lr 1.00e-02 | gnorm 1.15 | 3.73B tok | 74K tok/s/gpu | MFU 31% | ETA 6.0h
step 4070/16281 25% [main] | loss 2.327 | lr 1.00e-02 | gnorm 1.02 | 3.73B tok | 74K tok/s/gpu | MFU 31% | ETA 6.0h
step 4080/16281 25% [main] | loss 1.667 | lr 1.00e-02 | gnorm 0.93 | 3.74B tok | 72K tok/s/gpu | MFU 30% | ETA 6.2h
step 4090/16281 25% [main] | loss 1.932 | lr 1.00e-02 | gnorm 1.01 | 3.75B tok | 77K tok/s/gpu | MFU 32% | ETA 5.8h
step 4100/16281 25% [main] | loss 1.962 | lr 1.00e-02 | gnorm 1.27 | 3.76B tok | 77K tok/s/gpu | MFU 32% | ETA 5.8h
step 4110/16281 25% [main] | loss 1.623 | lr 1.00e-02 | gnorm 1.25 | 3.77B tok | 74K tok/s/gpu | MFU 31% | ETA 6.0h
step 4120/16281 25% [main] | loss 1.671 | lr 1.00e-02 | gnorm 0.86 | 3.78B tok | 76K tok/s/gpu | MFU 32% | ETA 5.8h
step 4130/16281 25% [main] | loss 1.615 | lr 1.00e-02 | gnorm 0.91 | 3.79B tok | 74K tok/s/gpu | MFU 31% | ETA 6.0h
step 4140/16281 25% [main] | loss 2.050 | lr 1.00e-02 | gnorm 1.16 | 3.80B tok | 77K tok/s/gpu | MFU 32% | ETA 5.8h
step 4150/16281 25% [main] | loss 1.756 | lr 1.00e-02 | gnorm 1.25 | 3.81B tok | 77K tok/s/gpu | MFU 32% | ETA 5.8h
step 4160/16281 26% [main] | loss 1.540 | lr 1.00e-02 | gnorm 0.99 | 3.82B tok | 77K tok/s/gpu | MFU 32% | ETA 5.8h
step 4170/16281 26% [main] | loss 2.572 | lr 1.00e-02 | gnorm 1.16 | 3.83B tok | 77K tok/s/gpu | MFU 32% | ETA 5.8h
step 4180/16281 26% [main] | loss 2.194 | lr 1.00e-02 | gnorm 0.80 | 3.84B tok | 77K tok/s/gpu | MFU 32% | ETA 5.7h
step 4190/16281 26% [main] | loss 1.857 | lr 1.00e-02 | gnorm 1.02 | 3.84B tok | 77K tok/s/gpu | MFU 32% | ETA 5.7h
step 4200/16281 26% [main] | loss 1.775 | lr 1.00e-02 | gnorm 0.98 | 3.85B tok | 74K tok/s/gpu | MFU 31% | ETA 5.9h
step 4210/16281 26% [main] | loss 2.216 | lr 1.00e-02 | gnorm 1.80 | 3.86B tok | 77K tok/s/gpu | MFU 32% | ETA 5.7h
step 4220/16281 26% [main] | loss 1.729 | lr 1.00e-02 | gnorm 1.08 | 3.87B tok | 77K tok/s/gpu | MFU 32% | ETA 5.7h
step 4230/16281 26% [main] | loss 1.843 | lr 1.00e-02 | gnorm 1.15 | 3.88B tok | 77K tok/s/gpu | MFU 32% | ETA 5.7h
step 4240/16281 26% [main] | loss 2.267 | lr 1.00e-02 | gnorm 1.08 | 3.89B tok | 77K tok/s/gpu | MFU 32% | ETA 5.7h
step 4250/16281 26% [main] | loss 1.578 | lr 1.00e-02 | gnorm 0.88 | 3.90B tok | 77K tok/s/gpu | MFU 32% | ETA 5.7h
step 4260/16281 26% [main] | loss 1.430 | lr 1.00e-02 | gnorm 1.20 | 3.91B tok | 77K tok/s/gpu | MFU 32% | ETA 5.7h
step 4270/16281 26% [main] | loss 2.225 | lr 1.00e-02 | gnorm 1.09 | 3.92B tok | 77K tok/s/gpu | MFU 32% | ETA 5.7h
step 4280/16281 26% [main] | loss 1.846 | lr 1.00e-02 | gnorm 0.98 | 3.93B tok | 77K tok/s/gpu | MFU 32% | ETA 5.7h
step 4290/16281 26% [main] | loss 1.938 | lr 1.00e-02 | gnorm 1.44 | 3.94B tok | 77K tok/s/gpu | MFU 32% | ETA 5.7h
step 4300/16281 26% [main] | loss 1.727 | lr 1.00e-02 | gnorm 1.18 | 3.95B tok | 77K tok/s/gpu | MFU 32% | ETA 5.7h
step 4310/16281 26% [main] | loss 2.332 | lr 1.00e-02 | gnorm 1.02 | 3.95B tok | 77K tok/s/gpu | MFU 32% | ETA 5.7h
step 4320/16281 27% [main] | loss 1.989 | lr 1.00e-02 | gnorm 1.48 | 3.96B tok | 77K tok/s/gpu | MFU 32% | ETA 5.7h
step 4330/16281 27% [main] | loss 1.646 | lr 1.00e-02 | gnorm 1.12 | 3.97B tok | 77K tok/s/gpu | MFU 32% | ETA 5.7h
step 4340/16281 27% [main] | loss 1.556 | lr 1.00e-02 | gnorm 0.96 | 3.98B tok | 77K tok/s/gpu | MFU 32% | ETA 5.7h
step 4350/16281 27% [main] | loss 1.744 | lr 1.00e-02 | gnorm 1.25 | 3.99B tok | 77K tok/s/gpu | MFU 32% | ETA 5.7h
step 4360/16281 27% [main] | loss 1.638 | lr 1.00e-02 | gnorm 1.28 | 4.00B tok | 77K tok/s/gpu | MFU 32% | ETA 5.7h
step 4370/16281 27% [main] | loss 1.895 | lr 1.00e-02 | gnorm 1.31 | 4.01B tok | 77K tok/s/gpu | MFU 32% | ETA 5.7h
step 4380/16281 27% [main] | loss 2.087 | lr 1.00e-02 | gnorm 1.05 | 4.02B tok | 77K tok/s/gpu | MFU 32% | ETA 5.6h
step 4390/16281 27% [main] | loss 1.845 | lr 1.00e-02 | gnorm 0.91 | 4.03B tok | 77K tok/s/gpu | MFU 32% | ETA 5.6h
step 4400/16281 27% [main] | loss 2.084 | lr 1.00e-02 | gnorm 1.10 | 4.04B tok | 74K tok/s/gpu | MFU 31% | ETA 5.8h
step 4410/16281 27% [main] | loss 1.606 | lr 1.00e-02 | gnorm 1.17 | 4.05B tok | 77K tok/s/gpu | MFU 32% | ETA 5.6h
step 4420/16281 27% [main] | loss 2.255 | lr 1.00e-02 | gnorm 0.95 | 4.06B tok | 77K tok/s/gpu | MFU 32% | ETA 5.6h
step 4430/16281 27% [main] | loss 1.645 | lr 1.00e-02 | gnorm 0.97 | 4.06B tok | 77K tok/s/gpu | MFU 32% | ETA 5.6h
step 4440/16281 27% [main] | loss 2.228 | lr 1.00e-02 | gnorm 1.23 | 4.07B tok | 77K tok/s/gpu | MFU 32% | ETA 5.6h
step 4450/16281 27% [main] | loss 1.801 | lr 1.00e-02 | gnorm 1.27 | 4.08B tok | 77K tok/s/gpu | MFU 32% | ETA 5.6h
step 4460/16281 27% [main] | loss 2.081 | lr 1.00e-02 | gnorm 0.88 | 4.09B tok | 77K tok/s/gpu | MFU 32% | ETA 5.6h
step 4470/16281 27% [main] | loss 2.056 | lr 1.00e-02 | gnorm 1.02 | 4.10B tok | 77K tok/s/gpu | MFU 32% | ETA 5.6h
step 4480/16281 28% [main] | loss 1.515 | lr 1.00e-02 | gnorm 0.95 | 4.11B tok | 77K tok/s/gpu | MFU 32% | ETA 5.6h
step 4490/16281 28% [main] | loss 1.473 | lr 1.00e-02 | gnorm 0.96 | 4.12B tok | 77K tok/s/gpu | MFU 32% | ETA 5.6h
step 4500/16281 val 2.324
step 4500/16281 28% [main] | loss 2.168 | lr 1.00e-02 | gnorm 1.63 | 4.13B tok | 51K tok/s/gpu | MFU 21% | ETA 8.4h
step 4510/16281 28% [main] | loss 1.447 | lr 1.00e-02 | gnorm 1.34 | 4.14B tok | 77K tok/s/gpu | MFU 32% | ETA 5.6h
step 4520/16281 28% [main] | loss 1.652 | lr 1.00e-02 | gnorm 1.28 | 4.15B tok | 77K tok/s/gpu | MFU 32% | ETA 5.6h
step 4530/16281 28% [main] | loss 2.448 | lr 1.00e-02 | gnorm 1.05 | 4.16B tok | 77K tok/s/gpu | MFU 32% | ETA 5.6h
step 4540/16281 28% [main] | loss 2.184 | lr 1.00e-02 | gnorm 1.01 | 4.17B tok | 75K tok/s/gpu | MFU 31% | ETA 5.7h
step 4550/16281 28% [main] | loss 2.832 | lr 1.00e-02 | gnorm 1.09 | 4.17B tok | 74K tok/s/gpu | MFU 31% | ETA 5.8h
step 4560/16281 28% [main] | loss 1.531 | lr 1.00e-02 | gnorm 1.16 | 4.18B tok | 74K tok/s/gpu | MFU 31% | ETA 5.8h
step 4570/16281 28% [main] | loss 1.612 | lr 1.00e-02 | gnorm 0.97 | 4.19B tok | 74K tok/s/gpu | MFU 31% | ETA 5.8h
step 4580/16281 28% [main] | loss 2.243 | lr 1.00e-02 | gnorm 0.91 | 4.20B tok | 74K tok/s/gpu | MFU 31% | ETA 5.7h
step 4590/16281 28% [main] | loss 1.984 | lr 1.00e-02 | gnorm 1.45 | 4.21B tok | 77K tok/s/gpu | MFU 32% | ETA 5.6h
step 4600/16281 28% [main] | loss 2.030 | lr 1.00e-02 | gnorm 1.09 | 4.22B tok | 74K tok/s/gpu | MFU 31% | ETA 5.7h
step 4610/16281 28% [main] | loss 2.076 | lr 1.00e-02 | gnorm 0.94 | 4.23B tok | 75K tok/s/gpu | MFU 31% | ETA 5.7h
step 4620/16281 28% [main] | loss 1.965 | lr 1.00e-02 | gnorm 1.28 | 4.24B tok | 77K tok/s/gpu | MFU 32% | ETA 5.5h
step 4630/16281 28% [main] | loss 2.194 | lr 1.00e-02 | gnorm 1.12 | 4.25B tok | 77K tok/s/gpu | MFU 32% | ETA 5.5h
step 4640/16281 28% [main] | loss 1.938 | lr 1.00e-02 | gnorm 1.13 | 4.26B tok | 77K tok/s/gpu | MFU 32% | ETA 5.5h
step 4650/16281 29% [main] | loss 1.822 | lr 1.00e-02 | gnorm 0.86 | 4.27B tok | 77K tok/s/gpu | MFU 32% | ETA 5.5h
step 4660/16281 29% [main] | loss 2.159 | lr 1.00e-02 | gnorm 1.10 | 4.28B tok | 77K tok/s/gpu | MFU 32% | ETA 5.5h
step 4670/16281 29% [main] | loss 1.862 | lr 1.00e-02 | gnorm 1.02 | 4.28B tok | 77K tok/s/gpu | MFU 32% | ETA 5.5h
step 4680/16281 29% [main] | loss 2.078 | lr 1.00e-02 | gnorm 1.19 | 4.29B tok | 77K tok/s/gpu | MFU 32% | ETA 5.5h
step 4690/16281 29% [main] | loss 1.543 | lr 1.00e-02 | gnorm 1.31 | 4.30B tok | 77K tok/s/gpu | MFU 32% | ETA 5.5h
step 4700/16281 29% [main] | loss 1.551 | lr 1.00e-02 | gnorm 1.11 | 4.31B tok | 77K tok/s/gpu | MFU 32% | ETA 5.5h
step 4710/16281 29% [main] | loss 1.796 | lr 1.00e-02 | gnorm 0.97 | 4.32B tok | 77K tok/s/gpu | MFU 32% | ETA 5.5h
step 4720/16281 29% [main] | loss 1.329 | lr 1.00e-02 | gnorm 0.97 | 4.33B tok | 77K tok/s/gpu | MFU 32% | ETA 5.5h
step 4730/16281 29% [main] | loss 2.093 | lr 1.00e-02 | gnorm 1.05 | 4.34B tok | 77K tok/s/gpu | MFU 32% | ETA 5.5h
step 4740/16281 29% [main] | loss 2.446 | lr 1.00e-02 | gnorm 1.12 | 4.35B tok | 76K tok/s/gpu | MFU 32% | ETA 5.5h
step 4750/16281 29% [main] | loss 1.939 | lr 1.00e-02 | gnorm 0.93 | 4.36B tok | 77K tok/s/gpu | MFU 32% | ETA 5.5h
step 4760/16281 29% [main] | loss 1.923 | lr 1.00e-02 | gnorm 1.06 | 4.37B tok | 77K tok/s/gpu | MFU 32% | ETA 5.5h
step 4770/16281 29% [main] | loss 1.864 | lr 1.00e-02 | gnorm 0.97 | 4.38B tok | 77K tok/s/gpu | MFU 32% | ETA 5.5h
step 4780/16281 29% [main] | loss 1.609 | lr 1.00e-02 | gnorm 1.03 | 4.39B tok | 77K tok/s/gpu | MFU 32% | ETA 5.5h
step 4790/16281 29% [main] | loss 1.312 | lr 1.00e-02 | gnorm 0.91 | 4.39B tok | 77K tok/s/gpu | MFU 32% | ETA 5.5h
step 4800/16281 29% [main] | loss 1.986 | lr 1.00e-02 | gnorm 1.40 | 4.40B tok | 74K tok/s/gpu | MFU 31% | ETA 5.6h
step 4810/16281 30% [main] | loss 2.239 | lr 1.00e-02 | gnorm 1.34 | 4.41B tok | 77K tok/s/gpu | MFU 32% | ETA 5.5h
step 4820/16281 30% [main] | loss 1.532 | lr 1.00e-02 | gnorm 1.29 | 4.42B tok | 77K tok/s/gpu | MFU 32% | ETA 5.4h
step 4830/16281 30% [main] | loss 2.187 | lr 1.00e-02 | gnorm 1.06 | 4.43B tok | 77K tok/s/gpu | MFU 32% | ETA 5.4h
step 4840/16281 30% [main] | loss 2.086 | lr 1.00e-02 | gnorm 0.98 | 4.44B tok | 77K tok/s/gpu | MFU 32% | ETA 5.4h
step 4850/16281 30% [main] | loss 1.888 | lr 1.00e-02 | gnorm 1.04 | 4.45B tok | 77K tok/s/gpu | MFU 32% | ETA 5.4h
step 4860/16281 30% [main] | loss 2.220 | lr 1.00e-02 | gnorm 1.00 | 4.46B tok | 77K tok/s/gpu | MFU 32% | ETA 5.4h
step 4870/16281 30% [main] | loss 1.925 | lr 1.00e-02 | gnorm 1.03 | 4.47B tok | 77K tok/s/gpu | MFU 32% | ETA 5.4h
step 4880/16281 30% [main] | loss 2.204 | lr 1.00e-02 | gnorm 1.34 | 4.48B tok | 77K tok/s/gpu | MFU 32% | ETA 5.4h
step 4890/16281 30% [main] | loss 1.800 | lr 1.00e-02 | gnorm 0.93 | 4.49B tok | 77K tok/s/gpu | MFU 32% | ETA 5.4h
step 4900/16281 30% [main] | loss 1.925 | lr 1.00e-02 | gnorm 1.13 | 4.50B tok | 77K tok/s/gpu | MFU 32% | ETA 5.4h
step 4910/16281 30% [main] | loss 2.239 | lr 1.00e-02 | gnorm 1.31 | 4.50B tok | 77K tok/s/gpu | MFU 32% | ETA 5.4h
step 4920/16281 30% [main] | loss 1.629 | lr 1.00e-02 | gnorm 0.89 | 4.51B tok | 77K tok/s/gpu | MFU 32% | ETA 5.4h
step 4930/16281 30% [main] | loss 1.837 | lr 1.00e-02 | gnorm 1.20 | 4.52B tok | 77K tok/s/gpu | MFU 32% | ETA 5.4h
step 4940/16281 30% [main] | loss 1.836 | lr 1.00e-02 | gnorm 1.43 | 4.53B tok | 71K tok/s/gpu | MFU 30% | ETA 5.8h
step 4950/16281 30% [main] | loss 2.227 | lr 1.00e-02 | gnorm 1.03 | 4.54B tok | 77K tok/s/gpu | MFU 32% | ETA 5.4h
step 4960/16281 30% [main] | loss 1.815 | lr 1.00e-02 | gnorm 0.95 | 4.55B tok | 77K tok/s/gpu | MFU 32% | ETA 5.4h
step 4970/16281 31% [main] | loss 1.653 | lr 1.00e-02 | gnorm 1.12 | 4.56B tok | 77K tok/s/gpu | MFU 32% | ETA 5.4h
step 4980/16281 31% [main] | loss 2.142 | lr 1.00e-02 | gnorm 1.36 | 4.57B tok | 77K tok/s/gpu | MFU 32% | ETA 5.4h
step 4990/16281 31% [main] | loss 1.344 | lr 1.00e-02 | gnorm 1.38 | 4.58B tok | 77K tok/s/gpu | MFU 32% | ETA 5.4h
step 5000/16281 val 2.298
step 5000/16281 31% [main] | loss 1.737 | lr 1.00e-02 | gnorm 1.10 | 4.59B tok | 51K tok/s/gpu | MFU 21% | ETA 8.1h
step 5010/16281 31% [main] | loss 2.210 | lr 1.00e-02 | gnorm 1.12 | 4.60B tok | 77K tok/s/gpu | MFU 32% | ETA 5.3h
step 5020/16281 31% [main] | loss 2.042 | lr 1.00e-02 | gnorm 1.00 | 4.61B tok | 77K tok/s/gpu | MFU 32% | ETA 5.3h
step 5030/16281 31% [main] | loss 1.679 | lr 1.00e-02 | gnorm 0.88 | 4.62B tok | 77K tok/s/gpu | MFU 32% | ETA 5.4h
step 5040/16281 31% [main] | loss 1.341 | lr 1.00e-02 | gnorm 1.18 | 4.62B tok | 74K tok/s/gpu | MFU 31% | ETA 5.5h
step 5050/16281 31% [main] | loss 2.056 | lr 1.00e-02 | gnorm 0.96 | 4.63B tok | 68K tok/s/gpu | MFU 28% | ETA 6.0h
step 5060/16281 31% [main] | loss 1.577 | lr 1.00e-02 | gnorm 0.97 | 4.64B tok | 74K tok/s/gpu | MFU 31% | ETA 5.5h
step 5070/16281 31% [main] | loss 1.992 | lr 1.00e-02 | gnorm 0.88 | 4.65B tok | 72K tok/s/gpu | MFU 30% | ETA 5.7h
step 5080/16281 31% [main] | loss 1.970 | lr 1.00e-02 | gnorm 1.03 | 4.66B tok | 77K tok/s/gpu | MFU 32% | ETA 5.3h
step 5090/16281 31% [main] | loss 1.963 | lr 1.00e-02 | gnorm 1.06 | 4.67B tok | 77K tok/s/gpu | MFU 32% | ETA 5.3h
step 5100/16281 31% [main] | loss 1.372 | lr 1.00e-02 | gnorm 1.32 | 4.68B tok | 74K tok/s/gpu | MFU 31% | ETA 5.5h
step 5110/16281 31% [main] | loss 2.299 | lr 1.00e-02 | gnorm 1.00 | 4.69B tok | 77K tok/s/gpu | MFU 32% | ETA 5.3h
step 5120/16281 31% [main] | loss 2.356 | lr 1.00e-02 | gnorm 1.09 | 4.70B tok | 77K tok/s/gpu | MFU 32% | ETA 5.3h
step 5130/16281 32% [main] | loss 2.171 | lr 1.00e-02 | gnorm 1.21 | 4.71B tok | 77K tok/s/gpu | MFU 32% | ETA 5.3h
step 5140/16281 32% [main] | loss 2.176 | lr 1.00e-02 | gnorm 1.23 | 4.72B tok | 77K tok/s/gpu | MFU 32% | ETA 5.3h
step 5150/16281 32% [main] | loss 1.888 | lr 1.00e-02 | gnorm 0.96 | 4.73B tok | 77K tok/s/gpu | MFU 32% | ETA 5.3h
step 5160/16281 32% [main] | loss 1.926 | lr 1.00e-02 | gnorm 1.05 | 4.73B tok | 77K tok/s/gpu | MFU 32% | ETA 5.3h
step 5170/16281 32% [main] | loss 2.275 | lr 1.00e-02 | gnorm 1.02 | 4.74B tok | 77K tok/s/gpu | MFU 32% | ETA 5.3h
step 5180/16281 32% [main] | loss 1.772 | lr 1.00e-02 | gnorm 0.88 | 4.75B tok | 77K tok/s/gpu | MFU 32% | ETA 5.3h
step 5190/16281 32% [main] | loss 1.612 | lr 1.00e-02 | gnorm 0.89 | 4.76B tok | 77K tok/s/gpu | MFU 32% | ETA 5.3h
step 5200/16281 32% [main] | loss 2.224 | lr 1.00e-02 | gnorm 1.33 | 4.77B tok | 74K tok/s/gpu | MFU 31% | ETA 5.4h
step 5210/16281 32% [main] | loss 1.789 | lr 1.00e-02 | gnorm 0.96 | 4.78B tok | 77K tok/s/gpu | MFU 32% | ETA 5.2h
step 5220/16281 32% [main] | loss 1.611 | lr 1.00e-02 | gnorm 1.12 | 4.79B tok | 77K tok/s/gpu | MFU 32% | ETA 5.2h
step 5230/16281 32% [main] | loss 1.750 | lr 1.00e-02 | gnorm 0.94 | 4.80B tok | 77K tok/s/gpu | MFU 32% | ETA 5.2h
step 5240/16281 32% [main] | loss 2.010 | lr 1.00e-02 | gnorm 1.42 | 4.81B tok | 77K tok/s/gpu | MFU 32% | ETA 5.2h
step 5250/16281 32% [main] | loss 1.429 | lr 1.00e-02 | gnorm 1.02 | 4.82B tok | 77K tok/s/gpu | MFU 32% | ETA 5.2h
step 5260/16281 32% [main] | loss 2.446 | lr 1.00e-02 | gnorm 1.27 | 4.83B tok | 77K tok/s/gpu | MFU 32% | ETA 5.2h
step 5270/16281 32% [main] | loss 1.793 | lr 1.00e-02 | gnorm 1.09 | 4.84B tok | 77K tok/s/gpu | MFU 32% | ETA 5.2h
step 5280/16281 32% [main] | loss 1.629 | lr 1.00e-02 | gnorm 1.16 | 4.84B tok | 77K tok/s/gpu | MFU 32% | ETA 5.2h
step 5290/16281 32% [main] | loss 2.095 | lr 1.00e-02 | gnorm 0.98 | 4.85B tok | 77K tok/s/gpu | MFU 32% | ETA 5.2h
step 5300/16281 33% [main] | loss 1.743 | lr 1.00e-02 | gnorm 1.05 | 4.86B tok | 76K tok/s/gpu | MFU 32% | ETA 5.2h
step 5310/16281 33% [main] | loss 2.003 | lr 1.00e-02 | gnorm 0.97 | 4.87B tok | 76K tok/s/gpu | MFU 32% | ETA 5.3h
step 5320/16281 33% [main] | loss 1.888 | lr 1.00e-02 | gnorm 0.91 | 4.88B tok | 76K tok/s/gpu | MFU 32% | ETA 5.2h
step 5330/16281 33% [main] | loss 1.464 | lr 1.00e-02 | gnorm 1.12 | 4.89B tok | 76K tok/s/gpu | MFU 32% | ETA 5.3h
step 5340/16281 33% [main] | loss 1.405 | lr 1.00e-02 | gnorm 1.20 | 4.90B tok | 76K tok/s/gpu | MFU 32% | ETA 5.2h
step 5350/16281 33% [main] | loss 2.032 | lr 1.00e-02 | gnorm 1.34 | 4.91B tok | 76K tok/s/gpu | MFU 32% | ETA 5.2h
step 5360/16281 33% [main] | loss 1.892 | lr 1.00e-02 | gnorm 1.05 | 4.92B tok | 77K tok/s/gpu | MFU 32% | ETA 5.2h
step 5370/16281 33% [main] | loss 2.117 | lr 1.00e-02 | gnorm 0.93 | 4.93B tok | 77K tok/s/gpu | MFU 32% | ETA 5.2h
step 5380/16281 33% [main] | loss 1.565 | lr 1.00e-02 | gnorm 1.09 | 4.94B tok | 77K tok/s/gpu | MFU 32% | ETA 5.2h
step 5390/16281 33% [main] | loss 2.144 | lr 1.00e-02 | gnorm 1.08 | 4.95B tok | 77K tok/s/gpu | MFU 32% | ETA 5.2h
step 5400/16281 33% [main] | loss 2.245 | lr 1.00e-02 | gnorm 0.95 | 4.95B tok | 74K tok/s/gpu | MFU 31% | ETA 5.3h
step 5410/16281 33% [main] | loss 2.342 | lr 1.00e-02 | gnorm 1.34 | 4.96B tok | 77K tok/s/gpu | MFU 32% | ETA 5.2h
step 5420/16281 33% [main] | loss 1.886 | lr 1.00e-02 | gnorm 0.91 | 4.97B tok | 77K tok/s/gpu | MFU 32% | ETA 5.2h
step 5430/16281 33% [main] | loss 1.887 | lr 1.00e-02 | gnorm 1.34 | 4.98B tok | 77K tok/s/gpu | MFU 32% | ETA 5.2h
step 5440/16281 33% [main] | loss 1.671 | lr 1.00e-02 | gnorm 1.24 | 4.99B tok | 75K tok/s/gpu | MFU 31% | ETA 5.3h
step 5450/16281 33% [main] | loss 1.628 | lr 1.00e-02 | gnorm 1.06 | 5.00B tok | 77K tok/s/gpu | MFU 32% | ETA 5.2h
step 5460/16281 34% [main] | loss 1.632 | lr 1.00e-02 | gnorm 1.16 | 5.01B tok | 77K tok/s/gpu | MFU 32% | ETA 5.1h
step 5470/16281 34% [main] | loss 1.663 | lr 1.00e-02 | gnorm 0.97 | 5.02B tok | 77K tok/s/gpu | MFU 32% | ETA 5.1h
step 5480/16281 34% [main] | loss 1.862 | lr 1.00e-02 | gnorm 0.94 | 5.03B tok | 77K tok/s/gpu | MFU 32% | ETA 5.1h
step 5490/16281 34% [main] | loss 1.659 | lr 1.00e-02 | gnorm 0.90 | 5.04B tok | 77K tok/s/gpu | MFU 32% | ETA 5.1h
step 5500/16281 val 2.290
step 5500/16281 34% [main] | loss 2.309 | lr 1.00e-02 | gnorm 1.11 | 5.05B tok | 53K tok/s/gpu | MFU 22% | ETA 7.4h
step 5510/16281 34% [main] | loss 1.567 | lr 1.00e-02 | gnorm 1.10 | 5.06B tok | 77K tok/s/gpu | MFU 32% | ETA 5.1h
step 5520/16281 34% [main] | loss 1.399 | lr 1.00e-02 | gnorm 0.90 | 5.06B tok | 77K tok/s/gpu | MFU 32% | ETA 5.1h
step 5530/16281 34% [main] | loss 2.080 | lr 1.00e-02 | gnorm 1.14 | 5.07B tok | 74K tok/s/gpu | MFU 31% | ETA 5.3h
step 5540/16281 34% [main] | loss 2.478 | lr 1.00e-02 | gnorm 0.89 | 5.08B tok | 74K tok/s/gpu | MFU 31% | ETA 5.3h
step 5550/16281 34% [main] | loss 1.598 | lr 1.00e-02 | gnorm 0.86 | 5.09B tok | 75K tok/s/gpu | MFU 31% | ETA 5.2h
step 5560/16281 34% [main] | loss 1.811 | lr 1.00e-02 | gnorm 1.20 | 5.10B tok | 74K tok/s/gpu | MFU 31% | ETA 5.3h
step 5570/16281 34% [main] | loss 2.122 | lr 1.00e-02 | gnorm 1.32 | 5.11B tok | 66K tok/s/gpu | MFU 28% | ETA 5.9h
step 5580/16281 34% [main] | loss 1.844 | lr 1.00e-02 | gnorm 1.21 | 5.12B tok | 29K tok/s/gpu | MFU 12% | ETA 13.6h
step 5590/16281 34% [main] | loss 1.835 | lr 1.00e-02 | gnorm 1.30 | 5.13B tok | 77K tok/s/gpu | MFU 32% | ETA 5.1h
step 5600/16281 34% [main] | loss 2.261 | lr 1.00e-02 | gnorm 1.21 | 5.14B tok | 72K tok/s/gpu | MFU 30% | ETA 5.4h
step 5610/16281 34% [main] | loss 1.979 | lr 1.00e-02 | gnorm 1.04 | 5.15B tok | 77K tok/s/gpu | MFU 32% | ETA 5.1h
step 5620/16281 35% [main] | loss 1.893 | lr 1.00e-02 | gnorm 1.26 | 5.16B tok | 77K tok/s/gpu | MFU 32% | ETA 5.1h
step 5630/16281 35% [main] | loss 2.181 | lr 1.00e-02 | gnorm 1.29 | 5.17B tok | 77K tok/s/gpu | MFU 32% | ETA 5.1h
step 5640/16281 35% [main] | loss 2.139 | lr 1.00e-02 | gnorm 1.03 | 5.17B tok | 77K tok/s/gpu | MFU 32% | ETA 5.0h
step 5650/16281 35% [main] | loss 1.740 | lr 1.00e-02 | gnorm 1.16 | 5.18B tok | 77K tok/s/gpu | MFU 32% | ETA 5.0h
step 5660/16281 35% [main] | loss 1.923 | lr 1.00e-02 | gnorm 0.86 | 5.19B tok | 77K tok/s/gpu | MFU 32% | ETA 5.0h
step 5670/16281 35% [main] | loss 2.192 | lr 1.00e-02 | gnorm 1.12 | 5.20B tok | 75K tok/s/gpu | MFU 31% | ETA 5.2h
step 5680/16281 35% [main] | loss 2.218 | lr 1.00e-02 | gnorm 1.01 | 5.21B tok | 77K tok/s/gpu | MFU 32% | ETA 5.0h
step 5690/16281 35% [main] | loss 1.677 | lr 1.00e-02 | gnorm 0.88 | 5.22B tok | 77K tok/s/gpu | MFU 32% | ETA 5.0h
step 5700/16281 35% [main] | loss 2.018 | lr 1.00e-02 | gnorm 1.09 | 5.23B tok | 77K tok/s/gpu | MFU 32% | ETA 5.0h
step 5710/16281 35% [main] | loss 2.234 | lr 1.00e-02 | gnorm 0.96 | 5.24B tok | 77K tok/s/gpu | MFU 32% | ETA 5.0h
step 5720/16281 35% [main] | loss 1.915 | lr 1.00e-02 | gnorm 1.23 | 5.25B tok | 77K tok/s/gpu | MFU 32% | ETA 5.0h
step 5730/16281 35% [main] | loss 2.088 | lr 1.00e-02 | gnorm 1.34 | 5.26B tok | 77K tok/s/gpu | MFU 32% | ETA 5.0h
step 5740/16281 35% [main] | loss 1.934 | lr 1.00e-02 | gnorm 1.04 | 5.27B tok | 77K tok/s/gpu | MFU 32% | ETA 5.0h
step 5750/16281 35% [main] | loss 2.091 | lr 1.00e-02 | gnorm 1.11 | 5.28B tok | 77K tok/s/gpu | MFU 32% | ETA 5.0h
step 5760/16281 35% [main] | loss 2.285 | lr 1.00e-02 | gnorm 1.30 | 5.28B tok | 67K tok/s/gpu | MFU 28% | ETA 5.7h
step 5770/16281 35% [main] | loss 1.816 | lr 1.00e-02 | gnorm 1.17 | 5.29B tok | 32K tok/s/gpu | MFU 13% | ETA 12.0h
step 5780/16281 36% [main] | loss 1.748 | lr 1.00e-02 | gnorm 1.64 | 5.30B tok | 77K tok/s/gpu | MFU 32% | ETA 5.0h
step 5790/16281 36% [main] | loss 1.725 | lr 1.00e-02 | gnorm 1.04 | 5.31B tok | 77K tok/s/gpu | MFU 32% | ETA 5.0h
step 5800/16281 36% [main] | loss 1.467 | lr 1.00e-02 | gnorm 1.20 | 5.32B tok | 74K tok/s/gpu | MFU 31% | ETA 5.1h
step 5810/16281 36% [main] | loss 1.886 | lr 1.00e-02 | gnorm 1.01 | 5.33B tok | 77K tok/s/gpu | MFU 32% | ETA 5.0h
step 5820/16281 36% [main] | loss 1.538 | lr 1.00e-02 | gnorm 1.05 | 5.34B tok | 77K tok/s/gpu | MFU 32% | ETA 5.0h
step 5830/16281 36% [main] | loss 2.051 | lr 1.00e-02 | gnorm 1.23 | 5.35B tok | 77K tok/s/gpu | MFU 32% | ETA 5.0h
step 5840/16281 36% [main] | loss 1.616 | lr 1.00e-02 | gnorm 1.02 | 5.36B tok | 77K tok/s/gpu | MFU 32% | ETA 5.0h
step 5850/16281 36% [main] | loss 1.775 | lr 1.00e-02 | gnorm 1.19 | 5.37B tok | 76K tok/s/gpu | MFU 32% | ETA 5.0h
step 5860/16281 36% [main] | loss 1.528 | lr 1.00e-02 | gnorm 1.05 | 5.38B tok | 76K tok/s/gpu | MFU 32% | ETA 5.0h
step 5870/16281 36% [main] | loss 1.641 | lr 1.00e-02 | gnorm 1.51 | 5.39B tok | 76K tok/s/gpu | MFU 32% | ETA 5.0h
step 5880/16281 36% [main] | loss 2.319 | lr 1.00e-02 | gnorm 0.96 | 5.39B tok | 76K tok/s/gpu | MFU 32% | ETA 5.0h
step 5890/16281 36% [main] | loss 1.837 | lr 1.00e-02 | gnorm 1.07 | 5.40B tok | 73K tok/s/gpu | MFU 31% | ETA 5.2h
step 5900/16281 36% [main] | loss 1.935 | lr 1.00e-02 | gnorm 0.94 | 5.41B tok | 76K tok/s/gpu | MFU 32% | ETA 4.9h
step 5910/16281 36% [main] | loss 2.019 | lr 1.00e-02 | gnorm 1.08 | 5.42B tok | 74K tok/s/gpu | MFU 31% | ETA 5.1h
step 5920/16281 36% [main] | loss 1.968 | lr 1.00e-02 | gnorm 1.13 | 5.43B tok | 74K tok/s/gpu | MFU 31% | ETA 5.1h
step 5930/16281 36% [main] | loss 2.153 | lr 1.00e-02 | gnorm 0.98 | 5.44B tok | 76K tok/s/gpu | MFU 32% | ETA 5.0h
step 5940/16281 36% [main] | loss 1.666 | lr 1.00e-02 | gnorm 1.47 | 5.45B tok | 74K tok/s/gpu | MFU 31% | ETA 5.1h
step 5950/16281 37% [main] | loss 2.443 | lr 1.00e-02 | gnorm 1.23 | 5.46B tok | 76K tok/s/gpu | MFU 32% | ETA 4.9h
step 5960/16281 37% [main] | loss 1.837 | lr 1.00e-02 | gnorm 0.94 | 5.47B tok | 74K tok/s/gpu | MFU 31% | ETA 5.1h
step 5970/16281 37% [main] | loss 1.594 | lr 1.00e-02 | gnorm 1.06 | 5.48B tok | 76K tok/s/gpu | MFU 32% | ETA 4.9h
step 5980/16281 37% [main] | loss 1.391 | lr 1.00e-02 | gnorm 0.98 | 5.49B tok | 75K tok/s/gpu | MFU 31% | ETA 5.0h
step 5990/16281 37% [main] | loss 1.765 | lr 1.00e-02 | gnorm 0.87 | 5.50B tok | 75K tok/s/gpu | MFU 32% | ETA 5.0h
step 6000/16281 val 2.272
step 6000/16281 37% [main] | loss 1.963 | lr 1.00e-02 | gnorm 1.09 | 5.51B tok | 47K tok/s/gpu | MFU 20% | ETA 7.9h
step 6010/16281 37% [main] | loss 1.973 | lr 1.00e-02 | gnorm 0.90 | 5.51B tok | 77K tok/s/gpu | MFU 32% | ETA 4.9h
step 6020/16281 37% [main] | loss 2.103 | lr 1.00e-02 | gnorm 1.01 | 5.52B tok | 75K tok/s/gpu | MFU 31% | ETA 5.0h
step 6030/16281 37% [main] | loss 2.101 | lr 1.00e-02 | gnorm 1.30 | 5.53B tok | 73K tok/s/gpu | MFU 30% | ETA 5.1h
step 6040/16281 37% [main] | loss 1.768 | lr 1.00e-02 | gnorm 0.81 | 5.54B tok | 74K tok/s/gpu | MFU 31% | ETA 5.1h
step 6050/16281 37% [main] | loss 1.987 | lr 1.00e-02 | gnorm 1.48 | 5.55B tok | 74K tok/s/gpu | MFU 31% | ETA 5.0h
step 6060/16281 37% [main] | loss 2.258 | lr 1.00e-02 | gnorm 1.07 | 5.56B tok | 71K tok/s/gpu | MFU 30% | ETA 5.2h
step 6070/16281 37% [main] | loss 1.688 | lr 1.00e-02 | gnorm 1.09 | 5.57B tok | 77K tok/s/gpu | MFU 32% | ETA 4.9h
step 6080/16281 37% [main] | loss 1.765 | lr 1.00e-02 | gnorm 1.18 | 5.58B tok | 77K tok/s/gpu | MFU 32% | ETA 4.8h
step 6090/16281 37% [main] | loss 1.908 | lr 1.00e-02 | gnorm 1.10 | 5.59B tok | 74K tok/s/gpu | MFU 31% | ETA 5.0h
step 6100/16281 37% [main] | loss 2.182 | lr 1.00e-02 | gnorm 1.05 | 5.60B tok | 77K tok/s/gpu | MFU 32% | ETA 4.8h
step 6110/16281 38% [main] | loss 2.253 | lr 1.00e-02 | gnorm 1.46 | 5.61B tok | 77K tok/s/gpu | MFU 32% | ETA 4.8h
step 6120/16281 38% [main] | loss 1.713 | lr 1.00e-02 | gnorm 1.04 | 5.62B tok | 77K tok/s/gpu | MFU 32% | ETA 4.8h
step 6130/16281 38% [main] | loss 1.395 | lr 1.00e-02 | gnorm 0.94 | 5.62B tok | 77K tok/s/gpu | MFU 32% | ETA 4.8h
step 6140/16281 38% [main] | loss 2.046 | lr 1.00e-02 | gnorm 1.09 | 5.63B tok | 77K tok/s/gpu | MFU 32% | ETA 4.8h
step 6150/16281 38% [main] | loss 1.792 | lr 1.00e-02 | gnorm 1.16 | 5.64B tok | 77K tok/s/gpu | MFU 32% | ETA 4.8h
step 6160/16281 38% [main] | loss 1.844 | lr 1.00e-02 | gnorm 0.98 | 5.65B tok | 77K tok/s/gpu | MFU 32% | ETA 4.8h
step 6170/16281 38% [main] | loss 2.003 | lr 1.00e-02 | gnorm 1.36 | 5.66B tok | 77K tok/s/gpu | MFU 32% | ETA 4.8h
step 6180/16281 38% [main] | loss 1.972 | lr 1.00e-02 | gnorm 1.15 | 5.67B tok | 77K tok/s/gpu | MFU 32% | ETA 4.8h
step 6190/16281 38% [main] | loss 1.962 | lr 1.00e-02 | gnorm 1.15 | 5.68B tok | 77K tok/s/gpu | MFU 32% | ETA 4.8h
step 6200/16281 38% [main] | loss 2.094 | lr 1.00e-02 | gnorm 1.00 | 5.69B tok | 74K tok/s/gpu | MFU 31% | ETA 4.9h
step 6210/16281 38% [main] | loss 1.797 | lr 1.00e-02 | gnorm 1.27 | 5.70B tok | 77K tok/s/gpu | MFU 32% | ETA 4.8h
step 6220/16281 38% [main] | loss 1.947 | lr 1.00e-02 | gnorm 1.36 | 5.71B tok | 77K tok/s/gpu | MFU 32% | ETA 4.8h
step 6230/16281 38% [main] | loss 2.093 | lr 1.00e-02 | gnorm 1.15 | 5.72B tok | 77K tok/s/gpu | MFU 32% | ETA 4.8h
step 6240/16281 38% [main] | loss 1.554 | lr 1.00e-02 | gnorm 1.18 | 5.73B tok | 77K tok/s/gpu | MFU 32% | ETA 4.8h
step 6250/16281 38% [main] | loss 1.496 | lr 1.00e-02 | gnorm 0.92 | 5.73B tok | 77K tok/s/gpu | MFU 32% | ETA 4.8h
step 6260/16281 38% [main] | loss 2.103 | lr 1.00e-02 | gnorm 1.20 | 5.74B tok | 77K tok/s/gpu | MFU 32% | ETA 4.8h
step 6270/16281 39% [main] | loss 1.509 | lr 1.00e-02 | gnorm 1.05 | 5.75B tok | 77K tok/s/gpu | MFU 32% | ETA 4.7h
step 6280/16281 39% [main] | loss 2.127 | lr 1.00e-02 | gnorm 1.07 | 5.76B tok | 77K tok/s/gpu | MFU 32% | ETA 4.7h
step 6290/16281 39% [main] | loss 1.831 | lr 1.00e-02 | gnorm 0.95 | 5.77B tok | 77K tok/s/gpu | MFU 32% | ETA 4.7h
step 6300/16281 39% [main] | loss 1.657 | lr 1.00e-02 | gnorm 0.96 | 5.78B tok | 77K tok/s/gpu | MFU 32% | ETA 4.7h
step 6310/16281 39% [main] | loss 1.453 | lr 1.00e-02 | gnorm 0.88 | 5.79B tok | 77K tok/s/gpu | MFU 32% | ETA 4.7h
step 6320/16281 39% [main] | loss 1.875 | lr 1.00e-02 | gnorm 1.27 | 5.80B tok | 77K tok/s/gpu | MFU 32% | ETA 4.7h
step 6330/16281 39% [main] | loss 2.130 | lr 1.00e-02 | gnorm 1.02 | 5.81B tok | 77K tok/s/gpu | MFU 32% | ETA 4.7h
step 6340/16281 39% [main] | loss 1.791 | lr 1.00e-02 | gnorm 1.22 | 5.82B tok | 77K tok/s/gpu | MFU 32% | ETA 4.7h
step 6350/16281 39% [main] | loss 1.526 | lr 1.00e-02 | gnorm 1.30 | 5.83B tok | 77K tok/s/gpu | MFU 32% | ETA 4.7h
step 6360/16281 39% [main] | loss 1.974 | lr 1.00e-02 | gnorm 1.27 | 5.84B tok | 77K tok/s/gpu | MFU 32% | ETA 4.7h
step 6370/16281 39% [main] | loss 2.177 | lr 1.00e-02 | gnorm 1.06 | 5.84B tok | 77K tok/s/gpu | MFU 32% | ETA 4.7h
step 6380/16281 39% [main] | loss 1.834 | lr 1.00e-02 | gnorm 1.11 | 5.85B tok | 77K tok/s/gpu | MFU 32% | ETA 4.7h
step 6390/16281 39% [main] | loss 2.116 | lr 1.00e-02 | gnorm 2.36 | 5.86B tok | 77K tok/s/gpu | MFU 32% | ETA 4.7h
step 6400/16281 39% [main] | loss 1.480 | lr 1.00e-02 | gnorm 1.10 | 5.87B tok | 72K tok/s/gpu | MFU 30% | ETA 5.0h
step 6410/16281 39% [main] | loss 2.412 | lr 1.00e-02 | gnorm 1.28 | 5.88B tok | 76K tok/s/gpu | MFU 32% | ETA 4.7h
step 6420/16281 39% [main] | loss 2.125 | lr 1.00e-02 | gnorm 1.20 | 5.89B tok | 77K tok/s/gpu | MFU 32% | ETA 4.7h
step 6430/16281 39% [main] | loss 2.396 | lr 1.00e-02 | gnorm 1.12 | 5.90B tok | 77K tok/s/gpu | MFU 32% | ETA 4.7h
step 6440/16281 40% [main] | loss 1.688 | lr 1.00e-02 | gnorm 1.45 | 5.91B tok | 77K tok/s/gpu | MFU 32% | ETA 4.7h
step 6450/16281 40% [main] | loss 1.580 | lr 1.00e-02 | gnorm 1.17 | 5.92B tok | 77K tok/s/gpu | MFU 32% | ETA 4.7h
step 6460/16281 40% [main] | loss 2.297 | lr 1.00e-02 | gnorm 1.01 | 5.93B tok | 77K tok/s/gpu | MFU 32% | ETA 4.7h
step 6470/16281 40% [main] | loss 1.239 | lr 1.00e-02 | gnorm 1.02 | 5.94B tok | 77K tok/s/gpu | MFU 32% | ETA 4.7h
step 6480/16281 40% [main] | loss 2.242 | lr 1.00e-02 | gnorm 1.25 | 5.95B tok | 77K tok/s/gpu | MFU 32% | ETA 4.6h
step 6490/16281 40% [main] | loss 1.851 | lr 1.00e-02 | gnorm 1.06 | 5.95B tok | 77K tok/s/gpu | MFU 32% | ETA 4.6h
step 6500/16281 val 2.266
step 6500/16281 40% [main] | loss 1.658 | lr 1.00e-02 | gnorm 1.26 | 5.96B tok | 52K tok/s/gpu | MFU 22% | ETA 6.8h
step 6510/16281 40% [main] | loss 2.147 | lr 1.00e-02 | gnorm 1.14 | 5.97B tok | 77K tok/s/gpu | MFU 32% | ETA 4.6h
step 6520/16281 40% [main] | loss 1.862 | lr 1.00e-02 | gnorm 1.46 | 5.98B tok | 74K tok/s/gpu | MFU 31% | ETA 4.8h
step 6530/16281 40% [main] | loss 1.917 | lr 1.00e-02 | gnorm 1.23 | 5.99B tok | 74K tok/s/gpu | MFU 31% | ETA 4.8h
step 6540/16281 40% [main] | loss 2.242 | lr 1.00e-02 | gnorm 1.07 | 6.00B tok | 74K tok/s/gpu | MFU 31% | ETA 4.8h
step 6550/16281 40% [main] | loss 1.922 | lr 1.00e-02 | gnorm 1.90 | 6.01B tok | 74K tok/s/gpu | MFU 31% | ETA 4.8h
step 6560/16281 40% [main] | loss 1.905 | lr 1.00e-02 | gnorm 1.32 | 6.02B tok | 74K tok/s/gpu | MFU 31% | ETA 4.8h
step 6570/16281 40% [main] | loss 2.575 | lr 1.00e-02 | gnorm 1.59 | 6.03B tok | 77K tok/s/gpu | MFU 32% | ETA 4.6h
step 6580/16281 40% [main] | loss 1.647 | lr 1.00e-02 | gnorm 1.05 | 6.04B tok | 77K tok/s/gpu | MFU 32% | ETA 4.6h
step 6590/16281 40% [main] | loss 1.933 | lr 1.00e-02 | gnorm 1.31 | 6.05B tok | 72K tok/s/gpu | MFU 30% | ETA 4.9h
step 6600/16281 41% [main] | loss 1.456 | lr 1.00e-02 | gnorm 0.96 | 6.06B tok | 75K tok/s/gpu | MFU 31% | ETA 4.7h
step 6610/16281 41% [main] | loss 2.042 | lr 1.00e-02 | gnorm 1.13 | 6.06B tok | 76K tok/s/gpu | MFU 32% | ETA 4.6h
step 6620/16281 41% [main] | loss 1.870 | lr 1.00e-02 | gnorm 1.49 | 6.07B tok | 77K tok/s/gpu | MFU 32% | ETA 4.6h
step 6630/16281 41% [main] | loss 1.511 | lr 1.00e-02 | gnorm 0.90 | 6.08B tok | 77K tok/s/gpu | MFU 32% | ETA 4.6h
step 6640/16281 41% [main] | loss 2.002 | lr 1.00e-02 | gnorm 1.09 | 6.09B tok | 77K tok/s/gpu | MFU 32% | ETA 4.6h
step 6650/16281 41% [main] | loss 2.030 | lr 1.00e-02 | gnorm 1.36 | 6.10B tok | 77K tok/s/gpu | MFU 32% | ETA 4.6h
step 6660/16281 41% [main] | loss 1.804 | lr 1.00e-02 | gnorm 1.38 | 6.11B tok | 77K tok/s/gpu | MFU 32% | ETA 4.6h
step 6670/16281 41% [main] | loss 1.652 | lr 1.00e-02 | gnorm 1.18 | 6.12B tok | 77K tok/s/gpu | MFU 32% | ETA 4.6h
step 6680/16281 41% [main] | loss 1.493 | lr 1.00e-02 | gnorm 1.37 | 6.13B tok | 77K tok/s/gpu | MFU 32% | ETA 4.6h
step 6690/16281 41% [main] | loss 1.714 | lr 1.00e-02 | gnorm 1.09 | 6.14B tok | 77K tok/s/gpu | MFU 32% | ETA 4.6h
step 6700/16281 41% [main] | loss 1.749 | lr 1.00e-02 | gnorm 0.94 | 6.15B tok | 77K tok/s/gpu | MFU 32% | ETA 4.6h
step 6710/16281 41% [main] | loss 1.683 | lr 1.00e-02 | gnorm 1.44 | 6.16B tok | 77K tok/s/gpu | MFU 32% | ETA 4.5h
step 6720/16281 41% [main] | loss 1.694 | lr 1.00e-02 | gnorm 1.00 | 6.17B tok | 77K tok/s/gpu | MFU 32% | ETA 4.5h
step 6730/16281 41% [main] | loss 1.739 | lr 1.00e-02 | gnorm 1.04 | 6.17B tok | 77K tok/s/gpu | MFU 32% | ETA 4.5h
step 6740/16281 41% [main] | loss 1.649 | lr 1.00e-02 | gnorm 1.18 | 6.18B tok | 77K tok/s/gpu | MFU 32% | ETA 4.5h
step 6750/16281 41% [main] | loss 1.792 | lr 1.00e-02 | gnorm 1.09 | 6.19B tok | 77K tok/s/gpu | MFU 32% | ETA 4.5h
step 6760/16281 42% [main] | loss 1.875 | lr 1.00e-02 | gnorm 1.21 | 6.20B tok | 77K tok/s/gpu | MFU 32% | ETA 4.5h
step 6770/16281 42% [main] | loss 1.766 | lr 1.00e-02 | gnorm 1.12 | 6.21B tok | 77K tok/s/gpu | MFU 32% | ETA 4.5h
step 6780/16281 42% [main] | loss 1.643 | lr 1.00e-02 | gnorm 1.04 | 6.22B tok | 77K tok/s/gpu | MFU 32% | ETA 4.5h
step 6790/16281 42% [main] | loss 1.760 | lr 1.00e-02 | gnorm 0.96 | 6.23B tok | 77K tok/s/gpu | MFU 32% | ETA 4.5h
step 6800/16281 42% [main] | loss 1.591 | lr 1.00e-02 | gnorm 1.06 | 6.24B tok | 74K tok/s/gpu | MFU 31% | ETA 4.7h
step 6810/16281 42% [main] | loss 1.952 | lr 1.00e-02 | gnorm 1.68 | 6.25B tok | 77K tok/s/gpu | MFU 32% | ETA 4.5h
step 6820/16281 42% [main] | loss 1.188 | lr 1.00e-02 | gnorm 1.20 | 6.26B tok | 77K tok/s/gpu | MFU 32% | ETA 4.5h
step 6830/16281 42% [main] | loss 2.148 | lr 1.00e-02 | gnorm 1.05 | 6.27B tok | 77K tok/s/gpu | MFU 32% | ETA 4.5h
step 6840/16281 42% [main] | loss 1.514 | lr 1.00e-02 | gnorm 1.16 | 6.28B tok | 77K tok/s/gpu | MFU 32% | ETA 4.5h
step 6850/16281 42% [main] | loss 2.063 | lr 1.00e-02 | gnorm 1.13 | 6.28B tok | 77K tok/s/gpu | MFU 32% | ETA 4.5h
step 6860/16281 42% [main] | loss 2.143 | lr 1.00e-02 | gnorm 0.93 | 6.29B tok | 77K tok/s/gpu | MFU 32% | ETA 4.5h
step 6870/16281 42% [main] | loss 1.830 | lr 1.00e-02 | gnorm 0.96 | 6.30B tok | 77K tok/s/gpu | MFU 32% | ETA 4.5h
step 6880/16281 42% [main] | loss 1.946 | lr 1.00e-02 | gnorm 1.24 | 6.31B tok | 77K tok/s/gpu | MFU 32% | ETA 4.5h
step 6890/16281 42% [main] | loss 2.147 | lr 1.00e-02 | gnorm 1.19 | 6.32B tok | 77K tok/s/gpu | MFU 32% | ETA 4.5h
step 6900/16281 42% [main] | loss 1.564 | lr 1.00e-02 | gnorm 1.12 | 6.33B tok | 77K tok/s/gpu | MFU 32% | ETA 4.5h
step 6910/16281 42% [main] | loss 1.673 | lr 1.00e-02 | gnorm 1.01 | 6.34B tok | 77K tok/s/gpu | MFU 32% | ETA 4.5h
step 6920/16281 43% [main] | loss 2.134 | lr 1.00e-02 | gnorm 1.12 | 6.35B tok | 77K tok/s/gpu | MFU 32% | ETA 4.4h
step 6930/16281 43% [main] | loss 1.848 | lr 1.00e-02 | gnorm 1.01 | 6.36B tok | 77K tok/s/gpu | MFU 32% | ETA 4.4h
step 6940/16281 43% [main] | loss 2.183 | lr 1.00e-02 | gnorm 1.05 | 6.37B tok | 77K tok/s/gpu | MFU 32% | ETA 4.4h
step 6950/16281 43% [main] | loss 1.836 | lr 1.00e-02 | gnorm 1.38 | 6.38B tok | 77K tok/s/gpu | MFU 32% | ETA 4.4h
step 6960/16281 43% [main] | loss 1.794 | lr 1.00e-02 | gnorm 1.11 | 6.39B tok | 77K tok/s/gpu | MFU 32% | ETA 4.4h
step 6970/16281 43% [main] | loss 1.594 | lr 1.00e-02 | gnorm 0.95 | 6.40B tok | 77K tok/s/gpu | MFU 32% | ETA 4.4h
step 6980/16281 43% [main] | loss 1.793 | lr 1.00e-02 | gnorm 1.19 | 6.40B tok | 77K tok/s/gpu | MFU 32% | ETA 4.4h
step 6990/16281 43% [main] | loss 1.398 | lr 1.00e-02 | gnorm 0.98 | 6.41B tok | 77K tok/s/gpu | MFU 32% | ETA 4.4h
step 7000/16281 val 2.265
step 7000/16281 43% [main] | loss 1.900 | lr 1.00e-02 | gnorm 1.06 | 6.42B tok | 50K tok/s/gpu | MFU 21% | ETA 6.8h
step 7010/16281 43% [main] | loss 1.790 | lr 1.00e-02 | gnorm 1.03 | 6.43B tok | 77K tok/s/gpu | MFU 32% | ETA 4.4h
step 7020/16281 43% [main] | loss 1.755 | lr 1.00e-02 | gnorm 1.16 | 6.44B tok | 74K tok/s/gpu | MFU 31% | ETA 4.6h
step 7030/16281 43% [main] | loss 1.783 | lr 1.00e-02 | gnorm 1.12 | 6.45B tok | 74K tok/s/gpu | MFU 31% | ETA 4.5h
step 7040/16281 43% [main] | loss 1.865 | lr 1.00e-02 | gnorm 1.05 | 6.46B tok | 74K tok/s/gpu | MFU 31% | ETA 4.6h
step 7050/16281 43% [main] | loss 2.144 | lr 1.00e-02 | gnorm 1.26 | 6.47B tok | 72K tok/s/gpu | MFU 30% | ETA 4.7h
step 7060/16281 43% [main] | loss 2.036 | lr 1.00e-02 | gnorm 1.07 | 6.48B tok | 77K tok/s/gpu | MFU 32% | ETA 4.4h
step 7070/16281 43% [main] | loss 1.625 | lr 1.00e-02 | gnorm 1.01 | 6.49B tok | 77K tok/s/gpu | MFU 32% | ETA 4.4h
step 7080/16281 43% [main] | loss 1.584 | lr 1.00e-02 | gnorm 1.20 | 6.50B tok | 74K tok/s/gpu | MFU 31% | ETA 4.5h
step 7090/16281 44% [main] | loss 1.989 | lr 1.00e-02 | gnorm 0.91 | 6.51B tok | 77K tok/s/gpu | MFU 32% | ETA 4.4h
step 7100/16281 44% [main] | loss 1.685 | lr 1.00e-02 | gnorm 1.13 | 6.51B tok | 77K tok/s/gpu | MFU 32% | ETA 4.4h
step 7110/16281 44% [main] | loss 2.296 | lr 1.00e-02 | gnorm 1.52 | 6.52B tok | 77K tok/s/gpu | MFU 32% | ETA 4.4h
step 7120/16281 44% [main] | loss 1.180 | lr 1.00e-02 | gnorm 0.98 | 6.53B tok | 77K tok/s/gpu | MFU 32% | ETA 4.4h
step 7130/16281 44% [main] | loss 2.023 | lr 1.00e-02 | gnorm 0.91 | 6.54B tok | 77K tok/s/gpu | MFU 32% | ETA 4.3h
step 7140/16281 44% [main] | loss 2.199 | lr 1.00e-02 | gnorm 1.01 | 6.55B tok | 77K tok/s/gpu | MFU 32% | ETA 4.3h
step 7150/16281 44% [main] | loss 1.393 | lr 1.00e-02 | gnorm 0.88 | 6.56B tok | 77K tok/s/gpu | MFU 32% | ETA 4.3h
step 7160/16281 44% [main] | loss 2.022 | lr 1.00e-02 | gnorm 1.04 | 6.57B tok | 77K tok/s/gpu | MFU 32% | ETA 4.3h
step 7170/16281 44% [main] | loss 1.987 | lr 1.00e-02 | gnorm 1.12 | 6.58B tok | 77K tok/s/gpu | MFU 32% | ETA 4.3h
step 7180/16281 44% [main] | loss 1.922 | lr 1.00e-02 | gnorm 1.95 | 6.59B tok | 77K tok/s/gpu | MFU 32% | ETA 4.3h
step 7190/16281 44% [main] | loss 1.833 | lr 1.00e-02 | gnorm 0.83 | 6.60B tok | 77K tok/s/gpu | MFU 32% | ETA 4.3h
step 7200/16281 44% [main] | loss 1.979 | lr 1.00e-02 | gnorm 0.97 | 6.61B tok | 74K tok/s/gpu | MFU 31% | ETA 4.5h
step 7210/16281 44% [main] | loss 1.609 | lr 1.00e-02 | gnorm 1.05 | 6.62B tok | 77K tok/s/gpu | MFU 32% | ETA 4.3h
step 7220/16281 44% [main] | loss 1.500 | lr 1.00e-02 | gnorm 0.86 | 6.62B tok | 76K tok/s/gpu | MFU 32% | ETA 4.3h
step 7230/16281 44% [main] | loss 1.320 | lr 1.00e-02 | gnorm 0.88 | 6.63B tok | 77K tok/s/gpu | MFU 32% | ETA 4.3h
step 7240/16281 44% [main] | loss 2.100 | lr 1.00e-02 | gnorm 1.11 | 6.64B tok | 77K tok/s/gpu | MFU 32% | ETA 4.3h
step 7250/16281 45% [main] | loss 1.712 | lr 1.00e-02 | gnorm 1.43 | 6.65B tok | 77K tok/s/gpu | MFU 32% | ETA 4.3h
step 7260/16281 45% [main] | loss 2.091 | lr 1.00e-02 | gnorm 1.20 | 6.66B tok | 77K tok/s/gpu | MFU 32% | ETA 4.3h
step 7270/16281 45% [main] | loss 2.284 | lr 1.00e-02 | gnorm 1.06 | 6.67B tok | 77K tok/s/gpu | MFU 32% | ETA 4.3h
step 7280/16281 45% [main] | loss 1.807 | lr 1.00e-02 | gnorm 0.83 | 6.68B tok | 77K tok/s/gpu | MFU 32% | ETA 4.3h
step 7290/16281 45% [main] | loss 2.373 | lr 1.00e-02 | gnorm 1.07 | 6.69B tok | 74K tok/s/gpu | MFU 31% | ETA 4.4h
step 7300/16281 45% [main] | loss 1.467 | lr 1.00e-02 | gnorm 0.90 | 6.70B tok | 77K tok/s/gpu | MFU 32% | ETA 4.3h
step 7310/16281 45% [main] | loss 2.044 | lr 1.00e-02 | gnorm 1.36 | 6.71B tok | 77K tok/s/gpu | MFU 32% | ETA 4.3h
step 7320/16281 45% [main] | loss 2.105 | lr 1.00e-02 | gnorm 1.02 | 6.72B tok | 77K tok/s/gpu | MFU 32% | ETA 4.3h
step 7330/16281 45% [main] | loss 1.666 | lr 1.00e-02 | gnorm 1.36 | 6.73B tok | 77K tok/s/gpu | MFU 32% | ETA 4.3h
step 7340/16281 45% [main] | loss 2.011 | lr 1.00e-02 | gnorm 0.96 | 6.73B tok | 77K tok/s/gpu | MFU 32% | ETA 4.2h
step 7350/16281 45% [main] | loss 1.620 | lr 1.00e-02 | gnorm 1.00 | 6.74B tok | 77K tok/s/gpu | MFU 32% | ETA 4.3h
step 7360/16281 45% [main] | loss 1.423 | lr 1.00e-02 | gnorm 1.31 | 6.75B tok | 77K tok/s/gpu | MFU 32% | ETA 4.2h
step 7370/16281 45% [main] | loss 1.342 | lr 1.00e-02 | gnorm 0.89 | 6.76B tok | 77K tok/s/gpu | MFU 32% | ETA 4.2h
step 7380/16281 45% [main] | loss 1.902 | lr 1.00e-02 | gnorm 1.07 | 6.77B tok | 76K tok/s/gpu | MFU 32% | ETA 4.2h
step 7390/16281 45% [main] | loss 1.361 | lr 1.00e-02 | gnorm 1.16 | 6.78B tok | 77K tok/s/gpu | MFU 32% | ETA 4.2h
step 7400/16281 45% [main] | loss 1.786 | lr 1.00e-02 | gnorm 1.07 | 6.79B tok | 74K tok/s/gpu | MFU 31% | ETA 4.4h
step 7410/16281 46% [main] | loss 1.764 | lr 1.00e-02 | gnorm 1.04 | 6.80B tok | 76K tok/s/gpu | MFU 32% | ETA 4.2h
step 7420/16281 46% [main] | loss 2.135 | lr 1.00e-02 | gnorm 1.13 | 6.81B tok | 77K tok/s/gpu | MFU 32% | ETA 4.2h
step 7430/16281 46% [main] | loss 2.112 | lr 1.00e-02 | gnorm 0.99 | 6.82B tok | 77K tok/s/gpu | MFU 32% | ETA 4.2h
step 7440/16281 46% [main] | loss 2.135 | lr 1.00e-02 | gnorm 0.92 | 6.83B tok | 77K tok/s/gpu | MFU 32% | ETA 4.2h
step 7450/16281 46% [main] | loss 1.533 | lr 1.00e-02 | gnorm 0.95 | 6.84B tok | 77K tok/s/gpu | MFU 32% | ETA 4.2h
step 7460/16281 46% [main] | loss 1.923 | lr 1.00e-02 | gnorm 0.93 | 6.84B tok | 77K tok/s/gpu | MFU 32% | ETA 4.2h
step 7470/16281 46% [main] | loss 1.374 | lr 1.00e-02 | gnorm 1.16 | 6.85B tok | 77K tok/s/gpu | MFU 32% | ETA 4.2h
step 7480/16281 46% [main] | loss 1.897 | lr 1.00e-02 | gnorm 0.86 | 6.86B tok | 77K tok/s/gpu | MFU 32% | ETA 4.2h
step 7490/16281 46% [main] | loss 2.033 | lr 1.00e-02 | gnorm 1.02 | 6.87B tok | 77K tok/s/gpu | MFU 32% | ETA 4.2h
step 7500/16281 val 2.240
step 7500/16281 46% [main] | loss 1.402 | lr 1.00e-02 | gnorm 1.30 | 6.88B tok | 53K tok/s/gpu | MFU 22% | ETA 6.1h
step 7510/16281 46% [main] | loss 1.419 | lr 1.00e-02 | gnorm 0.98 | 6.89B tok | 72K tok/s/gpu | MFU 30% | ETA 4.5h
step 7520/16281 46% [main] | loss 2.106 | lr 1.00e-02 | gnorm 1.11 | 6.90B tok | 75K tok/s/gpu | MFU 31% | ETA 4.3h
step 7530/16281 46% [main] | loss 1.700 | lr 1.00e-02 | gnorm 0.94 | 6.91B tok | 74K tok/s/gpu | MFU 31% | ETA 4.3h
step 7540/16281 46% [main] | loss 2.581 | lr 1.00e-02 | gnorm 0.97 | 6.92B tok | 74K tok/s/gpu | MFU 31% | ETA 4.3h
step 7550/16281 46% [main] | loss 2.155 | lr 1.00e-02 | gnorm 0.99 | 6.93B tok | 74K tok/s/gpu | MFU 31% | ETA 4.3h
step 7560/16281 46% [main] | loss 1.733 | lr 1.00e-02 | gnorm 1.26 | 6.94B tok | 77K tok/s/gpu | MFU 32% | ETA 4.1h
step 7570/16281 46% [main] | loss 2.307 | lr 1.00e-02 | gnorm 0.92 | 6.95B tok | 77K tok/s/gpu | MFU 32% | ETA 4.1h
step 7580/16281 47% [main] | loss 1.845 | lr 1.00e-02 | gnorm 1.04 | 6.95B tok | 74K tok/s/gpu | MFU 31% | ETA 4.3h
step 7590/16281 47% [main] | loss 1.651 | lr 1.00e-02 | gnorm 1.03 | 6.96B tok | 77K tok/s/gpu | MFU 32% | ETA 4.1h
step 7600/16281 47% [main] | loss 1.833 | lr 1.00e-02 | gnorm 0.96 | 6.97B tok | 74K tok/s/gpu | MFU 31% | ETA 4.3h
step 7610/16281 47% [main] | loss 2.104 | lr 1.00e-02 | gnorm 0.87 | 6.98B tok | 77K tok/s/gpu | MFU 32% | ETA 4.1h
step 7620/16281 47% [main] | loss 1.323 | lr 1.00e-02 | gnorm 0.91 | 6.99B tok | 77K tok/s/gpu | MFU 32% | ETA 4.1h
step 7630/16281 47% [main] | loss 1.966 | lr 1.00e-02 | gnorm 1.55 | 7.00B tok | 77K tok/s/gpu | MFU 32% | ETA 4.1h
step 7640/16281 47% [main] | loss 1.804 | lr 1.00e-02 | gnorm 1.15 | 7.01B tok | 77K tok/s/gpu | MFU 32% | ETA 4.1h
step 7650/16281 47% [main] | loss 1.555 | lr 1.00e-02 | gnorm 1.23 | 7.02B tok | 77K tok/s/gpu | MFU 32% | ETA 4.1h
step 7660/16281 47% [main] | loss 1.845 | lr 1.00e-02 | gnorm 0.87 | 7.03B tok | 77K tok/s/gpu | MFU 32% | ETA 4.1h
step 7670/16281 47% [main] | loss 2.036 | lr 1.00e-02 | gnorm 0.90 | 7.04B tok | 77K tok/s/gpu | MFU 32% | ETA 4.1h
step 7680/16281 47% [main] | loss 1.958 | lr 1.00e-02 | gnorm 0.88 | 7.05B tok | 77K tok/s/gpu | MFU 32% | ETA 4.1h
step 7690/16281 47% [main] | loss 1.889 | lr 1.00e-02 | gnorm 1.04 | 7.06B tok | 76K tok/s/gpu | MFU 32% | ETA 4.1h
step 7700/16281 47% [main] | loss 1.757 | lr 1.00e-02 | gnorm 0.97 | 7.06B tok | 77K tok/s/gpu | MFU 32% | ETA 4.1h
step 7710/16281 47% [main] | loss 1.465 | lr 1.00e-02 | gnorm 1.14 | 7.07B tok | 77K tok/s/gpu | MFU 32% | ETA 4.1h
step 7720/16281 47% [main] | loss 1.711 | lr 1.00e-02 | gnorm 1.05 | 7.08B tok | 77K tok/s/gpu | MFU 32% | ETA 4.1h
step 7730/16281 47% [main] | loss 1.462 | lr 1.00e-02 | gnorm 0.98 | 7.09B tok | 77K tok/s/gpu | MFU 32% | ETA 4.1h
step 7740/16281 48% [main] | loss 1.750 | lr 1.00e-02 | gnorm 0.91 | 7.10B tok | 77K tok/s/gpu | MFU 32% | ETA 4.1h
step 7750/16281 48% [main] | loss 1.840 | lr 1.00e-02 | gnorm 1.09 | 7.11B tok | 77K tok/s/gpu | MFU 32% | ETA 4.1h
step 7760/16281 48% [main] | loss 1.550 | lr 1.00e-02 | gnorm 1.01 | 7.12B tok | 77K tok/s/gpu | MFU 32% | ETA 4.0h
step 7770/16281 48% [main] | loss 2.208 | lr 1.00e-02 | gnorm 1.24 | 7.13B tok | 77K tok/s/gpu | MFU 32% | ETA 4.0h
step 7780/16281 48% [main] | loss 2.014 | lr 1.00e-02 | gnorm 1.02 | 7.14B tok | 77K tok/s/gpu | MFU 32% | ETA 4.0h
step 7790/16281 48% [main] | loss 1.797 | lr 1.00e-02 | gnorm 1.10 | 7.15B tok | 77K tok/s/gpu | MFU 32% | ETA 4.0h
step 7800/16281 48% [main] | loss 1.637 | lr 1.00e-02 | gnorm 1.07 | 7.16B tok | 74K tok/s/gpu | MFU 31% | ETA 4.2h
step 7810/16281 48% [main] | loss 1.639 | lr 1.00e-02 | gnorm 1.12 | 7.17B tok | 77K tok/s/gpu | MFU 32% | ETA 4.0h
step 7820/16281 48% [main] | loss 1.772 | lr 1.00e-02 | gnorm 1.03 | 7.17B tok | 77K tok/s/gpu | MFU 32% | ETA 4.0h
step 7830/16281 48% [main] | loss 1.572 | lr 1.00e-02 | gnorm 1.07 | 7.18B tok | 77K tok/s/gpu | MFU 32% | ETA 4.0h
step 7840/16281 48% [main] | loss 1.874 | lr 1.00e-02 | gnorm 1.05 | 7.19B tok | 77K tok/s/gpu | MFU 32% | ETA 4.0h
step 7850/16281 48% [main] | loss 1.751 | lr 1.00e-02 | gnorm 1.29 | 7.20B tok | 77K tok/s/gpu | MFU 32% | ETA 4.0h
step 7860/16281 48% [main] | loss 1.996 | lr 1.00e-02 | gnorm 0.99 | 7.21B tok | 77K tok/s/gpu | MFU 32% | ETA 4.0h
step 7870/16281 48% [main] | loss 1.644 | lr 1.00e-02 | gnorm 0.91 | 7.22B tok | 77K tok/s/gpu | MFU 32% | ETA 4.0h
step 7880/16281 48% [main] | loss 1.611 | lr 1.00e-02 | gnorm 0.91 | 7.23B tok | 77K tok/s/gpu | MFU 32% | ETA 4.0h
step 7890/16281 48% [main] | loss 1.859 | lr 1.00e-02 | gnorm 0.98 | 7.24B tok | 76K tok/s/gpu | MFU 32% | ETA 4.0h
step 7900/16281 49% [main] | loss 1.691 | lr 1.00e-02 | gnorm 0.89 | 7.25B tok | 77K tok/s/gpu | MFU 32% | ETA 4.0h
step 7910/16281 49% [main] | loss 1.739 | lr 1.00e-02 | gnorm 1.22 | 7.26B tok | 77K tok/s/gpu | MFU 32% | ETA 4.0h
step 7920/16281 49% [main] | loss 1.335 | lr 1.00e-02 | gnorm 0.98 | 7.27B tok | 77K tok/s/gpu | MFU 32% | ETA 4.0h
step 7930/16281 49% [main] | loss 1.909 | lr 1.00e-02 | gnorm 1.00 | 7.28B tok | 77K tok/s/gpu | MFU 32% | ETA 4.0h
step 7940/16281 49% [main] | loss 1.445 | lr 1.00e-02 | gnorm 1.02 | 7.28B tok | 77K tok/s/gpu | MFU 32% | ETA 4.0h
step 7950/16281 49% [main] | loss 1.608 | lr 1.00e-02 | gnorm 1.09 | 7.29B tok | 77K tok/s/gpu | MFU 32% | ETA 4.0h
step 7960/16281 49% [main] | loss 1.687 | lr 1.00e-02 | gnorm 0.98 | 7.30B tok | 77K tok/s/gpu | MFU 32% | ETA 4.0h
step 7970/16281 49% [main] | loss 1.654 | lr 1.00e-02 | gnorm 0.89 | 7.31B tok | 77K tok/s/gpu | MFU 32% | ETA 3.9h
step 7980/16281 49% [main] | loss 1.862 | lr 1.00e-02 | gnorm 1.06 | 7.32B tok | 77K tok/s/gpu | MFU 32% | ETA 3.9h
step 7990/16281 49% [main] | loss 1.856 | lr 1.00e-02 | gnorm 1.19 | 7.33B tok | 77K tok/s/gpu | MFU 32% | ETA 3.9h
step 8000/16281 val 2.232
step 8000/16281 49% [main] | loss 2.251 | lr 1.00e-02 | gnorm 1.06 | 7.34B tok | 50K tok/s/gpu | MFU 21% | ETA 6.0h
step 8010/16281 49% [main] | loss 2.001 | lr 1.00e-02 | gnorm 0.83 | 7.35B tok | 74K tok/s/gpu | MFU 31% | ETA 4.0h
step 8020/16281 49% [main] | loss 1.769 | lr 1.00e-02 | gnorm 0.86 | 7.36B tok | 75K tok/s/gpu | MFU 31% | ETA 4.0h
step 8030/16281 49% [main] | loss 1.616 | lr 1.00e-02 | gnorm 1.02 | 7.37B tok | 75K tok/s/gpu | MFU 31% | ETA 4.0h
step 8040/16281 49% [main] | loss 1.717 | lr 1.00e-02 | gnorm 0.98 | 7.38B tok | 71K tok/s/gpu | MFU 30% | ETA 4.2h
step 8050/16281 49% [main] | loss 2.038 | lr 1.00e-02 | gnorm 1.16 | 7.39B tok | 77K tok/s/gpu | MFU 32% | ETA 3.9h
step 8060/16281 50% [main] | loss 1.622 | lr 1.00e-02 | gnorm 0.95 | 7.40B tok | 77K tok/s/gpu | MFU 32% | ETA 3.9h
step 8070/16281 50% [main] | loss 1.623 | lr 1.00e-02 | gnorm 0.96 | 7.40B tok | 75K tok/s/gpu | MFU 31% | ETA 4.0h
step 8080/16281 50% [main] | loss 1.310 | lr 1.00e-02 | gnorm 0.88 | 7.41B tok | 77K tok/s/gpu | MFU 32% | ETA 3.9h
step 8090/16281 50% [main] | loss 1.911 | lr 1.00e-02 | gnorm 1.20 | 7.42B tok | 77K tok/s/gpu | MFU 32% | ETA 3.9h
step 8100/16281 50% [main] | loss 1.551 | lr 1.00e-02 | gnorm 0.82 | 7.43B tok | 77K tok/s/gpu | MFU 32% | ETA 3.9h
step 8110/16281 50% [main] | loss 1.867 | lr 1.00e-02 | gnorm 1.05 | 7.44B tok | 77K tok/s/gpu | MFU 32% | ETA 3.9h
step 8120/16281 50% [main] | loss 1.954 | lr 1.00e-02 | gnorm 1.02 | 7.45B tok | 77K tok/s/gpu | MFU 32% | ETA 3.9h
step 8130/16281 50% [main] | loss 1.978 | lr 1.00e-02 | gnorm 0.94 | 7.46B tok | 77K tok/s/gpu | MFU 32% | ETA 3.9h
step 8140/16281 50% [main] | loss 1.798 | lr 1.00e-02 | gnorm 0.89 | 7.47B tok | 77K tok/s/gpu | MFU 32% | ETA 3.9h
step 8150/16281 50% [main] | loss 2.276 | lr 1.00e-02 | gnorm 1.05 | 7.48B tok | 77K tok/s/gpu | MFU 32% | ETA 3.9h
step 8160/16281 50% [main] | loss 1.451 | lr 1.00e-02 | gnorm 0.92 | 7.49B tok | 77K tok/s/gpu | MFU 32% | ETA 3.9h
step 8170/16281 50% [main] | loss 1.759 | lr 1.00e-02 | gnorm 1.00 | 7.50B tok | 77K tok/s/gpu | MFU 32% | ETA 3.9h
step 8180/16281 50% [main] | loss 1.766 | lr 1.00e-02 | gnorm 1.16 | 7.51B tok | 77K tok/s/gpu | MFU 32% | ETA 3.8h
step 8190/16281 50% [main] | loss 2.024 | lr 1.00e-02 | gnorm 1.02 | 7.51B tok | 76K tok/s/gpu | MFU 32% | ETA 3.9h
step 8200/16281 50% [main] | loss 1.756 | lr 1.00e-02 | gnorm 0.92 | 7.52B tok | 74K tok/s/gpu | MFU 31% | ETA 4.0h
step 8210/16281 50% [main] | loss 1.802 | lr 1.00e-02 | gnorm 1.12 | 7.53B tok | 74K tok/s/gpu | MFU 31% | ETA 4.0h
step 8220/16281 50% [main] | loss 1.957 | lr 1.00e-02 | gnorm 0.94 | 7.54B tok | 77K tok/s/gpu | MFU 32% | ETA 3.8h
step 8230/16281 51% [main] | loss 1.591 | lr 1.00e-02 | gnorm 1.00 | 7.55B tok | 77K tok/s/gpu | MFU 32% | ETA 3.8h
step 8240/16281 51% [main] | loss 2.163 | lr 1.00e-02 | gnorm 0.90 | 7.56B tok | 77K tok/s/gpu | MFU 32% | ETA 3.8h
step 8250/16281 51% [main] | loss 1.771 | lr 1.00e-02 | gnorm 1.21 | 7.57B tok | 77K tok/s/gpu | MFU 32% | ETA 3.8h
step 8260/16281 51% [main] | loss 1.722 | lr 1.00e-02 | gnorm 1.00 | 7.58B tok | 77K tok/s/gpu | MFU 32% | ETA 3.8h
step 8270/16281 51% [main] | loss 1.648 | lr 1.00e-02 | gnorm 1.00 | 7.59B tok | 77K tok/s/gpu | MFU 32% | ETA 3.8h
step 8280/16281 51% [main] | loss 1.985 | lr 1.00e-02 | gnorm 0.96 | 7.60B tok | 77K tok/s/gpu | MFU 32% | ETA 3.8h
step 8290/16281 51% [main] | loss 1.795 | lr 1.00e-02 | gnorm 1.07 | 7.61B tok | 77K tok/s/gpu | MFU 32% | ETA 3.8h
step 8300/16281 51% [main] | loss 1.925 | lr 1.00e-02 | gnorm 1.00 | 7.62B tok | 77K tok/s/gpu | MFU 32% | ETA 3.8h
step 8310/16281 51% [main] | loss 1.422 | lr 1.00e-02 | gnorm 1.07 | 7.62B tok | 77K tok/s/gpu | MFU 32% | ETA 3.8h
step 8320/16281 51% [main] | loss 1.842 | lr 1.00e-02 | gnorm 1.01 | 7.63B tok | 77K tok/s/gpu | MFU 32% | ETA 3.8h
step 8330/16281 51% [main] | loss 1.486 | lr 1.00e-02 | gnorm 1.12 | 7.64B tok | 77K tok/s/gpu | MFU 32% | ETA 3.8h
step 8340/16281 51% [main] | loss 1.805 | lr 1.00e-02 | gnorm 0.86 | 7.65B tok | 77K tok/s/gpu | MFU 32% | ETA 3.8h
step 8350/16281 51% [main] | loss 1.656 | lr 1.00e-02 | gnorm 0.99 | 7.66B tok | 77K tok/s/gpu | MFU 32% | ETA 3.8h
step 8360/16281 51% [main] | loss 2.110 | lr 1.00e-02 | gnorm 0.93 | 7.67B tok | 77K tok/s/gpu | MFU 32% | ETA 3.8h
step 8370/16281 51% [main] | loss 2.254 | lr 1.00e-02 | gnorm 0.93 | 7.68B tok | 77K tok/s/gpu | MFU 32% | ETA 3.8h
step 8380/16281 51% [main] | loss 1.764 | lr 1.00e-02 | gnorm 1.17 | 7.69B tok | 77K tok/s/gpu | MFU 32% | ETA 3.7h
step 8390/16281 52% [main] | loss 1.607 | lr 1.00e-02 | gnorm 0.96 | 7.70B tok | 77K tok/s/gpu | MFU 32% | ETA 3.7h
step 8400/16281 52% [main] | loss 1.951 | lr 1.00e-02 | gnorm 1.11 | 7.71B tok | 74K tok/s/gpu | MFU 31% | ETA 3.9h
step 8410/16281 52% [main] | loss 2.041 | lr 1.00e-02 | gnorm 1.47 | 7.72B tok | 77K tok/s/gpu | MFU 32% | ETA 3.7h
step 8420/16281 52% [main] | loss 2.182 | lr 1.00e-02 | gnorm 0.90 | 7.73B tok | 77K tok/s/gpu | MFU 32% | ETA 3.7h
step 8430/16281 52% [main] | loss 1.751 | lr 1.00e-02 | gnorm 1.13 | 7.73B tok | 77K tok/s/gpu | MFU 32% | ETA 3.7h
step 8440/16281 52% [main] | loss 2.210 | lr 1.00e-02 | gnorm 1.20 | 7.74B tok | 77K tok/s/gpu | MFU 32% | ETA 3.7h
step 8450/16281 52% [main] | loss 2.223 | lr 1.00e-02 | gnorm 1.04 | 7.75B tok | 77K tok/s/gpu | MFU 32% | ETA 3.7h
step 8460/16281 52% [main] | loss 2.424 | lr 1.00e-02 | gnorm 0.91 | 7.76B tok | 77K tok/s/gpu | MFU 32% | ETA 3.7h
step 8470/16281 52% [main] | loss 1.965 | lr 1.00e-02 | gnorm 0.98 | 7.77B tok | 77K tok/s/gpu | MFU 32% | ETA 3.7h
step 8480/16281 52% [main] | loss 1.606 | lr 1.00e-02 | gnorm 1.12 | 7.78B tok | 77K tok/s/gpu | MFU 32% | ETA 3.7h
step 8490/16281 52% [main] | loss 1.926 | lr 1.00e-02 | gnorm 0.85 | 7.79B tok | 77K tok/s/gpu | MFU 32% | ETA 3.7h
step 8500/16281 val 2.227
step 8500/16281 52% [main] | loss 2.363 | lr 1.00e-02 | gnorm 1.16 | 7.80B tok | 50K tok/s/gpu | MFU 21% | ETA 5.7h
step 8510/16281 52% [main] | loss 2.091 | lr 1.00e-02 | gnorm 1.02 | 7.81B tok | 75K tok/s/gpu | MFU 31% | ETA 3.8h
step 8520/16281 52% [main] | loss 1.963 | lr 1.00e-02 | gnorm 1.08 | 7.82B tok | 75K tok/s/gpu | MFU 31% | ETA 3.8h
step 8530/16281 52% [main] | loss 1.535 | lr 1.00e-02 | gnorm 0.96 | 7.83B tok | 75K tok/s/gpu | MFU 31% | ETA 3.8h
step 8540/16281 52% [main] | loss 2.110 | lr 1.00e-02 | gnorm 0.91 | 7.84B tok | 74K tok/s/gpu | MFU 31% | ETA 3.8h
step 8550/16281 53% [main] | loss 1.727 | lr 1.00e-02 | gnorm 1.09 | 7.84B tok | 77K tok/s/gpu | MFU 32% | ETA 3.7h
step 8560/16281 53% [main] | loss 1.472 | lr 1.00e-02 | gnorm 1.01 | 7.85B tok | 77K tok/s/gpu | MFU 32% | ETA 3.7h
step 8570/16281 53% [main] | loss 1.910 | lr 1.00e-02 | gnorm 1.00 | 7.86B tok | 74K tok/s/gpu | MFU 31% | ETA 3.8h
step 8580/16281 53% [main] | loss 2.000 | lr 1.00e-02 | gnorm 0.96 | 7.87B tok | 77K tok/s/gpu | MFU 32% | ETA 3.7h
step 8590/16281 53% [main] | loss 1.928 | lr 1.00e-02 | gnorm 1.05 | 7.88B tok | 77K tok/s/gpu | MFU 32% | ETA 3.7h
step 8600/16281 53% [main] | loss 1.936 | lr 1.00e-02 | gnorm 0.87 | 7.89B tok | 74K tok/s/gpu | MFU 31% | ETA 3.8h
step 8610/16281 53% [main] | loss 2.275 | lr 1.00e-02 | gnorm 1.01 | 7.90B tok | 77K tok/s/gpu | MFU 32% | ETA 3.6h
step 8620/16281 53% [main] | loss 1.709 | lr 1.00e-02 | gnorm 0.82 | 7.91B tok | 77K tok/s/gpu | MFU 32% | ETA 3.6h
step 8630/16281 53% [main] | loss 1.550 | lr 1.00e-02 | gnorm 0.93 | 7.92B tok | 77K tok/s/gpu | MFU 32% | ETA 3.6h
step 8640/16281 53% [main] | loss 1.761 | lr 1.00e-02 | gnorm 1.01 | 7.93B tok | 77K tok/s/gpu | MFU 32% | ETA 3.6h
step 8650/16281 53% [main] | loss 1.997 | lr 1.00e-02 | gnorm 1.38 | 7.94B tok | 77K tok/s/gpu | MFU 32% | ETA 3.6h
step 8660/16281 53% [main] | loss 1.612 | lr 1.00e-02 | gnorm 0.91 | 7.95B tok | 77K tok/s/gpu | MFU 32% | ETA 3.6h
step 8670/16281 53% [main] | loss 1.477 | lr 1.00e-02 | gnorm 0.85 | 7.95B tok | 77K tok/s/gpu | MFU 32% | ETA 3.6h
step 8680/16281 53% [main] | loss 1.744 | lr 1.00e-02 | gnorm 1.15 | 7.96B tok | 77K tok/s/gpu | MFU 32% | ETA 3.6h
step 8690/16281 53% [main] | loss 1.959 | lr 1.00e-02 | gnorm 1.03 | 7.97B tok | 77K tok/s/gpu | MFU 32% | ETA 3.6h
step 8700/16281 53% [main] | loss 1.557 | lr 1.00e-02 | gnorm 0.94 | 7.98B tok | 77K tok/s/gpu | MFU 32% | ETA 3.6h
step 8710/16281 53% [main] | loss 1.847 | lr 1.00e-02 | gnorm 0.80 | 7.99B tok | 77K tok/s/gpu | MFU 32% | ETA 3.6h
step 8720/16281 54% [main] | loss 1.580 | lr 1.00e-02 | gnorm 1.04 | 8.00B tok | 77K tok/s/gpu | MFU 32% | ETA 3.6h
step 8730/16281 54% [main] | loss 2.004 | lr 1.00e-02 | gnorm 0.96 | 8.01B tok | 77K tok/s/gpu | MFU 32% | ETA 3.6h
step 8740/16281 54% [main] | loss 1.050 | lr 1.00e-02 | gnorm 1.02 | 8.02B tok | 77K tok/s/gpu | MFU 32% | ETA 3.6h
step 8750/16281 54% [main] | loss 1.393 | lr 1.00e-02 | gnorm 0.89 | 8.03B tok | 77K tok/s/gpu | MFU 32% | ETA 3.6h
step 8760/16281 54% [main] | loss 1.627 | lr 1.00e-02 | gnorm 0.98 | 8.04B tok | 77K tok/s/gpu | MFU 32% | ETA 3.6h
step 8770/16281 54% [main] | loss 1.620 | lr 1.00e-02 | gnorm 1.29 | 8.05B tok | 77K tok/s/gpu | MFU 32% | ETA 3.6h
step 8780/16281 54% [main] | loss 2.041 | lr 1.00e-02 | gnorm 1.15 | 8.06B tok | 77K tok/s/gpu | MFU 32% | ETA 3.6h
step 8790/16281 54% [main] | loss 1.660 | lr 1.00e-02 | gnorm 0.97 | 8.06B tok | 77K tok/s/gpu | MFU 32% | ETA 3.6h
step 8800/16281 54% [main] | loss 2.043 | lr 1.00e-02 | gnorm 1.05 | 8.07B tok | 74K tok/s/gpu | MFU 31% | ETA 3.7h
step 8810/16281 54% [main] | loss 1.715 | lr 1.00e-02 | gnorm 1.09 | 8.08B tok | 77K tok/s/gpu | MFU 32% | ETA 3.5h
step 8820/16281 54% [main] | loss 1.831 | lr 1.00e-02 | gnorm 1.08 | 8.09B tok | 77K tok/s/gpu | MFU 32% | ETA 3.5h
step 8830/16281 54% [main] | loss 2.040 | lr 1.00e-02 | gnorm 1.10 | 8.10B tok | 77K tok/s/gpu | MFU 32% | ETA 3.5h
step 8840/16281 54% [main] | loss 1.350 | lr 1.00e-02 | gnorm 0.96 | 8.11B tok | 77K tok/s/gpu | MFU 32% | ETA 3.5h
step 8850/16281 54% [main] | loss 1.640 | lr 1.00e-02 | gnorm 1.02 | 8.12B tok | 77K tok/s/gpu | MFU 32% | ETA 3.5h
step 8860/16281 54% [main] | loss 1.398 | lr 1.00e-02 | gnorm 0.96 | 8.13B tok | 77K tok/s/gpu | MFU 32% | ETA 3.5h
step 8870/16281 54% [main] | loss 1.843 | lr 1.00e-02 | gnorm 0.93 | 8.14B tok | 77K tok/s/gpu | MFU 32% | ETA 3.5h
step 8880/16281 55% [main] | loss 1.712 | lr 1.00e-02 | gnorm 0.84 | 8.15B tok | 77K tok/s/gpu | MFU 32% | ETA 3.5h
step 8890/16281 55% [main] | loss 1.731 | lr 1.00e-02 | gnorm 0.96 | 8.16B tok | 77K tok/s/gpu | MFU 32% | ETA 3.5h
step 8900/16281 55% [main] | loss 1.843 | lr 1.00e-02 | gnorm 0.90 | 8.17B tok | 77K tok/s/gpu | MFU 32% | ETA 3.5h
step 8910/16281 55% [main] | loss 1.893 | lr 1.00e-02 | gnorm 0.90 | 8.17B tok | 77K tok/s/gpu | MFU 32% | ETA 3.5h
step 8920/16281 55% [main] | loss 1.469 | lr 1.00e-02 | gnorm 1.00 | 8.18B tok | 74K tok/s/gpu | MFU 31% | ETA 3.6h
step 8930/16281 55% [main] | loss 2.346 | lr 1.00e-02 | gnorm 0.95 | 8.19B tok | 77K tok/s/gpu | MFU 32% | ETA 3.5h
step 8940/16281 55% [main] | loss 2.211 | lr 1.00e-02 | gnorm 0.99 | 8.20B tok | 77K tok/s/gpu | MFU 32% | ETA 3.5h
step 8950/16281 55% [main] | loss 2.241 | lr 1.00e-02 | gnorm 0.88 | 8.21B tok | 77K tok/s/gpu | MFU 32% | ETA 3.5h
step 8960/16281 55% [main] | loss 2.240 | lr 1.00e-02 | gnorm 0.80 | 8.22B tok | 77K tok/s/gpu | MFU 32% | ETA 3.5h
step 8970/16281 55% [main] | loss 1.996 | lr 1.00e-02 | gnorm 0.95 | 8.23B tok | 77K tok/s/gpu | MFU 32% | ETA 3.5h
step 8980/16281 55% [main] | loss 1.550 | lr 1.00e-02 | gnorm 0.87 | 8.24B tok | 77K tok/s/gpu | MFU 32% | ETA 3.5h
step 8990/16281 55% [main] | loss 1.966 | lr 1.00e-02 | gnorm 1.06 | 8.25B tok | 77K tok/s/gpu | MFU 32% | ETA 3.5h
step 9000/16281 val 2.214
step 9000/16281 55% [main] | loss 1.451 | lr 1.00e-02 | gnorm 0.92 | 8.26B tok | 51K tok/s/gpu | MFU 21% | ETA 5.2h
step 9010/16281 55% [main] | loss 1.749 | lr 1.00e-02 | gnorm 1.19 | 8.27B tok | 75K tok/s/gpu | MFU 31% | ETA 3.6h
step 9020/16281 55% [main] | loss 1.772 | lr 1.00e-02 | gnorm 1.01 | 8.28B tok | 75K tok/s/gpu | MFU 31% | ETA 3.5h
step 9030/16281 55% [main] | loss 1.369 | lr 1.00e-02 | gnorm 0.95 | 8.29B tok | 73K tok/s/gpu | MFU 30% | ETA 3.6h
step 9040/16281 56% [main] | loss 1.684 | lr 1.00e-02 | gnorm 0.81 | 8.29B tok | 77K tok/s/gpu | MFU 32% | ETA 3.4h
step 9050/16281 56% [main] | loss 1.955 | lr 1.00e-02 | gnorm 0.97 | 8.30B tok | 77K tok/s/gpu | MFU 32% | ETA 3.4h
step 9060/16281 56% [main] | loss 1.909 | lr 1.00e-02 | gnorm 0.94 | 8.31B tok | 74K tok/s/gpu | MFU 31% | ETA 3.5h
step 9070/16281 56% [main] | loss 1.697 | lr 1.00e-02 | gnorm 0.89 | 8.32B tok | 77K tok/s/gpu | MFU 32% | ETA 3.4h
step 9080/16281 56% [main] | loss 1.914 | lr 1.00e-02 | gnorm 1.09 | 8.33B tok | 77K tok/s/gpu | MFU 32% | ETA 3.4h
step 9090/16281 56% [main] | loss 1.619 | lr 1.00e-02 | gnorm 1.05 | 8.34B tok | 77K tok/s/gpu | MFU 32% | ETA 3.4h
step 9100/16281 56% [main] | loss 1.891 | lr 1.00e-02 | gnorm 1.28 | 8.35B tok | 77K tok/s/gpu | MFU 32% | ETA 3.4h
step 9110/16281 56% [main] | loss 1.706 | lr 1.00e-02 | gnorm 0.98 | 8.36B tok | 77K tok/s/gpu | MFU 32% | ETA 3.4h
step 9120/16281 56% [main] | loss 2.137 | lr 1.00e-02 | gnorm 0.82 | 8.37B tok | 77K tok/s/gpu | MFU 32% | ETA 3.4h
step 9130/16281 56% [main] | loss 1.619 | lr 1.00e-02 | gnorm 0.72 | 8.38B tok | 77K tok/s/gpu | MFU 32% | ETA 3.4h
step 9140/16281 56% [main] | loss 1.975 | lr 1.00e-02 | gnorm 0.96 | 8.39B tok | 77K tok/s/gpu | MFU 32% | ETA 3.4h
step 9150/16281 56% [main] | loss 1.813 | lr 1.00e-02 | gnorm 0.92 | 8.40B tok | 77K tok/s/gpu | MFU 32% | ETA 3.4h
step 9160/16281 56% [main] | loss 2.036 | lr 1.00e-02 | gnorm 1.15 | 8.40B tok | 77K tok/s/gpu | MFU 32% | ETA 3.4h
step 9170/16281 56% [main] | loss 2.324 | lr 1.00e-02 | gnorm 0.82 | 8.41B tok | 77K tok/s/gpu | MFU 32% | ETA 3.4h
step 9180/16281 56% [main] | loss 2.195 | lr 1.00e-02 | gnorm 1.02 | 8.42B tok | 74K tok/s/gpu | MFU 31% | ETA 3.5h
step 9190/16281 56% [main] | loss 1.960 | lr 1.00e-02 | gnorm 0.95 | 8.43B tok | 77K tok/s/gpu | MFU 32% | ETA 3.4h
step 9200/16281 57% [main] | loss 1.955 | lr 1.00e-02 | gnorm 0.89 | 8.44B tok | 72K tok/s/gpu | MFU 30% | ETA 3.6h
step 9210/16281 57% [main] | loss 2.184 | lr 1.00e-02 | gnorm 1.12 | 8.45B tok | 77K tok/s/gpu | MFU 32% | ETA 3.3h
step 9220/16281 57% [main] | loss 2.218 | lr 1.00e-02 | gnorm 0.89 | 8.46B tok | 77K tok/s/gpu | MFU 32% | ETA 3.4h
step 9230/16281 57% [main] | loss 1.784 | lr 1.00e-02 | gnorm 1.00 | 8.47B tok | 77K tok/s/gpu | MFU 32% | ETA 3.3h
step 9240/16281 57% [main] | loss 2.309 | lr 1.00e-02 | gnorm 1.05 | 8.48B tok | 77K tok/s/gpu | MFU 32% | ETA 3.3h
step 9250/16281 57% [main] | loss 1.695 | lr 1.00e-02 | gnorm 1.04 | 8.49B tok | 77K tok/s/gpu | MFU 32% | ETA 3.3h
step 9260/16281 57% [main] | loss 1.741 | lr 1.00e-02 | gnorm 0.87 | 8.50B tok | 77K tok/s/gpu | MFU 32% | ETA 3.3h
step 9270/16281 57% [main] | loss 2.475 | lr 1.00e-02 | gnorm 0.98 | 8.51B tok | 77K tok/s/gpu | MFU 32% | ETA 3.3h
step 9280/16281 57% [main] | loss 1.726 | lr 1.00e-02 | gnorm 0.93 | 8.51B tok | 77K tok/s/gpu | MFU 32% | ETA 3.3h
step 9290/16281 57% [main] | loss 2.101 | lr 1.00e-02 | gnorm 1.03 | 8.52B tok | 77K tok/s/gpu | MFU 32% | ETA 3.3h
step 9300/16281 57% [main] | loss 1.651 | lr 1.00e-02 | gnorm 0.78 | 8.53B tok | 77K tok/s/gpu | MFU 32% | ETA 3.3h
step 9310/16281 57% [main] | loss 1.283 | lr 1.00e-02 | gnorm 0.98 | 8.54B tok | 77K tok/s/gpu | MFU 32% | ETA 3.3h
step 9320/16281 57% [main] | loss 1.540 | lr 1.00e-02 | gnorm 1.13 | 8.55B tok | 77K tok/s/gpu | MFU 32% | ETA 3.3h
step 9330/16281 57% [main] | loss 1.631 | lr 1.00e-02 | gnorm 0.88 | 8.56B tok | 77K tok/s/gpu | MFU 32% | ETA 3.3h
step 9340/16281 57% [main] | loss 1.848 | lr 1.00e-02 | gnorm 0.76 | 8.57B tok | 77K tok/s/gpu | MFU 32% | ETA 3.3h
step 9350/16281 57% [main] | loss 1.849 | lr 1.00e-02 | gnorm 1.02 | 8.58B tok | 77K tok/s/gpu | MFU 32% | ETA 3.3h
step 9360/16281 57% [main] | loss 1.696 | lr 1.00e-02 | gnorm 0.86 | 8.59B tok | 77K tok/s/gpu | MFU 32% | ETA 3.3h
step 9370/16281 58% [main] | loss 2.133 | lr 1.00e-02 | gnorm 1.05 | 8.60B tok | 77K tok/s/gpu | MFU 32% | ETA 3.3h
step 9380/16281 58% [main] | loss 2.183 | lr 1.00e-02 | gnorm 0.85 | 8.61B tok | 77K tok/s/gpu | MFU 32% | ETA 3.3h
step 9390/16281 58% [main] | loss 1.698 | lr 1.00e-02 | gnorm 0.90 | 8.62B tok | 77K tok/s/gpu | MFU 32% | ETA 3.3h
step 9400/16281 58% [main] | loss 2.014 | lr 1.00e-02 | gnorm 0.92 | 8.62B tok | 74K tok/s/gpu | MFU 31% | ETA 3.4h
step 9410/16281 58% [main] | loss 1.694 | lr 1.00e-02 | gnorm 0.84 | 8.63B tok | 77K tok/s/gpu | MFU 32% | ETA 3.2h
step 9420/16281 58% [main] | loss 1.856 | lr 1.00e-02 | gnorm 0.92 | 8.64B tok | 77K tok/s/gpu | MFU 32% | ETA 3.3h
step 9430/16281 58% [main] | loss 2.283 | lr 1.00e-02 | gnorm 0.97 | 8.65B tok | 77K tok/s/gpu | MFU 32% | ETA 3.3h
step 9440/16281 58% [main] | loss 1.519 | lr 1.00e-02 | gnorm 1.11 | 8.66B tok | 77K tok/s/gpu | MFU 32% | ETA 3.2h
step 9450/16281 58% [main] | loss 2.057 | lr 1.00e-02 | gnorm 0.91 | 8.67B tok | 77K tok/s/gpu | MFU 32% | ETA 3.2h
step 9460/16281 58% [main] | loss 1.713 | lr 1.00e-02 | gnorm 0.90 | 8.68B tok | 77K tok/s/gpu | MFU 32% | ETA 3.2h
step 9470/16281 58% [main] | loss 2.378 | lr 1.00e-02 | gnorm 0.81 | 8.69B tok | 77K tok/s/gpu | MFU 32% | ETA 3.2h
step 9480/16281 58% [main] | loss 1.983 | lr 1.00e-02 | gnorm 0.86 | 8.70B tok | 77K tok/s/gpu | MFU 32% | ETA 3.2h
step 9490/16281 58% [main] | loss 1.929 | lr 1.00e-02 | gnorm 0.72 | 8.71B tok | 77K tok/s/gpu | MFU 32% | ETA 3.2h
step 9500/16281 val 2.205
step 9500/16281 58% [main] | loss 1.405 | lr 1.00e-02 | gnorm 1.11 | 8.72B tok | 50K tok/s/gpu | MFU 21% | ETA 4.9h
step 9510/16281 58% [main] | loss 1.875 | lr 1.00e-02 | gnorm 1.16 | 8.73B tok | 75K tok/s/gpu | MFU 31% | ETA 3.3h
step 9520/16281 58% [main] | loss 1.952 | lr 1.00e-02 | gnorm 0.94 | 8.73B tok | 75K tok/s/gpu | MFU 31% | ETA 3.3h
step 9530/16281 59% [main] | loss 1.740 | lr 1.00e-02 | gnorm 0.80 | 8.74B tok | 74K tok/s/gpu | MFU 31% | ETA 3.3h
step 9540/16281 59% [main] | loss 1.331 | lr 1.00e-02 | gnorm 1.03 | 8.75B tok | 77K tok/s/gpu | MFU 32% | ETA 3.2h
step 9550/16281 59% [main] | loss 1.867 | lr 1.00e-02 | gnorm 1.25 | 8.76B tok | 77K tok/s/gpu | MFU 32% | ETA 3.2h
step 9560/16281 59% [main] | loss 2.030 | lr 1.00e-02 | gnorm 1.20 | 8.77B tok | 74K tok/s/gpu | MFU 31% | ETA 3.3h
step 9570/16281 59% [main] | loss 1.585 | lr 1.00e-02 | gnorm 0.93 | 8.78B tok | 77K tok/s/gpu | MFU 32% | ETA 3.2h
step 9580/16281 59% [main] | loss 1.615 | lr 1.00e-02 | gnorm 0.86 | 8.79B tok | 77K tok/s/gpu | MFU 32% | ETA 3.2h
step 9590/16281 59% [main] | loss 1.525 | lr 1.00e-02 | gnorm 0.96 | 8.80B tok | 77K tok/s/gpu | MFU 32% | ETA 3.2h
step 9600/16281 59% [main] | loss 1.758 | lr 1.00e-02 | gnorm 0.89 | 8.81B tok | 74K tok/s/gpu | MFU 31% | ETA 3.3h
step 9610/16281 59% [main] | loss 2.331 | lr 1.00e-02 | gnorm 0.97 | 8.82B tok | 77K tok/s/gpu | MFU 32% | ETA 3.2h
step 9620/16281 59% [main] | loss 2.268 | lr 1.00e-02 | gnorm 0.93 | 8.83B tok | 77K tok/s/gpu | MFU 32% | ETA 3.2h
step 9630/16281 59% [main] | loss 1.493 | lr 1.00e-02 | gnorm 1.34 | 8.84B tok | 77K tok/s/gpu | MFU 32% | ETA 3.2h
step 9640/16281 59% [main] | loss 1.760 | lr 1.00e-02 | gnorm 1.25 | 8.84B tok | 77K tok/s/gpu | MFU 32% | ETA 3.1h
step 9650/16281 59% [main] | loss 2.167 | lr 1.00e-02 | gnorm 1.06 | 8.85B tok | 77K tok/s/gpu | MFU 32% | ETA 3.1h
step 9660/16281 59% [main] | loss 1.745 | lr 1.00e-02 | gnorm 1.04 | 8.86B tok | 77K tok/s/gpu | MFU 32% | ETA 3.1h
step 9670/16281 59% [main] | loss 1.419 | lr 1.00e-02 | gnorm 0.96 | 8.87B tok | 77K tok/s/gpu | MFU 32% | ETA 3.1h
step 9680/16281 59% [main] | loss 1.547 | lr 1.00e-02 | gnorm 1.32 | 8.88B tok | 77K tok/s/gpu | MFU 32% | ETA 3.1h
step 9690/16281 60% [main] | loss 2.246 | lr 1.00e-02 | gnorm 1.09 | 8.89B tok | 77K tok/s/gpu | MFU 32% | ETA 3.1h
step 9700/16281 60% [main] | loss 1.677 | lr 1.00e-02 | gnorm 0.93 | 8.90B tok | 77K tok/s/gpu | MFU 32% | ETA 3.1h
step 9710/16281 60% [main] | loss 2.400 | lr 1.00e-02 | gnorm 0.81 | 8.91B tok | 77K tok/s/gpu | MFU 32% | ETA 3.1h
step 9720/16281 60% [main] | loss 2.075 | lr 1.00e-02 | gnorm 0.92 | 8.92B tok | 77K tok/s/gpu | MFU 32% | ETA 3.1h
step 9730/16281 60% [main] | loss 2.129 | lr 1.00e-02 | gnorm 1.07 | 8.93B tok | 77K tok/s/gpu | MFU 32% | ETA 3.1h
step 9740/16281 60% [main] | loss 2.110 | lr 1.00e-02 | gnorm 1.12 | 8.94B tok | 77K tok/s/gpu | MFU 32% | ETA 3.1h
step 9750/16281 60% [main] | loss 1.612 | lr 1.00e-02 | gnorm 0.75 | 8.95B tok | 77K tok/s/gpu | MFU 32% | ETA 3.1h
step 9760/16281 60% [main] | loss 1.455 | lr 1.00e-02 | gnorm 0.85 | 8.95B tok | 77K tok/s/gpu | MFU 32% | ETA 3.1h
step 9770/16281 60% [main] | loss 1.704 | lr 1.00e-02 | gnorm 0.95 | 8.96B tok | 77K tok/s/gpu | MFU 32% | ETA 3.1h
step 9780/16281 60% [main] | loss 2.008 | lr 1.00e-02 | gnorm 0.96 | 8.97B tok | 77K tok/s/gpu | MFU 32% | ETA 3.1h
step 9790/16281 60% [main] | loss 1.406 | lr 1.00e-02 | gnorm 0.87 | 8.98B tok | 77K tok/s/gpu | MFU 32% | ETA 3.1h
step 9800/16281 60% [main] | loss 1.709 | lr 1.00e-02 | gnorm 0.88 | 8.99B tok | 74K tok/s/gpu | MFU 31% | ETA 3.2h
step 9810/16281 60% [main] | loss 1.443 | lr 1.00e-02 | gnorm 0.84 | 9.00B tok | 77K tok/s/gpu | MFU 32% | ETA 3.1h
step 9820/16281 60% [main] | loss 1.153 | lr 1.00e-02 | gnorm 0.91 | 9.01B tok | 77K tok/s/gpu | MFU 32% | ETA 3.1h
step 9830/16281 60% [main] | loss 2.160 | lr 1.00e-02 | gnorm 0.98 | 9.02B tok | 77K tok/s/gpu | MFU 32% | ETA 3.1h
step 9840/16281 60% [main] | loss 1.683 | lr 1.00e-02 | gnorm 0.90 | 9.03B tok | 77K tok/s/gpu | MFU 32% | ETA 3.1h
step 9850/16281 60% [main] | loss 1.957 | lr 1.00e-02 | gnorm 0.90 | 9.04B tok | 77K tok/s/gpu | MFU 32% | ETA 3.1h
step 9860/16281 61% [main] | loss 2.177 | lr 1.00e-02 | gnorm 0.82 | 9.05B tok | 77K tok/s/gpu | MFU 32% | ETA 3.0h
step 9870/16281 61% [main] | loss 1.649 | lr 1.00e-02 | gnorm 1.24 | 9.06B tok | 77K tok/s/gpu | MFU 32% | ETA 3.0h
step 9880/16281 61% [main] | loss 1.990 | lr 1.00e-02 | gnorm 0.91 | 9.06B tok | 77K tok/s/gpu | MFU 32% | ETA 3.0h
step 9890/16281 61% [main] | loss 1.932 | lr 1.00e-02 | gnorm 1.12 | 9.07B tok | 77K tok/s/gpu | MFU 32% | ETA 3.0h
step 9900/16281 61% [main] | loss 2.030 | lr 1.00e-02 | gnorm 0.84 | 9.08B tok | 74K tok/s/gpu | MFU 31% | ETA 3.1h
step 9910/16281 61% [main] | loss 2.103 | lr 1.00e-02 | gnorm 0.95 | 9.09B tok | 77K tok/s/gpu | MFU 32% | ETA 3.0h
step 9920/16281 61% [main] | loss 1.769 | lr 1.00e-02 | gnorm 1.26 | 9.10B tok | 77K tok/s/gpu | MFU 32% | ETA 3.0h
step 9930/16281 61% [main] | loss 1.820 | lr 1.00e-02 | gnorm 0.83 | 9.11B tok | 77K tok/s/gpu | MFU 32% | ETA 3.0h
step 9940/16281 61% [main] | loss 1.939 | lr 1.00e-02 | gnorm 0.93 | 9.12B tok | 77K tok/s/gpu | MFU 32% | ETA 3.0h
step 9950/16281 61% [main] | loss 1.780 | lr 1.00e-02 | gnorm 0.87 | 9.13B tok | 77K tok/s/gpu | MFU 32% | ETA 3.0h
step 9960/16281 61% [main] | loss 1.542 | lr 1.00e-02 | gnorm 0.88 | 9.14B tok | 77K tok/s/gpu | MFU 32% | ETA 3.0h
step 9970/16281 61% [main] | loss 2.113 | lr 1.00e-02 | gnorm 1.12 | 9.15B tok | 77K tok/s/gpu | MFU 32% | ETA 3.0h
step 9980/16281 61% [main] | loss 1.373 | lr 1.00e-02 | gnorm 0.89 | 9.16B tok | 77K tok/s/gpu | MFU 32% | ETA 3.0h
step 9990/16281 61% [main] | loss 1.836 | lr 1.00e-02 | gnorm 0.85 | 9.17B tok | 77K tok/s/gpu | MFU 32% | ETA 3.0h
step 10000/16281 val 2.202
step 10000/16281 61% [main] | loss 1.822 | lr 1.00e-02 | gnorm 0.86 | 9.18B tok | 49K tok/s/gpu | MFU 21% | ETA 4.6h
step 10010/16281 61% [main] | loss 1.808 | lr 1.00e-02 | gnorm 1.24 | 9.18B tok | 75K tok/s/gpu | MFU 31% | ETA 3.0h
step 10020/16281 62% [main] | loss 1.942 | lr 1.00e-02 | gnorm 1.07 | 9.19B tok | 72K tok/s/gpu | MFU 30% | ETA 3.2h
step 10030/16281 62% [main] | loss 2.315 | lr 1.00e-02 | gnorm 0.85 | 9.20B tok | 77K tok/s/gpu | MFU 32% | ETA 3.0h
step 10040/16281 62% [main] | loss 1.956 | lr 1.00e-02 | gnorm 0.94 | 9.21B tok | 77K tok/s/gpu | MFU 32% | ETA 3.0h
step 10050/16281 62% [main] | loss 1.822 | lr 1.00e-02 | gnorm 0.85 | 9.22B tok | 74K tok/s/gpu | MFU 31% | ETA 3.1h
step 10060/16281 62% [main] | loss 1.519 | lr 1.00e-02 | gnorm 0.90 | 9.23B tok | 77K tok/s/gpu | MFU 32% | ETA 3.0h
step 10070/16281 62% [main] | loss 2.099 | lr 1.00e-02 | gnorm 0.94 | 9.24B tok | 77K tok/s/gpu | MFU 32% | ETA 2.9h
step 10080/16281 62% [main] | loss 1.381 | lr 1.00e-02 | gnorm 1.12 | 9.25B tok | 77K tok/s/gpu | MFU 32% | ETA 2.9h
step 10090/16281 62% [main] | loss 1.964 | lr 1.00e-02 | gnorm 1.18 | 9.26B tok | 77K tok/s/gpu | MFU 32% | ETA 2.9h
step 10100/16281 62% [main] | loss 2.175 | lr 1.00e-02 | gnorm 0.89 | 9.27B tok | 77K tok/s/gpu | MFU 32% | ETA 2.9h
step 10110/16281 62% [main] | loss 1.574 | lr 1.00e-02 | gnorm 0.75 | 9.28B tok | 77K tok/s/gpu | MFU 32% | ETA 2.9h
step 10120/16281 62% [main] | loss 1.783 | lr 1.00e-02 | gnorm 0.86 | 9.29B tok | 76K tok/s/gpu | MFU 32% | ETA 2.9h
step 10130/16281 62% [main] | loss 2.188 | lr 1.00e-02 | gnorm 1.16 | 9.29B tok | 77K tok/s/gpu | MFU 32% | ETA 2.9h
step 10140/16281 62% [main] | loss 1.401 | lr 1.00e-02 | gnorm 0.91 | 9.30B tok | 77K tok/s/gpu | MFU 32% | ETA 2.9h
step 10150/16281 62% [main] | loss 1.874 | lr 1.00e-02 | gnorm 0.79 | 9.31B tok | 77K tok/s/gpu | MFU 32% | ETA 2.9h
step 10160/16281 62% [main] | loss 1.407 | lr 1.00e-02 | gnorm 0.98 | 9.32B tok | 77K tok/s/gpu | MFU 32% | ETA 2.9h
step 10170/16281 62% [main] | loss 1.797 | lr 1.00e-02 | gnorm 1.10 | 9.33B tok | 77K tok/s/gpu | MFU 32% | ETA 2.9h
step 10180/16281 63% [main] | loss 2.057 | lr 1.00e-02 | gnorm 0.99 | 9.34B tok | 77K tok/s/gpu | MFU 32% | ETA 2.9h
step 10190/16281 63% [main] | loss 1.880 | lr 1.00e-02 | gnorm 0.82 | 9.35B tok | 77K tok/s/gpu | MFU 32% | ETA 2.9h
step 10200/16281 63% [main] | loss 2.051 | lr 1.00e-02 | gnorm 1.05 | 9.36B tok | 74K tok/s/gpu | MFU 31% | ETA 3.0h
step 10210/16281 63% [main] | loss 1.948 | lr 1.00e-02 | gnorm 1.04 | 9.37B tok | 77K tok/s/gpu | MFU 32% | ETA 2.9h
step 10220/16281 63% [main] | loss 1.868 | lr 1.00e-02 | gnorm 0.85 | 9.38B tok | 77K tok/s/gpu | MFU 32% | ETA 2.9h
step 10230/16281 63% [main] | loss 1.987 | lr 1.00e-02 | gnorm 0.88 | 9.39B tok | 77K tok/s/gpu | MFU 32% | ETA 2.9h
step 10240/16281 63% [main] | loss 2.032 | lr 1.00e-02 | gnorm 0.81 | 9.40B tok | 77K tok/s/gpu | MFU 32% | ETA 2.9h
step 10250/16281 63% [main] | loss 1.785 | lr 1.00e-02 | gnorm 0.93 | 9.40B tok | 77K tok/s/gpu | MFU 32% | ETA 2.9h
step 10260/16281 63% [main] | loss 1.948 | lr 1.00e-02 | gnorm 0.75 | 9.41B tok | 77K tok/s/gpu | MFU 32% | ETA 2.9h
step 10270/16281 63% [main] | loss 1.860 | lr 1.00e-02 | gnorm 1.05 | 9.42B tok | 77K tok/s/gpu | MFU 32% | ETA 2.9h
step 10280/16281 63% [main] | loss 2.307 | lr 1.00e-02 | gnorm 1.05 | 9.43B tok | 77K tok/s/gpu | MFU 32% | ETA 2.9h
step 10290/16281 63% [main] | loss 1.753 | lr 1.00e-02 | gnorm 0.78 | 9.44B tok | 77K tok/s/gpu | MFU 32% | ETA 2.8h
step 10300/16281 63% [main] | loss 1.877 | lr 1.00e-02 | gnorm 0.87 | 9.45B tok | 77K tok/s/gpu | MFU 32% | ETA 2.8h
step 10310/16281 63% [main] | loss 1.131 | lr 1.00e-02 | gnorm 0.88 | 9.46B tok | 77K tok/s/gpu | MFU 32% | ETA 2.8h
step 10320/16281 63% [main] | loss 1.438 | lr 1.00e-02 | gnorm 0.79 | 9.47B tok | 77K tok/s/gpu | MFU 32% | ETA 2.8h
step 10330/16281 63% [main] | loss 2.052 | lr 1.00e-02 | gnorm 0.93 | 9.48B tok | 77K tok/s/gpu | MFU 32% | ETA 2.8h
step 10340/16281 64% [main] | loss 1.968 | lr 1.00e-02 | gnorm 0.84 | 9.49B tok | 77K tok/s/gpu | MFU 32% | ETA 2.8h
step 10350/16281 64% [main] | loss 2.445 | lr 1.00e-02 | gnorm 0.88 | 9.50B tok | 77K tok/s/gpu | MFU 32% | ETA 2.8h
step 10360/16281 64% [main] | loss 1.493 | lr 1.00e-02 | gnorm 0.96 | 9.51B tok | 77K tok/s/gpu | MFU 32% | ETA 2.8h
step 10370/16281 64% [main] | loss 1.532 | lr 1.00e-02 | gnorm 0.94 | 9.51B tok | 77K tok/s/gpu | MFU 32% | ETA 2.8h
step 10380/16281 64% [main] | loss 2.171 | lr 1.00e-02 | gnorm 0.91 | 9.52B tok | 77K tok/s/gpu | MFU 32% | ETA 2.8h
step 10390/16281 64% [main] | loss 1.999 | lr 1.00e-02 | gnorm 1.01 | 9.53B tok | 77K tok/s/gpu | MFU 32% | ETA 2.8h
step 10400/16281 64% [main] | loss 1.360 | lr 1.00e-02 | gnorm 1.22 | 9.54B tok | 75K tok/s/gpu | MFU 31% | ETA 2.9h
step 10410/16281 64% [main] | loss 1.804 | lr 1.00e-02 | gnorm 0.80 | 9.55B tok | 77K tok/s/gpu | MFU 32% | ETA 2.8h
step 10420/16281 64% [main] | loss 1.676 | lr 1.00e-02 | gnorm 0.91 | 9.56B tok | 77K tok/s/gpu | MFU 32% | ETA 2.8h
step 10430/16281 64% [main] | loss 1.573 | lr 1.00e-02 | gnorm 0.80 | 9.57B tok | 77K tok/s/gpu | MFU 32% | ETA 2.8h
step 10440/16281 64% [main] | loss 2.198 | lr 1.00e-02 | gnorm 0.88 | 9.58B tok | 77K tok/s/gpu | MFU 32% | ETA 2.8h
step 10450/16281 64% [main] | loss 1.911 | lr 1.00e-02 | gnorm 0.95 | 9.59B tok | 77K tok/s/gpu | MFU 32% | ETA 2.8h
step 10460/16281 64% [main] | loss 1.614 | lr 1.00e-02 | gnorm 0.85 | 9.60B tok | 77K tok/s/gpu | MFU 32% | ETA 2.8h
step 10470/16281 64% [main] | loss 1.979 | lr 1.00e-02 | gnorm 0.85 | 9.61B tok | 77K tok/s/gpu | MFU 32% | ETA 2.8h
step 10480/16281 64% [main] | loss 1.322 | lr 1.00e-02 | gnorm 0.90 | 9.62B tok | 77K tok/s/gpu | MFU 32% | ETA 2.7h
step 10490/16281 64% [main] | loss 1.699 | lr 1.00e-02 | gnorm 0.98 | 9.62B tok | 77K tok/s/gpu | MFU 32% | ETA 2.8h
step 10500/16281 val 2.200
step 10500/16281 64% [main] | loss 1.500 | lr 1.00e-02 | gnorm 0.86 | 9.63B tok | 50K tok/s/gpu | MFU 21% | ETA 4.2h
step 10510/16281 65% [main] | loss 2.273 | lr 1.00e-02 | gnorm 0.74 | 9.64B tok | 74K tok/s/gpu | MFU 31% | ETA 2.8h
step 10520/16281 65% [main] | loss 1.673 | lr 1.00e-02 | gnorm 0.93 | 9.65B tok | 75K tok/s/gpu | MFU 31% | ETA 2.8h
step 10530/16281 65% [main] | loss 2.080 | lr 1.00e-02 | gnorm 1.01 | 9.66B tok | 77K tok/s/gpu | MFU 32% | ETA 2.7h
step 10540/16281 65% [main] | loss 1.419 | lr 1.00e-02 | gnorm 0.87 | 9.67B tok | 77K tok/s/gpu | MFU 32% | ETA 2.7h
step 10550/16281 65% [main] | loss 1.386 | lr 1.00e-02 | gnorm 0.80 | 9.68B tok | 74K tok/s/gpu | MFU 31% | ETA 2.8h
step 10560/16281 65% [main] | loss 1.718 | lr 1.00e-02 | gnorm 0.88 | 9.69B tok | 76K tok/s/gpu | MFU 32% | ETA 2.7h
step 10570/16281 65% [main] | loss 2.021 | lr 1.00e-02 | gnorm 0.99 | 9.70B tok | 77K tok/s/gpu | MFU 32% | ETA 2.7h
step 10580/16281 65% [main] | loss 2.227 | lr 1.00e-02 | gnorm 0.85 | 9.71B tok | 77K tok/s/gpu | MFU 32% | ETA 2.7h
step 10590/16281 65% [main] | loss 1.330 | lr 1.00e-02 | gnorm 0.87 | 9.72B tok | 77K tok/s/gpu | MFU 32% | ETA 2.7h
step 10600/16281 65% [main] | loss 1.493 | lr 1.00e-02 | gnorm 0.77 | 9.73B tok | 72K tok/s/gpu | MFU 30% | ETA 2.9h
step 10610/16281 65% [main] | loss 1.790 | lr 1.00e-02 | gnorm 0.93 | 9.73B tok | 76K tok/s/gpu | MFU 32% | ETA 2.7h
step 10620/16281 65% [main] | loss 1.324 | lr 1.00e-02 | gnorm 0.66 | 9.74B tok | 77K tok/s/gpu | MFU 32% | ETA 2.7h
step 10630/16281 65% [main] | loss 1.848 | lr 1.00e-02 | gnorm 1.62 | 9.75B tok | 77K tok/s/gpu | MFU 32% | ETA 2.7h
step 10640/16281 65% [main] | loss 2.012 | lr 1.00e-02 | gnorm 0.88 | 9.76B tok | 77K tok/s/gpu | MFU 32% | ETA 2.7h
step 10650/16281 65% [main] | loss 2.146 | lr 1.00e-02 | gnorm 0.88 | 9.77B tok | 77K tok/s/gpu | MFU 32% | ETA 2.7h
step 10660/16281 65% [main] | loss 1.746 | lr 1.00e-02 | gnorm 0.71 | 9.78B tok | 77K tok/s/gpu | MFU 32% | ETA 2.7h
step 10670/16281 66% [main] | loss 1.639 | lr 1.00e-02 | gnorm 1.00 | 9.79B tok | 77K tok/s/gpu | MFU 32% | ETA 2.7h
step 10680/16281 66% [main] | loss 1.934 | lr 1.00e-02 | gnorm 0.89 | 9.80B tok | 77K tok/s/gpu | MFU 32% | ETA 2.7h
step 10690/16281 66% [main] | loss 1.775 | lr 1.00e-02 | gnorm 0.69 | 9.81B tok | 74K tok/s/gpu | MFU 31% | ETA 2.7h
step 10700/16281 66% [main] | loss 1.975 | lr 1.00e-02 | gnorm 0.79 | 9.82B tok | 76K tok/s/gpu | MFU 32% | ETA 2.7h
step 10710/16281 66% [main] | loss 2.094 | lr 1.00e-02 | gnorm 0.89 | 9.83B tok | 77K tok/s/gpu | MFU 32% | ETA 2.6h
step 10720/16281 66% [main] | loss 1.828 | lr 1.00e-02 | gnorm 0.91 | 9.84B tok | 77K tok/s/gpu | MFU 32% | ETA 2.6h
step 10730/16281 66% [main] | loss 1.756 | lr 1.00e-02 | gnorm 0.79 | 9.84B tok | 77K tok/s/gpu | MFU 32% | ETA 2.6h
step 10740/16281 66% [main] | loss 1.791 | lr 1.00e-02 | gnorm 0.86 | 9.85B tok | 77K tok/s/gpu | MFU 32% | ETA 2.6h
step 10750/16281 66% [main] | loss 1.365 | lr 1.00e-02 | gnorm 0.99 | 9.86B tok | 77K tok/s/gpu | MFU 32% | ETA 2.6h
step 10760/16281 66% [main] | loss 1.387 | lr 1.00e-02 | gnorm 0.84 | 9.87B tok | 77K tok/s/gpu | MFU 32% | ETA 2.6h
step 10770/16281 66% [main] | loss 1.894 | lr 1.00e-02 | gnorm 0.94 | 9.88B tok | 77K tok/s/gpu | MFU 32% | ETA 2.6h
step 10780/16281 66% [main] | loss 1.199 | lr 1.00e-02 | gnorm 0.97 | 9.89B tok | 74K tok/s/gpu | MFU 31% | ETA 2.7h
step 10790/16281 66% [main] | loss 1.623 | lr 1.00e-02 | gnorm 1.02 | 9.90B tok | 77K tok/s/gpu | MFU 32% | ETA 2.6h
step 10800/16281 66% [main] | loss 1.424 | lr 1.00e-02 | gnorm 1.05 | 9.91B tok | 74K tok/s/gpu | MFU 31% | ETA 2.7h
step 10810/16281 66% [main] | loss 1.826 | lr 1.00e-02 | gnorm 0.96 | 9.92B tok | 77K tok/s/gpu | MFU 32% | ETA 2.6h
step 10820/16281 66% [main] | loss 1.618 | lr 1.00e-02 | gnorm 0.96 | 9.93B tok | 77K tok/s/gpu | MFU 32% | ETA 2.6h
step 10830/16281 67% [main] | loss 1.931 | lr 1.00e-02 | gnorm 0.89 | 9.94B tok | 77K tok/s/gpu | MFU 32% | ETA 2.6h
step 10840/16281 67% [main] | loss 2.198 | lr 1.00e-02 | gnorm 0.96 | 9.95B tok | 77K tok/s/gpu | MFU 32% | ETA 2.6h
step 10850/16281 67% [main] | loss 1.337 | lr 1.00e-02 | gnorm 0.92 | 9.95B tok | 77K tok/s/gpu | MFU 32% | ETA 2.6h
step 10860/16281 67% [main] | loss 1.749 | lr 1.00e-02 | gnorm 0.79 | 9.96B tok | 77K tok/s/gpu | MFU 32% | ETA 2.6h
step 10870/16281 67% [main] | loss 1.685 | lr 1.00e-02 | gnorm 0.94 | 9.97B tok | 77K tok/s/gpu | MFU 32% | ETA 2.6h
step 10880/16281 67% [main] | loss 1.434 | lr 1.00e-02 | gnorm 1.09 | 9.98B tok | 77K tok/s/gpu | MFU 32% | ETA 2.6h
step 10890/16281 67% [main] | loss 1.797 | lr 1.00e-02 | gnorm 0.81 | 9.99B tok | 77K tok/s/gpu | MFU 32% | ETA 2.6h
step 10900/16281 67% [main] | loss 1.860 | lr 1.00e-02 | gnorm 0.87 | 10.00B tok | 77K tok/s/gpu | MFU 32% | ETA 2.6h
step 10910/16281 67% [main] | loss 1.468 | lr 1.00e-02 | gnorm 0.86 | 10.01B tok | 77K tok/s/gpu | MFU 32% | ETA 2.6h
step 10920/16281 67% [main] | loss 1.427 | lr 1.00e-02 | gnorm 0.86 | 10.02B tok | 77K tok/s/gpu | MFU 32% | ETA 2.5h
step 10930/16281 67% [main] | loss 1.518 | lr 1.00e-02 | gnorm 0.87 | 10.03B tok | 77K tok/s/gpu | MFU 32% | ETA 2.5h
step 10940/16281 67% [main] | loss 2.348 | lr 1.00e-02 | gnorm 0.91 | 10.04B tok | 77K tok/s/gpu | MFU 32% | ETA 2.5h
step 10950/16281 67% [main] | loss 1.999 | lr 1.00e-02 | gnorm 1.16 | 10.05B tok | 77K tok/s/gpu | MFU 32% | ETA 2.5h
step 10960/16281 67% [main] | loss 1.883 | lr 1.00e-02 | gnorm 0.84 | 10.06B tok | 77K tok/s/gpu | MFU 32% | ETA 2.5h
step 10970/16281 67% [main] | loss 1.987 | lr 1.00e-02 | gnorm 0.83 | 10.07B tok | 77K tok/s/gpu | MFU 32% | ETA 2.5h
step 10980/16281 67% [main] | loss 1.737 | lr 1.00e-02 | gnorm 0.87 | 10.07B tok | 77K tok/s/gpu | MFU 32% | ETA 2.5h
step 10990/16281 68% [main] | loss 1.657 | lr 1.00e-02 | gnorm 0.75 | 10.08B tok | 77K tok/s/gpu | MFU 32% | ETA 2.5h
step 11000/16281 val 2.180
step 11000/16281 68% [main] | loss 1.626 | lr 1.00e-02 | gnorm 0.95 | 10.09B tok | 52K tok/s/gpu | MFU 22% | ETA 3.7h
step 11010/16281 68% [main] | loss 1.510 | lr 1.00e-02 | gnorm 0.98 | 10.10B tok | 75K tok/s/gpu | MFU 31% | ETA 2.6h
step 11020/16281 68% [main] | loss 1.746 | lr 1.00e-02 | gnorm 0.86 | 10.11B tok | 77K tok/s/gpu | MFU 32% | ETA 2.5h
step 11030/16281 68% [main] | loss 2.081 | lr 1.00e-02 | gnorm 1.28 | 10.12B tok | 77K tok/s/gpu | MFU 32% | ETA 2.5h
step 11040/16281 68% [main] | loss 1.961 | lr 1.00e-02 | gnorm 0.89 | 10.13B tok | 74K tok/s/gpu | MFU 31% | ETA 2.6h
step 11050/16281 68% [main] | loss 1.953 | lr 1.00e-02 | gnorm 0.91 | 10.14B tok | 77K tok/s/gpu | MFU 32% | ETA 2.5h
step 11060/16281 68% [main] | loss 1.163 | lr 1.00e-02 | gnorm 0.81 | 10.15B tok | 77K tok/s/gpu | MFU 32% | ETA 2.5h
step 11070/16281 68% [main] | loss 1.989 | lr 1.00e-02 | gnorm 0.80 | 10.16B tok | 77K tok/s/gpu | MFU 32% | ETA 2.5h
step 11080/16281 68% [main] | loss 1.973 | lr 1.00e-02 | gnorm 0.95 | 10.17B tok | 74K tok/s/gpu | MFU 31% | ETA 2.6h
step 11090/16281 68% [main] | loss 1.654 | lr 1.00e-02 | gnorm 0.80 | 10.18B tok | 77K tok/s/gpu | MFU 32% | ETA 2.5h
step 11100/16281 68% [main] | loss 1.401 | lr 1.00e-02 | gnorm 0.79 | 10.18B tok | 77K tok/s/gpu | MFU 32% | ETA 2.5h
step 11110/16281 68% [main] | loss 1.701 | lr 1.00e-02 | gnorm 0.98 | 10.19B tok | 77K tok/s/gpu | MFU 32% | ETA 2.5h
step 11120/16281 68% [main] | loss 1.660 | lr 1.00e-02 | gnorm 1.04 | 10.20B tok | 77K tok/s/gpu | MFU 32% | ETA 2.5h
step 11130/16281 68% [main] | loss 1.761 | lr 1.00e-02 | gnorm 0.91 | 10.21B tok | 77K tok/s/gpu | MFU 32% | ETA 2.4h
step 11140/16281 68% [main] | loss 2.168 | lr 1.00e-02 | gnorm 0.92 | 10.22B tok | 77K tok/s/gpu | MFU 32% | ETA 2.4h
step 11150/16281 68% [main] | loss 1.317 | lr 1.00e-02 | gnorm 0.69 | 10.23B tok | 77K tok/s/gpu | MFU 32% | ETA 2.4h
step 11160/16281 69% [main] | loss 2.078 | lr 1.00e-02 | gnorm 0.96 | 10.24B tok | 77K tok/s/gpu | MFU 32% | ETA 2.4h
step 11170/16281 69% [main] | loss 1.834 | lr 1.00e-02 | gnorm 0.87 | 10.25B tok | 77K tok/s/gpu | MFU 32% | ETA 2.4h
step 11180/16281 69% [main] | loss 1.937 | lr 1.00e-02 | gnorm 0.83 | 10.26B tok | 77K tok/s/gpu | MFU 32% | ETA 2.4h
step 11190/16281 69% [main] | loss 2.166 | lr 1.00e-02 | gnorm 0.86 | 10.27B tok | 77K tok/s/gpu | MFU 32% | ETA 2.4h
step 11200/16281 69% [main] | loss 1.848 | lr 1.00e-02 | gnorm 1.01 | 10.28B tok | 73K tok/s/gpu | MFU 30% | ETA 2.5h
step 11210/16281 69% [main] | loss 1.825 | lr 1.00e-02 | gnorm 0.99 | 10.29B tok | 77K tok/s/gpu | MFU 32% | ETA 2.4h
step 11220/16281 69% [main] | loss 1.446 | lr 1.00e-02 | gnorm 0.75 | 10.29B tok | 77K tok/s/gpu | MFU 32% | ETA 2.4h
step 11230/16281 69% [main] | loss 1.521 | lr 1.00e-02 | gnorm 0.92 | 10.30B tok | 77K tok/s/gpu | MFU 32% | ETA 2.4h
step 11240/16281 69% [main] | loss 1.983 | lr 1.00e-02 | gnorm 1.00 | 10.31B tok | 77K tok/s/gpu | MFU 32% | ETA 2.4h
step 11250/16281 69% [main] | loss 1.759 | lr 1.00e-02 | gnorm 0.88 | 10.32B tok | 77K tok/s/gpu | MFU 32% | ETA 2.4h
step 11260/16281 69% [main] | loss 1.584 | lr 1.00e-02 | gnorm 0.72 | 10.33B tok | 77K tok/s/gpu | MFU 32% | ETA 2.4h
step 11270/16281 69% [main] | loss 2.203 | lr 1.00e-02 | gnorm 0.89 | 10.34B tok | 77K tok/s/gpu | MFU 32% | ETA 2.4h
step 11280/16281 69% [main] | loss 1.868 | lr 1.00e-02 | gnorm 0.83 | 10.35B tok | 77K tok/s/gpu | MFU 32% | ETA 2.4h
step 11290/16281 69% [main] | loss 2.161 | lr 1.00e-02 | gnorm 0.93 | 10.36B tok | 77K tok/s/gpu | MFU 32% | ETA 2.4h
step 11300/16281 69% [main] | loss 1.768 | lr 1.00e-02 | gnorm 1.31 | 10.37B tok | 74K tok/s/gpu | MFU 31% | ETA 2.4h
step 11310/16281 69% [main] | loss 1.586 | lr 1.00e-02 | gnorm 0.94 | 10.38B tok | 77K tok/s/gpu | MFU 32% | ETA 2.4h
step 11320/16281 70% [main] | loss 2.196 | lr 1.00e-02 | gnorm 0.87 | 10.39B tok | 77K tok/s/gpu | MFU 32% | ETA 2.4h
step 11330/16281 70% [main] | loss 1.947 | lr 1.00e-02 | gnorm 0.86 | 10.40B tok | 77K tok/s/gpu | MFU 32% | ETA 2.4h
step 11340/16281 70% [main] | loss 1.967 | lr 1.00e-02 | gnorm 0.93 | 10.40B tok | 77K tok/s/gpu | MFU 32% | ETA 2.3h
step 11350/16281 70% [main] | loss 2.169 | lr 1.00e-02 | gnorm 0.99 | 10.41B tok | 77K tok/s/gpu | MFU 32% | ETA 2.3h
step 11360/16281 70% [main] | loss 2.148 | lr 1.00e-02 | gnorm 0.77 | 10.42B tok | 77K tok/s/gpu | MFU 32% | ETA 2.3h
step 11370/16281 70% [main] | loss 1.905 | lr 1.00e-02 | gnorm 1.03 | 10.43B tok | 77K tok/s/gpu | MFU 32% | ETA 2.3h
step 11380/16281 70% [main] | loss 2.024 | lr 1.00e-02 | gnorm 0.80 | 10.44B tok | 77K tok/s/gpu | MFU 32% | ETA 2.3h
step 11390/16281 70% [main] | loss 1.966 | lr 1.00e-02 | gnorm 0.88 | 10.45B tok | 74K tok/s/gpu | MFU 31% | ETA 2.4h
step 11400/16281 70% [main] | loss 2.003 | lr 1.00e-02 | gnorm 0.78 | 10.46B tok | 74K tok/s/gpu | MFU 31% | ETA 2.4h
step 11410/16281 70% [main] | loss 1.919 | lr 1.00e-02 | gnorm 1.09 | 10.47B tok | 77K tok/s/gpu | MFU 32% | ETA 2.3h
step 11420/16281 70% [main] | loss 2.096 | lr 1.00e-02 | gnorm 0.84 | 10.48B tok | 77K tok/s/gpu | MFU 32% | ETA 2.3h
step 11430/16281 70% [main] | loss 2.034 | lr 1.00e-02 | gnorm 0.80 | 10.49B tok | 77K tok/s/gpu | MFU 32% | ETA 2.3h
step 11440/16281 70% [main] | loss 1.992 | lr 1.00e-02 | gnorm 0.94 | 10.50B tok | 77K tok/s/gpu | MFU 32% | ETA 2.3h
step 11450/16281 70% [main] | loss 1.935 | lr 1.00e-02 | gnorm 0.89 | 10.51B tok | 77K tok/s/gpu | MFU 32% | ETA 2.3h
step 11460/16281 70% [main] | loss 1.925 | lr 1.00e-02 | gnorm 0.98 | 10.51B tok | 77K tok/s/gpu | MFU 32% | ETA 2.3h
step 11470/16281 70% [main] | loss 2.484 | lr 1.00e-02 | gnorm 0.89 | 10.52B tok | 77K tok/s/gpu | MFU 32% | ETA 2.3h
step 11480/16281 71% [main] | loss 2.047 | lr 1.00e-02 | gnorm 0.92 | 10.53B tok | 77K tok/s/gpu | MFU 32% | ETA 2.3h
step 11490/16281 71% [main] | loss 1.665 | lr 1.00e-02 | gnorm 0.89 | 10.54B tok | 77K tok/s/gpu | MFU 32% | ETA 2.3h
step 11500/16281 val 2.183
step 11500/16281 71% [main] | loss 1.729 | lr 1.00e-02 | gnorm 0.95 | 10.55B tok | 50K tok/s/gpu | MFU 21% | ETA 3.5h
step 11510/16281 71% [main] | loss 1.732 | lr 1.00e-02 | gnorm 0.83 | 10.56B tok | 75K tok/s/gpu | MFU 31% | ETA 2.3h
step 11520/16281 71% [main] | loss 1.417 | lr 1.00e-02 | gnorm 0.96 | 10.57B tok | 77K tok/s/gpu | MFU 32% | ETA 2.3h
step 11530/16281 71% [main] | loss 1.786 | lr 1.00e-02 | gnorm 0.95 | 10.58B tok | 77K tok/s/gpu | MFU 32% | ETA 2.3h
step 11540/16281 71% [main] | loss 1.632 | lr 1.00e-02 | gnorm 2.23 | 10.59B tok | 75K tok/s/gpu | MFU 31% | ETA 2.3h
step 11550/16281 71% [main] | loss 2.093 | lr 1.00e-02 | gnorm 1.02 | 10.60B tok | 77K tok/s/gpu | MFU 32% | ETA 2.2h
step 11560/16281 71% [main] | loss 1.961 | lr 1.00e-02 | gnorm 1.45 | 10.61B tok | 77K tok/s/gpu | MFU 32% | ETA 2.2h
step 11570/16281 71% [main] | loss 1.923 | lr 1.00e-02 | gnorm 0.95 | 10.62B tok | 77K tok/s/gpu | MFU 32% | ETA 2.2h
step 11580/16281 71% [main] | loss 1.762 | lr 1.00e-02 | gnorm 3.56 | 10.62B tok | 77K tok/s/gpu | MFU 32% | ETA 2.2h
step 11590/16281 71% [main] | loss 2.071 | lr 1.00e-02 | gnorm 0.92 | 10.63B tok | 77K tok/s/gpu | MFU 32% | ETA 2.2h
step 11600/16281 71% [main] | loss 1.747 | lr 1.00e-02 | gnorm 0.89 | 10.64B tok | 74K tok/s/gpu | MFU 31% | ETA 2.3h
step 11610/16281 71% [main] | loss 1.547 | lr 1.00e-02 | gnorm 1.14 | 10.65B tok | 77K tok/s/gpu | MFU 32% | ETA 2.2h
step 11620/16281 71% [main] | loss 1.500 | lr 1.00e-02 | gnorm 1.05 | 10.66B tok | 77K tok/s/gpu | MFU 32% | ETA 2.2h
step 11630/16281 71% [main] | loss 1.754 | lr 1.00e-02 | gnorm 1.22 | 10.67B tok | 77K tok/s/gpu | MFU 32% | ETA 2.2h
step 11640/16281 71% [main] | loss 1.254 | lr 1.00e-02 | gnorm 1.13 | 10.68B tok | 77K tok/s/gpu | MFU 32% | ETA 2.2h
step 11650/16281 72% [main] | loss 1.886 | lr 1.00e-02 | gnorm 0.89 | 10.69B tok | 77K tok/s/gpu | MFU 32% | ETA 2.2h
step 11660/16281 72% [main] | loss 1.738 | lr 1.00e-02 | gnorm 1.17 | 10.70B tok | 77K tok/s/gpu | MFU 32% | ETA 2.2h
step 11670/16281 72% [main] | loss 1.842 | lr 1.00e-02 | gnorm 0.91 | 10.71B tok | 77K tok/s/gpu | MFU 32% | ETA 2.2h
step 11680/16281 72% [main] | loss 1.798 | lr 1.00e-02 | gnorm 0.82 | 10.72B tok | 77K tok/s/gpu | MFU 32% | ETA 2.2h
step 11690/16281 72% [main] | loss 1.725 | lr 1.00e-02 | gnorm 1.05 | 10.73B tok | 77K tok/s/gpu | MFU 32% | ETA 2.2h
step 11700/16281 72% [main] | loss 1.873 | lr 1.00e-02 | gnorm 1.26 | 10.73B tok | 77K tok/s/gpu | MFU 32% | ETA 2.2h
step 11710/16281 72% [main] | loss 1.404 | lr 1.00e-02 | gnorm 1.27 | 10.74B tok | 77K tok/s/gpu | MFU 32% | ETA 2.2h
step 11720/16281 72% [main] | loss 1.506 | lr 1.00e-02 | gnorm 1.05 | 10.75B tok | 77K tok/s/gpu | MFU 32% | ETA 2.2h
step 11730/16281 72% [main] | loss 1.857 | lr 1.00e-02 | gnorm 0.79 | 10.76B tok | 77K tok/s/gpu | MFU 32% | ETA 2.2h
step 11740/16281 72% [main] | loss 1.690 | lr 1.00e-02 | gnorm 1.00 | 10.77B tok | 77K tok/s/gpu | MFU 32% | ETA 2.2h
step 11750/16281 72% [main] | loss 1.598 | lr 1.00e-02 | gnorm 1.11 | 10.78B tok | 77K tok/s/gpu | MFU 32% | ETA 2.2h
step 11760/16281 72% [main] | loss 2.215 | lr 1.00e-02 | gnorm 0.94 | 10.79B tok | 77K tok/s/gpu | MFU 32% | ETA 2.1h
step 11770/16281 72% [main] | loss 2.021 | lr 1.00e-02 | gnorm 0.83 | 10.80B tok | 77K tok/s/gpu | MFU 32% | ETA 2.1h
step 11780/16281 72% [main] | loss 1.474 | lr 1.00e-02 | gnorm 0.96 | 10.81B tok | 77K tok/s/gpu | MFU 32% | ETA 2.1h
step 11790/16281 72% [main] | loss 2.421 | lr 1.00e-02 | gnorm 1.16 | 10.82B tok | 77K tok/s/gpu | MFU 32% | ETA 2.1h
step 11800/16281 72% [main] | loss 2.128 | lr 1.00e-02 | gnorm 1.23 | 10.83B tok | 74K tok/s/gpu | MFU 31% | ETA 2.2h
step 11810/16281 73% [main] | loss 1.723 | lr 1.00e-02 | gnorm 1.16 | 10.84B tok | 77K tok/s/gpu | MFU 32% | ETA 2.1h
step 11820/16281 73% [main] | loss 1.518 | lr 1.00e-02 | gnorm 1.23 | 10.84B tok | 77K tok/s/gpu | MFU 32% | ETA 2.1h
step 11830/16281 73% [main] | loss 1.991 | lr 1.00e-02 | gnorm 0.93 | 10.85B tok | 77K tok/s/gpu | MFU 32% | ETA 2.1h
step 11840/16281 73% [main] | loss 1.657 | lr 1.00e-02 | gnorm 2.94 | 10.86B tok | 77K tok/s/gpu | MFU 32% | ETA 2.1h
step 11850/16281 73% [main] | loss 1.361 | lr 1.00e-02 | gnorm 1.06 | 10.87B tok | 77K tok/s/gpu | MFU 32% | ETA 2.1h
step 11860/16281 73% [main] | loss 1.512 | lr 1.00e-02 | gnorm 1.21 | 10.88B tok | 77K tok/s/gpu | MFU 32% | ETA 2.1h
step 11870/16281 73% [main] | loss 2.039 | lr 1.00e-02 | gnorm 0.98 | 10.89B tok | 77K tok/s/gpu | MFU 32% | ETA 2.1h
step 11880/16281 73% [main] | loss 1.444 | lr 1.00e-02 | gnorm 1.02 | 10.90B tok | 77K tok/s/gpu | MFU 32% | ETA 2.1h
step 11890/16281 73% [main] | loss 1.860 | lr 1.00e-02 | gnorm 1.19 | 10.91B tok | 77K tok/s/gpu | MFU 32% | ETA 2.1h
step 11900/16281 73% [main] | loss 2.303 | lr 1.00e-02 | gnorm 0.98 | 10.92B tok | 74K tok/s/gpu | MFU 31% | ETA 2.1h
step 11910/16281 73% [main] | loss 1.949 | lr 1.00e-02 | gnorm 1.04 | 10.93B tok | 77K tok/s/gpu | MFU 32% | ETA 2.1h
step 11920/16281 73% [main] | loss 1.866 | lr 1.00e-02 | gnorm 1.35 | 10.94B tok | 77K tok/s/gpu | MFU 32% | ETA 2.1h
step 11930/16281 73% [main] | loss 1.683 | lr 1.00e-02 | gnorm 1.02 | 10.95B tok | 77K tok/s/gpu | MFU 32% | ETA 2.1h
step 11940/16281 73% [main] | loss 1.745 | lr 1.00e-02 | gnorm 0.94 | 10.95B tok | 77K tok/s/gpu | MFU 32% | ETA 2.1h
step 11950/16281 73% [main] | loss 1.998 | lr 1.00e-02 | gnorm 1.11 | 10.96B tok | 77K tok/s/gpu | MFU 32% | ETA 2.1h
step 11960/16281 73% [main] | loss 1.473 | lr 1.00e-02 | gnorm 1.09 | 10.97B tok | 77K tok/s/gpu | MFU 32% | ETA 2.0h
step 11970/16281 74% [main] | loss 1.992 | lr 1.00e-02 | gnorm 0.98 | 10.98B tok | 77K tok/s/gpu | MFU 32% | ETA 2.0h
step 11980/16281 74% [main] | loss 2.176 | lr 1.00e-02 | gnorm 0.80 | 10.99B tok | 77K tok/s/gpu | MFU 32% | ETA 2.0h
step 11990/16281 74% [main] | loss 1.374 | lr 1.00e-02 | gnorm 1.07 | 11.00B tok | 77K tok/s/gpu | MFU 32% | ETA 2.0h
step 12000/16281 val 2.189
step 12000/16281 74% [main] | loss 2.042 | lr 1.00e-02 | gnorm 1.09 | 11.01B tok | 49K tok/s/gpu | MFU 20% | ETA 3.2h
step 12010/16281 74% [main] | loss 2.074 | lr 1.00e-02 | gnorm 1.34 | 11.02B tok | 77K tok/s/gpu | MFU 32% | ETA 2.0h
step 12020/16281 74% [main] | loss 1.788 | lr 1.00e-02 | gnorm 1.13 | 11.03B tok | 77K tok/s/gpu | MFU 32% | ETA 2.0h
step 12030/16281 74% [main] | loss 2.264 | lr 1.00e-02 | gnorm 0.93 | 11.04B tok | 74K tok/s/gpu | MFU 31% | ETA 2.1h
step 12040/16281 74% [main] | loss 1.866 | lr 1.00e-02 | gnorm 1.38 | 11.05B tok | 77K tok/s/gpu | MFU 32% | ETA 2.0h
step 12050/16281 74% [main] | loss 1.692 | lr 1.00e-02 | gnorm 1.00 | 11.06B tok | 77K tok/s/gpu | MFU 32% | ETA 2.0h
step 12060/16281 74% [main] | loss 1.833 | lr 1.00e-02 | gnorm 0.94 | 11.07B tok | 77K tok/s/gpu | MFU 32% | ETA 2.0h
step 12070/16281 74% [main] | loss 1.488 | lr 1.00e-02 | gnorm 1.02 | 11.07B tok | 77K tok/s/gpu | MFU 32% | ETA 2.0h
step 12080/16281 74% [main] | loss 1.638 | lr 1.00e-02 | gnorm 1.23 | 11.08B tok | 77K tok/s/gpu | MFU 32% | ETA 2.0h
step 12090/16281 74% [main] | loss 1.785 | lr 1.00e-02 | gnorm 1.27 | 11.09B tok | 74K tok/s/gpu | MFU 31% | ETA 2.0h
step 12100/16281 74% [main] | loss 1.703 | lr 1.00e-02 | gnorm 1.02 | 11.10B tok | 77K tok/s/gpu | MFU 32% | ETA 2.0h
step 12110/16281 74% [main] | loss 1.929 | lr 1.00e-02 | gnorm 2.78 | 11.11B tok | 77K tok/s/gpu | MFU 32% | ETA 2.0h
step 12120/16281 74% [main] | loss 1.860 | lr 1.00e-02 | gnorm 0.99 | 11.12B tok | 77K tok/s/gpu | MFU 32% | ETA 2.0h
step 12130/16281 75% [main] | loss 1.615 | lr 1.00e-02 | gnorm 1.37 | 11.13B tok | 77K tok/s/gpu | MFU 32% | ETA 2.0h
step 12140/16281 75% [main] | loss 1.630 | lr 1.00e-02 | gnorm 0.97 | 11.14B tok | 77K tok/s/gpu | MFU 32% | ETA 2.0h
step 12150/16281 75% [main] | loss 1.820 | lr 1.00e-02 | gnorm 0.85 | 11.15B tok | 77K tok/s/gpu | MFU 32% | ETA 2.0h
step 12160/16281 75% [main] | loss 2.138 | lr 1.00e-02 | gnorm 1.06 | 11.16B tok | 77K tok/s/gpu | MFU 32% | ETA 2.0h
step 12170/16281 75% [main] | loss 2.410 | lr 1.00e-02 | gnorm 1.16 | 11.17B tok | 77K tok/s/gpu | MFU 32% | ETA 2.0h
step 12180/16281 75% [main] | loss 1.706 | lr 1.00e-02 | gnorm 1.27 | 11.18B tok | 77K tok/s/gpu | MFU 32% | ETA 1.9h
step 12190/16281 75% [main] | loss 1.900 | lr 1.00e-02 | gnorm 1.03 | 11.18B tok | 77K tok/s/gpu | MFU 32% | ETA 1.9h
step 12200/16281 75% [main] | loss 1.815 | lr 1.00e-02 | gnorm 0.73 | 11.19B tok | 73K tok/s/gpu | MFU 30% | ETA 2.0h
step 12210/16281 75% [main] | loss 1.947 | lr 1.00e-02 | gnorm 1.27 | 11.20B tok | 77K tok/s/gpu | MFU 32% | ETA 1.9h
step 12220/16281 75% [main] | loss 1.790 | lr 1.00e-02 | gnorm 1.05 | 11.21B tok | 77K tok/s/gpu | MFU 32% | ETA 1.9h
step 12230/16281 75% [main] | loss 1.548 | lr 1.00e-02 | gnorm 3.59 | 11.22B tok | 77K tok/s/gpu | MFU 32% | ETA 1.9h
step 12240/16281 75% [main] | loss 2.111 | lr 1.00e-02 | gnorm 1.14 | 11.23B tok | 77K tok/s/gpu | MFU 32% | ETA 1.9h
step 12250/16281 75% [main] | loss 1.891 | lr 1.00e-02 | gnorm 0.96 | 11.24B tok | 77K tok/s/gpu | MFU 32% | ETA 1.9h
step 12260/16281 75% [main] | loss 2.148 | lr 1.00e-02 | gnorm 1.09 | 11.25B tok | 77K tok/s/gpu | MFU 32% | ETA 1.9h
step 12270/16281 75% [main] | loss 1.485 | lr 1.00e-02 | gnorm 1.05 | 11.26B tok | 77K tok/s/gpu | MFU 32% | ETA 1.9h
step 12280/16281 75% [main] | loss 1.496 | lr 1.00e-02 | gnorm 0.97 | 11.27B tok | 77K tok/s/gpu | MFU 32% | ETA 1.9h
step 12290/16281 75% [main] | loss 1.710 | lr 1.00e-02 | gnorm 1.27 | 11.28B tok | 77K tok/s/gpu | MFU 32% | ETA 1.9h
step 12300/16281 76% [main] | loss 1.835 | lr 1.00e-02 | gnorm 0.98 | 11.29B tok | 77K tok/s/gpu | MFU 32% | ETA 1.9h
step 12310/16281 76% [main] | loss 1.239 | lr 1.00e-02 | gnorm 0.98 | 11.29B tok | 77K tok/s/gpu | MFU 32% | ETA 1.9h
step 12320/16281 76% [main] | loss 1.801 | lr 1.00e-02 | gnorm 0.95 | 11.30B tok | 77K tok/s/gpu | MFU 32% | ETA 1.9h
step 12330/16281 76% [main] | loss 1.803 | lr 1.00e-02 | gnorm 0.98 | 11.31B tok | 77K tok/s/gpu | MFU 32% | ETA 1.9h
step 12340/16281 76% [main] | loss 1.750 | lr 1.00e-02 | gnorm 0.95 | 11.32B tok | 77K tok/s/gpu | MFU 32% | ETA 1.9h
step 12350/16281 76% [main] | loss 1.866 | lr 1.00e-02 | gnorm 1.14 | 11.33B tok | 77K tok/s/gpu | MFU 32% | ETA 1.9h
step 12360/16281 76% [main] | loss 1.515 | lr 1.00e-02 | gnorm 1.73 | 11.34B tok | 77K tok/s/gpu | MFU 32% | ETA 1.9h
step 12370/16281 76% [main] | loss 1.684 | lr 1.00e-02 | gnorm 1.00 | 11.35B tok | 77K tok/s/gpu | MFU 32% | ETA 1.9h
step 12380/16281 76% [main] | loss 1.839 | lr 1.00e-02 | gnorm 1.13 | 11.36B tok | 77K tok/s/gpu | MFU 32% | ETA 1.9h
step 12390/16281 76% [main] | loss 1.309 | lr 1.00e-02 | gnorm 1.22 | 11.37B tok | 77K tok/s/gpu | MFU 32% | ETA 1.8h
step 12400/16281 76% [main] | loss 1.672 | lr 1.00e-02 | gnorm 1.12 | 11.38B tok | 75K tok/s/gpu | MFU 31% | ETA 1.9h
step 12410/16281 76% [main] | loss 1.042 | lr 1.00e-02 | gnorm 1.36 | 11.39B tok | 75K tok/s/gpu | MFU 31% | ETA 1.9h
step 12420/16281 76% [main] | loss 1.698 | lr 1.00e-02 | gnorm 0.99 | 11.40B tok | 77K tok/s/gpu | MFU 32% | ETA 1.8h
step 12430/16281 76% [main] | loss 1.529 | lr 1.00e-02 | gnorm 0.83 | 11.40B tok | 77K tok/s/gpu | MFU 32% | ETA 1.8h
step 12440/16281 76% [main] | loss 1.622 | lr 1.00e-02 | gnorm 1.06 | 11.41B tok | 77K tok/s/gpu | MFU 32% | ETA 1.8h
step 12450/16281 76% [main] | loss 1.854 | lr 1.00e-02 | gnorm 1.09 | 11.42B tok | 77K tok/s/gpu | MFU 32% | ETA 1.8h
step 12460/16281 77% [main] | loss 1.661 | lr 1.00e-02 | gnorm 1.09 | 11.43B tok | 77K tok/s/gpu | MFU 32% | ETA 1.8h
step 12470/16281 77% [main] | loss 1.909 | lr 1.00e-02 | gnorm 1.04 | 11.44B tok | 77K tok/s/gpu | MFU 32% | ETA 1.8h
step 12480/16281 77% [main] | loss 1.931 | lr 1.00e-02 | gnorm 1.00 | 11.45B tok | 77K tok/s/gpu | MFU 32% | ETA 1.8h
step 12490/16281 77% [main] | loss 2.009 | lr 1.00e-02 | gnorm 1.02 | 11.46B tok | 77K tok/s/gpu | MFU 32% | ETA 1.8h
step 12500/16281 val 2.175
step 12500/16281 77% [main] | loss 1.839 | lr 1.00e-02 | gnorm 0.85 | 11.47B tok | 52K tok/s/gpu | MFU 22% | ETA 2.7h
step 12510/16281 77% [main] | loss 2.133 | lr 1.00e-02 | gnorm 1.11 | 11.48B tok | 77K tok/s/gpu | MFU 32% | ETA 1.8h
step 12520/16281 77% [main] | loss 2.369 | lr 1.00e-02 | gnorm 1.09 | 11.49B tok | 76K tok/s/gpu | MFU 32% | ETA 1.8h
step 12530/16281 77% [main] | loss 1.812 | lr 1.00e-02 | gnorm 0.96 | 11.50B tok | 74K tok/s/gpu | MFU 31% | ETA 1.8h
step 12540/16281 77% [main] | loss 1.665 | lr 1.00e-02 | gnorm 0.96 | 11.51B tok | 77K tok/s/gpu | MFU 32% | ETA 1.8h
step 12550/16281 77% [main] | loss 1.635 | lr 1.00e-02 | gnorm 0.90 | 11.51B tok | 77K tok/s/gpu | MFU 32% | ETA 1.8h
step 12560/16281 77% [main] | loss 1.418 | lr 1.00e-02 | gnorm 1.04 | 11.52B tok | 77K tok/s/gpu | MFU 32% | ETA 1.8h
step 12570/16281 77% [main] | loss 2.075 | lr 1.00e-02 | gnorm 1.09 | 11.53B tok | 77K tok/s/gpu | MFU 32% | ETA 1.8h
step 12580/16281 77% [main] | loss 1.662 | lr 1.00e-02 | gnorm 0.98 | 11.54B tok | 77K tok/s/gpu | MFU 32% | ETA 1.8h
step 12590/16281 77% [main] | loss 1.491 | lr 1.00e-02 | gnorm 0.87 | 11.55B tok | 77K tok/s/gpu | MFU 32% | ETA 1.8h
step 12600/16281 77% [main] | loss 1.695 | lr 1.00e-02 | gnorm 0.90 | 11.56B tok | 73K tok/s/gpu | MFU 30% | ETA 1.8h
step 12610/16281 77% [main] | loss 1.556 | lr 1.00e-02 | gnorm 1.03 | 11.57B tok | 77K tok/s/gpu | MFU 32% | ETA 1.7h
step 12620/16281 78% [main] | loss 2.128 | lr 1.00e-02 | gnorm 0.98 | 11.58B tok | 77K tok/s/gpu | MFU 32% | ETA 1.7h
step 12630/16281 78% [main] | loss 1.543 | lr 1.00e-02 | gnorm 1.14 | 11.59B tok | 75K tok/s/gpu | MFU 31% | ETA 1.8h
step 12640/16281 78% [main] | loss 1.748 | lr 1.00e-02 | gnorm 1.08 | 11.60B tok | 77K tok/s/gpu | MFU 32% | ETA 1.7h
step 12650/16281 78% [main] | loss 2.277 | lr 1.00e-02 | gnorm 1.06 | 11.61B tok | 77K tok/s/gpu | MFU 32% | ETA 1.7h
step 12660/16281 78% [main] | loss 1.811 | lr 1.00e-02 | gnorm 1.19 | 11.62B tok | 77K tok/s/gpu | MFU 32% | ETA 1.7h
step 12670/16281 78% [main] | loss 2.097 | lr 1.00e-02 | gnorm 1.15 | 11.62B tok | 77K tok/s/gpu | MFU 32% | ETA 1.7h
step 12680/16281 78% [main] | loss 1.937 | lr 1.00e-02 | gnorm 0.89 | 11.63B tok | 77K tok/s/gpu | MFU 32% | ETA 1.7h
step 12690/16281 78% [main] | loss 2.088 | lr 1.00e-02 | gnorm 0.93 | 11.64B tok | 77K tok/s/gpu | MFU 32% | ETA 1.7h
step 12700/16281 78% [main] | loss 1.857 | lr 1.00e-02 | gnorm 0.92 | 11.65B tok | 75K tok/s/gpu | MFU 31% | ETA 1.7h
step 12710/16281 78% [main] | loss 1.751 | lr 1.00e-02 | gnorm 1.34 | 11.66B tok | 77K tok/s/gpu | MFU 32% | ETA 1.7h
step 12720/16281 78% [main] | loss 2.060 | lr 1.00e-02 | gnorm 0.94 | 11.67B tok | 77K tok/s/gpu | MFU 32% | ETA 1.7h
step 12730/16281 78% [main] | loss 2.126 | lr 1.00e-02 | gnorm 1.10 | 11.68B tok | 77K tok/s/gpu | MFU 32% | ETA 1.7h
step 12740/16281 78% [main] | loss 2.498 | lr 1.00e-02 | gnorm 0.98 | 11.69B tok | 77K tok/s/gpu | MFU 32% | ETA 1.7h
step 12750/16281 78% [main] | loss 1.506 | lr 1.00e-02 | gnorm 0.86 | 11.70B tok | 77K tok/s/gpu | MFU 32% | ETA 1.7h
step 12760/16281 78% [main] | loss 1.827 | lr 1.00e-02 | gnorm 0.86 | 11.71B tok | 77K tok/s/gpu | MFU 32% | ETA 1.7h
step 12770/16281 78% [main] | loss 1.751 | lr 1.00e-02 | gnorm 0.71 | 11.72B tok | 77K tok/s/gpu | MFU 32% | ETA 1.7h
step 12780/16281 78% [main] | loss 1.896 | lr 1.00e-02 | gnorm 0.98 | 11.73B tok | 77K tok/s/gpu | MFU 32% | ETA 1.7h
step 12790/16281 79% [main] | loss 2.107 | lr 1.00e-02 | gnorm 1.45 | 11.73B tok | 77K tok/s/gpu | MFU 32% | ETA 1.7h
step 12800/16281 79% [main] | loss 1.599 | lr 1.00e-02 | gnorm 0.72 | 11.74B tok | 72K tok/s/gpu | MFU 30% | ETA 1.8h
step 12810/16281 79% [main] | loss 1.982 | lr 1.00e-02 | gnorm 0.98 | 11.75B tok | 77K tok/s/gpu | MFU 32% | ETA 1.6h
step 12820/16281 79% [main] | loss 1.862 | lr 1.00e-02 | gnorm 1.05 | 11.76B tok | 76K tok/s/gpu | MFU 32% | ETA 1.6h
step 12830/16281 79% [main] | loss 1.975 | lr 1.00e-02 | gnorm 1.14 | 11.77B tok | 77K tok/s/gpu | MFU 32% | ETA 1.6h
step 12840/16281 79% [main] | loss 2.217 | lr 1.00e-02 | gnorm 0.93 | 11.78B tok | 77K tok/s/gpu | MFU 32% | ETA 1.6h
step 12850/16281 79% [main] | loss 2.025 | lr 1.00e-02 | gnorm 0.71 | 11.79B tok | 77K tok/s/gpu | MFU 32% | ETA 1.6h
step 12860/16281 79% [main] | loss 1.903 | lr 1.00e-02 | gnorm 0.97 | 11.80B tok | 77K tok/s/gpu | MFU 32% | ETA 1.6h
step 12870/16281 79% [main] | loss 1.480 | lr 1.00e-02 | gnorm 1.04 | 11.81B tok | 77K tok/s/gpu | MFU 32% | ETA 1.6h
step 12880/16281 79% [main] | loss 1.898 | lr 1.00e-02 | gnorm 1.08 | 11.82B tok | 77K tok/s/gpu | MFU 32% | ETA 1.6h
step 12890/16281 79% [main] | loss 1.651 | lr 1.00e-02 | gnorm 0.90 | 11.83B tok | 77K tok/s/gpu | MFU 32% | ETA 1.6h
step 12900/16281 79% [main] | loss 1.993 | lr 1.00e-02 | gnorm 1.02 | 11.84B tok | 75K tok/s/gpu | MFU 31% | ETA 1.6h
step 12910/16281 79% [main] | loss 1.391 | lr 1.00e-02 | gnorm 0.91 | 11.84B tok | 77K tok/s/gpu | MFU 32% | ETA 1.6h
step 12920/16281 79% [main] | loss 1.692 | lr 1.00e-02 | gnorm 1.27 | 11.85B tok | 77K tok/s/gpu | MFU 32% | ETA 1.6h
step 12930/16281 79% [main] | loss 1.707 | lr 1.00e-02 | gnorm 0.95 | 11.86B tok | 77K tok/s/gpu | MFU 32% | ETA 1.6h
step 12940/16281 79% [main] | loss 1.631 | lr 1.00e-02 | gnorm 0.87 | 11.87B tok | 77K tok/s/gpu | MFU 32% | ETA 1.6h
step 12950/16281 80% [main] | loss 1.765 | lr 1.00e-02 | gnorm 1.09 | 11.88B tok | 77K tok/s/gpu | MFU 32% | ETA 1.6h
step 12960/16281 80% [main] | loss 1.770 | lr 1.00e-02 | gnorm 1.03 | 11.89B tok | 77K tok/s/gpu | MFU 32% | ETA 1.6h
step 12970/16281 80% [main] | loss 1.503 | lr 1.00e-02 | gnorm 1.14 | 11.90B tok | 77K tok/s/gpu | MFU 32% | ETA 1.6h
step 12980/16281 80% [main] | loss 1.463 | lr 1.00e-02 | gnorm 0.99 | 11.91B tok | 77K tok/s/gpu | MFU 32% | ETA 1.6h
step 12990/16281 80% [main] | loss 2.338 | lr 1.00e-02 | gnorm 1.16 | 11.92B tok | 77K tok/s/gpu | MFU 32% | ETA 1.6h
step 13000/16281 val 2.198
step 13000/16281 80% [main] | loss 1.726 | lr 1.00e-02 | gnorm 1.06 | 11.93B tok | 51K tok/s/gpu | MFU 21% | ETA 2.4h
step 13010/16281 80% [main] | loss 1.809 | lr 1.00e-02 | gnorm 1.01 | 11.94B tok | 77K tok/s/gpu | MFU 32% | ETA 1.5h
step 13020/16281 80% [main] | loss 1.904 | lr 1.00e-02 | gnorm 0.86 | 11.95B tok | 75K tok/s/gpu | MFU 31% | ETA 1.6h
step 13030/16281 80% [main] | loss 1.489 | lr 1.00e-02 | gnorm 0.82 | 11.96B tok | 77K tok/s/gpu | MFU 32% | ETA 1.5h
step 13040/16281 80% [main] | loss 1.453 | lr 1.00e-02 | gnorm 1.07 | 11.96B tok | 77K tok/s/gpu | MFU 32% | ETA 1.5h
step 13050/16281 80% [main] | loss 1.853 | lr 1.00e-02 | gnorm 1.09 | 11.97B tok | 77K tok/s/gpu | MFU 32% | ETA 1.5h
step 13060/16281 80% [main] | loss 2.303 | lr 1.00e-02 | gnorm 1.06 | 11.98B tok | 77K tok/s/gpu | MFU 32% | ETA 1.5h
step 13070/16281 80% [main] | loss 1.668 | lr 1.00e-02 | gnorm 1.00 | 11.99B tok | 77K tok/s/gpu | MFU 32% | ETA 1.5h
step 13080/16281 80% [main] | loss 2.039 | lr 1.00e-02 | gnorm 0.95 | 12.00B tok | 77K tok/s/gpu | MFU 32% | ETA 1.5h
step 13090/16281 80% [main] | loss 1.172 | lr 1.00e-02 | gnorm 0.95 | 12.01B tok | 77K tok/s/gpu | MFU 32% | ETA 1.5h
step 13100/16281 80% [main] | loss 1.579 | lr 1.00e-02 | gnorm 0.86 | 12.02B tok | 77K tok/s/gpu | MFU 32% | ETA 1.5h
step 13110/16281 81% [main] | loss 1.582 | lr 1.00e-02 | gnorm 0.95 | 12.03B tok | 77K tok/s/gpu | MFU 32% | ETA 1.5h
step 13120/16281 81% [main] | loss 1.649 | lr 1.00e-02 | gnorm 1.08 | 12.04B tok | 77K tok/s/gpu | MFU 32% | ETA 1.5h
step 13130/16281 81% [main] | loss 1.865 | lr 1.00e-02 | gnorm 0.93 | 12.05B tok | 77K tok/s/gpu | MFU 32% | ETA 1.5h
step 13140/16281 81% [main] | loss 2.082 | lr 1.00e-02 | gnorm 0.78 | 12.06B tok | 77K tok/s/gpu | MFU 32% | ETA 1.5h
step 13150/16281 81% [main] | loss 1.529 | lr 1.00e-02 | gnorm 0.94 | 12.07B tok | 77K tok/s/gpu | MFU 32% | ETA 1.5h
step 13160/16281 81% [main] | loss 2.184 | lr 1.00e-02 | gnorm 0.98 | 12.07B tok | 77K tok/s/gpu | MFU 32% | ETA 1.5h
step 13170/16281 81% [main] | loss 1.769 | lr 1.00e-02 | gnorm 0.98 | 12.08B tok | 77K tok/s/gpu | MFU 32% | ETA 1.5h
step 13180/16281 81% [main] | loss 1.465 | lr 1.00e-02 | gnorm 0.92 | 12.09B tok | 77K tok/s/gpu | MFU 32% | ETA 1.5h
step 13190/16281 81% [main] | loss 2.142 | lr 1.00e-02 | gnorm 0.95 | 12.10B tok | 77K tok/s/gpu | MFU 32% | ETA 1.5h
step 13200/16281 81% [main] | loss 1.458 | lr 1.00e-02 | gnorm 0.92 | 12.11B tok | 72K tok/s/gpu | MFU 30% | ETA 1.6h
step 13210/16281 81% [main] | loss 1.422 | lr 1.00e-02 | gnorm 0.93 | 12.12B tok | 77K tok/s/gpu | MFU 32% | ETA 1.5h
step 13220/16281 81% [main] | loss 1.554 | lr 1.00e-02 | gnorm 0.93 | 12.13B tok | 77K tok/s/gpu | MFU 32% | ETA 1.5h
step 13230/16281 81% [main] | loss 1.845 | lr 1.00e-02 | gnorm 1.06 | 12.14B tok | 77K tok/s/gpu | MFU 32% | ETA 1.4h
step 13240/16281 81% [main] | loss 2.383 | lr 1.00e-02 | gnorm 0.99 | 12.15B tok | 76K tok/s/gpu | MFU 32% | ETA 1.4h
step 13250/16281 81% [main] | loss 2.078 | lr 1.00e-02 | gnorm 1.05 | 12.16B tok | 77K tok/s/gpu | MFU 32% | ETA 1.4h
step 13260/16281 81% [main] | loss 2.370 | lr 1.00e-02 | gnorm 0.92 | 12.17B tok | 77K tok/s/gpu | MFU 32% | ETA 1.4h
step 13270/16281 82% [main] | loss 1.327 | lr 1.00e-02 | gnorm 0.84 | 12.18B tok | 77K tok/s/gpu | MFU 32% | ETA 1.4h
step 13280/16281 82% [main] | loss 1.163 | lr 1.00e-02 | gnorm 1.03 | 12.18B tok | 77K tok/s/gpu | MFU 32% | ETA 1.4h
step 13290/16281 82% [main] | loss 1.043 | lr 1.00e-02 | gnorm 0.90 | 12.19B tok | 77K tok/s/gpu | MFU 32% | ETA 1.4h
step 13300/16281 82% [main] | loss 2.004 | lr 1.00e-02 | gnorm 0.70 | 12.20B tok | 75K tok/s/gpu | MFU 31% | ETA 1.4h
step 13310/16281 82% [main] | loss 1.837 | lr 1.00e-02 | gnorm 0.95 | 12.21B tok | 77K tok/s/gpu | MFU 32% | ETA 1.4h
step 13320/16281 82% [main] | loss 2.038 | lr 1.00e-02 | gnorm 0.95 | 12.22B tok | 77K tok/s/gpu | MFU 32% | ETA 1.4h
step 13330/16281 82% [main] | loss 2.092 | lr 1.00e-02 | gnorm 1.13 | 12.23B tok | 77K tok/s/gpu | MFU 32% | ETA 1.4h
step 13340/16281 82% [main] | loss 2.027 | lr 1.00e-02 | gnorm 0.84 | 12.24B tok | 77K tok/s/gpu | MFU 32% | ETA 1.4h
step 13350/16281 82% [main] | loss 1.620 | lr 1.00e-02 | gnorm 0.85 | 12.25B tok | 77K tok/s/gpu | MFU 32% | ETA 1.4h
step 13360/16281 82% [main] | loss 1.684 | lr 1.00e-02 | gnorm 0.66 | 12.26B tok | 77K tok/s/gpu | MFU 32% | ETA 1.4h
step 13370/16281 82% [main] | loss 1.636 | lr 1.00e-02 | gnorm 0.93 | 12.27B tok | 77K tok/s/gpu | MFU 32% | ETA 1.4h
step 13380/16281 82% [main] | loss 1.379 | lr 1.00e-02 | gnorm 0.75 | 12.28B tok | 77K tok/s/gpu | MFU 32% | ETA 1.4h
step 13390/16281 82% [main] | loss 1.567 | lr 1.00e-02 | gnorm 1.08 | 12.29B tok | 77K tok/s/gpu | MFU 32% | ETA 1.4h
step 13400/16281 82% [main] | loss 1.827 | lr 1.00e-02 | gnorm 1.45 | 12.29B tok | 73K tok/s/gpu | MFU 30% | ETA 1.4h
step 13410/16281 82% [main] | loss 1.708 | lr 1.00e-02 | gnorm 0.96 | 12.30B tok | 77K tok/s/gpu | MFU 32% | ETA 1.4h
step 13420/16281 82% [main] | loss 1.799 | lr 1.00e-02 | gnorm 0.85 | 12.31B tok | 77K tok/s/gpu | MFU 32% | ETA 1.4h
step 13430/16281 82% [main] | loss 1.679 | lr 1.00e-02 | gnorm 0.84 | 12.32B tok | 77K tok/s/gpu | MFU 32% | ETA 1.4h
step 13440/16281 83% [main] | loss 1.763 | lr 1.00e-02 | gnorm 1.30 | 12.33B tok | 77K tok/s/gpu | MFU 32% | ETA 1.3h
step 13450/16281 83% [main] | loss 1.956 | lr 1.00e-02 | gnorm 0.95 | 12.34B tok | 77K tok/s/gpu | MFU 32% | ETA 1.3h
step 13460/16281 83% [main] | loss 2.096 | lr 1.00e-02 | gnorm 1.01 | 12.35B tok | 77K tok/s/gpu | MFU 32% | ETA 1.3h
step 13470/16281 83% [main] | loss 1.786 | lr 1.00e-02 | gnorm 1.34 | 12.36B tok | 77K tok/s/gpu | MFU 32% | ETA 1.3h
step 13480/16281 83% [main] | loss 2.073 | lr 1.00e-02 | gnorm 1.05 | 12.37B tok | 74K tok/s/gpu | MFU 31% | ETA 1.4h
step 13490/16281 83% [main] | loss 2.025 | lr 1.00e-02 | gnorm 0.93 | 12.38B tok | 75K tok/s/gpu | MFU 31% | ETA 1.4h
step 13500/16281 val 2.155
step 13500/16281 83% [main] | loss 1.609 | lr 1.00e-02 | gnorm 0.91 | 12.39B tok | 53K tok/s/gpu | MFU 22% | ETA 1.9h
step 13510/16281 83% [main] | loss 2.083 | lr 1.00e-02 | gnorm 1.12 | 12.40B tok | 77K tok/s/gpu | MFU 32% | ETA 1.3h
step 13520/16281 83% [main] | loss 1.301 | lr 1.00e-02 | gnorm 0.88 | 12.40B tok | 75K tok/s/gpu | MFU 31% | ETA 1.3h
step 13530/16281 83% [main] | loss 1.599 | lr 1.00e-02 | gnorm 0.86 | 12.41B tok | 77K tok/s/gpu | MFU 32% | ETA 1.3h
step 13540/16281 83% [main] | loss 2.111 | lr 1.00e-02 | gnorm 1.18 | 12.42B tok | 77K tok/s/gpu | MFU 32% | ETA 1.3h
step 13550/16281 83% [main] | loss 2.044 | lr 1.00e-02 | gnorm 1.23 | 12.43B tok | 77K tok/s/gpu | MFU 32% | ETA 1.3h
step 13560/16281 83% [main] | loss 1.812 | lr 1.00e-02 | gnorm 0.87 | 12.44B tok | 77K tok/s/gpu | MFU 32% | ETA 1.3h
step 13570/16281 83% [main] | loss 1.279 | lr 1.00e-02 | gnorm 1.03 | 12.45B tok | 77K tok/s/gpu | MFU 32% | ETA 1.3h
step 13580/16281 83% [main] | loss 1.841 | lr 1.00e-02 | gnorm 1.07 | 12.46B tok | 77K tok/s/gpu | MFU 32% | ETA 1.3h
step 13590/16281 83% [main] | loss 1.775 | lr 1.00e-02 | gnorm 1.10 | 12.47B tok | 77K tok/s/gpu | MFU 32% | ETA 1.3h
step 13600/16281 84% [main] | loss 1.766 | lr 1.00e-02 | gnorm 1.02 | 12.48B tok | 73K tok/s/gpu | MFU 30% | ETA 1.3h
step 13610/16281 84% [main] | loss 1.791 | lr 1.00e-02 | gnorm 0.73 | 12.49B tok | 77K tok/s/gpu | MFU 32% | ETA 1.3h
step 13620/16281 84% [main] | loss 1.622 | lr 1.00e-02 | gnorm 0.83 | 12.50B tok | 77K tok/s/gpu | MFU 32% | ETA 1.3h
step 13630/16281 84% [main] | loss 1.855 | lr 1.00e-02 | gnorm 1.03 | 12.51B tok | 77K tok/s/gpu | MFU 32% | ETA 1.3h
step 13640/16281 84% [main] | loss 1.856 | lr 1.00e-02 | gnorm 0.85 | 12.51B tok | 77K tok/s/gpu | MFU 32% | ETA 1.3h
step 13650/16281 84% [main] | loss 1.656 | lr 1.00e-02 | gnorm 0.86 | 12.52B tok | 77K tok/s/gpu | MFU 32% | ETA 1.2h
step 13660/16281 84% [main] | loss 1.243 | lr 1.00e-02 | gnorm 0.78 | 12.53B tok | 77K tok/s/gpu | MFU 32% | ETA 1.2h
step 13670/16281 84% [main] | loss 2.143 | lr 1.00e-02 | gnorm 1.06 | 12.54B tok | 77K tok/s/gpu | MFU 32% | ETA 1.2h
step 13680/16281 84% [main] | loss 1.820 | lr 1.00e-02 | gnorm 1.09 | 12.55B tok | 77K tok/s/gpu | MFU 32% | ETA 1.2h
step 13690/16281 84% [main] | loss 1.702 | lr 1.00e-02 | gnorm 1.00 | 12.56B tok | 75K tok/s/gpu | MFU 31% | ETA 1.3h
step 13700/16281 84% [main] | loss 1.820 | lr 1.00e-02 | gnorm 0.86 | 12.57B tok | 77K tok/s/gpu | MFU 32% | ETA 1.2h
step 13710/16281 84% [main] | loss 1.646 | lr 1.00e-02 | gnorm 0.94 | 12.58B tok | 77K tok/s/gpu | MFU 32% | ETA 1.2h
step 13720/16281 84% [main] | loss 1.625 | lr 1.00e-02 | gnorm 1.01 | 12.59B tok | 77K tok/s/gpu | MFU 32% | ETA 1.2h
step 13730/16281 84% [main] | loss 1.993 | lr 1.00e-02 | gnorm 0.91 | 12.60B tok | 77K tok/s/gpu | MFU 32% | ETA 1.2h
step 13740/16281 84% [main] | loss 1.575 | lr 1.00e-02 | gnorm 0.81 | 12.61B tok | 77K tok/s/gpu | MFU 32% | ETA 1.2h
step 13750/16281 84% [main] | loss 1.822 | lr 1.00e-02 | gnorm 0.95 | 12.62B tok | 77K tok/s/gpu | MFU 32% | ETA 1.2h
step 13760/16281 85% [main] | loss 1.489 | lr 1.00e-02 | gnorm 0.96 | 12.62B tok | 77K tok/s/gpu | MFU 32% | ETA 1.2h
step 13770/16281 85% [main] | loss 1.700 | lr 1.00e-02 | gnorm 0.84 | 12.63B tok | 77K tok/s/gpu | MFU 32% | ETA 1.2h
step 13780/16281 85% [main] | loss 2.188 | lr 1.00e-02 | gnorm 0.80 | 12.64B tok | 77K tok/s/gpu | MFU 32% | ETA 1.2h
step 13790/16281 85% [main] | loss 1.937 | lr 1.00e-02 | gnorm 0.96 | 12.65B tok | 77K tok/s/gpu | MFU 32% | ETA 1.2h
step 13800/16281 85% [main] | loss 2.086 | lr 1.00e-02 | gnorm 0.86 | 12.66B tok | 74K tok/s/gpu | MFU 31% | ETA 1.2h
step 13810/16281 85% [main] | loss 1.493 | lr 1.00e-02 | gnorm 0.91 | 12.67B tok | 77K tok/s/gpu | MFU 32% | ETA 1.2h
step 13820/16281 85% [main] | loss 1.993 | lr 1.00e-02 | gnorm 1.03 | 12.68B tok | 77K tok/s/gpu | MFU 32% | ETA 1.2h
step 13830/16281 85% [main] | loss 1.892 | lr 1.00e-02 | gnorm 0.93 | 12.69B tok | 77K tok/s/gpu | MFU 32% | ETA 1.2h
step 13840/16281 85% [main] | loss 1.372 | lr 1.00e-02 | gnorm 1.00 | 12.70B tok | 77K tok/s/gpu | MFU 32% | ETA 1.2h
step 13850/16281 85% [main] | loss 1.955 | lr 1.00e-02 | gnorm 0.87 | 12.71B tok | 77K tok/s/gpu | MFU 32% | ETA 1.2h
step 13860/16281 85% [main] | loss 1.840 | lr 1.00e-02 | gnorm 0.81 | 12.72B tok | 77K tok/s/gpu | MFU 32% | ETA 1.2h
step 13870/16281 85% [main] | loss 1.489 | lr 1.00e-02 | gnorm 0.87 | 12.73B tok | 77K tok/s/gpu | MFU 32% | ETA 1.1h
step 13880/16281 85% [main] | loss 1.484 | lr 1.00e-02 | gnorm 0.96 | 12.73B tok | 77K tok/s/gpu | MFU 32% | ETA 1.1h
step 13890/16281 85% [main] | loss 1.502 | lr 1.00e-02 | gnorm 0.93 | 12.74B tok | 77K tok/s/gpu | MFU 32% | ETA 1.1h
step 13900/16281 85% [main] | loss 2.200 | lr 1.00e-02 | gnorm 0.97 | 12.75B tok | 75K tok/s/gpu | MFU 31% | ETA 1.2h
step 13910/16281 85% [main] | loss 1.789 | lr 1.00e-02 | gnorm 0.84 | 12.76B tok | 77K tok/s/gpu | MFU 32% | ETA 1.1h
step 13920/16281 85% [main] | loss 1.696 | lr 1.00e-02 | gnorm 0.86 | 12.77B tok | 77K tok/s/gpu | MFU 32% | ETA 1.1h
step 13930/16281 86% [main] | loss 1.569 | lr 1.00e-02 | gnorm 0.85 | 12.78B tok | 77K tok/s/gpu | MFU 32% | ETA 1.1h
step 13940/16281 86% [main] | loss 1.990 | lr 1.00e-02 | gnorm 0.88 | 12.79B tok | 77K tok/s/gpu | MFU 32% | ETA 1.1h
step 13950/16281 86% [main] | loss 1.478 | lr 1.00e-02 | gnorm 0.80 | 12.80B tok | 76K tok/s/gpu | MFU 32% | ETA 1.1h
step 13960/16281 86% [main] | loss 2.011 | lr 1.00e-02 | gnorm 0.75 | 12.81B tok | 77K tok/s/gpu | MFU 32% | ETA 1.1h
step 13970/16281 86% [main] | loss 1.595 | lr 1.00e-02 | gnorm 0.76 | 12.82B tok | 77K tok/s/gpu | MFU 32% | ETA 1.1h
step 13980/16281 86% [main] | loss 1.355 | lr 1.00e-02 | gnorm 0.75 | 12.83B tok | 77K tok/s/gpu | MFU 32% | ETA 1.1h
step 13990/16281 86% [main] | loss 1.946 | lr 1.00e-02 | gnorm 0.74 | 12.84B tok | 74K tok/s/gpu | MFU 31% | ETA 1.1h
step 14000/16281 val 2.149
step 14000/16281 86% [main] | loss 1.931 | lr 1.00e-02 | gnorm 0.79 | 12.85B tok | 50K tok/s/gpu | MFU 21% | ETA 1.7h
step 14010/16281 86% [main] | loss 2.221 | lr 1.00e-02 | gnorm 0.77 | 12.85B tok | 75K tok/s/gpu | MFU 31% | ETA 1.1h
step 14020/16281 86% [main] | loss 1.760 | lr 1.00e-02 | gnorm 0.88 | 12.86B tok | 76K tok/s/gpu | MFU 32% | ETA 1.1h
step 14030/16281 86% [main] | loss 1.501 | lr 1.00e-02 | gnorm 0.96 | 12.87B tok | 77K tok/s/gpu | MFU 32% | ETA 1.1h
step 14040/16281 86% [main] | loss 1.575 | lr 1.00e-02 | gnorm 1.32 | 12.88B tok | 77K tok/s/gpu | MFU 32% | ETA 1.1h
step 14050/16281 86% [main] | loss 1.867 | lr 1.00e-02 | gnorm 0.92 | 12.89B tok | 77K tok/s/gpu | MFU 32% | ETA 1.1h
step 14060/16281 86% [main] | loss 1.896 | lr 1.00e-02 | gnorm 0.86 | 12.90B tok | 77K tok/s/gpu | MFU 32% | ETA 1.1h
step 14070/16281 86% [main] | loss 2.110 | lr 1.00e-02 | gnorm 0.86 | 12.91B tok | 77K tok/s/gpu | MFU 32% | ETA 1.1h
step 14080/16281 86% [main] | loss 1.618 | lr 1.00e-02 | gnorm 0.75 | 12.92B tok | 77K tok/s/gpu | MFU 32% | ETA 1.0h
step 14090/16281 87% [main] | loss 1.800 | lr 1.00e-02 | gnorm 0.74 | 12.93B tok | 77K tok/s/gpu | MFU 32% | ETA 1.0h
step 14100/16281 87% [main] | loss 2.537 | lr 1.00e-02 | gnorm 0.83 | 12.94B tok | 75K tok/s/gpu | MFU 31% | ETA 1.1h
step 14110/16281 87% [main] | loss 1.633 | lr 1.00e-02 | gnorm 1.32 | 12.95B tok | 77K tok/s/gpu | MFU 32% | ETA 1.0h
step 14120/16281 87% [main] | loss 1.678 | lr 1.00e-02 | gnorm 0.96 | 12.96B tok | 77K tok/s/gpu | MFU 32% | ETA 1.0h
step 14130/16281 87% [main] | loss 1.523 | lr 1.00e-02 | gnorm 0.99 | 12.96B tok | 77K tok/s/gpu | MFU 32% | ETA 1.0h
step 14140/16281 87% [main] | loss 1.839 | lr 1.00e-02 | gnorm 0.83 | 12.97B tok | 77K tok/s/gpu | MFU 32% | ETA 1.0h
step 14150/16281 87% [main] | loss 2.405 | lr 1.00e-02 | gnorm 0.98 | 12.98B tok | 77K tok/s/gpu | MFU 32% | ETA 1.0h
step 14160/16281 87% [main] | loss 1.673 | lr 1.00e-02 | gnorm 0.81 | 12.99B tok | 77K tok/s/gpu | MFU 32% | ETA 1.0h
step 14170/16281 87% [main] | loss 1.952 | lr 1.00e-02 | gnorm 0.82 | 13.00B tok | 77K tok/s/gpu | MFU 32% | ETA 1.0h
step 14180/16281 87% [main] | loss 2.000 | lr 1.00e-02 | gnorm 0.87 | 13.01B tok | 77K tok/s/gpu | MFU 32% | ETA 1.0h
step 14190/16281 87% [main] | loss 1.836 | lr 1.00e-02 | gnorm 0.73 | 13.02B tok | 77K tok/s/gpu | MFU 32% | ETA 1.0h
step 14200/16281 87% [main] | loss 1.419 | lr 1.00e-02 | gnorm 0.84 | 13.03B tok | 74K tok/s/gpu | MFU 31% | ETA 1.0h
step 14210/16281 87% [main] | loss 1.686 | lr 1.00e-02 | gnorm 0.75 | 13.04B tok | 77K tok/s/gpu | MFU 32% | ETA 1.0h
step 14220/16281 87% [main] | loss 1.511 | lr 1.00e-02 | gnorm 0.97 | 13.05B tok | 77K tok/s/gpu | MFU 32% | ETA 1.0h
step 14230/16281 87% [main] | loss 1.558 | lr 1.00e-02 | gnorm 0.75 | 13.06B tok | 77K tok/s/gpu | MFU 32% | ETA 1.0h
step 14240/16281 87% [main] | loss 1.757 | lr 1.00e-02 | gnorm 0.85 | 13.07B tok | 77K tok/s/gpu | MFU 32% | ETA 1.0h
step 14250/16281 88% [main] | loss 1.777 | lr 1.00e-02 | gnorm 0.90 | 13.07B tok | 77K tok/s/gpu | MFU 32% | ETA 1.0h
step 14260/16281 88% [main] | loss 2.051 | lr 1.00e-02 | gnorm 0.88 | 13.08B tok | 77K tok/s/gpu | MFU 32% | ETA 1.0h
step 14270/16281 88% [main] | loss 1.386 | lr 1.00e-02 | gnorm 1.23 | 13.09B tok | 77K tok/s/gpu | MFU 32% | ETA 1.0h
step 14280/16281 88% [main] | loss 1.444 | lr 1.00e-02 | gnorm 1.26 | 13.10B tok | 77K tok/s/gpu | MFU 32% | ETA 1.0h
step 14290/16281 88% [main] | loss 1.754 | lr 1.00e-02 | gnorm 0.69 | 13.11B tok | 77K tok/s/gpu | MFU 32% | ETA 0.9h
step 14300/16281 88% [main] | loss 1.810 | lr 1.00e-02 | gnorm 0.73 | 13.12B tok | 74K tok/s/gpu | MFU 31% | ETA 1.0h
step 14310/16281 88% [main] | loss 1.826 | lr 1.00e-02 | gnorm 0.78 | 13.13B tok | 76K tok/s/gpu | MFU 32% | ETA 0.9h
step 14320/16281 88% [main] | loss 1.662 | lr 1.00e-02 | gnorm 0.76 | 13.14B tok | 77K tok/s/gpu | MFU 32% | ETA 0.9h
step 14330/16281 88% [main] | loss 1.456 | lr 1.00e-02 | gnorm 0.77 | 13.15B tok | 77K tok/s/gpu | MFU 32% | ETA 0.9h
step 14340/16281 88% [main] | loss 1.985 | lr 1.00e-02 | gnorm 0.97 | 13.16B tok | 77K tok/s/gpu | MFU 32% | ETA 0.9h
step 14350/16281 88% [main] | loss 1.745 | lr 1.00e-02 | gnorm 0.73 | 13.17B tok | 77K tok/s/gpu | MFU 32% | ETA 0.9h
step 14360/16281 88% [main] | loss 1.782 | lr 1.00e-02 | gnorm 0.78 | 13.18B tok | 77K tok/s/gpu | MFU 32% | ETA 0.9h
step 14370/16281 88% [main] | loss 1.861 | lr 1.00e-02 | gnorm 0.87 | 13.18B tok | 77K tok/s/gpu | MFU 32% | ETA 0.9h
step 14380/16281 88% [main] | loss 1.577 | lr 1.00e-02 | gnorm 1.02 | 13.19B tok | 77K tok/s/gpu | MFU 32% | ETA 0.9h
step 14390/16281 88% [main] | loss 1.847 | lr 1.00e-02 | gnorm 0.88 | 13.20B tok | 77K tok/s/gpu | MFU 32% | ETA 0.9h
step 14400/16281 88% [main] | loss 2.031 | lr 1.00e-02 | gnorm 0.82 | 13.21B tok | 73K tok/s/gpu | MFU 30% | ETA 0.9h
step 14410/16281 89% [main] | loss 1.775 | lr 1.00e-02 | gnorm 0.79 | 13.22B tok | 76K tok/s/gpu | MFU 32% | ETA 0.9h
step 14420/16281 89% [main] | loss 1.794 | lr 1.00e-02 | gnorm 0.72 | 13.23B tok | 77K tok/s/gpu | MFU 32% | ETA 0.9h
step 14430/16281 89% [main] | loss 1.509 | lr 1.00e-02 | gnorm 0.70 | 13.24B tok | 77K tok/s/gpu | MFU 32% | ETA 0.9h
step 14440/16281 89% [main] | loss 1.494 | lr 1.00e-02 | gnorm 1.26 | 13.25B tok | 77K tok/s/gpu | MFU 32% | ETA 0.9h
step 14450/16281 89% [main] | loss 1.527 | lr 1.00e-02 | gnorm 0.86 | 13.26B tok | 77K tok/s/gpu | MFU 32% | ETA 0.9h
step 14460/16281 89% [main] | loss 1.699 | lr 1.00e-02 | gnorm 0.79 | 13.27B tok | 77K tok/s/gpu | MFU 32% | ETA 0.9h
step 14470/16281 89% [main] | loss 1.189 | lr 1.00e-02 | gnorm 0.80 | 13.28B tok | 77K tok/s/gpu | MFU 32% | ETA 0.9h
step 14480/16281 89% [main] | loss 1.879 | lr 1.00e-02 | gnorm 0.92 | 13.29B tok | 77K tok/s/gpu | MFU 32% | ETA 0.9h
step 14490/16281 89% [main] | loss 1.871 | lr 1.00e-02 | gnorm 0.69 | 13.29B tok | 77K tok/s/gpu | MFU 32% | ETA 0.8h
step 14500/16281 val 2.129
step 14500/16281 89% [main] | loss 2.013 | lr 1.00e-02 | gnorm 0.84 | 13.30B tok | 53K tok/s/gpu | MFU 22% | ETA 1.2h
step 14510/16281 89% [main] | loss 1.858 | lr 1.00e-02 | gnorm 0.75 | 13.31B tok | 77K tok/s/gpu | MFU 32% | ETA 0.8h
step 14520/16281 89% [main] | loss 2.097 | lr 1.00e-02 | gnorm 0.96 | 13.32B tok | 77K tok/s/gpu | MFU 32% | ETA 0.8h
step 14530/16281 89% [main] | loss 1.810 | lr 1.00e-02 | gnorm 1.20 | 13.33B tok | 77K tok/s/gpu | MFU 32% | ETA 0.8h
step 14540/16281 89% [main] | loss 1.627 | lr 1.00e-02 | gnorm 0.72 | 13.34B tok | 77K tok/s/gpu | MFU 32% | ETA 0.8h
step 14550/16281 89% [main] | loss 1.764 | lr 1.00e-02 | gnorm 0.80 | 13.35B tok | 77K tok/s/gpu | MFU 32% | ETA 0.8h
step 14560/16281 89% [main] | loss 2.010 | lr 1.00e-02 | gnorm 0.80 | 13.36B tok | 77K tok/s/gpu | MFU 32% | ETA 0.8h
step 14570/16281 89% [main] | loss 1.907 | lr 1.00e-02 | gnorm 0.75 | 13.37B tok | 77K tok/s/gpu | MFU 32% | ETA 0.8h
step 14580/16281 90% [main] | loss 1.612 | lr 1.00e-02 | gnorm 0.83 | 13.38B tok | 77K tok/s/gpu | MFU 32% | ETA 0.8h
step 14590/16281 90% [main] | loss 1.423 | lr 1.00e-02 | gnorm 0.83 | 13.39B tok | 77K tok/s/gpu | MFU 32% | ETA 0.8h
step 14600/16281 90% [main] | loss 1.774 | lr 1.00e-02 | gnorm 0.82 | 13.40B tok | 73K tok/s/gpu | MFU 30% | ETA 0.8h
step 14610/16281 90% [main] | loss 1.586 | lr 1.00e-02 | gnorm 0.70 | 13.40B tok | 77K tok/s/gpu | MFU 32% | ETA 0.8h
step 14620/16281 90% [main] | loss 1.677 | lr 1.00e-02 | gnorm 0.74 | 13.41B tok | 77K tok/s/gpu | MFU 32% | ETA 0.8h
step 14630/16281 90% [main] | loss 1.581 | lr 1.00e-02 | gnorm 0.80 | 13.42B tok | 77K tok/s/gpu | MFU 32% | ETA 0.8h
step 14640/16281 90% [main] | loss 1.571 | lr 1.00e-02 | gnorm 0.70 | 13.43B tok | 77K tok/s/gpu | MFU 32% | ETA 0.8h
step 14650/16281 90% [main] | loss 2.042 | lr 1.00e-02 | gnorm 0.72 | 13.44B tok | 77K tok/s/gpu | MFU 32% | ETA 0.8h
step 14660/16281 90% [main] | loss 1.405 | lr 1.00e-02 | gnorm 0.80 | 13.45B tok | 75K tok/s/gpu | MFU 31% | ETA 0.8h
step 14670/16281 90% [main] | loss 2.240 | lr 1.00e-02 | gnorm 0.78 | 13.46B tok | 77K tok/s/gpu | MFU 32% | ETA 0.8h
step 14680/16281 90% [main] | loss 1.902 | lr 1.00e-02 | gnorm 1.01 | 13.47B tok | 74K tok/s/gpu | MFU 31% | ETA 0.8h
step 14690/16281 90% [main] | loss 1.908 | lr 1.00e-02 | gnorm 1.27 | 13.48B tok | 77K tok/s/gpu | MFU 32% | ETA 0.8h
step 14700/16281 90% [main] | loss 1.557 | lr 1.00e-02 | gnorm 0.87 | 13.49B tok | 75K tok/s/gpu | MFU 31% | ETA 0.8h
step 14710/16281 90% [main] | loss 1.564 | lr 1.00e-02 | gnorm 0.81 | 13.50B tok | 77K tok/s/gpu | MFU 32% | ETA 0.7h
step 14720/16281 90% [main] | loss 2.117 | lr 1.00e-02 | gnorm 0.81 | 13.51B tok | 77K tok/s/gpu | MFU 32% | ETA 0.7h
step 14730/16281 90% [main] | loss 1.573 | lr 1.00e-02 | gnorm 0.74 | 13.51B tok | 77K tok/s/gpu | MFU 32% | ETA 0.7h
step 14740/16281 91% [main] | loss 1.796 | lr 1.00e-02 | gnorm 0.83 | 13.52B tok | 77K tok/s/gpu | MFU 32% | ETA 0.7h
step 14750/16281 91% [main] | loss 1.963 | lr 1.00e-02 | gnorm 0.83 | 13.53B tok | 77K tok/s/gpu | MFU 32% | ETA 0.7h
step 14760/16281 91% [main] | loss 2.182 | lr 1.00e-02 | gnorm 1.00 | 13.54B tok | 77K tok/s/gpu | MFU 32% | ETA 0.7h
step 14770/16281 91% [main] | loss 1.570 | lr 1.00e-02 | gnorm 0.82 | 13.55B tok | 77K tok/s/gpu | MFU 32% | ETA 0.7h
step 14780/16281 91% [main] | loss 1.823 | lr 1.00e-02 | gnorm 0.79 | 13.56B tok | 77K tok/s/gpu | MFU 32% | ETA 0.7h
step 14790/16281 91% [main] | loss 2.087 | lr 1.00e-02 | gnorm 0.80 | 13.57B tok | 77K tok/s/gpu | MFU 32% | ETA 0.7h
step 14800/16281 91% [main] | loss 1.722 | lr 1.00e-02 | gnorm 0.85 | 13.58B tok | 73K tok/s/gpu | MFU 30% | ETA 0.7h
step 14810/16281 91% [main] | loss 1.190 | lr 1.00e-02 | gnorm 0.70 | 13.59B tok | 77K tok/s/gpu | MFU 32% | ETA 0.7h
step 14820/16281 91% [main] | loss 1.723 | lr 1.00e-02 | gnorm 0.89 | 13.60B tok | 77K tok/s/gpu | MFU 32% | ETA 0.7h
step 14830/16281 91% [main] | loss 1.689 | lr 1.00e-02 | gnorm 1.01 | 13.61B tok | 77K tok/s/gpu | MFU 32% | ETA 0.7h
step 14840/16281 91% [main] | loss 1.485 | lr 1.00e-02 | gnorm 0.80 | 13.62B tok | 77K tok/s/gpu | MFU 32% | ETA 0.7h
step 14850/16281 91% [main] | loss 1.909 | lr 1.00e-02 | gnorm 0.81 | 13.62B tok | 77K tok/s/gpu | MFU 32% | ETA 0.7h
step 14860/16281 91% [main] | loss 1.984 | lr 1.00e-02 | gnorm 0.88 | 13.63B tok | 77K tok/s/gpu | MFU 32% | ETA 0.7h
step 14870/16281 91% [main] | loss 1.737 | lr 1.00e-02 | gnorm 0.68 | 13.64B tok | 77K tok/s/gpu | MFU 32% | ETA 0.7h
step 14880/16281 91% [main] | loss 1.568 | lr 1.00e-02 | gnorm 0.79 | 13.65B tok | 77K tok/s/gpu | MFU 32% | ETA 0.7h
step 14890/16281 91% [main] | loss 2.194 | lr 1.00e-02 | gnorm 6.94 | 13.66B tok | 77K tok/s/gpu | MFU 32% | ETA 0.7h
step 14900/16281 92% [main] | loss 1.946 | lr 1.00e-02 | gnorm 0.81 | 13.67B tok | 77K tok/s/gpu | MFU 32% | ETA 0.7h
step 14910/16281 92% [main] | loss 1.894 | lr 1.00e-02 | gnorm 0.79 | 13.68B tok | 77K tok/s/gpu | MFU 32% | ETA 0.7h
step 14920/16281 92% [main] | loss 1.533 | lr 1.00e-02 | gnorm 0.73 | 13.69B tok | 77K tok/s/gpu | MFU 32% | ETA 0.6h
step 14930/16281 92% [main] | loss 1.807 | lr 1.00e-02 | gnorm 0.79 | 13.70B tok | 77K tok/s/gpu | MFU 32% | ETA 0.6h
step 14940/16281 92% [main] | loss 1.355 | lr 1.00e-02 | gnorm 0.86 | 13.71B tok | 77K tok/s/gpu | MFU 32% | ETA 0.6h
step 14950/16281 92% [main] | loss 1.203 | lr 1.00e-02 | gnorm 1.33 | 13.72B tok | 77K tok/s/gpu | MFU 32% | ETA 0.6h
step 14960/16281 92% [main] | loss 1.540 | lr 1.00e-02 | gnorm 1.41 | 13.73B tok | 77K tok/s/gpu | MFU 32% | ETA 0.6h
step 14970/16281 92% [main] | loss 1.819 | lr 1.00e-02 | gnorm 0.80 | 13.74B tok | 77K tok/s/gpu | MFU 32% | ETA 0.6h
step 14980/16281 92% [main] | loss 1.525 | lr 1.00e-02 | gnorm 0.83 | 13.74B tok | 77K tok/s/gpu | MFU 32% | ETA 0.6h
step 14990/16281 92% [main] | loss 1.541 | lr 1.00e-02 | gnorm 0.81 | 13.75B tok | 77K tok/s/gpu | MFU 32% | ETA 0.6h
step 15000/16281 val 2.122
step 15000/16281 92% [main] | loss 1.935 | lr 1.00e-02 | gnorm 0.78 | 13.76B tok | 49K tok/s/gpu | MFU 20% | ETA 1.0h
step 15010/16281 92% [main] | loss 1.683 | lr 1.00e-02 | gnorm 1.02 | 13.77B tok | 77K tok/s/gpu | MFU 32% | ETA 0.6h
step 15020/16281 92% [main] | loss 1.694 | lr 1.00e-02 | gnorm 0.74 | 13.78B tok | 77K tok/s/gpu | MFU 32% | ETA 0.6h
step 15030/16281 92% [main] | loss 1.395 | lr 1.00e-02 | gnorm 0.72 | 13.79B tok | 77K tok/s/gpu | MFU 32% | ETA 0.6h
step 15040/16281 92% [main] | loss 1.692 | lr 1.00e-02 | gnorm 0.91 | 13.80B tok | 77K tok/s/gpu | MFU 32% | ETA 0.6h
step 15050/16281 92% [main] | loss 1.635 | lr 1.00e-02 | gnorm 0.79 | 13.81B tok | 77K tok/s/gpu | MFU 32% | ETA 0.6h
step 15060/16281 93% [main] | loss 1.531 | lr 1.00e-02 | gnorm 0.74 | 13.82B tok | 77K tok/s/gpu | MFU 32% | ETA 0.6h
step 15070/16281 93% [main] | loss 1.745 | lr 1.00e-02 | gnorm 0.81 | 13.83B tok | 77K tok/s/gpu | MFU 32% | ETA 0.6h
step 15080/16281 93% [main] | loss 1.756 | lr 1.00e-02 | gnorm 0.64 | 13.84B tok | 77K tok/s/gpu | MFU 32% | ETA 0.6h
step 15090/16281 93% [main] | loss 1.586 | lr 1.00e-02 | gnorm 0.95 | 13.85B tok | 77K tok/s/gpu | MFU 32% | ETA 0.6h
step 15100/16281 93% [main] | loss 1.863 | lr 1.00e-02 | gnorm 0.70 | 13.85B tok | 77K tok/s/gpu | MFU 32% | ETA 0.6h
step 15110/16281 93% [main] | loss 2.146 | lr 1.00e-02 | gnorm 0.88 | 13.86B tok | 77K tok/s/gpu | MFU 32% | ETA 0.6h
step 15120/16281 93% [main] | loss 1.430 | lr 1.00e-02 | gnorm 0.78 | 13.87B tok | 77K tok/s/gpu | MFU 32% | ETA 0.6h
step 15130/16281 93% [main] | loss 1.626 | lr 1.00e-02 | gnorm 0.72 | 13.88B tok | 77K tok/s/gpu | MFU 32% | ETA 0.5h
step 15140/16281 93% [main] | loss 1.709 | lr 1.00e-02 | gnorm 0.85 | 13.89B tok | 77K tok/s/gpu | MFU 32% | ETA 0.5h
step 15150/16281 93% [main] | loss 2.300 | lr 1.00e-02 | gnorm 0.71 | 13.90B tok | 77K tok/s/gpu | MFU 32% | ETA 0.5h
step 15160/16281 93% [main] | loss 1.773 | lr 1.00e-02 | gnorm 0.79 | 13.91B tok | 77K tok/s/gpu | MFU 32% | ETA 0.5h
step 15170/16281 93% [main] | loss 1.740 | lr 1.00e-02 | gnorm 0.81 | 13.92B tok | 77K tok/s/gpu | MFU 32% | ETA 0.5h
step 15180/16281 93% [main] | loss 1.286 | lr 1.00e-02 | gnorm 0.78 | 13.93B tok | 77K tok/s/gpu | MFU 32% | ETA 0.5h
step 15190/16281 93% [main] | loss 1.601 | lr 1.00e-02 | gnorm 1.47 | 13.94B tok | 77K tok/s/gpu | MFU 32% | ETA 0.5h
step 15200/16281 93% [main] | loss 1.595 | lr 1.00e-02 | gnorm 2.06 | 13.95B tok | 74K tok/s/gpu | MFU 31% | ETA 0.5h
step 15210/16281 93% [main] | loss 1.555 | lr 1.00e-02 | gnorm 0.96 | 13.96B tok | 77K tok/s/gpu | MFU 32% | ETA 0.5h
step 15220/16281 93% [main] | loss 1.644 | lr 1.00e-02 | gnorm 0.71 | 13.96B tok | 77K tok/s/gpu | MFU 32% | ETA 0.5h
step 15230/16281 94% [main] | loss 2.203 | lr 1.00e-02 | gnorm 0.65 | 13.97B tok | 77K tok/s/gpu | MFU 32% | ETA 0.5h
step 15240/16281 94% [main] | loss 1.346 | lr 1.00e-02 | gnorm 0.67 | 13.98B tok | 77K tok/s/gpu | MFU 32% | ETA 0.5h
step 15250/16281 94% [main] | loss 2.157 | lr 1.00e-02 | gnorm 0.79 | 13.99B tok | 77K tok/s/gpu | MFU 32% | ETA 0.5h
step 15260/16281 94% [main] | loss 1.488 | lr 1.00e-02 | gnorm 0.84 | 14.00B tok | 77K tok/s/gpu | MFU 32% | ETA 0.5h
step 15270/16281 94% [main] | loss 1.882 | lr 1.00e-02 | gnorm 0.74 | 14.01B tok | 77K tok/s/gpu | MFU 32% | ETA 0.5h
step 15280/16281 94% [main] | loss 1.407 | lr 1.00e-02 | gnorm 0.73 | 14.02B tok | 77K tok/s/gpu | MFU 32% | ETA 0.5h
step 15290/16281 94% [main] | loss 1.777 | lr 1.00e-02 | gnorm 0.96 | 14.03B tok | 77K tok/s/gpu | MFU 32% | ETA 0.5h
step 15300/16281 94% [main] | loss 1.359 | lr 1.00e-02 | gnorm 1.05 | 14.04B tok | 75K tok/s/gpu | MFU 31% | ETA 0.5h
step 15310/16281 94% [main] | loss 2.045 | lr 1.00e-02 | gnorm 0.96 | 14.05B tok | 77K tok/s/gpu | MFU 32% | ETA 0.5h
step 15320/16281 94% [main] | loss 1.527 | lr 1.00e-02 | gnorm 0.80 | 14.06B tok | 77K tok/s/gpu | MFU 32% | ETA 0.5h
step 15330/16281 94% [main] | loss 2.200 | lr 1.00e-02 | gnorm 0.76 | 14.07B tok | 77K tok/s/gpu | MFU 32% | ETA 0.5h
step 15340/16281 94% [main] | loss 2.031 | lr 1.00e-02 | gnorm 0.73 | 14.07B tok | 77K tok/s/gpu | MFU 32% | ETA 0.4h
step 15350/16281 94% [main] | loss 1.355 | lr 1.00e-02 | gnorm 0.84 | 14.08B tok | 77K tok/s/gpu | MFU 32% | ETA 0.4h
step 15360/16281 94% [main] | loss 1.866 | lr 1.00e-02 | gnorm 0.81 | 14.09B tok | 77K tok/s/gpu | MFU 32% | ETA 0.4h
step 15370/16281 94% [main] | loss 1.472 | lr 1.00e-02 | gnorm 0.67 | 14.10B tok | 77K tok/s/gpu | MFU 32% | ETA 0.4h
step 15380/16281 94% [main] | loss 2.021 | lr 1.00e-02 | gnorm 0.77 | 14.11B tok | 77K tok/s/gpu | MFU 32% | ETA 0.4h
step 15390/16281 95% [main] | loss 1.730 | lr 1.00e-02 | gnorm 0.79 | 14.12B tok | 75K tok/s/gpu | MFU 31% | ETA 0.4h
step 15400/16281 95% [main] | loss 1.828 | lr 1.00e-02 | gnorm 0.84 | 14.13B tok | 73K tok/s/gpu | MFU 30% | ETA 0.4h
step 15410/16281 95% [main] | loss 1.988 | lr 1.00e-02 | gnorm 0.71 | 14.14B tok | 77K tok/s/gpu | MFU 32% | ETA 0.4h
step 15420/16281 95% [main] | loss 1.595 | lr 1.00e-02 | gnorm 0.84 | 14.15B tok | 77K tok/s/gpu | MFU 32% | ETA 0.4h
step 15430/16281 95% [main] | loss 1.477 | lr 1.00e-02 | gnorm 1.01 | 14.16B tok | 77K tok/s/gpu | MFU 32% | ETA 0.4h
step 15440/16281 95% [main] | loss 1.710 | lr 1.00e-02 | gnorm 0.79 | 14.17B tok | 77K tok/s/gpu | MFU 32% | ETA 0.4h
step 15450/16281 95% [main] | loss 1.675 | lr 1.00e-02 | gnorm 0.86 | 14.18B tok | 77K tok/s/gpu | MFU 32% | ETA 0.4h
step 15460/16281 95% [main] | loss 1.653 | lr 1.00e-02 | gnorm 0.79 | 14.18B tok | 77K tok/s/gpu | MFU 32% | ETA 0.4h
step 15470/16281 95% [main] | loss 1.818 | lr 1.00e-02 | gnorm 0.72 | 14.19B tok | 77K tok/s/gpu | MFU 32% | ETA 0.4h
step 15480/16281 95% [main] | loss 1.174 | lr 1.00e-02 | gnorm 0.68 | 14.20B tok | 77K tok/s/gpu | MFU 32% | ETA 0.4h
step 15490/16281 95% [main] | loss 1.509 | lr 1.00e-02 | gnorm 0.61 | 14.21B tok | 77K tok/s/gpu | MFU 32% | ETA 0.4h
step 15500/16281 val 2.125
step 15500/16281 95% [main] | loss 2.074 | lr 1.00e-02 | gnorm 1.36 | 14.22B tok | 49K tok/s/gpu | MFU 21% | ETA 0.6h
step 15510/16281 95% [main] | loss 1.840 | lr 1.00e-02 | gnorm 0.83 | 14.23B tok | 77K tok/s/gpu | MFU 32% | ETA 0.4h
step 15520/16281 95% [main] | loss 1.580 | lr 1.00e-02 | gnorm 0.71 | 14.24B tok | 77K tok/s/gpu | MFU 32% | ETA 0.4h
step 15530/16281 95% [main] | loss 1.813 | lr 1.00e-02 | gnorm 0.73 | 14.25B tok | 77K tok/s/gpu | MFU 32% | ETA 0.4h
step 15540/16281 95% [main] | loss 1.873 | lr 1.00e-02 | gnorm 0.67 | 14.26B tok | 77K tok/s/gpu | MFU 32% | ETA 0.4h
step 15550/16281 96% [main] | loss 2.018 | lr 1.00e-02 | gnorm 0.82 | 14.27B tok | 77K tok/s/gpu | MFU 32% | ETA 0.3h
step 15560/16281 96% [main] | loss 1.716 | lr 1.00e-02 | gnorm 0.85 | 14.28B tok | 77K tok/s/gpu | MFU 32% | ETA 0.3h
step 15570/16281 96% [main] | loss 1.220 | lr 1.00e-02 | gnorm 0.77 | 14.29B tok | 77K tok/s/gpu | MFU 32% | ETA 0.3h
step 15580/16281 96% [main] | loss 1.465 | lr 1.00e-02 | gnorm 0.79 | 14.29B tok | 77K tok/s/gpu | MFU 32% | ETA 0.3h
step 15590/16281 96% [main] | loss 1.697 | lr 1.00e-02 | gnorm 1.11 | 14.30B tok | 77K tok/s/gpu | MFU 32% | ETA 0.3h
step 15600/16281 96% [main] | loss 1.456 | lr 1.00e-02 | gnorm 0.79 | 14.31B tok | 74K tok/s/gpu | MFU 31% | ETA 0.3h
step 15610/16281 96% [main] | loss 1.427 | lr 1.00e-02 | gnorm 0.77 | 14.32B tok | 77K tok/s/gpu | MFU 32% | ETA 0.3h
step 15620/16281 96% [main] | loss 1.320 | lr 1.00e-02 | gnorm 0.70 | 14.33B tok | 77K tok/s/gpu | MFU 32% | ETA 0.3h
step 15630/16281 96% [main] | loss 1.585 | lr 1.00e-02 | gnorm 0.71 | 14.34B tok | 77K tok/s/gpu | MFU 32% | ETA 0.3h
step 15640/16281 96% [main] | loss 1.849 | lr 1.00e-02 | gnorm 0.75 | 14.35B tok | 77K tok/s/gpu | MFU 32% | ETA 0.3h
step 15650/16281 96% [main] | loss 1.629 | lr 1.00e-02 | gnorm 0.74 | 14.36B tok | 77K tok/s/gpu | MFU 32% | ETA 0.3h
step 15660/16281 96% [main] | loss 1.742 | lr 1.00e-02 | gnorm 0.96 | 14.37B tok | 77K tok/s/gpu | MFU 32% | ETA 0.3h
step 15670/16281 96% [main] | loss 1.734 | lr 1.00e-02 | gnorm 1.19 | 14.38B tok | 77K tok/s/gpu | MFU 32% | ETA 0.3h
step 15680/16281 96% [main] | loss 1.869 | lr 1.00e-02 | gnorm 0.89 | 14.39B tok | 77K tok/s/gpu | MFU 32% | ETA 0.3h
step 15690/16281 96% [main] | loss 1.277 | lr 1.00e-02 | gnorm 0.93 | 14.40B tok | 77K tok/s/gpu | MFU 32% | ETA 0.3h
step 15700/16281 96% [main] | loss 1.624 | lr 1.00e-02 | gnorm 0.76 | 14.40B tok | 75K tok/s/gpu | MFU 31% | ETA 0.3h
step 15710/16281 96% [main] | loss 1.457 | lr 1.00e-02 | gnorm 0.80 | 14.41B tok | 77K tok/s/gpu | MFU 32% | ETA 0.3h
step 15720/16281 97% [main] | loss 1.919 | lr 1.00e-02 | gnorm 0.69 | 14.42B tok | 77K tok/s/gpu | MFU 32% | ETA 0.3h
step 15730/16281 97% [main] | loss 2.013 | lr 1.00e-02 | gnorm 0.76 | 14.43B tok | 77K tok/s/gpu | MFU 32% | ETA 0.3h
step 15740/16281 97% [main] | loss 1.554 | lr 1.00e-02 | gnorm 1.52 | 14.44B tok | 77K tok/s/gpu | MFU 32% | ETA 0.3h
step 15750/16281 97% [main] | loss 2.003 | lr 1.00e-02 | gnorm 1.15 | 14.45B tok | 77K tok/s/gpu | MFU 32% | ETA 0.3h
step 15760/16281 97% [main] | loss 1.757 | lr 1.00e-02 | gnorm 0.67 | 14.46B tok | 77K tok/s/gpu | MFU 32% | ETA 0.2h
step 15770/16281 97% [main] | loss 1.710 | lr 1.00e-02 | gnorm 0.71 | 14.47B tok | 77K tok/s/gpu | MFU 32% | ETA 0.2h
step 15780/16281 97% [main] | loss 1.837 | lr 1.00e-02 | gnorm 0.74 | 14.48B tok | 77K tok/s/gpu | MFU 32% | ETA 0.2h
step 15790/16281 97% [main] | loss 1.696 | lr 1.00e-02 | gnorm 0.69 | 14.49B tok | 77K tok/s/gpu | MFU 32% | ETA 0.2h
step 15800/16281 97% [main] | loss 1.348 | lr 1.00e-02 | gnorm 0.82 | 14.50B tok | 74K tok/s/gpu | MFU 31% | ETA 0.2h
step 15810/16281 97% [main] | loss 1.707 | lr 1.00e-02 | gnorm 0.95 | 14.51B tok | 77K tok/s/gpu | MFU 32% | ETA 0.2h
step 15820/16281 97% [main] | loss 1.441 | lr 1.00e-02 | gnorm 0.68 | 14.51B tok | 77K tok/s/gpu | MFU 32% | ETA 0.2h
step 15830/16281 97% [main] | loss 2.026 | lr 1.00e-02 | gnorm 0.66 | 14.52B tok | 77K tok/s/gpu | MFU 32% | ETA 0.2h
step 15840/16281 97% [main] | loss 1.324 | lr 1.00e-02 | gnorm 1.11 | 14.53B tok | 77K tok/s/gpu | MFU 32% | ETA 0.2h
step 15850/16281 97% [main] | loss 1.782 | lr 1.00e-02 | gnorm 0.95 | 14.54B tok | 74K tok/s/gpu | MFU 31% | ETA 0.2h
step 15860/16281 97% [main] | loss 1.395 | lr 1.00e-02 | gnorm 0.79 | 14.55B tok | 77K tok/s/gpu | MFU 32% | ETA 0.2h
step 15870/16281 97% [main] | loss 2.193 | lr 1.00e-02 | gnorm 0.78 | 14.56B tok | 77K tok/s/gpu | MFU 32% | ETA 0.2h
step 15880/16281 98% [main] | loss 1.929 | lr 1.00e-02 | gnorm 0.95 | 14.57B tok | 77K tok/s/gpu | MFU 32% | ETA 0.2h
step 15890/16281 98% [main] | loss 1.949 | lr 1.00e-02 | gnorm 0.69 | 14.58B tok | 76K tok/s/gpu | MFU 32% | ETA 0.2h
step 15900/16281 98% [main] | loss 1.777 | lr 1.00e-02 | gnorm 1.27 | 14.59B tok | 77K tok/s/gpu | MFU 32% | ETA 0.2h
step 15910/16281 98% [main] | loss 1.399 | lr 1.00e-02 | gnorm 0.67 | 14.60B tok | 77K tok/s/gpu | MFU 32% | ETA 0.2h
step 15920/16281 98% [main] | loss 1.522 | lr 1.00e-02 | gnorm 0.67 | 14.61B tok | 77K tok/s/gpu | MFU 32% | ETA 0.2h
step 15930/16281 98% [main] | loss 1.830 | lr 1.00e-02 | gnorm 0.73 | 14.62B tok | 77K tok/s/gpu | MFU 32% | ETA 0.2h
step 15940/16281 98% [main] | loss 2.470 | lr 1.00e-02 | gnorm 0.67 | 14.63B tok | 77K tok/s/gpu | MFU 32% | ETA 0.2h
step 15950/16281 98% [main] | loss 1.577 | lr 1.00e-02 | gnorm 0.73 | 14.63B tok | 77K tok/s/gpu | MFU 32% | ETA 0.2h
step 15960/16281 98% [main] | loss 1.521 | lr 1.00e-02 | gnorm 0.75 | 14.64B tok | 77K tok/s/gpu | MFU 32% | ETA 0.2h
step 15970/16281 98% [main] | loss 1.657 | lr 1.00e-02 | gnorm 1.06 | 14.65B tok | 77K tok/s/gpu | MFU 32% | ETA 0.1h
step 15980/16281 98% [main] | loss 1.675 | lr 1.00e-02 | gnorm 0.74 | 14.66B tok | 77K tok/s/gpu | MFU 32% | ETA 0.1h
step 15990/16281 98% [main] | loss 1.919 | lr 1.00e-02 | gnorm 0.89 | 14.67B tok | 77K tok/s/gpu | MFU 32% | ETA 0.1h
step 16000/16281 val 2.116
step 16000/16281 98% [main] | loss 1.396 | lr 1.00e-02 | gnorm 0.90 | 14.68B tok | 51K tok/s/gpu | MFU 21% | ETA 0.2h
step 16010/16281 98% [main] | loss 1.699 | lr 1.00e-02 | gnorm 0.84 | 14.69B tok | 77K tok/s/gpu | MFU 32% | ETA 0.1h
step 16020/16281 98% [main] | loss 1.713 | lr 1.00e-02 | gnorm 0.92 | 14.70B tok | 77K tok/s/gpu | MFU 32% | ETA 0.1h
step 16030/16281 98% [main] | loss 2.086 | lr 1.00e-02 | gnorm 0.96 | 14.71B tok | 77K tok/s/gpu | MFU 32% | ETA 0.1h
step 16040/16281 99% [main] | loss 1.470 | lr 1.00e-02 | gnorm 0.84 | 14.72B tok | 77K tok/s/gpu | MFU 32% | ETA 0.1h
step 16050/16281 99% [main] | loss 2.020 | lr 1.00e-02 | gnorm 0.80 | 14.73B tok | 74K tok/s/gpu | MFU 31% | ETA 0.1h
step 16060/16281 99% [main] | loss 1.466 | lr 1.00e-02 | gnorm 0.78 | 14.74B tok | 77K tok/s/gpu | MFU 32% | ETA 0.1h
step 16070/16281 99% [main] | loss 1.696 | lr 1.00e-02 | gnorm 0.75 | 14.74B tok | 77K tok/s/gpu | MFU 32% | ETA 0.1h
step 16080/16281 99% [main] | loss 1.891 | lr 1.00e-02 | gnorm 0.61 | 14.75B tok | 77K tok/s/gpu | MFU 32% | ETA 0.1h
step 16090/16281 99% [main] | loss 2.116 | lr 1.00e-02 | gnorm 0.75 | 14.76B tok | 75K tok/s/gpu | MFU 31% | ETA 0.1h
step 16100/16281 99% [main] | loss 1.681 | lr 1.00e-02 | gnorm 0.82 | 14.77B tok | 74K tok/s/gpu | MFU 31% | ETA 0.1h
step 16110/16281 99% [main] | loss 1.616 | lr 1.00e-02 | gnorm 0.84 | 14.78B tok | 77K tok/s/gpu | MFU 32% | ETA 0.1h
step 16120/16281 99% [main] | loss 1.365 | lr 1.00e-02 | gnorm 0.76 | 14.79B tok | 77K tok/s/gpu | MFU 32% | ETA 0.1h
step 16130/16281 99% [main] | loss 1.394 | lr 1.00e-02 | gnorm 0.73 | 14.80B tok | 77K tok/s/gpu | MFU 32% | ETA 0.1h
step 16140/16281 99% [main] | loss 2.147 | lr 1.00e-02 | gnorm 0.77 | 14.81B tok | 77K tok/s/gpu | MFU 32% | ETA 0.1h
step 16150/16281 99% [main] | loss 1.991 | lr 1.00e-02 | gnorm 0.89 | 14.82B tok | 77K tok/s/gpu | MFU 32% | ETA 0.1h
step 16160/16281 99% [main] | loss 1.771 | lr 1.00e-02 | gnorm 0.82 | 14.83B tok | 77K tok/s/gpu | MFU 32% | ETA 0.1h
step 16170/16281 99% [main] | loss 2.070 | lr 1.00e-02 | gnorm 0.75 | 14.84B tok | 77K tok/s/gpu | MFU 32% | ETA 0.1h
step 16180/16281 99% [main] | loss 1.852 | lr 1.00e-02 | gnorm 0.85 | 14.85B tok | 77K tok/s/gpu | MFU 32% | ETA 0.0h
step 16190/16281 99% [main] | loss 1.623 | lr 1.00e-02 | gnorm 0.80 | 14.85B tok | 74K tok/s/gpu | MFU 31% | ETA 0.0h
step 16200/16281 100% [main] | loss 1.820 | lr 1.00e-02 | gnorm 0.87 | 14.86B tok | 73K tok/s/gpu | MFU 30% | ETA 0.0h
step 16210/16281 100% [main] | loss 1.927 | lr 1.00e-02 | gnorm 1.18 | 14.87B tok | 77K tok/s/gpu | MFU 32% | ETA 0.0h
step 16220/16281 100% [main] | loss 1.411 | lr 1.00e-02 | gnorm 0.79 | 14.88B tok | 77K tok/s/gpu | MFU 32% | ETA 0.0h
step 16230/16281 100% [main] | loss 2.495 | lr 1.00e-02 | gnorm 0.96 | 14.89B tok | 77K tok/s/gpu | MFU 32% | ETA 0.0h
step 16240/16281 100% [main] | loss 1.094 | lr 1.00e-02 | gnorm 0.69 | 14.90B tok | 77K tok/s/gpu | MFU 32% | ETA 0.0h
step 16250/16281 100% [main] | loss 2.171 | lr 1.00e-02 | gnorm 0.71 | 14.91B tok | 77K tok/s/gpu | MFU 32% | ETA 0.0h
step 16260/16281 100% [main] | loss 2.031 | lr 1.00e-02 | gnorm 0.73 | 14.92B tok | 77K tok/s/gpu | MFU 32% | ETA 0.0h
step 16270/16281 100% [main] | loss 2.521 | lr 1.00e-02 | gnorm 0.84 | 14.93B tok | 77K tok/s/gpu | MFU 32% | ETA 0.0h
step 16280/16281 100% [main] | loss 1.378 | lr 1.00e-02 | gnorm 0.75 | 14.94B tok | 77K tok/s/gpu | MFU 32% | ETA 0.0h
ep 1/1 train 1.378 val 2.085 28425s
saved /work/aupai/ckpt_pretrain_15b_s1.pt
/work/aupai/runs/pretrain_15b_s1.log: no curves found

ckpt_pretrain_15b_s1.pt  type=base  6 metrics
  model           ... loading
  model           loaded
  domain_loss     ... running
  domain_loss     {'web_hq': {'loss': 4.0504, 'tokens': 262144}, 'textbook': {'loss': 1.9041, 'tokens': 262144}, 'wiki': {'loss': 3.7559, 'tokens': 262144}, 'en': {'loss': 2.0902, 'tokens': 262144}, 'math': {'loss': 2.1913, 'tokens': 262144}, 'code': {'loss': 1.5526, 'tokens': 262144}, 'chat': {'loss': 3.1881, 'tokens': 262144}, 'unweighted_mean': 2.6761, '_wall_s': 70.3} (70.3s)
  minimal_pairs   ... running
  minimal_pairs   {'ckpt': 'ckpt_pretrain_15b_s1.pt', 'n_params': 206.1282, 'swap': False, 'n_pairs': 277, 'skipped': {'word_order': 1, 'classifier': 14, 'function_word': 9, 'factual': 2}, 'dimensions': {'classifier': {'acc': 0.9523809523809523, 'n': 42}, 'factual': {'acc': 0.875, 'n': 16}, 'function_word': {'acc': 1.0, 'n': 20}, 'numeric': {'acc': 0.59, 'n': 100}, 'word_order': {'acc': 0.8383838383838383, 'n': 99}}, 'overall': 0.779783393501805, 'mean_margin_nats': 2.356590339853445, '_wall_s': 13.6} (13.6s)
  mc_ceval        ... running
  mc_ceval        {'C-Eval (zh)': 25.4, 'Average': 25.4, '_wall_s': 18.7} (18.7s)
  lambada_zh      ... running
  lambada_zh      {'ckpt': 'ckpt_pretrain_15b_s1.pt', 'n_params': 206.1282, 'swap': False, 'n_items': 1000, 'provenance': ['lambada_zh_src.jsonl'], 'open_acc1': 0.312, 'open_acc5': 0.576, 'two_way_acc': 0.9373695254325867, '_wall_s': 19.2} (19.2s)
  math_v2_like    ... running
  math_v2_like    {'ckpt': 'ckpt_pretrain_15b_s1.pt', 'n_params': 206.1282, 'swap': False, 'n_items': 3012, 'skipped': {'no_digit': 0, 'tok_len': 149, 'no_boxed': 0}, 'overall': 0.9741035856573705, 'families': {'abs_equation': {'acc': 1.0, 'n': 223}, 'cryptarithm': {'acc': 1.0, 'n': 220}, 'factorize': {'acc': 1.0, 'n': 95}, 'floor_gauss': {'acc': 0.7785714268684387, 'n': 280}, 'fractional_eq': {'acc': 1.0, 'n': 275}, 'hound_hare': {'acc': 1.0, 'n': 161}, 'inverse_prop': {'acc': 1.0, 'n': 142}, 'linear_func': {'acc': 1.0, 'n': 273}, 'number_array_cross': {'acc': 1.0, 'n': 3}, 'number_line_moving': {'acc': 0.9454545378684998, 'n': 275}, 'perfect_square_pattern': {'acc': 0.8999999761581421, 'n': 10}, 'pythagoras': {'acc': 1.0, 'n': 128}, 'quadratic': {'acc': 1.0, 'n': 138}, 'quadratic_func': {'acc': 1.0, 'n': 79}, 'right_triangle_3060': {'acc': 1.0, 'n': 26}, 'similar_triangle': {'acc': 1.0, 'n': 124}, 'system_2var': {'acc': 1.0, 'n': 280}, 'variance': {'acc': 1.0, 'n': 280}}, '_wall_s': 21.0} (21.0s)
  l1_fewshot      ... running
  l1_fewshot      ERROR: l1_fewshot.py exited 1: eval_artifacts.ArtifactExists: /work/aupai/data/eval/preds_l1_d3.jsonl exists (454238 bytes). An eval artifact is the only copy of what a checkpoint generated -- a 477-row preds file that a fact cited (9.3s)

ckpt_pretrain_15b_s1.pt  type=base
  domain_loss     mean=2.6761 across 8 domains
  minimal_pairs   {'ckpt': 'ckpt_pretrain_15b_s1.pt', 'n_params': 206.1282, 'swap': False, 'n_pairs': 277, 'skipped': {'word_order': 1, 'classifier': 14, 'function_word': 9, 'factual': 2}, 'dimensions': {'classifier': {'acc': 0.9523809523809523, 'n': 42}, 'factual': {'acc': 0.875, 'n': 16}, 'function_word': {'acc': 1.0, 'n': 20}, 'numeric': {'acc': 0.59, 'n': 100}, 'word_order': {'acc': 0.8383838383838383, 'n': 99}}, 'overall': 0.779783393501805, 'mean_margin_nats': 2.356590339853445, '_wall_s': 13.6}
  mc_ceval        {'C-Eval (zh)': 25.4, 'Average': 25.4, '_wall_s': 18.7}
  lambada_zh      {'ckpt': 'ckpt_pretrain_15b_s1.pt', 'n_params': 206.1282, 'swap': False, 'n_items': 1000, 'provenance': ['lambada_zh_src.jsonl'], 'open_acc1': 0.312, 'open_acc5': 0.576, 'two_way_acc': 0.9373695254325867, '_wall_s': 19.2}
  math_v2_like    {'ckpt': 'ckpt_pretrain_15b_s1.pt', 'n_params': 206.1282, 'swap': False, 'n_items': 3012, 'skipped': {'no_digit': 0, 'tok_len': 149, 'no_boxed': 0}, 'overall': 0.9741035856573705, 'families': {'abs_equation': {'acc': 1.0, 'n': 223}, 'cryptarithm': {'acc': 1.0, 'n': 220}, 'factorize': {'acc': 1.0, 'n': 95}, 'floor_gauss': {'acc': 0.7785714268684387, 'n': 280}, 'fractional_eq': {'acc': 1.0, 'n': 275}, 'hound_hare': {'acc': 1.0, 'n': 161}, 'inverse_prop': {'acc': 1.0, 'n': 142}, 'linear_func': {'acc': 1.0, 'n': 273}, 'number_array_cross': {'acc': 1.0, 'n': 3}, 'number_line_moving': {'acc': 0.9454545378684998, 'n': 275}, 'perfect_square_pattern': {'acc': 0.8999999761581421, 'n': 10}, 'pythagoras': {'acc': 1.0, 'n': 128}, 'quadratic': {'acc': 1.0, 'n': 138}, 'quadratic_func': {'acc': 1.0, 'n': 79}, 'right_triangle_3060': {'acc': 1.0, 'n': 26}, 'similar_triangle': {'acc': 1.0, 'n': 124}, 'system_2var': {'acc': 1.0, 'n': 280}, 'variance': {'acc': 1.0, 'n': 280}}, '_wall_s': 21.0}
  l1_fewshot      ERROR: l1_fewshot.py exited 1: eval_artifacts.ArtifactExists: /work/aupai/data/eval/preds_l1_d3.jsonl exists (454238 bytes). An eval artifact is the only copy of what a checkpoint generated -- a 477-row preds file that a fact cited
  math_hard       SKIPPED: generative; a base checkpoint reads zero (ckpt_0830v1_0.8b: math-500 0/500)
  math_500        SKIPPED: generative; a base checkpoint reads zero
  code_500        SKIPPED: generative; a base checkpoint reads zero
  code_500_v2     SKIPPED: generative; a base checkpoint reads zero
  pass_at_k       SKIPPED: needs a policy (SFT or RL); a base checkpoint has none
  mc_full         SKIPPED: hellaswag/piqa unreachable from this machine (pod HF egress broken); not a signal judgement -- run --benchmarks hellaswag piqa on a box with egress. English MC also at chance on every 200M measured, ceval stays as tripwire

wrote 1 record(s) to runs/score_matrix.jsonl
