SWEEP1_START 2026-09-12T14:57:25Z
disk_before used=1553425M avail=426789M
--B--
DELETED 2026-09-12T14:57:25Z /data00/tokens_code_py_starcoder.pt 30335MB CACHE
DELETED 2026-09-12T14:57:25Z /data00/tokens_code_py_starcoder.pt.vocab 1MB CACHE
DELETED 2026-09-12T14:57:25Z /data00/tokens_code_py_starcoder.pt.srcfp 1MB CACHE
DELETED 2026-09-12T14:57:25Z /data00/tokens_code_py_starcoder.pt.seed 1MB CACHE
DELETED 2026-09-12T14:57:25Z /data00/tokens_math_owm_stage2.pt 22389MB CACHE
DELETED 2026-09-12T14:57:25Z /data00/tokens_math_owm_stage2.pt.vocab 1MB CACHE
DELETED 2026-09-12T14:57:25Z /data00/tokens_math_owm_stage2.pt.srcfp 1MB CACHE
DELETED 2026-09-12T14:57:25Z /data00/tokens_math_owm_stage2.pt.seed 1MB CACHE
DELETED 2026-09-12T14:57:25Z /data00/tokens_code_keep_p1.pt 10027MB CACHE
DELETED 2026-09-12T14:57:25Z /data00/tokens_code_keep_p1.pt.vocab 1MB CACHE
DELETED 2026-09-12T14:57:25Z /data00/tokens_code_keep_p1.pt.srcfp 1MB CACHE
DELETED 2026-09-12T14:57:25Z /data00/tokens_code_keep_p1.pt.seed 1MB CACHE
DELETED 2026-09-12T14:57:25Z /data00/tokens_en_c4_stage2.pt 7574MB CACHE
DELETED 2026-09-12T14:57:25Z /data00/tokens_en_c4_stage2.pt.vocab 1MB CACHE
DELETED 2026-09-12T14:57:25Z /data00/tokens_en_c4_stage2.pt.srcfp 1MB CACHE
DELETED 2026-09-12T14:57:25Z /data00/tokens_en_c4_stage2.pt.seed 1MB CACHE
DELETED 2026-09-12T14:57:25Z /data00/tokens_cot.pt 1527MB CACHE
DELETED 2026-09-12T14:57:25Z /data00/tokens_cot.pt.vocab 1MB CACHE
DELETED 2026-09-12T14:57:25Z /data00/tokens_cot.pt.srcfp 1MB CACHE
DELETED 2026-09-12T14:57:25Z /data00/tokens_cot.pt.seed 1MB CACHE
DELETED 2026-09-12T14:57:25Z /data00/tokens_code_py_rp1t.pt 1449MB CACHE
DELETED 2026-09-12T14:57:25Z /data00/tokens_code_py_rp1t.pt.vocab 1MB CACHE
DELETED 2026-09-12T14:57:25Z /data00/tokens_code_py_rp1t.pt.srcfp 1MB CACHE
DELETED 2026-09-12T14:57:25Z /data00/tokens_code_py_rp1t.pt.seed 1MB CACHE
--C--
DELETED 2026-09-12T14:57:25Z /data00/tokens_textbook.pt 14638MB CACHE
DELETED 2026-09-12T14:57:25Z /data00/tokens_textbook.pt.vocab 1MB CACHE
DELETED 2026-09-12T14:57:25Z /data00/tokens_textbook.pt.srcfp 1MB CACHE
DELETED 2026-09-12T14:57:25Z /data00/tokens_textbook.pt.seed 1MB CACHE
DELETED 2026-09-12T14:57:25Z /data00/tokens_wiki.pt 1892MB CACHE
DELETED 2026-09-12T14:57:25Z /data00/tokens_wiki.pt.vocab 1MB CACHE
DELETED 2026-09-12T14:57:25Z /data00/tokens_wiki.pt.srcfp 1MB CACHE
DELETED 2026-09-12T14:57:25Z /data00/tokens_wiki.pt.seed 1MB CACHE
DELETED 2026-09-12T14:57:25Z /data00/tokens_en.pt 1386MB CACHE
DELETED 2026-09-12T14:57:25Z /data00/tokens_en.pt.vocab 1MB CACHE
DELETED 2026-09-12T14:57:25Z /data00/tokens_en.pt.srcfp 1MB CACHE
DELETED 2026-09-12T14:57:25Z /data00/tokens_en.pt.seed 1MB CACHE
DELETED 2026-09-12T14:57:25Z /data00/tokens_math.pt 310MB CACHE
DELETED 2026-09-12T14:57:25Z /data00/tokens_math.pt.vocab 1MB CACHE
DELETED 2026-09-12T14:57:25Z /data00/tokens_math.pt.srcfp 1MB CACHE
DELETED 2026-09-12T14:57:25Z /data00/tokens_math.pt.seed 1MB CACHE
DELETED 2026-09-12T14:57:25Z /data00/tokens_code.pt 205MB CACHE
DELETED 2026-09-12T14:57:25Z /data00/tokens_code.pt.vocab 1MB CACHE
DELETED 2026-09-12T14:57:25Z /data00/tokens_code.pt.srcfp 1MB CACHE
DELETED 2026-09-12T14:57:25Z /data00/tokens_code.pt.seed 1MB CACHE
DELETED 2026-09-12T14:57:25Z /data00/tokens_chat.pt 271MB CACHE
DELETED 2026-09-12T14:57:25Z /data00/tokens_chat.pt.vocab 1MB CACHE
DELETED 2026-09-12T14:57:25Z /data00/tokens_chat.pt.srcfp 1MB CACHE
DELETED 2026-09-12T14:57:25Z /data00/tokens_chat.pt.seed 1MB CACHE
--D--
DELETED 2026-09-12T14:57:25Z /work/aupai/data/corpus/code_ultra_l3 7832MB DIR
DELETED 2026-09-12T14:57:25Z /work/aupai/data/corpus/code_ultra_l2_sample 5466MB DIR
DELETED 2026-09-12T14:57:25Z /work/aupai/data/corpus/code_ultra_l3_sample 2290MB DIR
DELETED 2026-09-12T14:57:25Z /work/aupai/data/corpus/code_ultra_l3_noexec 1MB DIR
DELETED 2026-09-12T14:57:25Z /work/aupai/data/corpus/code_ultra_l2 1MB DIR
--A--
DELETED 2026-09-12T14:57:25Z /work/aupai/data/corpus/code_py_starcoder 28207MB DIR
DELETED 2026-09-12T14:57:25Z /work/aupai/data/corpus/math_owm_stage2 20556MB DIR
DELETED 2026-09-12T14:57:25Z /work/aupai/data/corpus/code_keep_p1 9127MB DIR
DELETED 2026-09-12T14:57:25Z /work/aupai/data/corpus/cot 1265MB DIR
DELETED 2026-09-12T14:57:25Z /work/aupai/data/corpus/code_py_rp1t 1445MB DIR
DELETED 2026-09-12T14:57:25Z /work/aupai/data/corpus/en_c4_stage2 8292MB DIR
disk_after used=1394324M avail=585890M
SWEEP1_ABCD_DONE 2026-09-12T14:57:25Z

SWEEP1_TMP_START 2026-09-12T15:02:05Z
disk_before used=1394368M avail=585846M
held_open_paths=65
DELETED 2026-09-12T15:02:05Z /tmp/tmpnt1ky0df.txt 1MB TMP
DELETED 2026-09-12T15:02:05Z /tmp/tmp590x5mxe 1MB TMP
DELETED 2026-09-12T15:02:05Z /tmp/torchelastic_u1ul4vpa 1MB TMP
DELETED 2026-09-12T15:02:05Z /tmp/tmp632qwxya 1MB TMP
DELETED 2026-09-12T15:02:05Z /tmp/tmpwi1of84f 1MB TMP
DELETED 2026-09-12T15:02:05Z /tmp/m2.txt 1MB TMP
DELETED 2026-09-12T15:02:05Z /tmp/s52check.sh 0MB TMP
DELETED 2026-09-12T15:02:05Z /tmp/wt.b64.ae 1MB TMP
DELETED 2026-09-12T15:02:05Z /tmp/packtp.log 1MB TMP
DELETED 2026-09-12T15:02:05Z /tmp/recount_cot_ot.out 1MB TMP
DELETED 2026-09-12T15:02:05Z /tmp/tmpyg36ufyg 1MB TMP
DELETED 2026-09-12T15:02:05Z /tmp/c0a914c3b1284bf2aaa1d61b6ef52a44-pulp.mps 1MB TMP
DELETED 2026-09-12T15:02:05Z /tmp/tmpvzbi3eja 1MB TMP
DELETED 2026-09-12T15:02:05Z /tmp/refit.log 1MB TMP
DELETED 2026-09-12T15:02:05Z /tmp/tmpwuusnsua 1MB TMP
DELETED 2026-09-12T15:02:05Z /tmp/inspect_textbook.py 1MB TMP
DELETED 2026-09-12T15:02:05Z /tmp/tmp8xmvth_j.in 1MB TMP
DELETED 2026-09-12T15:02:05Z /tmp/b0_pf.py 1MB TMP
DELETED 2026-09-12T15:02:05Z /tmp/packtest.log 1MB TMP
DELETED 2026-09-12T15:02:05Z /tmp/pfm_pristine.py 1MB TMP
DELETED 2026-09-12T15:02:05Z /tmp/r3.py 1MB TMP
DELETED 2026-09-12T15:02:05Z /tmp/mixed.txt 1MB TMP
DELETED 2026-09-12T15:02:05Z /tmp/pip-unpack-sbe8pdx9 11MB TMP
DELETED 2026-09-12T15:02:05Z /tmp/tmphy00_usv 1MB TMP
DELETED 2026-09-12T15:02:05Z /tmp/m3_peak.log 1MB TMP
DELETED 2026-09-12T15:02:05Z /tmp/mtp_acceptance.sh 0MB TMP
DELETED 2026-09-12T15:02:05Z /tmp/_l9dir.py 1MB TMP
DELETED 2026-09-12T15:02:05Z /tmp/tmp9hz_ngd_ 1MB TMP
DELETED 2026-09-12T15:02:05Z /tmp/test1.ini 1MB TMP
DELETED 2026-09-12T15:02:05Z /tmp/tmpd2cr0az8 1MB TMP
DELETED 2026-09-12T15:02:05Z /tmp/tmpzh42lb63 1MB TMP
DELETED 2026-09-12T15:02:05Z /tmp/dfnorm.py 1MB TMP
DELETED 2026-09-12T15:02:05Z /tmp/pip-unpack-7lnwps0b 1MB TMP
DELETED 2026-09-12T15:02:05Z /tmp/tmpp4f479w3 1MB TMP
DELETED 2026-09-12T15:02:05Z /tmp/tmp6zjsklbe 1MB TMP
DELETED 2026-09-12T15:02:05Z /tmp/test_graph4.txt 1MB TMP
DELETED 2026-09-12T15:02:05Z /tmp/torchelastic_nzj7141z 1MB TMP
DELETED 2026-09-12T15:02:05Z /tmp/tmpjem9r6cp.cpp 1MB TMP
DELETED 2026-09-12T15:02:05Z /tmp/e1_nu2.py 1MB TMP
DELETED 2026-09-12T15:02:05Z /tmp/b0_trees 1MB TMP
DELETED 2026-09-12T15:02:05Z /tmp/tmpcuijfhb2.txt 1MB TMP
DELETED 2026-09-12T15:02:05Z /tmp/tmpf9wydno7 1MB TMP
DELETED 2026-09-12T15:02:05Z /tmp/prev263 1MB TMP
DELETED 2026-09-12T15:02:05Z /tmp/wt.b64.ao 1MB TMP
DELETED 2026-09-12T15:02:05Z /tmp/pip-unpack-qwssm39n 1MB TMP
DELETED 2026-09-12T15:02:05Z /tmp/tmp2dcgxey1 1MB TMP
DELETED 2026-09-12T15:02:05Z /tmp/tmpadd6k41b 1MB TMP
DELETED 2026-09-12T15:02:05Z /tmp/tmpm5xj9z0g 1MB TMP
DELETED 2026-09-12T15:02:05Z /tmp/de_ctx_probe.py 1MB TMP
DELETED 2026-09-12T15:02:05Z /tmp/torchelastic_1zwf91rg 1MB TMP
DELETED 2026-09-12T15:02:05Z /tmp/extract_toolcall.sh 1MB TMP
DELETED 2026-09-12T15:02:05Z /tmp/tmp6hm4q9z8 1MB TMP
DELETED 2026-09-12T15:02:05Z /tmp/n7_ms.sh 1MB TMP
DELETED 2026-09-12T15:02:05Z /tmp/torchelastic__ruf594r 1MB TMP
DELETED 2026-09-12T15:02:05Z /tmp/tmpe9cgrw_p 1MB TMP
DELETED 2026-09-12T15:02:05Z /tmp/pip-unpack-i0064rmy 1MB TMP
DELETED 2026-09-12T15:02:05Z /tmp/tmpzqx75egw 1MB TMP
DELETED 2026-09-12T15:02:05Z /tmp/tmpdiu0o6tj 1MB TMP
DELETED 2026-09-12T15:02:05Z /tmp/pymp-g07uhuwf 1MB TMP
DELETED 2026-09-12T15:02:05Z /tmp/tmpru3a0r5y 1MB TMP
DELETED 2026-09-12T15:02:05Z /tmp/torchelastic_jxpjnk75 1MB TMP
DELETED 2026-09-12T15:02:05Z /tmp/3b_c 1MB TMP
DELETED 2026-09-12T15:02:05Z /tmp/langpart_aa 1MB TMP
DELETED 2026-09-12T15:02:05Z /tmp/tsp_dwgkvc2h 1MB TMP
DELETED 2026-09-12T15:02:05Z /tmp/tmp0cqxvke6.txt 1MB TMP
DELETED 2026-09-12T15:02:05Z /tmp/wt.b64.ar 1MB TMP
DELETED 2026-09-12T15:02:05Z /tmp/torchelastic_y3e0i9z1 1MB TMP
DELETED 2026-09-12T15:02:05Z /tmp/relmini 1MB TMP
DELETED 2026-09-12T15:02:05Z /tmp/f32.txt 1MB TMP
DELETED 2026-09-12T15:02:05Z /tmp/tmp2bvtx03d.txt 1MB TMP
DELETED 2026-09-12T15:02:05Z /tmp/tmpseay6a2a 1MB TMP
DELETED 2026-09-12T15:02:05Z /tmp/tmpbnnals8_ 1MB TMP
DELETED 2026-09-12T15:02:05Z /tmp/tmpyrxkg0zx.txt 1MB TMP
DELETED 2026-09-12T15:02:05Z /tmp/torchelastic_kiawifkh 1MB TMP
DELETED 2026-09-12T15:02:05Z /tmp/tok_proxy_en.py 1MB TMP
DELETED 2026-09-12T15:02:05Z /tmp/find_every5.sh 1MB TMP
DELETED 2026-09-12T15:02:05Z /tmp/qwen_coder_tokenizer.json 7MB TMP
DELETED 2026-09-12T15:02:05Z /tmp/tmp317wd9ye 1MB TMP
DELETED 2026-09-12T15:02:05Z /tmp/tmp3_4snn72 1MB TMP
DELETED 2026-09-12T15:02:05Z /tmp/tmpuguhr8dc 1MB TMP
DELETED 2026-09-12T15:02:05Z /tmp/b0_p2.json 1MB TMP
DELETED 2026-09-12T15:02:05Z /tmp/tmp_arlm05z 1MB TMP
DELETED 2026-09-12T15:02:05Z /tmp/tmp68k74ebq.dat 1MB TMP
DELETED 2026-09-12T15:02:05Z /tmp/tmpghmijmxk 1MB TMP
DELETED 2026-09-12T15:02:05Z /tmp/tmpku3irae0 1MB TMP
DELETED 2026-09-12T15:02:05Z /tmp/test_edges5.csv 1MB TMP
DELETED 2026-09-12T15:02:05Z /tmp/pip-unpack-vx8fdagb 1MB TMP
DELETED 2026-09-12T15:02:05Z /tmp/tb_smoke.log 1MB TMP
DELETED 2026-09-12T15:02:05Z /tmp/rescore_sweep.py 1MB TMP
DELETED 2026-09-12T15:02:05Z /tmp/tmpra4g7yj2 1MB TMP
DELETED 2026-09-12T15:02:05Z /tmp/wt.b64.ag 1MB TMP
DELETED 2026-09-12T15:02:05Z /tmp/pip-unpack-banh84x5 1MB TMP
DELETED 2026-09-12T15:02:05Z /tmp/tmpknt4es0r.txt 1MB TMP
DELETED 2026-09-12T15:02:05Z /tmp/tmpcp58uy1c 1MB TMP
DELETED 2026-09-12T15:02:05Z /tmp/test1.qbf 1MB TMP
DELETED 2026-09-12T15:02:05Z /tmp/pip-unpack-7a49ptb9 1MB TMP
DELETED 2026-09-12T15:02:05Z /tmp/test_wm.png 1MB TMP
DELETED 2026-09-12T15:02:05Z /tmp/6a740ac0afde48b1b9748ef01ac5f0fc-pulp.mps 1MB TMP
DELETED 2026-09-12T15:02:05Z /tmp/pip-metadata-0bqolz2v 1MB TMP
DELETED 2026-09-12T15:02:05Z /tmp/b0_gini.py 1MB TMP
DELETED 2026-09-12T15:02:05Z /tmp/_tr_fixed.py 1MB TMP
DELETED 2026-09-12T15:02:05Z /tmp/tmpyczg6zo8 1MB TMP
DELETED 2026-09-12T15:02:05Z /tmp/tmp1buevb0n 1MB TMP
DELETED 2026-09-12T15:02:05Z /tmp/pip-metadata-9b02ztmf 1MB TMP
DELETED 2026-09-12T15:02:05Z /tmp/test_upper.txt 1MB TMP
DELETED 2026-09-12T15:02:05Z /tmp/pip-unpack-nlao8v4f 1MB TMP
DELETED 2026-09-12T15:02:05Z /tmp/close_by_key.py.bak 1MB TMP
DELETED 2026-09-12T15:02:05Z /tmp/tmpfdcb8fkt 1MB TMP
DELETED 2026-09-12T15:02:05Z /tmp/tmpkxfg45s8.txt 1MB TMP
DELETED 2026-09-12T15:02:05Z /tmp/tmptppkjsnw 1MB TMP
DELETED 2026-09-12T15:02:05Z /tmp/wt.b64.by 1MB TMP
DELETED 2026-09-12T15:02:05Z /tmp/tmpqoxb472_ 1MB TMP
DELETED 2026-09-12T15:02:05Z /tmp/contam_dbg3.py 1MB TMP
DELETED 2026-09-12T15:02:05Z /tmp/test_simple.txt 1MB TMP
DELETED 2026-09-12T15:02:05Z /tmp/tmp_tyrcegc 1MB TMP
DELETED 2026-09-12T15:02:05Z /tmp/test_dict2.txt 1MB TMP
DELETED 2026-09-12T15:02:05Z /tmp/torchelastic_e7mqr6lm 1MB TMP
DELETED 2026-09-12T15:02:05Z /tmp/tok_proxy_eval.py 1MB TMP
DELETED 2026-09-12T15:02:05Z /tmp/tmph5hqpc7y 1MB TMP
DELETED 2026-09-12T15:02:05Z /tmp/test3.txt 1MB TMP
DELETED 2026-09-12T15:02:05Z /tmp/tmp70pvassy.txt 1MB TMP
DELETED 2026-09-12T15:02:05Z /tmp/sm_rows.sh 1MB TMP
DELETED 2026-09-12T15:02:05Z /tmp/sm_retracted_only.jsonl 1MB TMP
DELETED 2026-09-12T15:02:05Z /tmp/e1_parent_claim 1MB TMP
DELETED 2026-09-12T15:02:05Z /tmp/tmp9mfzu0w_ 1MB TMP
DELETED 2026-09-12T15:02:05Z /tmp/tmptuv9j1wn 1MB TMP
DELETED 2026-09-12T15:02:05Z /tmp/good2.txt 1MB TMP
DELETED 2026-09-12T15:02:05Z /tmp/test_flag5.txt 1MB TMP
DELETED 2026-09-12T15:02:05Z /tmp/tmpmvpw1c9c 1MB TMP
DELETED 2026-09-12T15:02:05Z /tmp/tmpy23bjmhh 1MB TMP
DELETED 2026-09-12T15:02:05Z /tmp/tmp667cpg9p 1MB TMP
DELETED 2026-09-12T15:02:05Z /tmp/pymp-ukfz4p_3 1MB TMP
DELETED 2026-09-12T15:02:05Z /tmp/tmpd4yohd5a 1MB TMP
DELETED 2026-09-12T15:02:05Z /tmp/tmpl3tpdz57 1MB TMP
DELETED 2026-09-12T15:02:05Z /tmp/tmpee14pkt3 1MB TMP
DELETED 2026-09-12T15:02:05Z /tmp/torchelastic_mky2wyp4 1MB TMP
DELETED 2026-09-12T15:02:05Z /tmp/tmpd1q05l0g 1MB TMP
DELETED 2026-09-12T15:02:05Z /tmp/torchelastic_5dl8dzft 1MB TMP
DELETED 2026-09-12T15:02:05Z /tmp/torchelastic_qs109uk2 1MB TMP
DELETED 2026-09-12T15:02:05Z /tmp/tmpd2rtzsnm.txt 1MB TMP
DELETED 2026-09-12T15:02:05Z /tmp/pip-metadata-kg0ca4ud 1MB TMP
DELETED 2026-09-12T15:02:05Z /tmp/torchelastic_2ggkapkn 1MB TMP
DELETED 2026-09-12T15:02:05Z /tmp/torchelastic_h1z2k2r0 1MB TMP
DELETED 2026-09-12T15:02:05Z /tmp/sg.patch 1MB TMP
DELETED 2026-09-12T15:02:05Z /tmp/tmps6r5h8jy.txt 1MB TMP
DELETED 2026-09-12T15:02:05Z /tmp/test_blank.txt 1MB TMP
DELETED 2026-09-12T15:02:05Z /tmp/pretok_rest.sh 1MB TMP
DELETED 2026-09-12T15:02:05Z /tmp/tmp8ysrbfwe 1MB TMP
DELETED 2026-09-12T15:02:05Z /tmp/tmpv6smz9d7 1MB TMP
DELETED 2026-09-12T15:02:05Z /tmp/tmpto4ce93r 1MB TMP
DELETED 2026-09-12T15:02:05Z /tmp/733609df1777498ca1c88f21d7831577-pulp.sol 0MB TMP
DELETED 2026-09-12T15:02:05Z /tmp/tmpj64ia3bx 1MB TMP
DELETED 2026-09-12T15:02:05Z /tmp/tmp5y642isl.cpp 1MB TMP
DELETED 2026-09-12T15:02:05Z /tmp/v2.sh 1MB TMP
DELETED 2026-09-12T15:02:05Z /tmp/test_edges6.csv 1MB TMP
DELETED 2026-09-12T15:02:05Z /tmp/pymp-kz5erscb 1MB TMP
DELETED 2026-09-12T15:02:05Z /tmp/pip-unpack-e8v208r3 2MB TMP
DELETED 2026-09-12T15:02:05Z /tmp/torchelastic_m0y6smhi 1MB TMP
DELETED 2026-09-12T15:02:05Z /tmp/pip-metadata-dlwjurkc 1MB TMP
DELETED 2026-09-12T15:02:05Z /tmp/tmp7pkr0trx 0MB TMP
DELETED 2026-09-12T15:02:05Z /tmp/d2.txt 1MB TMP
DELETED 2026-09-12T15:02:05Z /tmp/pip-unpack-36ou59vq 4MB TMP
DELETED 2026-09-12T15:02:05Z /tmp/tmp1jrb3ktk 1MB TMP
DELETED 2026-09-12T15:02:05Z /tmp/tmpkfjnskgh 1MB TMP
DELETED 2026-09-12T15:02:05Z /tmp/tmpfrcvo3pk.cpp 1MB TMP
DELETED 2026-09-12T15:02:05Z /tmp/tmpdj_wrcw5 1MB TMP
DELETED 2026-09-12T15:02:05Z /tmp/tmphynavjr9 1MB TMP
DELETED 2026-09-12T15:02:05Z /tmp/tmpcs7kumd0 1MB TMP
DELETED 2026-09-12T15:02:05Z /tmp/pip-unpack-uzpnvblf 1MB TMP
DELETED 2026-09-12T15:02:05Z /tmp/e1_28_m.launch 1MB TMP
DELETED 2026-09-12T15:02:05Z /tmp/test_rules3.txt 1MB TMP
DELETED 2026-09-12T15:02:05Z /tmp/pip-unpack-yiwvqzta 1MB TMP
DELETED 2026-09-12T15:02:05Z /tmp/tmp76icd231 1MB TMP
DELETED 2026-09-12T15:02:05Z /tmp/recount_par.out 1MB TMP
DELETED 2026-09-12T15:02:05Z /tmp/probe_pack_leak.py 1MB TMP
DELETED 2026-09-12T15:02:05Z /tmp/tmpevclsu4j.txt 1MB TMP
DELETED 2026-09-12T15:02:05Z /tmp/n7_stageb.sh 1MB TMP
DELETED 2026-09-12T15:02:05Z /tmp/tmptb9chsxa.txt 1MB TMP
DELETED 2026-09-12T15:02:05Z /tmp/start_one.txt 1MB TMP
DELETED 2026-09-12T15:02:05Z /tmp/aggpids 0MB TMP
DELETED 2026-09-12T15:02:05Z /tmp/tmp0njmt845 1MB TMP
DELETED 2026-09-12T15:02:05Z /tmp/e1_nu_probe.py 1MB TMP
DELETED 2026-09-12T15:02:05Z /tmp/test8b.txt 1MB TMP
DELETED 2026-09-12T15:02:05Z /tmp/pip-metadata-03vpb5bv 1MB TMP
DELETED 2026-09-12T15:02:05Z /tmp/tmpsrkrmhcw 1MB TMP
DELETED 2026-09-12T15:02:05Z /tmp/tmp91gdmqpe 1MB TMP
DELETED 2026-09-12T15:02:05Z /tmp/empty.json 0MB TMP
DELETED 2026-09-12T15:02:05Z /tmp/test_1.in 1MB TMP
DELETED 2026-09-12T15:02:05Z /tmp/guarded.py 1MB TMP
DELETED 2026-09-12T15:02:05Z /tmp/pip-metadata-_uravz_k 1MB TMP
DELETED 2026-09-12T15:02:05Z /tmp/pip-unpack-jiybrnmo 1MB TMP
DELETED 2026-09-12T15:02:05Z /tmp/tmpmbl1cw96 1MB TMP
DELETED 2026-09-12T15:02:05Z /tmp/pip-install-j6q340bv 1MB TMP
DELETED 2026-09-12T15:02:05Z /tmp/tmpqm1mlafi 1MB TMP
DELETED 2026-09-12T15:02:05Z /tmp/graph3.txt 1MB TMP
DELETED 2026-09-12T15:02:05Z /tmp/wt.b64.af 1MB TMP
DELETED 2026-09-12T15:02:05Z /tmp/b2.txt 1MB TMP
DELETED 2026-09-12T15:02:05Z /tmp/tmpbyh7upsr 1MB TMP
DELETED 2026-09-12T15:02:05Z /tmp/torchelastic_0m03a4jd 1MB TMP
DELETED 2026-09-12T15:02:05Z /tmp/test_dict9.txt 1MB TMP
DELETED 2026-09-12T15:02:05Z /tmp/_ve_q2.py 1MB TMP
DELETED 2026-09-12T15:02:05Z /tmp/src.txt 1MB TMP
DELETED 2026-09-12T15:02:05Z /tmp/run_tb_smoke.sh 1MB TMP
DELETED 2026-09-12T15:02:05Z /tmp/tmpr_6p_o_2 1MB TMP
DELETED 2026-09-12T15:02:05Z /tmp/b0_31_ready_3s 1MB TMP
DELETED 2026-09-12T15:02:05Z /tmp/tmpb3xnith6.txt 1MB TMP
DELETED 2026-09-12T15:02:05Z /tmp/tmp6gsfbdc6 1MB TMP
DELETED 2026-09-12T15:02:05Z /tmp/pip-metadata-0rd1cfxr 1MB TMP
DELETED 2026-09-12T15:02:05Z /tmp/test7.qbf 1MB TMP
DELETED 2026-09-12T15:02:05Z /tmp/tmp3al7312r 1MB TMP
DELETED 2026-09-12T15:02:05Z /tmp/t3 1MB TMP
DELETED 2026-09-12T15:02:05Z /tmp/b0_31_job_20s.py 1MB TMP
DELETED 2026-09-12T15:02:05Z /tmp/rt_2.jsonl 290MB TMP
DELETED 2026-09-12T15:02:05Z /tmp/tmpxgsasn4n 1MB TMP
DELETED 2026-09-12T15:02:05Z /tmp/pip-unpack-ocvcwu5y 1MB TMP
DELETED 2026-09-12T15:02:05Z /tmp/pip-metadata-tv3_3_3r 1MB TMP
DELETED 2026-09-12T15:02:05Z /tmp/e1_scratch 1MB TMP
DELETED 2026-09-12T15:02:05Z /tmp/b0_launch8b.sh 1MB TMP
DELETED 2026-09-12T15:02:05Z /tmp/sd.b64.aw 1MB TMP
DELETED 2026-09-12T15:02:05Z /tmp/torchelastic_rcog0wf2 1MB TMP
DELETED 2026-09-12T15:02:05Z /tmp/pip-metadata-4borjptt 1MB TMP
DELETED 2026-09-12T15:02:05Z /tmp/adv_decomp.py 1MB TMP
DELETED 2026-09-12T15:02:05Z /tmp/filter_driver.py 1MB TMP
DELETED 2026-09-12T15:02:05Z /tmp/p1_sweep.log 1MB TMP
DELETED 2026-09-12T15:02:05Z /tmp/torchelastic_80uog17x 1MB TMP
DELETED 2026-09-12T15:02:05Z /tmp/test4.csv 1MB TMP
DELETED 2026-09-12T15:02:05Z /tmp/torchelastic_b582v7gj 1MB TMP
DELETED 2026-09-12T15:02:05Z /tmp/tmp5p4y8eqi 1MB TMP
DELETED 2026-09-12T15:02:05Z /tmp/tmpru35srw4 1MB TMP
DELETED 2026-09-12T15:02:05Z /tmp/tmp2kfk1r8f 1MB TMP
DELETED 2026-09-12T15:02:05Z /tmp/sd.b64.ao 1MB TMP
DELETED 2026-09-12T15:02:05Z /tmp/test6.ini 1MB TMP
DELETED 2026-09-12T15:02:05Z /tmp/baby_steps_test3.json 1MB TMP
DELETED 2026-09-12T15:02:05Z /tmp/tmp8l7zaqt8 1MB TMP
DELETED 2026-09-12T15:02:05Z /tmp/tmporaebyjn 1MB TMP
DELETED 2026-09-12T15:02:05Z /tmp/tmpqp9xoifv 1MB TMP
DELETED 2026-09-12T15:02:05Z /tmp/pip-install-etd98sl1 1MB TMP
DELETED 2026-09-12T15:02:05Z /tmp/torchelastic_kz9ip9bu 1MB TMP
DELETED 2026-09-12T15:02:05Z /tmp/tmpqgmxdbo6 1MB TMP
DELETED 2026-09-12T15:02:05Z /tmp/tmple6dcved 1MB TMP
DELETED 2026-09-12T15:02:05Z /tmp/pip-metadata-njv25zy5 1MB TMP
DELETED 2026-09-12T15:02:05Z /tmp/sales8.csv 1MB TMP
DELETED 2026-09-12T15:02:05Z /tmp/tmpruj6p95n 1MB TMP
DELETED 2026-09-12T15:02:05Z /tmp/pymp-_2mp7a8q 1MB TMP
DELETED 2026-09-12T15:02:05Z /tmp/tmpx4ehb8pl 1MB TMP
DELETED 2026-09-12T15:02:05Z /tmp/tri9.txt 1MB TMP
DELETED 2026-09-12T15:02:05Z /tmp/c.sh 1MB TMP
DELETED 2026-09-12T15:02:05Z /tmp/tmppf9xi1u9 1MB TMP
DELETED 2026-09-12T15:02:05Z /tmp/tmpdytw8f2h 1MB TMP
DELETED 2026-09-12T15:02:05Z /tmp/l1_verify.json 1MB TMP
DELETED 2026-09-12T15:02:05Z /tmp/tmpged3vf3o 1MB TMP
DELETED 2026-09-12T15:02:05Z /tmp/tmps3qj8s9j 1MB TMP
DELETED 2026-09-12T15:02:05Z /tmp/o1.sh 1MB TMP
DELETED 2026-09-12T15:02:05Z /tmp/filter_gate_domains.py 1MB TMP
DELETED 2026-09-12T15:02:05Z /tmp/pip-metadata-mh3eeoxp 1MB TMP
DELETED 2026-09-12T15:02:05Z /tmp/torchelastic_w5cy6xul 1MB TMP
DELETED 2026-09-12T15:02:05Z /tmp/tmpk8_qtsrs 1MB TMP
DELETED 2026-09-12T15:02:05Z /tmp/tmp29lh2i_w 1MB TMP
DELETED 2026-09-12T15:02:05Z /tmp/torchelastic_1zsgwo0e 1MB TMP
DELETED 2026-09-12T15:02:05Z /tmp/run_tb_full.sh 1MB TMP
DELETED 2026-09-12T15:02:05Z /tmp/tmp50pkgeew 1MB TMP
DELETED 2026-09-12T15:02:05Z /tmp/k859.cu 1MB TMP
DELETED 2026-09-12T15:02:05Z /tmp/tmpdq1cdt3o 1MB TMP
DELETED 2026-09-12T15:02:05Z /tmp/t31.log 1MB TMP
DELETED 2026-09-12T15:02:05Z /tmp/tmpb718pws1 1MB TMP
DELETED 2026-09-12T15:02:05Z /tmp/st.sh 1MB TMP
DELETED 2026-09-12T15:02:05Z /tmp/fetch_code.log 1MB TMP
DELETED 2026-09-12T15:02:05Z /tmp/tri8.txt 1MB TMP
DELETED 2026-09-12T15:02:05Z /tmp/lambda_pilot_out.jsonl 1MB TMP
DELETED 2026-09-12T15:02:05Z /tmp/tmp2uy5ko3p 1MB TMP
DELETED 2026-09-12T15:02:05Z /tmp/code_tok_eval.out 1MB TMP
DELETED 2026-09-12T15:02:05Z /tmp/tmpqbkfmwcd 1MB TMP
DELETED 2026-09-12T15:02:05Z /tmp/b0_probe_child.py 1MB TMP
DELETED 2026-09-12T15:02:05Z /tmp/dl4_ckpt_1.5b-a0.2b-e48_8b.pt.step9000.log 1MB TMP
DELETED 2026-09-12T15:02:05Z /tmp/e2e_cachetest__6nw78bc 1MB TMP
DELETED 2026-09-12T15:02:05Z /tmp/n7_2x2.sh 1MB TMP
DELETED 2026-09-12T15:02:05Z /tmp/tmp6invfl6w.txt 1MB TMP
DELETED 2026-09-12T15:02:05Z /tmp/torchelastic_ai9_em1a 1MB TMP
DELETED 2026-09-12T15:02:05Z /tmp/pip-metadata-fpczay0a 1MB TMP
DELETED 2026-09-12T15:02:05Z /tmp/test_cand5.txt 1MB TMP
DELETED 2026-09-12T15:02:05Z /tmp/tmppcqlm180 1MB TMP
DELETED 2026-09-12T15:02:05Z /tmp/tmpxdcpdg0v.txt 1MB TMP
DELETED 2026-09-12T15:02:05Z /tmp/tmp7272jsie.xml 1MB TMP
DELETED 2026-09-12T15:02:05Z /tmp/test3_in.txt 1MB TMP
DELETED 2026-09-12T15:02:05Z /tmp/tmpgyoy_81g 1MB TMP
DELETED 2026-09-12T15:02:05Z /tmp/e1_hanzi_after.py 1MB TMP
DELETED 2026-09-12T15:02:05Z /tmp/tmpu3311f8t 1MB TMP
DELETED 2026-09-12T15:02:05Z /tmp/tmpci4a5_gu.txt 1MB TMP
DELETED 2026-09-12T15:02:05Z /tmp/test6.txt 1MB TMP
DELETED 2026-09-12T15:02:05Z /tmp/tmpqae5pe5l.txt 1MB TMP
DELETED 2026-09-12T15:02:05Z /tmp/lg.txt 1MB TMP
DELETED 2026-09-12T15:02:05Z /tmp/tmphfglgs43 1MB TMP
DELETED 2026-09-12T15:02:05Z /tmp/tmpmfrhoakk 1MB TMP
DELETED 2026-09-12T15:02:05Z /tmp/pip-unpack-tqa0vfqr 1MB TMP
DELETED 2026-09-12T15:02:05Z /tmp/tmpy49vdzrf.so 1MB TMP
DELETED 2026-09-12T15:02:05Z /tmp/tmpdxk1bqva 1MB TMP
DELETED 2026-09-12T15:02:05Z /tmp/tmp9qszn1v5 1MB TMP
DELETED 2026-09-12T15:02:05Z /tmp/pip-unpack-uav7g7np 1MB TMP
DELETED 2026-09-12T15:02:05Z /tmp/test_two.txt 1MB TMP
DELETED 2026-09-12T15:02:05Z /tmp/tmp2nojoazg 1MB TMP
DELETED 2026-09-12T15:02:05Z /tmp/tmpybtdiw2v 1MB TMP
DELETED 2026-09-12T15:02:05Z /tmp/pip-metadata-_1icedj3 1MB TMP
DELETED 2026-09-12T15:02:05Z /tmp/tmpne2fql5g 1MB TMP
DELETED 2026-09-12T15:02:05Z /tmp/n7_rate_looped.pt 394MB TMP
DELETED 2026-09-12T15:02:05Z /tmp/tmpx919eniu 1MB TMP
DELETED 2026-09-12T15:02:05Z /tmp/sd.b64.ay 1MB TMP
DELETED 2026-09-12T15:02:05Z /tmp/run2x2.sh 1MB TMP
DELETED 2026-09-12T15:02:05Z /tmp/tmp4cpgwxol 1MB TMP
DELETED 2026-09-12T15:02:05Z /tmp/_ulp.py 1MB TMP
DELETED 2026-09-12T15:02:05Z /tmp/tmpv4swgc80 1MB TMP
DELETED 2026-09-12T15:02:05Z /tmp/b0_launch8b.out 1MB TMP
DELETED 2026-09-12T15:02:05Z /tmp/tmp2t7r4yu0 1MB TMP
DELETED 2026-09-12T15:02:05Z /tmp/ceiling.py 1MB TMP
DELETED 2026-09-12T15:02:05Z /tmp/tmpgv5rpx12 1MB TMP
DELETED 2026-09-12T15:02:05Z /tmp/torchelastic_40xe87x_ 1MB TMP
DELETED 2026-09-12T15:02:05Z /tmp/test_triangle_t.txt 1MB TMP
DELETED 2026-09-12T15:02:05Z /tmp/test_impacts2 1MB TMP
DELETED 2026-09-12T15:02:05Z /tmp/tmpvjvcl0p4 1MB TMP
DELETED 2026-09-12T15:02:05Z /tmp/torchelastic_vg1z7hhp 1MB TMP
DELETED 2026-09-12T15:02:05Z /tmp/torchelastic_ytxxrn42 1MB TMP
DELETED 2026-09-12T15:02:05Z /tmp/tmp188rbm_p 1MB TMP
DELETED 2026-09-12T15:02:05Z /tmp/tmprmtbf7r2 1MB TMP
DELETED 2026-09-12T15:02:05Z /tmp/de_ctx_probe2.py 1MB TMP
DELETED 2026-09-12T15:02:05Z /tmp/tmpps12q3aj 1MB TMP
DELETED 2026-09-12T15:02:05Z /tmp/tmps2clgndl 0MB TMP
DELETED 2026-09-12T15:02:05Z /tmp/tmpg67arqtz 1MB TMP
DELETED 2026-09-12T15:02:05Z /tmp/count30b.log 1MB TMP
DELETED 2026-09-12T15:02:05Z /tmp/pks.sh 1MB TMP
DELETED 2026-09-12T15:02:05Z /tmp/b0_step2.sh 1MB TMP
DELETED 2026-09-12T15:02:05Z /tmp/tmp2iil2pgx 1MB TMP
DELETED 2026-09-12T15:02:05Z /tmp/tmp8x763atm 1MB TMP
DELETED 2026-09-12T15:02:05Z /tmp/b.py 1MB TMP
DELETED 2026-09-12T15:02:05Z /tmp/tmpcn_7pcnw 1MB TMP
DELETED 2026-09-12T15:02:05Z /tmp/pip-metadata-e7whobe3 1MB TMP
DELETED 2026-09-12T15:02:05Z /tmp/shape_check.py 1MB TMP
DELETED 2026-09-12T15:02:05Z /tmp/pip-unpack-6zp8h550 1MB TMP
DELETED 2026-09-12T15:02:05Z /tmp/tmp1zuy1gv8.txt 1MB TMP
DELETED 2026-09-12T15:02:05Z /tmp/tmpatsakfzl 1MB TMP
DELETED 2026-09-12T15:02:05Z /tmp/torchelastic_xkuvx7x7 1MB TMP
DELETED 2026-09-12T15:02:05Z /tmp/pymp-6ibhyofk 1MB TMP
DELETED 2026-09-12T15:02:05Z /tmp/tmpem6drpe2 1MB TMP
DELETED 2026-09-12T15:02:05Z /tmp/diag2.py 1MB TMP
DELETED 2026-09-12T15:02:05Z /tmp/wt.b64.aj 1MB TMP
DELETED 2026-09-12T15:02:05Z /tmp/torchelastic_213hlzta 1MB TMP
DELETED 2026-09-12T15:02:05Z /tmp/tmp2p0y6a2h 1MB TMP
DELETED 2026-09-12T15:02:05Z /tmp/tmp67p6y9mt 1MB TMP
DELETED 2026-09-12T15:02:05Z /tmp/pip-metadata-bifvyb9y 1MB TMP
DELETED 2026-09-12T15:02:05Z /tmp/tmprzn4a7xa 1MB TMP
DELETED 2026-09-12T15:02:05Z /tmp/dc_compare.py 1MB TMP
DELETED 2026-09-12T15:02:05Z /tmp/kb1.txt 1MB TMP
DELETED 2026-09-12T15:02:05Z /tmp/sd.b64.as 1MB TMP
DELETED 2026-09-12T15:02:05Z /tmp/qwen_listing.sha 1MB TMP
DELETED 2026-09-12T15:02:05Z /tmp/test_disconnected.col 1MB TMP
DELETED 2026-09-12T15:02:05Z /tmp/tmpe68t1g22 1MB TMP
DELETED 2026-09-12T15:02:05Z /tmp/tmpiu00q8em 1MB TMP
DELETED 2026-09-12T15:02:05Z /tmp/tmpjtdrgdxz 1MB TMP
DELETED 2026-09-12T15:02:05Z /tmp/tmp4a4qi0w6 1MB TMP
DELETED 2026-09-12T15:02:05Z /tmp/wt.b64.cf 1MB TMP
DELETED 2026-09-12T15:02:05Z /tmp/pip-unpack-wyyyuw8a 133MB TMP
DELETED 2026-09-12T15:02:05Z /tmp/e1_sel.sh 1MB TMP
DELETED 2026-09-12T15:02:05Z /tmp/dl_holder.log 0MB TMP
DELETED 2026-09-12T15:02:05Z /tmp/4ab5b50843904b4b8c80194b5a5198fa-pulp.mps 1MB TMP
DELETED 2026-09-12T15:02:05Z /tmp/test_min.txt 1MB TMP
DELETED 2026-09-12T15:02:05Z /tmp/_trap.py 1MB TMP
DELETED 2026-09-12T15:02:05Z /tmp/harvest2.sh 1MB TMP
DELETED 2026-09-12T15:02:05Z /tmp/fa_nfa.txt 1MB TMP
DELETED 2026-09-12T15:02:05Z /tmp/tmpw8m5a6gx 1MB TMP
DELETED 2026-09-12T15:02:05Z /tmp/pip-unpack-4e3au6qu 1MB TMP
DELETED 2026-09-12T15:02:05Z /tmp/tmp_u8tog26 1MB TMP
DELETED 2026-09-12T15:02:05Z /tmp/pip-unpack-67ta9pe1 3MB TMP
DELETED 2026-09-12T15:02:05Z /tmp/pip-metadata-pz63drzo 1MB TMP
DELETED 2026-09-12T15:02:05Z /tmp/tmpa2dmzcnt.txt 1MB TMP
DELETED 2026-09-12T15:02:05Z /tmp/tmp1dmrw8_q 1MB TMP
DELETED 2026-09-12T15:02:05Z /tmp/tmppdacjh36 1MB TMP
DELETED 2026-09-12T15:02:05Z /tmp/tmp7zt11yx4 1MB TMP
DELETED 2026-09-12T15:02:05Z /tmp/tmpik24xug6 1MB TMP
DELETED 2026-09-12T15:02:05Z /tmp/dkw.py 1MB TMP
DELETED 2026-09-12T15:02:05Z /tmp/tmpzbfdfjo0 1MB TMP
DELETED 2026-09-12T15:02:05Z /tmp/tmplfnhz2hf.txt 1MB TMP
DELETED 2026-09-12T15:02:05Z /tmp/tmpdcaq8foq 1MB TMP
DELETED 2026-09-12T15:02:05Z /tmp/andchk.py 1MB TMP
DELETED 2026-09-12T15:02:05Z /tmp/fpcheck.py 1MB TMP
DELETED 2026-09-12T15:02:05Z /tmp/tmp6os4adic 1MB TMP
DELETED 2026-09-12T15:02:05Z /tmp/pip-metadata-xce5ctm0 1MB TMP
DELETED 2026-09-12T15:02:05Z /tmp/tmpm5gabj0j 1MB TMP
DELETED 2026-09-12T15:02:05Z /tmp/tmpenkw5kz_ 1MB TMP
DELETED 2026-09-12T15:02:05Z /tmp/probe_align.py 1MB TMP
DELETED 2026-09-12T15:02:05Z /tmp/tmp551tjpep.png 1MB TMP
DELETED 2026-09-12T15:02:05Z /tmp/test_flag3.txt 1MB TMP
DELETED 2026-09-12T15:02:05Z /tmp/test1_sat.txt 1MB TMP
DELETED 2026-09-12T15:02:05Z /tmp/tmp2mtnbmnt.txt 1MB TMP
DELETED 2026-09-12T15:02:05Z /tmp/buf.log 1MB TMP
DELETED 2026-09-12T15:02:05Z /tmp/pip-metadata-51v10__a 1MB TMP
DELETED 2026-09-12T15:02:05Z /tmp/sd.b64.av 1MB TMP
DELETED 2026-09-12T15:02:05Z /tmp/l.json 1MB TMP
DELETED 2026-09-12T15:02:05Z /tmp/tmpcwg12nfk 1MB TMP
DELETED 2026-09-12T15:02:05Z /tmp/tmper2p4huk 1MB TMP
DELETED 2026-09-12T15:02:05Z /tmp/deff.py 1MB TMP
DELETED 2026-09-12T15:02:05Z /tmp/tmpvgk09n7v 1MB TMP
DELETED 2026-09-12T15:02:05Z /tmp/wt.b64.as 1MB TMP
DELETED 2026-09-12T15:02:05Z /tmp/tmpnhizbyuk.txt 1MB TMP
DELETED 2026-09-12T15:02:05Z /tmp/tmp18vvwcdz 1MB TMP
DELETED 2026-09-12T15:02:05Z /tmp/pip-metadata-0rk50cfb 1MB TMP
DELETED 2026-09-12T15:02:05Z /tmp/delete_tmp5.out 1MB TMP
DELETED 2026-09-12T15:02:05Z /tmp/pip-unpack-u2qrzgjw 1MB TMP
DELETED 2026-09-12T15:02:05Z /tmp/tmplfja4va7 1MB TMP
DELETED 2026-09-12T15:02:05Z /tmp/tmp332dimbl 1MB TMP
DELETED 2026-09-12T15:02:05Z /tmp/e1_rt2.py 1MB TMP
DELETED 2026-09-12T15:02:05Z /tmp/torchelastic_np9v0hg0 1MB TMP
DELETED 2026-09-12T15:02:05Z /tmp/check_loc_order.py 1MB TMP
DELETED 2026-09-12T15:02:05Z /tmp/torchelastic_3z3j1f77 1MB TMP
DELETED 2026-09-12T15:02:05Z /tmp/sd.b64.aa 1MB TMP
DELETED 2026-09-12T15:02:05Z /tmp/tmpdpwdxs5a 1MB TMP
DELETED 2026-09-12T15:02:05Z /tmp/tmpafb2jysw 1MB TMP
DELETED 2026-09-12T15:02:05Z /tmp/s2.json 1MB TMP
DELETED 2026-09-12T15:02:05Z /tmp/probe_gmm.py 1MB TMP
DELETED 2026-09-12T15:02:05Z /tmp/tlcw_base.cpp 1MB TMP
DELETED 2026-09-12T15:02:05Z /tmp/torchelastic_malcwz2c 1MB TMP
DELETED 2026-09-12T15:02:05Z /tmp/fnexp.sh 1MB TMP
DELETED 2026-09-12T15:02:05Z /tmp/tmp19d08cr1 1MB TMP
DELETED 2026-09-12T15:02:05Z /tmp/tmpwqg2a14c 1MB TMP
DELETED 2026-09-12T15:02:05Z /tmp/g1.py 1MB TMP
DELETED 2026-09-12T15:02:05Z /tmp/test_cand9.txt 1MB TMP
DELETED 2026-09-12T15:02:05Z /tmp/mb_delete.txt 1MB TMP
DELETED 2026-09-12T15:02:05Z /tmp/test_traj.txt 1MB TMP
DELETED 2026-09-12T15:02:05Z /tmp/tmpu_ytwjwp 1MB TMP
DELETED 2026-09-12T15:02:05Z /tmp/seccomp_probe.py 1MB TMP
DELETED 2026-09-12T15:02:05Z /tmp/test_tri.txt 1MB TMP
DELETED 2026-09-12T15:02:05Z /tmp/b0_step5k.sh 1MB TMP
DELETED 2026-09-12T15:02:05Z /tmp/tmpylie0iki.txt 1MB TMP
DELETED 2026-09-12T15:02:05Z /tmp/tmp53n4wad0 1MB TMP
DELETED 2026-09-12T15:02:05Z /tmp/test_disconnected.txt 1MB TMP
DELETED 2026-09-12T15:02:05Z /tmp/tmpxkeavpjw 1MB TMP
DELETED 2026-09-12T15:02:05Z /tmp/ac2.txt 1MB TMP
DELETED 2026-09-12T15:02:05Z /tmp/tmpj7h4kkc1 1MB TMP
DELETED 2026-09-12T15:02:05Z /tmp/repro_ng_a2.log 1MB TMP
DELETED 2026-09-12T15:02:05Z /tmp/verify_clean_pack.py 1MB TMP
DELETED 2026-09-12T15:02:05Z /tmp/zhtok.py 1MB TMP
DELETED 2026-09-12T15:02:05Z /tmp/test8.txt 1MB TMP
DELETED 2026-09-12T15:02:05Z /tmp/b3.txt 1MB TMP
DELETED 2026-09-12T15:02:05Z /tmp/tmp8_xqv264 1MB TMP
DELETED 2026-09-12T15:02:05Z /tmp/tmpnkucu6hh 1MB TMP
DELETED 2026-09-12T15:02:05Z /tmp/tmp1nicci4u 1MB TMP
DELETED 2026-09-12T15:02:05Z /tmp/prof_agg.py 1MB TMP
DELETED 2026-09-12T15:02:05Z /tmp/pip-unpack-yrf5x12y 66MB TMP
DELETED 2026-09-12T15:02:05Z /tmp/torchelastic_9qld6fkv 1MB TMP
DELETED 2026-09-12T15:02:05Z /tmp/tmpr60orz90 1MB TMP
DELETED 2026-09-12T15:02:05Z /tmp/tmpaq4ba4q3 1MB TMP
DELETED 2026-09-12T15:02:05Z /tmp/tmpgivechj4 1MB TMP
DELETED 2026-09-12T15:02:05Z /tmp/tmplqzbdlti.txt 1MB TMP
DELETED 2026-09-12T15:02:05Z /tmp/tmpsnbzx0qx 1MB TMP
DELETED 2026-09-12T15:02:05Z /tmp/tmp9iv5bnsg 1MB TMP
DELETED 2026-09-12T15:02:05Z /tmp/tmp2om03hw_ 1MB TMP
DELETED 2026-09-12T15:02:05Z /tmp/tmpzlqrnh7b 1MB TMP
DELETED 2026-09-12T15:02:05Z /tmp/build_sample200.py 1MB TMP
DELETED 2026-09-12T15:02:05Z /tmp/test1.alb 1MB TMP
DELETED 2026-09-12T15:02:05Z /tmp/probe_qidx.py 1MB TMP
DELETED 2026-09-12T15:02:05Z /tmp/torchelastic_az5eyvf4 1MB TMP
DELETED 2026-09-12T15:02:05Z /tmp/pkf.sh 1MB TMP
DELETED 2026-09-12T15:02:05Z /tmp/tmp3zgt3zze 1MB TMP
DELETED 2026-09-12T15:02:05Z /tmp/pip-metadata-4epzh3yh 1MB TMP
DELETED 2026-09-12T15:02:05Z /tmp/e1_27_sweep.sh 1MB TMP
DELETED 2026-09-12T15:02:05Z /tmp/mowm_s1.sh 1MB TMP
DELETED 2026-09-12T15:02:05Z /tmp/tmpnb4gx07z 1MB TMP
DELETED 2026-09-12T15:02:05Z /tmp/tmp4s0nvmmt 1MB TMP
DELETED 2026-09-12T15:02:05Z /tmp/tmp7kxbw7yw 1MB TMP
DELETED 2026-09-12T15:02:05Z /tmp/tmppksvj21_ 1MB TMP
DELETED 2026-09-12T15:02:05Z /tmp/tmp2dizt2ym 1MB TMP
DELETED 2026-09-12T15:02:05Z /tmp/tmpi7m7k5rw 1MB TMP
DELETED 2026-09-12T15:02:05Z /tmp/p2.py 1MB TMP
DELETED 2026-09-12T15:02:05Z /tmp/tmpknqtkg0y 1MB TMP
DELETED 2026-09-12T15:02:05Z /tmp/pip-metadata-ah9obeo6 1MB TMP
DELETED 2026-09-12T15:02:05Z /tmp/fetch_hf.py 1MB TMP
DELETED 2026-09-12T15:02:05Z /tmp/pip-metadata-slpsapyx 1MB TMP
DELETED 2026-09-12T15:02:05Z /tmp/pip-unpack-9vxvbqwx 1MB TMP
DELETED 2026-09-12T15:02:05Z /tmp/pip-metadata-9odoiwiq 1MB TMP
DELETED 2026-09-12T15:02:05Z /tmp/pip-unpack-6t3kbta0 1MB TMP
DELETED 2026-09-12T15:02:05Z /tmp/tmpuzcwrigv 1MB TMP
DELETED 2026-09-12T15:02:05Z /tmp/test2.ini 1MB TMP
DELETED 2026-09-12T15:02:05Z /tmp/tmpd2prg1f2.txt 1MB TMP
DELETED 2026-09-12T15:02:05Z /tmp/tmpwvh6fmdd 1MB TMP
DELETED 2026-09-12T15:02:05Z /tmp/seats8.txt 1MB TMP
DELETED 2026-09-12T15:02:05Z /tmp/bnd.py 1MB TMP
DELETED 2026-09-12T15:02:05Z /tmp/tri_bf16.py 1MB TMP
DELETED 2026-09-12T15:02:05Z /tmp/b0_31_job_3s.py 1MB TMP
DELETED 2026-09-12T15:02:05Z /tmp/torchelastic_p7tgvz9_ 1MB TMP
DELETED 2026-09-12T15:02:05Z /tmp/tmp11xp1eej 1MB TMP
DELETED 2026-09-12T15:02:05Z /tmp/empty.log 0MB TMP
DELETED 2026-09-12T15:02:05Z /tmp/pip-unpack-bywertnp 1MB TMP
DELETED 2026-09-12T15:02:05Z /tmp/tmpk782gdan.txt 1MB TMP
DELETED 2026-09-12T15:02:05Z /tmp/gdn_allreduce.py 1MB TMP
DELETED 2026-09-12T15:02:05Z /tmp/tmp7kx5ucun 1MB TMP
DELETED 2026-09-12T15:02:05Z /tmp/tmpmibvbx38.so 1MB TMP
DELETED 2026-09-12T15:02:05Z /tmp/pip-unpack-uxh6y2rf 1MB TMP
DELETED 2026-09-12T15:02:05Z /tmp/b0_plan_code.json 1MB TMP
DELETED 2026-09-12T15:02:05Z /tmp/tmpk_qjwk2_ 1MB TMP
DELETED 2026-09-12T15:02:05Z /tmp/torchelastic_nrj_3q3t 1MB TMP
DELETED 2026-09-12T15:02:05Z /tmp/orig.py 1MB TMP
DELETED 2026-09-12T15:02:05Z /tmp/seats6.txt 1MB TMP
DELETED 2026-09-12T15:02:05Z /tmp/wt.b64.bk 1MB TMP
DELETED 2026-09-12T15:02:05Z /tmp/tmp2hhq8fi3 1MB TMP
DELETED 2026-09-12T15:02:05Z /tmp/tmp6u24fj0f 1MB TMP
DELETED 2026-09-12T15:02:05Z /tmp/tmp_ba990f2 1MB TMP
DELETED 2026-09-12T15:02:05Z /tmp/e1_28_test_pod.log 1MB TMP
DELETED 2026-09-12T15:02:05Z /tmp/tmpmz8302zp 1MB TMP
DELETED 2026-09-12T15:02:05Z /tmp/test_multi.txt 1MB TMP
DELETED 2026-09-12T15:02:05Z /tmp/tmp07u3lnd7 1MB TMP
DELETED 2026-09-12T15:02:05Z /tmp/torchelastic_146ev5n2 1MB TMP
DELETED 2026-09-12T15:02:05Z /tmp/tmpm2dkf784 1MB TMP
DELETED 2026-09-12T15:02:05Z /tmp/tmpdgikf6rj 1MB TMP
DELETED 2026-09-12T15:02:05Z /tmp/lcp.py 1MB TMP
DELETED 2026-09-12T15:02:05Z /tmp/rt_1.jsonl 381MB TMP
DELETED 2026-09-12T15:02:05Z /tmp/tmpltdd9gdl 1MB TMP
DELETED 2026-09-12T15:02:05Z /tmp/tmpme1qxv2r 1MB TMP
DELETED 2026-09-12T15:02:05Z /tmp/dftrunk.py 1MB TMP
DELETED 2026-09-12T15:02:05Z /tmp/torchelastic_s06chlfw 1MB TMP
DELETED 2026-09-12T15:02:05Z /tmp/torchelastic_ycct0uvp 1MB TMP
DELETED 2026-09-12T15:02:05Z /tmp/torchelastic_1lzcx21s 1MB TMP
DELETED 2026-09-12T15:02:05Z /tmp/gate3_post.txt 1MB TMP
DELETED 2026-09-12T15:02:05Z /tmp/wt.b64.ay 1MB TMP
DELETED 2026-09-12T15:02:05Z /tmp/tmpsb9uwfqt 1MB TMP
DELETED 2026-09-12T15:02:05Z /tmp/tmp26rdfkve 1MB TMP
DELETED 2026-09-12T15:02:05Z /tmp/tmpprwnxghs 1MB TMP
DELETED 2026-09-12T15:02:05Z /tmp/torchelastic_wqs3jkoh 1MB TMP
DELETED 2026-09-12T15:02:05Z /tmp/tmppe0mznb7 1MB TMP
DELETED 2026-09-12T15:02:05Z /tmp/tmp4w3vqsm3 1MB TMP
DELETED 2026-09-12T15:02:05Z /tmp/tmpbxqbh7xf 1MB TMP
DELETED 2026-09-12T15:02:05Z /tmp/pip-unpack-mf2q_m8n 1MB TMP
DELETED 2026-09-12T15:02:05Z /tmp/tok_mod.json 3MB TMP
DELETED 2026-09-12T15:02:05Z /tmp/ho.b64.ac 1MB TMP
DELETED 2026-09-12T15:02:05Z /tmp/e1_nu_shards.py 1MB TMP
DELETED 2026-09-12T15:02:05Z /tmp/tmp3igr0yl7 1MB TMP
DELETED 2026-09-12T15:02:05Z /tmp/diag_sg.py 1MB TMP
DELETED 2026-09-12T15:02:05Z /tmp/test_parallel.txt 1MB TMP
DELETED 2026-09-12T15:02:05Z /tmp/armstat.py 1MB TMP
DELETED 2026-09-12T15:02:05Z /tmp/e1_score_ext.sh 1MB TMP
DELETED 2026-09-12T15:02:05Z /tmp/ac4.txt 1MB TMP
DELETED 2026-09-12T15:02:05Z /tmp/torchelastic_0xfqlsso 1MB TMP
DELETED 2026-09-12T15:02:05Z /tmp/tmpieff_f7q 1MB TMP
DELETED 2026-09-12T15:02:05Z /tmp/pip-metadata-_wr9o7gf 1MB TMP
DELETED 2026-09-12T15:02:05Z /tmp/tmp61rwb3ir.txt 1MB TMP
DELETED 2026-09-12T15:02:05Z /tmp/pip-unpack-gsqyar6m 16MB TMP
DELETED 2026-09-12T15:02:05Z /tmp/tmpo84rtll_ 1MB TMP
DELETED 2026-09-12T15:02:05Z /tmp/tmpwysoqfva 1MB TMP
DELETED 2026-09-12T15:02:05Z /tmp/pip-metadata-2_x76s0z 1MB TMP
DELETED 2026-09-12T15:02:05Z /tmp/torchelastic_554s254_ 1MB TMP
DELETED 2026-09-12T15:02:05Z /tmp/tmpseaxd_rk 1MB TMP
DELETED 2026-09-12T15:02:05Z /tmp/b0_ms_bak2.jsonl 1MB TMP
DELETED 2026-09-12T15:02:05Z /tmp/tmpg30xpmp0 1MB TMP
DELETED 2026-09-12T15:02:05Z /tmp/tmpz8zishhp.txt 1MB TMP
DELETED 2026-09-12T15:02:05Z /tmp/relationfile_skinnytk3kb_22r_mg45_ms12.txt 1MB TMP
DELETED 2026-09-12T15:02:05Z /tmp/tmp23upg9rq 1MB TMP
DELETED 2026-09-12T15:02:05Z /tmp/tmpz2fwqu8g 1MB TMP
DELETED 2026-09-12T15:02:05Z /tmp/tfa.py 1MB TMP
DELETED 2026-09-12T15:02:05Z /tmp/tmpycb82ena 1MB TMP
DELETED 2026-09-12T15:02:05Z /tmp/test5.fasta 1MB TMP
DELETED 2026-09-12T15:02:05Z /tmp/ew2.py 1MB TMP
DELETED 2026-09-12T15:02:05Z /tmp/pilot_build.log 1MB TMP
DELETED 2026-09-12T15:02:05Z /tmp/tmp6a1j0xgc 1MB TMP
DELETED 2026-09-12T15:02:05Z /tmp/kb3.txt 1MB TMP
DELETED 2026-09-12T15:02:05Z /tmp/tmp2tr29hll 1MB TMP
DELETED 2026-09-12T15:02:05Z /tmp/torchelastic_c35tbzrj 1MB TMP
DELETED 2026-09-12T15:02:05Z /tmp/tmp9it1_qwx 1MB TMP
DELETED 2026-09-12T15:02:05Z /tmp/rgl.py 1MB TMP
DELETED 2026-09-12T15:02:05Z /tmp/e1_ref2.json 1MB TMP
DELETED 2026-09-12T15:02:05Z /tmp/tmp822nn5aj 1MB TMP
DELETED 2026-09-12T15:02:05Z /tmp/tmpj2td44ib 1MB TMP
DELETED 2026-09-12T15:02:05Z /tmp/pip-metadata-pnvcmudp 1MB TMP
DELETED 2026-09-12T15:02:05Z /tmp/torchelastic_15mnqzkw 1MB TMP
DELETED 2026-09-12T15:02:05Z /tmp/tmpfwmlxu5x 1MB TMP
DELETED 2026-09-12T15:02:05Z /tmp/fetch_c4.sh 1MB TMP
DELETED 2026-09-12T15:02:05Z /tmp/tmp44mhoccb 1MB TMP
DELETED 2026-09-12T15:02:05Z /tmp/b.txt 1MB TMP
DELETED 2026-09-12T15:02:05Z /tmp/tmp2280sser 1MB TMP
DELETED 2026-09-12T15:02:05Z /tmp/wt.b64.al 1MB TMP
DELETED 2026-09-12T15:02:05Z /tmp/split.err 0MB TMP
DELETED 2026-09-12T15:02:05Z /tmp/tmpy8a_p5u8 1MB TMP
DELETED 2026-09-12T15:02:05Z /tmp/test_flag1.txt 1MB TMP
DELETED 2026-09-12T15:02:05Z /tmp/b0_31_job_120s.py 1MB TMP
DELETED 2026-09-12T15:02:05Z /tmp/test2.alb 1MB TMP
DELETED 2026-09-12T15:02:05Z /tmp/tok_proxy_en_out.log 1MB TMP
DELETED 2026-09-12T15:02:05Z /tmp/tmpn2lrqq3t 1MB TMP
DELETED 2026-09-12T15:02:05Z /tmp/pytorch-errorfile-yk45op9w.pickle 1MB TMP
DELETED 2026-09-12T15:02:05Z /tmp/tmpdw0q6sid 1MB TMP
DELETED 2026-09-12T15:02:05Z /tmp/tmpibd88thf.txt 1MB TMP
DELETED 2026-09-12T15:02:05Z /tmp/pk2.sh 1MB TMP
DELETED 2026-09-12T15:02:05Z /tmp/tmp2zshldtu.json 1MB TMP
DELETED 2026-09-12T15:02:05Z /tmp/tmpm9gpwlju 1MB TMP
DELETED 2026-09-12T15:02:05Z /tmp/g00.log 1MB TMP
DELETED 2026-09-12T15:02:05Z /tmp/diag197.py 1MB TMP
DELETED 2026-09-12T15:02:05Z /tmp/owm_keep.py 1MB TMP
DELETED 2026-09-12T15:02:05Z /tmp/tlvenv 211MB TMP
DELETED 2026-09-12T15:02:05Z /tmp/pip-unpack-5xksqdtc 1MB TMP
DELETED 2026-09-12T15:02:05Z /tmp/tmp_96gsnzn 1MB TMP
DELETED 2026-09-12T15:02:05Z /tmp/tmpr0ke_05q.txt 1MB TMP
DELETED 2026-09-12T15:02:05Z /tmp/tmp2gjp92r6 1MB TMP
DELETED 2026-09-12T15:02:05Z /tmp/pip-unpack-osca5dlg 206MB TMP
DELETED 2026-09-12T15:02:05Z /tmp/tmpo6_zsj_b.txt 1MB TMP
DELETED 2026-09-12T15:02:05Z /tmp/tmp02bg2nl6.txt 1MB TMP
DELETED 2026-09-12T15:02:05Z /tmp/733609df1777498ca1c88f21d7831577-pulp.mps 1MB TMP
DELETED 2026-09-12T15:02:05Z /tmp/runjit.sh 1MB TMP
DELETED 2026-09-12T15:02:05Z /tmp/tmp0j7m7l2k 1MB TMP
DELETED 2026-09-12T15:02:05Z /tmp/d0a029c0fb4b430ca9bdb76f645e0ece-pulp.mps 1MB TMP
DELETED 2026-09-12T15:02:05Z /tmp/torchelastic_z0fyili2 1MB TMP
DELETED 2026-09-12T15:02:05Z /tmp/sandbox.7nhgxjva 1MB TMP
DELETED 2026-09-12T15:02:05Z /tmp/pip-metadata-p7o5yctm 1MB TMP
DELETED 2026-09-12T15:02:05Z /tmp/torchelastic_dmn6mlt9 1MB TMP
DELETED 2026-09-12T15:02:05Z /tmp/b0_count.py 1MB TMP
DELETED 2026-09-12T15:02:05Z /tmp/bf16_amp.py 1MB TMP
DELETED 2026-09-12T15:02:05Z /tmp/tmpheku10d0.cpp 1MB TMP
DELETED 2026-09-12T15:02:05Z /tmp/test_single.col 1MB TMP
DELETED 2026-09-12T15:02:05Z /tmp/ismoke 1MB TMP
DELETED 2026-09-12T15:02:05Z /tmp/tmpu14cw2ie 1MB TMP
DELETED 2026-09-12T15:02:05Z /tmp/pip-unpack-0gu7s2ho 1MB TMP
DELETED 2026-09-12T15:02:05Z /tmp/tmpiej4wjdu 1MB TMP
DELETED 2026-09-12T15:02:05Z /tmp/b0_fixture.sh 1MB TMP
DELETED 2026-09-12T15:02:05Z /tmp/tmpn4xmrugx 1MB TMP
DELETED 2026-09-12T15:02:05Z /tmp/tmpe6jnlaam 1MB TMP
DELETED 2026-09-12T15:02:05Z /tmp/tmp5klsr7og 1MB TMP
DELETED 2026-09-12T15:02:05Z /tmp/pip-unpack-94j9be51 1MB TMP
DELETED 2026-09-12T15:02:05Z /tmp/simple_cipher.txt 1MB TMP
DELETED 2026-09-12T15:02:05Z /tmp/pod_present.txt 1MB TMP
DELETED 2026-09-12T15:02:05Z /tmp/tmplcf9_4kj 1MB TMP
DELETED 2026-09-12T15:02:05Z /tmp/torchelastic_qeswqjx1 1MB TMP
DELETED 2026-09-12T15:02:05Z /tmp/sd.b64.ah 1MB TMP
DELETED 2026-09-12T15:02:05Z /tmp/tmpj0xqqo2d 1MB TMP
DELETED 2026-09-12T15:02:05Z /tmp/torchelastic_5a07w3lw 1MB TMP
DELETED 2026-09-12T15:02:05Z /tmp/tmpb6ja4ihg 1MB TMP
DELETED 2026-09-12T15:02:05Z /tmp/torchelastic_h2al1xgt 1MB TMP
DELETED 2026-09-12T15:02:05Z /tmp/shape-check 1MB TMP
DELETED 2026-09-12T15:02:05Z /tmp/de28 1MB TMP
DELETED 2026-09-12T15:02:05Z /tmp/torchelastic_k6nmemc3 1MB TMP
DELETED 2026-09-12T15:02:05Z /tmp/count_code_rp1t_final.log 1MB TMP
DELETED 2026-09-12T15:02:05Z /tmp/tmpdf2ki2rp 1MB TMP
DELETED 2026-09-12T15:02:05Z /tmp/b0_worlds3.sh 1MB TMP
DELETED 2026-09-12T15:02:05Z /tmp/v.txt 1MB TMP
DELETED 2026-09-12T15:02:05Z /tmp/tmpiaaw4yz3 1MB TMP
DELETED 2026-09-12T15:02:05Z /tmp/tmp8cz3y5di 1MB TMP
DELETED 2026-09-12T15:02:05Z /tmp/empty_test.bin 0MB TMP
DELETED 2026-09-12T15:02:05Z /tmp/tmpbx2j_8w1.cpp 1MB TMP
DELETED 2026-09-12T15:02:05Z /tmp/tmpv5a5f2ri 1MB TMP
DELETED 2026-09-12T15:02:05Z /tmp/tmpnslcbx3f 1MB TMP
DELETED 2026-09-12T15:02:05Z /tmp/e1_nu_nested.py 1MB TMP
DELETED 2026-09-12T15:02:05Z /tmp/ctrl_pythia.log 1MB TMP
DELETED 2026-09-12T15:02:05Z /tmp/tmpb0uvxq6i 1MB TMP
DELETED 2026-09-12T15:02:05Z /tmp/data_inv.json 1MB TMP
DELETED 2026-09-12T15:02:05Z /tmp/torchelastic_8n0n7nnj 1MB TMP
DELETED 2026-09-12T15:02:05Z /tmp/lse_probe.py 1MB TMP
DELETED 2026-09-12T15:02:05Z /tmp/r.txt 1MB TMP
DELETED 2026-09-12T15:02:05Z /tmp/tmp8a0ody12 1MB TMP
DELETED 2026-09-12T15:02:05Z /tmp/tmpxgjd525m.txt 1MB TMP
DELETED 2026-09-12T15:02:05Z /tmp/probe_test_out.jsonl 1MB TMP
DELETED 2026-09-12T15:02:05Z /tmp/tmpbqv9hv41 1MB TMP
DELETED 2026-09-12T15:02:05Z /tmp/pip-metadata-6u4utv3f 1MB TMP
DELETED 2026-09-12T15:02:05Z /tmp/tmpoq2y9w02.csv 1MB TMP
DELETED 2026-09-12T15:02:05Z /tmp/tmp3jk1qto8.csv 1MB TMP
DELETED 2026-09-12T15:02:05Z /tmp/test_dict4.txt 1MB TMP
DELETED 2026-09-12T15:02:05Z /tmp/eqtest.sh 1MB TMP
DELETED 2026-09-12T15:02:05Z /tmp/adv_signs.sh 1MB TMP
DELETED 2026-09-12T15:02:05Z /tmp/pip-metadata-xa19wg4o 1MB TMP
DELETED 2026-09-12T15:02:05Z /tmp/e1_27_step0.sh 1MB TMP
DELETED 2026-09-12T15:02:05Z /tmp/pip-unpack-lpgpcyhv 1MB TMP
DELETED 2026-09-12T15:02:05Z /tmp/tmp8u27wxqh 1MB TMP
DELETED 2026-09-12T15:02:05Z /tmp/test_edges10.txt 1MB TMP
DELETED 2026-09-12T15:02:05Z /tmp/tmp0rf5o8y1 1MB TMP
DELETED 2026-09-12T15:02:05Z /tmp/sd_fixpath.sh 1MB TMP
DELETED 2026-09-12T15:02:05Z /tmp/pip-unpack-d72vss8e 529MB TMP
DELETED 2026-09-12T15:02:05Z /tmp/torchelastic_efgpim16 1MB TMP
DELETED 2026-09-12T15:02:05Z /tmp/de_batch2_audit.py 1MB TMP
DELETED 2026-09-12T15:02:05Z /tmp/tmpgk1prdy6 1MB TMP
DELETED 2026-09-12T15:02:05Z /tmp/inv_pod.sh 0MB TMP
DELETED 2026-09-12T15:02:05Z /tmp/tmp7n9o_if8 1MB TMP
DELETED 2026-09-12T15:02:05Z /tmp/e1_nu.log 1MB TMP
DELETED 2026-09-12T15:02:05Z /tmp/heldout_tasks.json 1MB TMP
DELETED 2026-09-12T15:02:05Z /tmp/_disk_inv.py 1MB TMP
DELETED 2026-09-12T15:02:05Z /tmp/pip-build-tracker-x3wq2yz8 1MB TMP
DELETED 2026-09-12T15:02:05Z /tmp/three_diff.txt 1MB TMP
DELETED 2026-09-12T15:02:05Z /tmp/pip-metadata-fx3pmmwy 1MB TMP
DELETED 2026-09-12T15:02:05Z /tmp/f_sg.txt 1MB TMP
DELETED 2026-09-12T15:02:05Z /tmp/mixed_euc.bin 1MB TMP
DELETED 2026-09-12T15:02:05Z /tmp/tmp9h495_eq 1MB TMP
DELETED 2026-09-12T15:02:05Z /tmp/torchelastic_hxlwv7tv 1MB TMP
DELETED 2026-09-12T15:02:05Z /tmp/tmpg8d2m3pp 1MB TMP
DELETED 2026-09-12T15:02:05Z /tmp/eqO.log 1MB TMP
DELETED 2026-09-12T15:02:05Z /tmp/pip-unpack-vx8hajey 1MB TMP
DELETED 2026-09-12T15:02:05Z /tmp/tmp8xn6q4uy 1MB TMP
DELETED 2026-09-12T15:02:05Z /tmp/all_unsafe.txt 1MB TMP
DELETED 2026-09-12T15:02:05Z /tmp/tmpsir6g24i 1MB TMP
DELETED 2026-09-12T15:02:05Z /tmp/r2.py 1MB TMP
DELETED 2026-09-12T15:02:05Z /tmp/tmpr9cf5u53 1MB TMP
DELETED 2026-09-12T15:02:05Z /tmp/scan_sft.sh 1MB TMP
DELETED 2026-09-12T15:02:05Z /tmp/tmpj21pnam1 1MB TMP
DELETED 2026-09-12T15:02:05Z /tmp/tmpdwk8g666.txt 1MB TMP
DELETED 2026-09-12T15:02:05Z /tmp/de_q3.py 1MB TMP
DELETED 2026-09-12T15:02:05Z /tmp/tmpnbtixct6 1MB TMP
DELETED 2026-09-12T15:02:05Z /tmp/torchelastic_2l4uo52h 1MB TMP
DELETED 2026-09-12T15:02:05Z /tmp/tmpqp66557d 1MB TMP
DELETED 2026-09-12T15:02:05Z /tmp/wt.b64.cg 1MB TMP
DELETED 2026-09-12T15:02:05Z /tmp/tri6.txt 1MB TMP
DELETED 2026-09-12T15:02:05Z /tmp/tmpz0b2mbyh 1MB TMP
DELETED 2026-09-12T15:02:05Z /tmp/l3py.parquet 1035MB TMP
DELETED 2026-09-12T15:02:05Z /tmp/tmp1zc5eqid 1MB TMP
DELETED 2026-09-12T15:02:05Z /tmp/tmp9dltpumm 1MB TMP
DELETED 2026-09-12T15:02:05Z /tmp/injection_config_6e46f852 1MB TMP
DELETED 2026-09-12T15:02:05Z /tmp/t24_sample50.jsonl 1MB TMP
DELETED 2026-09-12T15:02:05Z /tmp/verify_hanzi.py 1MB TMP
DELETED 2026-09-12T15:02:05Z /tmp/test_allkeys.txt 1MB TMP
DELETED 2026-09-12T15:02:05Z /tmp/tmp92mz5k9i 1MB TMP
DELETED 2026-09-12T15:02:05Z /tmp/torchelastic_ofmpwp56 1MB TMP
DELETED 2026-09-12T15:02:05Z /tmp/tmpoz8a9ada 1MB TMP
DELETED 2026-09-12T15:02:05Z /tmp/tmpt7obyfc5.db 0MB TMP
DELETED 2026-09-12T15:02:05Z /tmp/msg2.txt 1MB TMP
DELETED 2026-09-12T15:02:05Z /tmp/torchelastic_y9hhs6pl 1MB TMP
DELETED 2026-09-12T15:02:05Z /tmp/tmpz028w_jl 1MB TMP
DELETED 2026-09-12T15:02:05Z /tmp/ho.b64.ab 1MB TMP
DELETED 2026-09-12T15:02:05Z /tmp/wt.b64.aw 1MB TMP
DELETED 2026-09-12T15:02:05Z /tmp/pip-unpack-rkt2ry8m 1MB TMP
DELETED 2026-09-12T15:02:05Z /tmp/test_overlap.txt 1MB TMP
DELETED 2026-09-12T15:02:05Z /tmp/verify_smoke.py 1MB TMP
DELETED 2026-09-12T15:02:05Z /tmp/pip-metadata-zgwhvvoc 1MB TMP
DELETED 2026-09-12T15:02:05Z /tmp/tmpszy_q9g5 1MB TMP
DELETED 2026-09-12T15:02:05Z /tmp/n7_time.py 1MB TMP
DELETED 2026-09-12T15:02:05Z /tmp/torchelastic_kcchhs2u 1MB TMP
DELETED 2026-09-12T15:02:05Z /tmp/tmphno7i8v5 1MB TMP
DELETED 2026-09-12T15:02:05Z /tmp/de_fert3.py 1MB TMP
DELETED 2026-09-12T15:02:05Z /tmp/tmp4dzkjrs1.txt 1MB TMP
DELETED 2026-09-12T15:02:05Z /tmp/pip-unpack-2ao9wyl2 1MB TMP
DELETED 2026-09-12T15:02:05Z /tmp/bad5.txt 1MB TMP
DELETED 2026-09-12T15:02:05Z /tmp/tmplczwpnwx 1MB TMP
DELETED 2026-09-12T15:02:05Z /tmp/tmpjdcufwan 1MB TMP
DELETED 2026-09-12T15:02:05Z /tmp/dc_filter_smoke.sh 1MB TMP
DELETED 2026-09-12T15:02:05Z /tmp/b0_probe_bal.sh 1MB TMP
DELETED 2026-09-12T15:02:05Z /tmp/armA.patch 1MB TMP
DELETED 2026-09-12T15:02:05Z /tmp/tmpxekfb3pe 1MB TMP
DELETED 2026-09-12T15:02:05Z /tmp/pip-metadata-ljduiye4 1MB TMP
DELETED 2026-09-12T15:02:05Z /tmp/tmpamyn4603 1MB TMP
DELETED 2026-09-12T15:02:05Z /tmp/tmppp1ermqh.txt 1MB TMP
DELETED 2026-09-12T15:02:05Z /tmp/tmph7qg78ic 1MB TMP
DELETED 2026-09-12T15:02:05Z /tmp/test_edges1.txt 1MB TMP
DELETED 2026-09-12T15:02:05Z /tmp/tmp70gwbzm2 1MB TMP
DELETED 2026-09-12T15:02:05Z /tmp/wt.b64.bi 1MB TMP
DELETED 2026-09-12T15:02:05Z /tmp/wt.b64.ch 1MB TMP
DELETED 2026-09-12T15:02:05Z /tmp/tmpskbpuh6y.cpp 1MB TMP
DELETED 2026-09-12T15:02:05Z /tmp/torchelastic_53iaddte 1MB TMP
DELETED 2026-09-12T15:02:05Z /tmp/pip-unpack-2wnv_ek3 1MB TMP
DELETED 2026-09-12T15:02:05Z /tmp/run_proxy.sh 1MB TMP
DELETED 2026-09-12T15:02:05Z /tmp/tmpn21xkte3 1MB TMP
DELETED 2026-09-12T15:02:05Z /tmp/m3.txt 1MB TMP
DELETED 2026-09-12T15:02:05Z /tmp/tmph0_xplbe 1MB TMP
DELETED 2026-09-12T15:02:05Z /tmp/injection_config_f08b6008 1MB TMP
DELETED 2026-09-12T15:02:05Z /tmp/tmpxd2_7z8l 1MB TMP
DELETED 2026-09-12T15:02:05Z /tmp/tri1.txt 1MB TMP
DELETED 2026-09-12T15:02:05Z /tmp/pip-metadata-8sids5n5 1MB TMP
DELETED 2026-09-12T15:02:05Z /tmp/trailing_test.bin 1MB TMP
DELETED 2026-09-12T15:02:05Z /tmp/wt.b64.ck 1MB TMP
DELETED 2026-09-12T15:02:05Z /tmp/ms_probe 1MB TMP
DELETED 2026-09-12T15:02:05Z /tmp/cs.py 1MB TMP
DELETED 2026-09-12T15:02:05Z /tmp/pip-unpack-0ipuc6lo 192MB TMP
DELETED 2026-09-12T15:02:05Z /tmp/ud_solution_exec_235.py 1MB TMP
DELETED 2026-09-12T15:02:05Z /tmp/tmpcafmmmbb 1MB TMP
DELETED 2026-09-12T15:02:05Z /tmp/tmpt7obyfc5.db-journal 1MB TMP
DELETED 2026-09-12T15:02:05Z /tmp/sales1.csv 1MB TMP
DELETED 2026-09-12T15:02:05Z /tmp/test_mixed_case_group.txt 1MB TMP
DELETED 2026-09-12T15:02:05Z /tmp/tmpafyjk090 1MB TMP
DELETED 2026-09-12T15:02:05Z /tmp/gt2.py 1MB TMP
DELETED 2026-09-12T15:02:05Z /tmp/b0_step1.sh 1MB TMP
DELETED 2026-09-12T15:02:05Z /tmp/tmpzvo_e5si 1MB TMP
DELETED 2026-09-12T15:02:05Z /tmp/tmpq6q9sbtn 1MB TMP
DELETED 2026-09-12T15:02:05Z /tmp/pip-unpack-ek7esxu7 909MB TMP
DELETED 2026-09-12T15:02:05Z /tmp/tmpyivopa0a 1MB TMP
DELETED 2026-09-12T15:02:05Z /tmp/dc_tok.py 1MB TMP
DELETED 2026-09-12T15:02:05Z /tmp/tmphn7pxw5b 1MB TMP
DELETED 2026-09-12T15:02:05Z /tmp/tmp6deqehvn 1MB TMP
DELETED 2026-09-12T15:02:05Z /tmp/examples.py 1MB TMP
DELETED 2026-09-12T15:02:05Z /tmp/torchelastic_ol3_4oro 1MB TMP
DELETED 2026-09-12T15:02:05Z /tmp/dv.py 1MB TMP
DELETED 2026-09-12T15:02:05Z /tmp/wt.b64.ct 1MB TMP
DELETED 2026-09-12T15:02:05Z /tmp/tmpsupxwnm5 1MB TMP
DELETED 2026-09-12T15:02:05Z /tmp/tmpbwy36a8e 1MB TMP
DELETED 2026-09-12T15:02:05Z /tmp/nsys-root 85MB TMP
DELETED 2026-09-12T15:02:05Z /tmp/tmpd5iao3_d 1MB TMP
DELETED 2026-09-12T15:02:05Z /tmp/oldref 1MB TMP
DELETED 2026-09-12T15:02:05Z /tmp/tiny_jit.py 1MB TMP
DELETED 2026-09-12T15:02:05Z /tmp/test_out3.png 1MB TMP
DELETED 2026-09-12T15:02:05Z /tmp/tmpx7i4q28a.db-journal 1MB TMP
DELETED 2026-09-12T15:02:05Z /tmp/two_equal.txt 1MB TMP
DELETED 2026-09-12T15:02:05Z /tmp/ckh.py 1MB TMP
DELETED 2026-09-12T15:02:05Z /tmp/tmpm8jt3ryu 1MB TMP
DELETED 2026-09-12T15:02:05Z /tmp/tmppsbtbe1m 1MB TMP
DELETED 2026-09-12T15:02:05Z /tmp/wt.b64.bj 1MB TMP
DELETED 2026-09-12T15:02:05Z /tmp/post.rows 1MB TMP
DELETED 2026-09-12T15:02:05Z /tmp/torchelastic_8mhihp6_ 1MB TMP
DELETED 2026-09-12T15:02:05Z /tmp/torchelastic_4pjq2db2 1MB TMP
DELETED 2026-09-12T15:02:05Z /tmp/test_dict1.txt 1MB TMP
DELETED 2026-09-12T15:02:05Z /tmp/pip-unpack-qb9iezct 1MB TMP
DELETED 2026-09-12T15:02:05Z /tmp/test_comb.txt 1MB TMP
DELETED 2026-09-12T15:02:05Z /tmp/ckpt_pruner.sh 1MB TMP
DELETED 2026-09-12T15:02:05Z /tmp/g_mla.txt 1MB TMP
DELETED 2026-09-12T15:02:05Z /tmp/seats9.txt 1MB TMP
DELETED 2026-09-12T15:02:05Z /tmp/tmp1z5j_151 1MB TMP
DELETED 2026-09-12T15:02:05Z /tmp/pip-metadata-5n6vajz1 1MB TMP
DELETED 2026-09-12T15:02:05Z /tmp/tmp2lbzv296.csv 1MB TMP
DELETED 2026-09-12T15:02:05Z /tmp/torchelastic_8f9prqep 1MB TMP
DELETED 2026-09-12T15:02:05Z /tmp/graph4.txt 1MB TMP
DELETED 2026-09-12T15:02:05Z /tmp/un.txt 1MB TMP
DELETED 2026-09-12T15:02:05Z /tmp/pip-unpack-k589iagd 1MB TMP
DELETED 2026-09-12T15:02:05Z /tmp/tmpi7l_g8s2 1MB TMP
DELETED 2026-09-12T15:02:05Z /tmp/pip-unpack-xs02azcc 2MB TMP
DELETED 2026-09-12T15:02:05Z /tmp/pip-ephem-wheel-cache-vplkg68k 1MB TMP
DELETED 2026-09-12T15:02:05Z /tmp/fn.py 1MB TMP
DELETED 2026-09-12T15:02:05Z /tmp/pip-unpack-37l6_d1x 1MB TMP
DELETED 2026-09-12T15:02:05Z /tmp/b0_peak1.sh 1MB TMP
DELETED 2026-09-12T15:02:05Z /tmp/next8.txt 1MB TMP
DELETED 2026-09-12T15:02:05Z /tmp/tmpng0sm661 1MB TMP
DELETED 2026-09-12T15:02:05Z /tmp/test_all_upper.txt 1MB TMP
DELETED 2026-09-12T15:02:05Z /tmp/pip-metadata-9aw4wcwi 1MB TMP
DELETED 2026-09-12T15:02:05Z /tmp/tmpwmpg2fgw 1MB TMP
DELETED 2026-09-12T15:02:05Z /tmp/tmpam48w3cm 1MB TMP
DELETED 2026-09-12T15:02:05Z /tmp/wt.b64.bw 1MB TMP
DELETED 2026-09-12T15:02:05Z /tmp/test_googlers.txt 1MB TMP
DELETED 2026-09-12T15:02:05Z /tmp/control_sft_filtered.jsonl 706MB TMP
DELETED 2026-09-12T15:02:05Z /tmp/torchelastic_tlcsum48 1MB TMP
DELETED 2026-09-12T15:02:05Z /tmp/bufctl.sh 1MB TMP
DELETED 2026-09-12T15:02:05Z /tmp/cl.txt 1MB TMP
DELETED 2026-09-12T15:02:05Z /tmp/tlwhl 44MB TMP
DELETED 2026-09-12T15:02:05Z /tmp/tmpq_4rpyox 1MB TMP
DELETED 2026-09-12T15:02:05Z /tmp/probe_f.py 1MB TMP
DELETED 2026-09-12T15:02:05Z /tmp/tmpq3e8m8rz 1MB TMP
DELETED 2026-09-12T15:02:05Z /tmp/repro_det_a2.log 1MB TMP
DELETED 2026-09-12T15:02:05Z /tmp/tmpep30sfp2 1MB TMP
DELETED 2026-09-12T15:02:05Z /tmp/split.out 1MB TMP
DELETED 2026-09-12T15:02:05Z /tmp/dfa3.txt 1MB TMP
DELETED 2026-09-12T15:02:05Z /tmp/tmpoocc21ni.txt 1MB TMP
DELETED 2026-09-12T15:02:05Z /tmp/and3.py 1MB TMP
DELETED 2026-09-12T15:02:05Z /tmp/_bt_pod.py 1MB TMP
DELETED 2026-09-12T15:02:05Z /tmp/b0_packaudit.py 1MB TMP
DELETED 2026-09-12T15:02:05Z /tmp/rl.log 1MB TMP
DELETED 2026-09-12T15:02:05Z /tmp/wt.b64.at 1MB TMP
DELETED 2026-09-12T15:02:05Z /tmp/sd.b64.ad 1MB TMP
DELETED 2026-09-12T15:02:05Z /tmp/tmp1jlyd9rk 1MB TMP
DELETED 2026-09-12T15:02:05Z /tmp/tmpf01ex9dv 1MB TMP
DELETED 2026-09-12T15:02:05Z /tmp/tmpu8n7lojh 1MB TMP
DELETED 2026-09-12T15:02:05Z /tmp/tmpb3wg1u6k 1MB TMP
DELETED 2026-09-12T15:02:05Z /tmp/de_smoke.json 1MB TMP
DELETED 2026-09-12T15:02:05Z /tmp/b0prof 1MB TMP
DELETED 2026-09-12T15:02:05Z /tmp/tmpq439g0ws 1MB TMP
DELETED 2026-09-12T15:02:05Z /tmp/tmphz_hjk5g 1MB TMP
DELETED 2026-09-12T15:02:05Z /tmp/zl.py 1MB TMP
DELETED 2026-09-12T15:02:05Z /tmp/tmpa57lkaxs 1MB TMP
DELETED 2026-09-12T15:02:05Z /tmp/b8.log 1MB TMP
DELETED 2026-09-12T15:02:05Z /tmp/enc4_s1 24910MB TMP
DELETED 2026-09-12T15:02:05Z /tmp/tmp2ck1xu3d 1MB TMP
DELETED 2026-09-12T15:02:05Z /tmp/test_whole.txt 1MB TMP
DELETED 2026-09-12T15:02:05Z /tmp/tmp7tfl2jhn 1MB TMP
DELETED 2026-09-12T15:02:05Z /tmp/pip-metadata-f2d28esf 1MB TMP
DELETED 2026-09-12T15:02:05Z /tmp/fetch_l3_guarded.sh 1MB TMP
DELETED 2026-09-12T15:02:05Z /tmp/peek_spans.py 1MB TMP
DELETED 2026-09-12T15:02:05Z /tmp/tmp5uwhw_q7.csv 1MB TMP
DELETED 2026-09-12T15:02:05Z /tmp/b0_docdup.log 1MB TMP
DELETED 2026-09-12T15:02:05Z /tmp/tmp6gm9m_uh 1MB TMP
DELETED 2026-09-12T15:02:05Z /tmp/pip-metadata-a0udju3x 1MB TMP
DELETED 2026-09-12T15:02:05Z /tmp/tmpzdz3w2kf.txt 1MB TMP
DELETED 2026-09-12T15:02:05Z /tmp/tmpb9siukwk 1MB TMP
DELETED 2026-09-12T15:02:05Z /tmp/l3static 1MB TMP
DELETED 2026-09-12T15:02:05Z /tmp/pip-metadata-b4eiqpna 1MB TMP
DELETED 2026-09-12T15:02:05Z /tmp/torchelastic_9h2h3vzi 1MB TMP
DELETED 2026-09-12T15:02:05Z /tmp/tmpux1o_uh3 1MB TMP
DELETED 2026-09-12T15:02:05Z /tmp/tmp1uqkzu6z 1MB TMP
DELETED 2026-09-12T15:02:05Z /tmp/run_l2dbg.sh 1MB TMP
DELETED 2026-09-12T15:02:05Z /tmp/tmpz1q1oh92.out 1MB TMP
DELETED 2026-09-12T15:02:05Z /tmp/tmpl3cz96ht 1MB TMP
DELETED 2026-09-12T15:02:05Z /tmp/pip-unpack-iao9oc2y 555MB TMP
DELETED 2026-09-12T15:02:05Z /tmp/tmp_gav_pdj.txt 1MB TMP
DELETED 2026-09-12T15:02:05Z /tmp/torchelastic_xhp_yeds 1MB TMP
DELETED 2026-09-12T15:02:05Z /tmp/tmpib2xq6wv 1MB TMP
DELETED 2026-09-12T15:02:05Z /tmp/de13_cursor2.log 1MB TMP
DELETED 2026-09-12T15:02:05Z /tmp/sample_code_rp1t.py 1MB TMP
DELETED 2026-09-12T15:02:05Z /tmp/torchelastic_ld2feuy7 1MB TMP
DELETED 2026-09-12T15:02:05Z /tmp/tmp3s2i9yo6 1MB TMP
DELETED 2026-09-12T15:02:05Z /tmp/post.py 1MB TMP
DELETED 2026-09-12T15:02:05Z /tmp/1116cb7f31864418bfa78f1a4b409e99-pulp.mps 1MB TMP
DELETED 2026-09-12T15:02:05Z /tmp/diag_dtype.py 1MB TMP
DELETED 2026-09-12T15:02:05Z /tmp/t52p2.log 1MB TMP
DELETED 2026-09-12T15:02:05Z /tmp/tmp8a6iax39 1MB TMP
DELETED 2026-09-12T15:02:05Z /tmp/pip-unpack-24y_ia4g 1MB TMP
DELETED 2026-09-12T15:02:05Z /tmp/tmprxp1qjm0 1MB TMP
DELETED 2026-09-12T15:02:05Z /tmp/torchelastic_zyug37t3 1MB TMP
DELETED 2026-09-12T15:02:05Z /tmp/tmphc67pj3u 1MB TMP
DELETED 2026-09-12T15:02:05Z /tmp/all.txt 1MB TMP
DELETED 2026-09-12T15:02:05Z /tmp/test_ops.txt 1MB TMP
DELETED 2026-09-12T15:02:05Z /tmp/pip-unpack-rek6zbho 1MB TMP
DELETED 2026-09-12T15:02:05Z /tmp/test_cand6.txt 1MB TMP
DELETED 2026-09-12T15:02:05Z /tmp/tmpj60pb5ha.txt 1MB TMP
DELETED 2026-09-12T15:02:05Z /tmp/torchelastic_yyctc9ha 1MB TMP
DELETED 2026-09-12T15:02:05Z /tmp/tmph9pj4_od.py 1MB TMP
DELETED 2026-09-12T15:02:05Z /tmp/test_out4.png 1MB TMP
DELETED 2026-09-12T15:02:05Z /tmp/buf.py 1MB TMP
DELETED 2026-09-12T15:02:05Z /tmp/apid 1MB TMP
DELETED 2026-09-12T15:02:05Z /tmp/tmpyc_nx8ou 1MB TMP
DELETED 2026-09-12T15:02:05Z /tmp/test9b.txt 1MB TMP
DELETED 2026-09-12T15:02:05Z /tmp/e1_untrained.hf 314MB TMP
DELETED 2026-09-12T15:02:05Z /tmp/tmpokump2rt 1MB TMP
DELETED 2026-09-12T15:02:05Z /tmp/out1.txt 1MB TMP
DELETED 2026-09-12T15:02:05Z /tmp/test_graph6.txt 1MB TMP
DELETED 2026-09-12T15:02:05Z /tmp/pymp-e1hw7prl 1MB TMP
DELETED 2026-09-12T15:02:05Z /tmp/tmp85v4x8yv 1MB TMP
DELETED 2026-09-12T15:02:05Z /tmp/test1_out.txt 1MB TMP
DELETED 2026-09-12T15:02:05Z /tmp/tmptvyexg90.txt 1MB TMP
DELETED 2026-09-12T15:02:05Z /tmp/tmpt0h_wkl_ 1MB TMP
DELETED 2026-09-12T15:02:05Z /tmp/e1_28_what.py 1MB TMP
DELETED 2026-09-12T15:02:05Z /tmp/tmp9zk6t6m5.txt 1MB TMP
DELETED 2026-09-12T15:02:05Z /tmp/d.tgz 1MB TMP
DELETED 2026-09-12T15:02:05Z /tmp/tmpk5es21yg 1MB TMP
DELETED 2026-09-12T15:02:05Z /tmp/collect_before.txt 1MB TMP
DELETED 2026-09-12T15:02:05Z /tmp/test_bipartite.col 1MB TMP
DELETED 2026-09-12T15:02:05Z /tmp/pip-unpack-syr4thy8 1MB TMP
DELETED 2026-09-12T15:02:05Z /tmp/pip-metadata-erwnajm0 1MB TMP
DELETED 2026-09-12T15:02:05Z /tmp/tmpfdgl913a 1MB TMP
DELETED 2026-09-12T15:02:05Z /tmp/tmp7t048aif 1MB TMP
DELETED 2026-09-12T15:02:05Z /tmp/test_roman2.txt 1MB TMP
DELETED 2026-09-12T15:02:05Z /tmp/tmp331x9xlo 1MB TMP
DELETED 2026-09-12T15:02:05Z /tmp/torchelastic_z2y_xlre 1MB TMP
DELETED 2026-09-12T15:02:05Z /tmp/test_output.json 1MB TMP
DELETED 2026-09-12T15:02:05Z /tmp/pip-build-tracker-2m_lai_w 1MB TMP
DELETED 2026-09-12T15:02:05Z /tmp/test1.log 1MB TMP
DELETED 2026-09-12T15:02:05Z /tmp/tmpnlpn7fni 1MB TMP
DELETED 2026-09-12T15:02:05Z /tmp/tmpj0mjzdar 1MB TMP
DELETED 2026-09-12T15:02:05Z /tmp/pip-unpack-bpsf40j2 1MB TMP
DELETED 2026-09-12T15:02:05Z /tmp/tmpqizbzh5x 1MB TMP
DELETED 2026-09-12T15:02:05Z /tmp/tmpymbjzq6i 1MB TMP
DELETED 2026-09-12T15:02:05Z /tmp/pip-metadata-kifmq2lq 1MB TMP
DELETED 2026-09-12T15:02:05Z /tmp/tmpnau5n55q 1MB TMP
DELETED 2026-09-12T15:02:05Z /tmp/test_real_ckpt.py 1MB TMP
DELETED 2026-09-12T15:02:05Z /tmp/tmpkapz5euo 1MB TMP
DELETED 2026-09-12T15:02:05Z /tmp/tmpkm8q6gsn.txt 1MB TMP
DELETED 2026-09-12T15:02:05Z /tmp/inspect_ckpt.py 1MB TMP
DELETED 2026-09-12T15:02:05Z /tmp/tmp2pv6_58z 1MB TMP
DELETED 2026-09-12T15:02:05Z /tmp/tmp1bm5vhnd 1MB TMP
DELETED 2026-09-12T15:02:05Z /tmp/tmpr0ecwauv 1MB TMP
DELETED 2026-09-12T15:02:05Z /tmp/pip-unpack-ycg2vyfn 1MB TMP
DELETED 2026-09-12T15:02:05Z /tmp/test_short.txt 1MB TMP
DELETED 2026-09-12T15:02:05Z /tmp/wt.b64.an 1MB TMP
DELETED 2026-09-12T15:02:05Z /tmp/tmppn3e2hgy 1MB TMP
DELETED 2026-09-12T15:02:05Z /tmp/test_square.txt 1MB TMP
DELETED 2026-09-12T15:02:05Z /tmp/pip-build-tracker-drhm78cz 1MB TMP
DELETED 2026-09-12T15:02:05Z /tmp/test_2.in 1MB TMP
DELETED 2026-09-12T15:02:05Z /tmp/tmp7mwtuk7x 1MB TMP
DELETED 2026-09-12T15:02:05Z /tmp/scm_scan.log 1MB TMP
DELETED 2026-09-12T15:02:05Z /tmp/tmppxpkv_8i 1MB TMP
DELETED 2026-09-12T15:02:05Z /tmp/pr28_stamp_check.py 1MB TMP
DELETED 2026-09-12T15:02:05Z /tmp/pip-metadata-9_0okfm2 1MB TMP
DELETED 2026-09-12T15:02:05Z /tmp/pip-unpack-bhj48ia9 793MB TMP
DELETED 2026-09-12T15:02:05Z /tmp/rg.py 1MB TMP
DELETED 2026-09-12T15:02:05Z /tmp/_depths.py 1MB TMP
DELETED 2026-09-12T15:02:05Z /tmp/test_edges2.csv 1MB TMP
DELETED 2026-09-12T15:02:05Z /tmp/pip-unpack-eg5w2nu1 1MB TMP
DELETED 2026-09-12T15:02:05Z /tmp/tmp66p89_9d 1MB TMP
DELETED 2026-09-12T15:02:05Z /tmp/read_out.sh 1MB TMP
DELETED 2026-09-12T15:02:05Z /tmp/tmpmgsjsdbf 1MB TMP
DELETED 2026-09-12T15:02:05Z /tmp/pip-metadata-wyxnkcbe 1MB TMP
DELETED 2026-09-12T15:02:05Z /tmp/wt.b64.cl 1MB TMP
DELETED 2026-09-12T15:02:05Z /tmp/tmpj5q1twif.txt 1MB TMP
DELETED 2026-09-12T15:02:05Z /tmp/tmp2a8ue9b4 1MB TMP
DELETED 2026-09-12T15:02:05Z /tmp/b0_base_child.py 1MB TMP
DELETED 2026-09-12T15:02:05Z /tmp/test_blanks.txt 1MB TMP
DELETED 2026-09-12T15:02:05Z /tmp/torchelastic_e2yejgan 1MB TMP
DELETED 2026-09-12T15:02:05Z /tmp/wt.b64.aa 1MB TMP
DELETED 2026-09-12T15:02:05Z /tmp/tmp45w9s9ch.txt 1MB TMP
DELETED 2026-09-12T15:02:05Z /tmp/test_edges8.csv 1MB TMP
DELETED 2026-09-12T15:02:05Z /tmp/pytorch-errorfile-hn_b8lbe.pickle 1MB TMP
DELETED 2026-09-12T15:02:05Z /tmp/test_cycle5.col 1MB TMP
DELETED 2026-09-12T15:02:05Z /tmp/ours_p200m.log 1MB TMP
DELETED 2026-09-12T15:02:05Z /tmp/tmpk6voyd0x 1MB TMP
DELETED 2026-09-12T15:02:05Z /tmp/tmptq2ghnhk.txt 1MB TMP
DELETED 2026-09-12T15:02:05Z /tmp/tmpuyvyyzyb 1MB TMP
DELETED 2026-09-12T15:02:05Z /tmp/tmpw0y87syk 1MB TMP
DELETED 2026-09-12T15:02:05Z /tmp/tmp704b6t1u 1MB TMP
DELETED 2026-09-12T15:02:05Z /tmp/tmpg9c2fp8t 1MB TMP
DELETED 2026-09-12T15:02:05Z /tmp/torchelastic_g0sufveb 1MB TMP
DELETED 2026-09-12T15:02:05Z /tmp/test1.fasta 1MB TMP
DELETED 2026-09-12T15:02:05Z /tmp/t32.py 1MB TMP
DELETED 2026-09-12T15:02:05Z /tmp/pip-unpack-4qdyyrof 1MB TMP
DELETED 2026-09-12T15:02:05Z /tmp/wt.b64.au 1MB TMP
DELETED 2026-09-12T15:02:05Z /tmp/pip-unpack-xgqdrfmk 1MB TMP
DELETED 2026-09-12T15:02:05Z /tmp/a135.txt 1MB TMP
DELETED 2026-09-12T15:02:05Z /tmp/torchelastic_qc2fsb18 1MB TMP
DELETED 2026-09-12T15:02:05Z /tmp/b0_worlds.out 1MB TMP
DELETED 2026-09-12T15:02:05Z /tmp/tmp_kq_sn1_ 1MB TMP
DELETED 2026-09-12T15:02:05Z /tmp/tmpz0slhl2y 1MB TMP
DELETED 2026-09-12T15:02:05Z /tmp/test_zero.txt 1MB TMP
DELETED 2026-09-12T15:02:05Z /tmp/test_cand1.txt 1MB TMP
DELETED 2026-09-12T15:02:05Z /tmp/tmp740fetww 1MB TMP
DELETED 2026-09-12T15:02:05Z /tmp/tmpb61ergla 1MB TMP
DELETED 2026-09-12T15:02:05Z /tmp/tmp4701nj0x.txt 1MB TMP
DELETED 2026-09-12T15:02:05Z /tmp/torchelastic_lzpitg51 1MB TMP
DELETED 2026-09-12T15:02:05Z /tmp/dt.py 1MB TMP
DELETED 2026-09-12T15:02:05Z /tmp/tmp621itxjs 1MB TMP
DELETED 2026-09-12T15:02:05Z /tmp/sd.b64.aj 1MB TMP
DELETED 2026-09-12T15:02:05Z /tmp/nocfg.pt 1MB TMP
DELETED 2026-09-12T15:02:05Z /tmp/tmpauu39zy9 1MB TMP
DELETED 2026-09-12T15:02:05Z /tmp/tmpoxk9h_xh 1MB TMP
DELETED 2026-09-12T15:02:05Z /tmp/tmph350a8wg 1MB TMP
DELETED 2026-09-12T15:02:05Z /tmp/tmpszpgtxnc 1MB TMP
DELETED 2026-09-12T15:02:05Z /tmp/vs.sh 1MB TMP
DELETED 2026-09-12T15:02:05Z /tmp/tmpxfouat6h 1MB TMP
DELETED 2026-09-12T15:02:05Z /tmp/torchelastic_cety1g9j 1MB TMP
DELETED 2026-09-12T15:02:05Z /tmp/e2e_gd5krdux 1MB TMP
DELETED 2026-09-12T15:02:05Z /tmp/tmps82r8pvm 1MB TMP
DELETED 2026-09-12T15:02:05Z /tmp/smoke.log 1MB TMP
DELETED 2026-09-12T15:02:05Z /tmp/diag_smoke.py 1MB TMP
DELETED 2026-09-12T15:02:05Z /tmp/pip-unpack-o02dr073 2MB TMP
DELETED 2026-09-12T15:02:05Z /tmp/ctrl.py 1MB TMP
DELETED 2026-09-12T15:02:05Z /tmp/smoke_p3.pt 394MB TMP
DELETED 2026-09-12T15:02:05Z /tmp/tmp0z_nbdda 1MB TMP
DELETED 2026-09-12T15:02:05Z /tmp/collide.py 1MB TMP
DELETED 2026-09-12T15:02:05Z /tmp/tmptc3zfr77 1MB TMP
DELETED 2026-09-12T15:02:05Z /tmp/tmpxsrgixdz 1MB TMP
DELETED 2026-09-12T15:02:05Z /tmp/tmp9swns1cn 1MB TMP
DELETED 2026-09-12T15:02:05Z /tmp/count_domain.py 1MB TMP
DELETED 2026-09-12T15:02:05Z /tmp/tmp_orb39m6.txt 1MB TMP
DELETED 2026-09-12T15:02:05Z /tmp/dup_test.txt 1MB TMP
DELETED 2026-09-12T15:02:05Z /tmp/pip-unpack-wcll5rwc 7MB TMP
DELETED 2026-09-12T15:02:05Z /tmp/tmpcl5mpcv1 1MB TMP
DELETED 2026-09-12T15:02:05Z /tmp/pip-metadata-gp7lh45j 1MB TMP
DELETED 2026-09-12T15:02:05Z /tmp/tmppn1x__qk.txt 1MB TMP
DELETED 2026-09-12T15:02:05Z /tmp/pod_py.txt 1MB TMP
DELETED 2026-09-12T15:02:05Z /tmp/curve_p3.pt 394MB TMP
DELETED 2026-09-12T15:02:05Z /tmp/torchelastic_r5cok2nu 1MB TMP
DELETED 2026-09-12T15:02:05Z /tmp/tmpc6z5lyhf 1MB TMP
DELETED 2026-09-12T15:02:05Z /tmp/torchelastic_4w5cplgb 1MB TMP
DELETED 2026-09-12T15:02:05Z /tmp/tmp52_vzi1z 1MB TMP
DELETED 2026-09-12T15:02:05Z /tmp/test_sokoban1.txt 1MB TMP
DELETED 2026-09-12T15:02:05Z /tmp/ro_new.py 1MB TMP
DELETED 2026-09-12T15:02:05Z /tmp/tmpw4dtzwyx 1MB TMP
DELETED 2026-09-12T15:02:05Z /tmp/tmp6m8ij7wb 1MB TMP
DELETED 2026-09-12T15:02:05Z /tmp/pc.log 1MB TMP
DELETED 2026-09-12T15:02:05Z /tmp/guards.patch 1MB TMP
DELETED 2026-09-12T15:02:05Z /tmp/test8.csv 1MB TMP
DELETED 2026-09-12T15:02:05Z /tmp/ascii_test.bin 1MB TMP
DELETED 2026-09-12T15:02:05Z /tmp/test5.ini 1MB TMP
DELETED 2026-09-12T15:02:05Z /tmp/ex.py 1MB TMP
DELETED 2026-09-12T15:02:05Z /tmp/empty_test.txt 0MB TMP
DELETED 2026-09-12T15:02:05Z /tmp/test_primes1.txt 1MB TMP
DELETED 2026-09-12T15:02:05Z /tmp/tmp8wedk8yu.cpp 1MB TMP
DELETED 2026-09-12T15:02:05Z /tmp/test_complete.txt 1MB TMP
DELETED 2026-09-12T15:02:05Z /tmp/seats2.txt 1MB TMP
DELETED 2026-09-12T15:02:05Z /tmp/launch_s2.sh 1MB TMP
DELETED 2026-09-12T15:02:05Z /tmp/tmpd2nrymrm 1MB TMP
DELETED 2026-09-12T15:02:05Z /tmp/patch_sigpipe_nd.py 1MB TMP
DELETED 2026-09-12T15:02:05Z /tmp/tmp925iw629 1MB TMP
DELETED 2026-09-12T15:02:05Z /tmp/check_hits_177.py 1MB TMP
DELETED 2026-09-12T15:02:05Z /tmp/tmplfhu627v.py 1MB TMP
DELETED 2026-09-12T15:02:05Z /tmp/reg 4MB TMP
DELETED 2026-09-12T15:02:05Z /tmp/tmp3q64bbqf 1MB TMP
DELETED 2026-09-12T15:02:05Z /tmp/test_sched2.txt 1MB TMP
DELETED 2026-09-12T15:02:05Z /tmp/tmp7jopvp85 1MB TMP
DELETED 2026-09-12T15:02:05Z /tmp/find_ckpt.py 1MB TMP
DELETED 2026-09-12T15:02:05Z /tmp/pip-unpack-dd15bod3 1MB TMP
DELETED 2026-09-12T15:02:05Z /tmp/tmp2xx5va5o 1MB TMP
DELETED 2026-09-12T15:02:05Z /tmp/tmp5mp_qitw.txt 1MB TMP
DELETED 2026-09-12T15:02:05Z /tmp/multi.log 1MB TMP
DELETED 2026-09-12T15:02:05Z /tmp/torchelastic_put7yi2_ 1MB TMP
DELETED 2026-09-12T15:02:05Z /tmp/pip-metadata-j5vkrhkx 1MB TMP
DELETED 2026-09-12T15:02:05Z /tmp/z2.sh 1MB TMP
DELETED 2026-09-12T15:02:05Z /tmp/torchelastic_0eb044up 1MB TMP
DELETED 2026-09-12T15:02:05Z /tmp/_l9who.py 1MB TMP
DELETED 2026-09-12T15:02:05Z /tmp/tmpk1t3_t9q 1MB TMP
DELETED 2026-09-12T15:02:05Z /tmp/check_lambada_log.py 1MB TMP
DELETED 2026-09-12T15:02:05Z /tmp/torchelastic_nd4oiqfq 1MB TMP
DELETED 2026-09-12T15:02:05Z /tmp/sweep_stale_rows.py 1MB TMP
DELETED 2026-09-12T15:02:05Z /tmp/tmpx30yh3jt.sol 1MB TMP
DELETED 2026-09-12T15:02:05Z /tmp/tmpa17tj0k5 1MB TMP
DELETED 2026-09-12T15:02:05Z /tmp/dfa1.in 1MB TMP
DELETED 2026-09-12T15:02:05Z /tmp/d_vals.txt 1MB TMP
DELETED 2026-09-12T15:02:05Z /tmp/probe_yield.py 1MB TMP
DELETED 2026-09-12T15:02:05Z /tmp/g01.log 1MB TMP
DELETED 2026-09-12T15:02:05Z /tmp/tmpn5ppuaqo 1MB TMP
DELETED 2026-09-12T15:02:05Z /tmp/test_dict8.txt 1MB TMP
DELETED 2026-09-12T15:02:05Z /tmp/ho.b64.ai 1MB TMP
DELETED 2026-09-12T15:02:05Z /tmp/pip-metadata-k9ou54xl 1MB TMP
DELETED 2026-09-12T15:02:05Z /tmp/tmpj2yp2p4k 1MB TMP
DELETED 2026-09-12T15:02:05Z /tmp/ct_dry.json 1MB TMP
DELETED 2026-09-12T15:02:05Z /tmp/tmp0onnguxq 1MB TMP
DELETED 2026-09-12T15:02:05Z /tmp/be90.bak 1MB TMP
DELETED 2026-09-12T15:02:05Z /tmp/pip-metadata-ncpk3shi 1MB TMP
DELETED 2026-09-12T15:02:05Z /tmp/pip-metadata-jzf5cwbs 1MB TMP
DELETED 2026-09-12T15:02:05Z /tmp/tmp62ee2b08 1MB TMP
DELETED 2026-09-12T15:02:05Z /tmp/pip-unpack-b4v81ytk 1MB TMP
DELETED 2026-09-12T15:02:05Z /tmp/tmp2f2y4om0 1MB TMP
DELETED 2026-09-12T15:02:05Z /tmp/torchelastic_izoh0oml 1MB TMP
DELETED 2026-09-12T15:02:05Z /tmp/torchelastic_4rns12wd 1MB TMP
DELETED 2026-09-12T15:02:05Z /tmp/pip-unpack-wcpebloo 1MB TMP
DELETED 2026-09-12T15:02:05Z /tmp/tmpok52xsdu 1MB TMP
DELETED 2026-09-12T15:02:05Z /tmp/torchelastic_2lmr1py4 1MB TMP
DELETED 2026-09-12T15:02:05Z /tmp/torchelastic_p9k9chor 1MB TMP
DELETED 2026-09-12T15:02:05Z /tmp/test_input2.json 1MB TMP
DELETED 2026-09-12T15:02:05Z /tmp/pip-unpack-c6eihjqc 1MB TMP
DELETED 2026-09-12T15:02:05Z /tmp/torchelastic_cln9fip5 1MB TMP
DELETED 2026-09-12T15:02:05Z /tmp/man.txt 1MB TMP
DELETED 2026-09-12T15:02:05Z /tmp/spec1.txt 1MB TMP
DELETED 2026-09-12T15:02:05Z /tmp/pip-unpack-i5h14ca9 1MB TMP
DELETED 2026-09-12T15:02:05Z /tmp/tmpzdjhmn6r 1MB TMP
DELETED 2026-09-12T15:02:05Z /tmp/tri5.txt 1MB TMP
DELETED 2026-09-12T15:02:05Z /tmp/torchelastic_nop14_ak 1MB TMP
DELETED 2026-09-12T15:02:05Z /tmp/run_sample.sh 1MB TMP
DELETED 2026-09-12T15:02:05Z /tmp/tmpx5bk8u22.txt 1MB TMP
DELETED 2026-09-12T15:02:05Z /tmp/tmpokx3jepp 1MB TMP
DELETED 2026-09-12T15:02:05Z /tmp/tmp2684gotz.txt 1MB TMP
DELETED 2026-09-12T15:02:05Z /tmp/prev_eic_memory_pool.py 1MB TMP
DELETED 2026-09-12T15:02:05Z /tmp/tmpg3oegohy 1MB TMP
DELETED 2026-09-12T15:02:05Z /tmp/pip-install-9rjp3wie 1MB TMP
DELETED 2026-09-12T15:02:05Z /tmp/tmp3d8n6_fg 1MB TMP
DELETED 2026-09-12T15:02:05Z /tmp/pip-metadata-0bsusonh 1MB TMP
DELETED 2026-09-12T15:02:05Z /tmp/tmpcldg5tjc 1MB TMP
DELETED 2026-09-12T15:02:05Z /tmp/dl4_ckpt_1.5b-a0.2b-e48_30b.pt.step10500.log 1MB TMP
DELETED 2026-09-12T15:02:05Z /tmp/pip-unpack-ah1h_348 11MB TMP
DELETED 2026-09-12T15:02:05Z /tmp/tmpe83j5oft 1MB TMP
DELETED 2026-09-12T15:02:05Z /tmp/probe3.py 1MB TMP
DELETED 2026-09-12T15:02:05Z /tmp/tmpf75acnln.tsp 1MB TMP
DELETED 2026-09-12T15:02:05Z /tmp/tmp78drvbkv 1MB TMP
DELETED 2026-09-12T15:02:05Z /tmp/tmp3igprds7 1MB TMP
DELETED 2026-09-12T15:02:05Z /tmp/de_opt_cost2.py 1MB TMP
DELETED 2026-09-12T15:02:05Z /tmp/e1_sel.py 1MB TMP
DELETED 2026-09-12T15:02:05Z /tmp/tmpdbv99_d3 1MB TMP
DELETED 2026-09-12T15:02:05Z /tmp/torchelastic_g99zer46 1MB TMP
DELETED 2026-09-12T15:02:05Z /tmp/test_20488.txt 1MB TMP
DELETED 2026-09-12T15:02:05Z /tmp/pip-metadata-80ku9nlt 1MB TMP
DELETED 2026-09-12T15:02:05Z /tmp/pip-metadata-v4ro7ub6 1MB TMP
DELETED 2026-09-12T15:02:05Z /tmp/b0_peak2.sh 1MB TMP
DELETED 2026-09-12T15:02:05Z /tmp/tmpforyfhak 1MB TMP
DELETED 2026-09-12T15:02:05Z /tmp/root 1MB TMP
DELETED 2026-09-12T15:02:05Z /tmp/tmpe9j38_h1 1MB TMP
DELETED 2026-09-12T15:02:05Z /tmp/tmpeszb5w7j 1MB TMP
DELETED 2026-09-12T15:02:05Z /tmp/wt.b64.bq 1MB TMP
DELETED 2026-09-12T15:02:05Z /tmp/torchelastic_yb1tt_jj 1MB TMP
DELETED 2026-09-12T15:02:05Z /tmp/tmpn9bdlxkn.txt 1MB TMP
DELETED 2026-09-12T15:02:05Z /tmp/final_he.sh 1MB TMP
DELETED 2026-09-12T15:02:05Z /tmp/b64all.py 1MB TMP
DELETED 2026-09-12T15:02:05Z /tmp/wt.b64.cb 1MB TMP
DELETED 2026-09-12T15:02:05Z /tmp/extract_spans.py 0MB TMP
DELETED 2026-09-12T15:02:05Z /tmp/tmpd_pwqhd6 1MB TMP
DELETED 2026-09-12T15:02:05Z /tmp/only.txt 1MB TMP
DELETED 2026-09-12T15:02:05Z /tmp/dl4_ckpt_1.5b-a0.2b-e48_30b.pt.step11500.log 1MB TMP
DELETED 2026-09-12T15:02:05Z /tmp/tmp1j5_094f 1MB TMP
DELETED 2026-09-12T15:02:05Z /tmp/tmp3snbb7rm 1MB TMP
DELETED 2026-09-12T15:02:05Z /tmp/pip-unpack-tnu3c8_y 1MB TMP
DELETED 2026-09-12T15:02:05Z /tmp/_ve_quant.py 1MB TMP
DELETED 2026-09-12T15:02:05Z /tmp/arm1cu.json 1MB TMP
DELETED 2026-09-12T15:02:05Z /tmp/tmpfytsbu3t.txt 1MB TMP
DELETED 2026-09-12T15:02:05Z /tmp/de16_logs.tgz 1MB TMP
DELETED 2026-09-12T15:02:05Z /tmp/pip-unpack-pp7etotj 1MB TMP
DELETED 2026-09-12T15:02:05Z /tmp/tmpn6o5ubl4 1MB TMP
DELETED 2026-09-12T15:02:05Z /tmp/mksub.py 1MB TMP
DELETED 2026-09-12T15:02:05Z /tmp/r3.out 1MB TMP
DELETED 2026-09-12T15:02:05Z /tmp/tmp60e46vwo.txt 1MB TMP
DELETED 2026-09-12T15:02:05Z /tmp/tmp_me7efdg 1MB TMP
DELETED 2026-09-12T15:02:05Z /tmp/tmp051dhdwr.bin 1MB TMP
DELETED 2026-09-12T15:02:05Z /tmp/repro_sliceview.py 1MB TMP
DELETED 2026-09-12T15:02:05Z /tmp/tmp0guum070 1MB TMP
DELETED 2026-09-12T15:02:05Z /tmp/tmpplv1rbpv 1MB TMP
DELETED 2026-09-12T15:02:05Z /tmp/diag_mine.py 1MB TMP
DELETED 2026-09-12T15:02:05Z /tmp/pymp-k5jtxiox 1MB TMP
DELETED 2026-09-12T15:02:05Z /tmp/b0_p_b16a2.txt 1MB TMP
DELETED 2026-09-12T15:02:05Z /tmp/wt.b64.bv 1MB TMP
DELETED 2026-09-12T15:02:05Z /tmp/pip-build-tracker-aft56186 1MB TMP
DELETED 2026-09-12T15:02:05Z /tmp/pip-metadata-oy6hvo5j 1MB TMP
DELETED 2026-09-12T15:02:05Z /tmp/one_edge.txt 1MB TMP
DELETED 2026-09-12T15:02:05Z /tmp/tmp6ubkmafx 1MB TMP
DELETED 2026-09-12T15:02:05Z /tmp/test_graph1.txt 1MB TMP
DELETED 2026-09-12T15:02:05Z /tmp/torchelastic_3hy96wfd 1MB TMP
DELETED 2026-09-12T15:02:05Z /tmp/tmpyez7a81a 1MB TMP
DELETED 2026-09-12T15:02:05Z /tmp/e1_tokeval3.sh 1MB TMP
DELETED 2026-09-12T15:02:05Z /tmp/tmpjhyrf0hd 1MB TMP
DELETED 2026-09-12T15:02:05Z /tmp/enc4_s1.sh 1MB TMP
DELETED 2026-09-12T15:02:05Z /tmp/pip-metadata-zz8fg51o 1MB TMP
DELETED 2026-09-12T15:02:05Z /tmp/tmpcivvjj9n 1MB TMP
DELETED 2026-09-12T15:02:05Z /tmp/pip-unpack-7sa2i8m9 1MB TMP
DELETED 2026-09-12T15:02:05Z /tmp/pip-unpack-wrjyzzgs 1MB TMP
DELETED 2026-09-12T15:02:05Z /tmp/injection_config_7d59d29b 1MB TMP
DELETED 2026-09-12T15:02:05Z /tmp/torchelastic_y_pa4_a4 1MB TMP
DELETED 2026-09-12T15:02:05Z /tmp/train_pristine.py 1MB TMP
DELETED 2026-09-12T15:02:05Z /tmp/g.txt 1MB TMP
DELETED 2026-09-12T15:02:05Z /tmp/ew3.py 1MB TMP
DELETED 2026-09-12T15:02:05Z /tmp/tmpcl73zeco 1MB TMP
DELETED 2026-09-12T15:02:05Z /tmp/test_outside.txt 1MB TMP
DELETED 2026-09-12T15:02:05Z /tmp/pip-metadata-hqoq14kk 1MB TMP
DELETED 2026-09-12T15:02:05Z /tmp/test_input_3.txt 1MB TMP
DELETED 2026-09-12T15:02:05Z /tmp/torchelastic_9jyg3g2e 1MB TMP
DELETED 2026-09-12T15:02:05Z /tmp/tmpeqky1k60 1MB TMP
DELETED 2026-09-12T15:02:05Z /tmp/tmp9876w9de 1MB TMP
DELETED 2026-09-12T15:02:05Z /tmp/tmp9_sriumh 1MB TMP
DELETED 2026-09-12T15:02:05Z /tmp/tmppoo7aevw 1MB TMP
DELETED 2026-09-12T15:02:05Z /tmp/pip-unpack-natgr602 1MB TMP
DELETED 2026-09-12T15:02:05Z /tmp/torchelastic__wi79b79 1MB TMP
DELETED 2026-09-12T15:02:05Z /tmp/tmpa4n8kaq1.out 1MB TMP
DELETED 2026-09-12T15:02:05Z /tmp/data 1MB TMP
DELETED 2026-09-12T15:02:05Z /tmp/pip-unpack-knyh2cr5 281MB TMP
DELETED 2026-09-12T15:02:05Z /tmp/cc0159b27fcf443682176efc6fe60944-pulp.mps 2MB TMP
DELETED 2026-09-12T15:02:05Z /tmp/constraints.txt 1MB TMP
DELETED 2026-09-12T15:02:05Z /tmp/tmpfsagnq8l 1MB TMP
DELETED 2026-09-12T15:02:05Z /tmp/pip-metadata-z_azr9o7 1MB TMP
DELETED 2026-09-12T15:02:05Z /tmp/torchelastic_84ft177p 1MB TMP
DELETED 2026-09-12T15:02:05Z /tmp/pretok_textbook_30b.log 1MB TMP
DELETED 2026-09-12T15:02:05Z /tmp/tmp6lnlywdo 1MB TMP
DELETED 2026-09-12T15:02:05Z /tmp/torchelastic_12irqtem 1MB TMP
DELETED 2026-09-12T15:02:05Z /tmp/tmpdg9p39oa 1MB TMP
DELETED 2026-09-12T15:02:05Z /tmp/tmp3bkac_aj 28MB TMP
DELETED 2026-09-12T15:02:05Z /tmp/tmpd4qf6b7l.txt 1MB TMP
DELETED 2026-09-12T15:02:05Z /tmp/tmpnxcy377_.so 1MB TMP
DELETED 2026-09-12T15:02:05Z /tmp/tmpkb5pqd1f 1MB TMP
DELETED 2026-09-12T15:02:05Z /tmp/tmpfordpq_n 1MB TMP
DELETED 2026-09-12T15:02:05Z /tmp/tmpc5dnmh1i.db-journal 1MB TMP
DELETED 2026-09-12T15:02:05Z /tmp/tmp6utvhtct.txt 0MB TMP
DELETED 2026-09-12T15:02:05Z /tmp/injection_config_6e0d4b80 1MB TMP
DELETED 2026-09-12T15:02:05Z /tmp/tmpbxd4hg3m 1MB TMP
DELETED 2026-09-12T15:02:05Z /tmp/pip-unpack-egitv7sr 628MB TMP
DELETED 2026-09-12T15:02:05Z /tmp/m1.txt 1MB TMP
DELETED 2026-09-12T15:02:05Z /tmp/pip-unpack-cyvpdghl 1MB TMP
DELETED 2026-09-12T15:02:05Z /tmp/tmp1ezo6j0r 1MB TMP
DELETED 2026-09-12T15:02:05Z /tmp/tmpu6lfc9d3 1MB TMP
DELETED 2026-09-12T15:02:05Z /tmp/_g.sh 1MB TMP
DELETED 2026-09-12T15:02:05Z /tmp/test_mul.txt 1MB TMP
DELETED 2026-09-12T15:02:05Z /tmp/pip-download-uib74ctk 1MB TMP
DELETED 2026-09-12T15:02:05Z /tmp/tmpml_w8zfz 1MB TMP
DELETED 2026-09-12T15:02:05Z /tmp/torchelastic_wx15vpfp 1MB TMP
DELETED 2026-09-12T15:02:05Z /tmp/tmp_0fvttva 1MB TMP
DELETED 2026-09-12T15:02:05Z /tmp/tmp6rsr2eah 1MB TMP
DELETED 2026-09-12T15:02:05Z /tmp/torchelastic_jtugyg2c 1MB TMP
DELETED 2026-09-12T15:02:05Z /tmp/tmp3b6xlgvm 1MB TMP
DELETED 2026-09-12T15:02:05Z /tmp/test_input_2.txt 1MB TMP
DELETED 2026-09-12T15:02:05Z /tmp/tmpbyxt1wv2.txt 1MB TMP
DELETED 2026-09-12T15:02:05Z /tmp/check_alog.py 1MB TMP
DELETED 2026-09-12T15:02:05Z /tmp/pip-metadata-2ba97_4m 1MB TMP
DELETED 2026-09-12T15:02:05Z /tmp/run_dd09_sample.py 1MB TMP
DELETED 2026-09-12T15:02:05Z /tmp/tmp2qorcse0 1MB TMP
DELETED 2026-09-12T15:02:05Z /tmp/fix_math_u2028.py 1MB TMP
DELETED 2026-09-12T15:02:05Z /tmp/pip-unpack-t5i5yjnd 1MB TMP
DELETED 2026-09-12T15:02:05Z /tmp/tmpr5gs1_7i.db-journal 1MB TMP
DELETED 2026-09-12T15:02:05Z /tmp/test_cand7.txt 0MB TMP
DELETED 2026-09-12T15:02:05Z /tmp/tmpba8g923m 1MB TMP
DELETED 2026-09-12T15:02:05Z /tmp/sd.b64.an 1MB TMP
DELETED 2026-09-12T15:02:05Z /tmp/pip-unpack-nmbbj8fx 1MB TMP
DELETED 2026-09-12T15:02:05Z /tmp/tmp02obetj3 1MB TMP
DELETED 2026-09-12T15:02:05Z /tmp/tmpg2do2iin 1MB TMP
DELETED 2026-09-12T15:02:05Z /tmp/test3b.txt 1MB TMP
DELETED 2026-09-12T15:02:05Z /tmp/torchelastic_lg3zoqkf 1MB TMP
DELETED 2026-09-12T15:02:05Z /tmp/pip-unpack-pawhik1f 555MB TMP
DELETED 2026-09-12T15:02:05Z /tmp/tmpmqfsivmo 1MB TMP
DELETED 2026-09-12T15:02:05Z /tmp/tmpkyew5v5b 1MB TMP
DELETED 2026-09-12T15:02:05Z /tmp/pip-unpack-xveygii9 1MB TMP
DELETED 2026-09-12T15:02:05Z /tmp/tmpeie5brr_ 1MB TMP
DELETED 2026-09-12T15:02:05Z /tmp/pymp-dykfg593 1MB TMP
DELETED 2026-09-12T15:02:05Z /tmp/pilot_tok.py 1MB TMP
DELETED 2026-09-12T15:02:05Z /tmp/tmpvhug9zvb 1MB TMP
DELETED 2026-09-12T15:02:05Z /tmp/tmpz4knkywb 1MB TMP
DELETED 2026-09-12T15:02:05Z /tmp/tmp1hqw1s5u 1MB TMP
DELETED 2026-09-12T15:02:05Z /tmp/pip-unpack-d1x3tn1v 1MB TMP
DELETED 2026-09-12T15:02:05Z /tmp/tmpub8_28cd 1MB TMP
DELETED 2026-09-12T15:02:05Z /tmp/padshim 1MB TMP
DELETED 2026-09-12T15:02:05Z /tmp/b0_ds.py 1MB TMP
DELETED 2026-09-12T15:02:05Z /tmp/tmpmwvqg1cf 1MB TMP
DELETED 2026-09-12T15:02:05Z /tmp/tmpmpfe_mbj 1MB TMP
DELETED 2026-09-12T15:02:05Z /tmp/tmpl1uvkmx9 1MB TMP
DELETED 2026-09-12T15:02:05Z /tmp/floor_band.out 1MB TMP
DELETED 2026-09-12T15:02:05Z /tmp/tmp7ek43qym 1MB TMP
DELETED 2026-09-12T15:02:05Z /tmp/tmpi1dxjs5r 1MB TMP
DELETED 2026-09-12T15:02:05Z /tmp/pip-metadata-11f93yt7 1MB TMP
DELETED 2026-09-12T15:02:05Z /tmp/tmpv22zk7__.xlsx 0MB TMP
DELETED 2026-09-12T15:02:05Z /tmp/test_input.json 1MB TMP
DELETED 2026-09-12T15:02:05Z /tmp/test_out.png 1MB TMP
DELETED 2026-09-12T15:02:05Z /tmp/tmp7qyxy25z 1MB TMP
DELETED 2026-09-12T15:02:05Z /tmp/tmp0qn2gk4m 1MB TMP
DELETED 2026-09-12T15:02:05Z /tmp/probe_autotune.py 1MB TMP
DELETED 2026-09-12T15:02:05Z /tmp/eta.txt 1MB TMP
DELETED 2026-09-12T15:02:05Z /tmp/pip-metadata-gq40w9ie 1MB TMP
DELETED 2026-09-12T15:02:05Z /tmp/tmprs1iw9ig 1MB TMP
DELETED 2026-09-12T15:02:05Z /tmp/s.json 1MB TMP
DELETED 2026-09-12T15:02:05Z /tmp/b0_peaks3.sh 1MB TMP
DELETED 2026-09-12T15:02:05Z /tmp/b64dump.py 1MB TMP
DELETED 2026-09-12T15:02:05Z /tmp/torchelastic_6mdvcvwj 1MB TMP
DELETED 2026-09-12T15:02:05Z /tmp/stamp_cache_seeds.py 1MB TMP
DELETED 2026-09-12T15:02:05Z /tmp/tmpe46i_grm 1MB TMP
DELETED 2026-09-12T15:02:05Z /tmp/b0_regen.log 1MB TMP
DELETED 2026-09-12T15:02:05Z /tmp/test_edges4.csv 1MB TMP
DELETED 2026-09-12T15:02:05Z /tmp/torchelastic_6v2_fcwt 1MB TMP
DELETED 2026-09-12T15:02:05Z /tmp/tmpwv7xx2uo 1MB TMP
DELETED 2026-09-12T15:02:05Z /tmp/wt.b64.ab 1MB TMP
DELETED 2026-09-12T15:02:05Z /tmp/tmpsyw85vfb 1MB TMP
DELETED 2026-09-12T15:02:05Z /tmp/test_tasks_1.txt 1MB TMP
DELETED 2026-09-12T15:02:05Z /tmp/tmpzao2zmmc 1MB TMP
DELETED 2026-09-12T15:02:05Z /tmp/tmpmlfdpvm0 1MB TMP
DELETED 2026-09-12T15:02:05Z /tmp/torchelastic_2chkfc19 1MB TMP
DELETED 2026-09-12T15:02:05Z /tmp/c2.raw 1MB TMP
DELETED 2026-09-12T15:02:05Z /tmp/pip-unpack-algo3e5p 1MB TMP
DELETED 2026-09-12T15:02:05Z /tmp/build_b1.log 1MB TMP
DELETED 2026-09-12T15:02:05Z /tmp/tmpq7r3__bo.mdp 1MB TMP
DELETED 2026-09-12T15:02:05Z /tmp/eq_frame.jsonl 26MB TMP
DELETED 2026-09-12T15:02:05Z /tmp/tmpat_k5w9h 1MB TMP
DELETED 2026-09-12T15:02:05Z /tmp/m.err 0MB TMP
DELETED 2026-09-12T15:02:05Z /tmp/tmpzw4pw_7m 1MB TMP
DELETED 2026-09-12T15:02:05Z /tmp/read_sample.py 1MB TMP
DELETED 2026-09-12T15:02:05Z /tmp/tmpt04x2ktk 1MB TMP
DELETED 2026-09-12T15:02:05Z /tmp/tmp.41WAw2Z9Ot 1MB TMP
DELETED 2026-09-12T15:02:05Z /tmp/tmpy6qwt4ww.csv 1MB TMP
DELETED 2026-09-12T15:02:05Z /tmp/tput2.py 1MB TMP
DELETED 2026-09-12T15:02:05Z /tmp/tmp_6yjybk9 1MB TMP
DELETED 2026-09-12T15:02:05Z /tmp/stats_after.json 1MB TMP
DELETED 2026-09-12T15:02:05Z /tmp/tmpw6_il_d4 1MB TMP
DELETED 2026-09-12T15:02:05Z /tmp/torchelastic_t2r__qpd 1MB TMP
DELETED 2026-09-12T15:02:05Z /tmp/pack_clean.log 1MB TMP
DELETED 2026-09-12T15:02:05Z /tmp/nstest.py 1MB TMP
DELETED 2026-09-12T15:02:05Z /tmp/tmpfm5w58yp 1MB TMP
DELETED 2026-09-12T15:02:05Z /tmp/tmp9c5zvra9 1MB TMP
DELETED 2026-09-12T15:02:05Z /tmp/tmpqnlc37g8 1MB TMP
DELETED 2026-09-12T15:02:05Z /tmp/tmpv37fadne.txt 1MB TMP
DELETED 2026-09-12T15:02:05Z /tmp/tmpomp0ei89.txt 1MB TMP
DELETED 2026-09-12T15:02:05Z /tmp/pip-build-tracker-recag4no 1MB TMP
DELETED 2026-09-12T15:02:05Z /tmp/tmpd7livhlw 1MB TMP
DELETED 2026-09-12T15:02:05Z /tmp/test4a.txt 0MB TMP
DELETED 2026-09-12T15:02:05Z /tmp/pip-unpack-cbp6vqf3 1MB TMP
DELETED 2026-09-12T15:02:05Z /tmp/e1_what.log 1MB TMP
DELETED 2026-09-12T15:02:05Z /tmp/b0_worlds.sh 1MB TMP
DELETED 2026-09-12T15:02:05Z /tmp/degen_probe2.py 1MB TMP
DELETED 2026-09-12T15:02:05Z /tmp/tmp1wzdx0hd.txt 1MB TMP
DELETED 2026-09-12T15:02:05Z /tmp/e1_extend_scan.sh 1MB TMP
DELETED 2026-09-12T15:02:05Z /tmp/tmpmmpepu4c.csv 1MB TMP
DELETED 2026-09-12T15:02:05Z /tmp/pip-unpack-khei4rle 1MB TMP
DELETED 2026-09-12T15:02:05Z /tmp/tmpul52em2i 1MB TMP
DELETED 2026-09-12T15:02:05Z /tmp/tmp1v9yqo2z 1MB TMP
DELETED 2026-09-12T15:02:05Z /tmp/tri3.txt 1MB TMP
DELETED 2026-09-12T15:02:05Z /tmp/tmpruueqbi2 1MB TMP
DELETED 2026-09-12T15:02:05Z /tmp/tmp__387lgc 1MB TMP
DELETED 2026-09-12T15:02:05Z /tmp/tmpt0qw8y0x 1MB TMP
DELETED 2026-09-12T15:02:05Z /tmp/sandbox_probe.py 1MB TMP
DELETED 2026-09-12T15:02:05Z /tmp/test_tie.txt 1MB TMP
DELETED 2026-09-12T15:02:05Z /tmp/ssd-bench 809MB TMP
DELETED 2026-09-12T15:02:05Z /tmp/pairing_test.sh 1MB TMP
DELETED 2026-09-12T15:02:05Z /tmp/sd.b64.ar 1MB TMP
DELETED 2026-09-12T15:02:05Z /tmp/tmpgsybbclh 1MB TMP
DELETED 2026-09-12T15:02:05Z /tmp/pip-unpack-brnak4eg 7MB TMP
DELETED 2026-09-12T15:02:05Z /tmp/old_driver.py 1MB TMP
DELETED 2026-09-12T15:02:05Z /tmp/tmpwlw70js7.so 1MB TMP
DELETED 2026-09-12T15:02:05Z /tmp/tmpsnsvhyd6 1MB TMP
DELETED 2026-09-12T15:02:05Z /tmp/lang_tests.tgz 1MB TMP
DELETED 2026-09-12T15:02:05Z /tmp/b0_domain_loss_resume1.b64 1MB TMP
DELETED 2026-09-12T15:02:05Z /tmp/tmpmplbr_o2 1MB TMP
DELETED 2026-09-12T15:02:05Z /tmp/tmp97n7rr5_ 1MB TMP
DELETED 2026-09-12T15:02:05Z /tmp/good3.txt 1MB TMP
DELETED 2026-09-12T15:02:05Z /tmp/pymp-wpywd906 1MB TMP
DELETED 2026-09-12T15:02:05Z /tmp/tmptka8_miq 1MB TMP
DELETED 2026-09-12T15:02:05Z /tmp/pip-unpack-syxvf337 1MB TMP
DELETED 2026-09-12T15:02:05Z /tmp/mowm_s1.log 1MB TMP
DELETED 2026-09-12T15:02:05Z /tmp/tmpsdbznxm4 1MB TMP
DELETED 2026-09-12T15:02:05Z /tmp/test4.fasta 1MB TMP
DELETED 2026-09-12T15:02:05Z /tmp/tmpg2qqlzqc 1MB TMP
DELETED 2026-09-12T15:02:05Z /tmp/uintfix.patch 1MB TMP
DELETED 2026-09-12T15:02:05Z /tmp/test_flakes.txt 1MB TMP
DELETED 2026-09-12T15:02:05Z /tmp/pretok_math_seed.log 1MB TMP
DELETED 2026-09-12T15:02:05Z /tmp/torchelastic_57n9u486 1MB TMP
DELETED 2026-09-12T15:02:05Z /tmp/b0_shape.py 1MB TMP
DELETED 2026-09-12T15:02:05Z /tmp/tmp2renez3f 1MB TMP
DELETED 2026-09-12T15:02:05Z /tmp/b0_dd.py 1MB TMP
DELETED 2026-09-12T15:02:05Z /tmp/tmpikb673dz 1MB TMP
DELETED 2026-09-12T15:02:05Z /tmp/tmpqj509w3m 1MB TMP
DELETED 2026-09-12T15:02:05Z /tmp/tmpib8wmgno 1MB TMP
DELETED 2026-09-12T15:02:05Z /tmp/tmpyb7vd9o1 1MB TMP
DELETED 2026-09-12T15:02:05Z /tmp/tmp8nel4flo 1MB TMP
DELETED 2026-09-12T15:02:05Z /tmp/fl.py 1MB TMP
DELETED 2026-09-12T15:02:05Z /tmp/tmpgigzgjb_ 1MB TMP
DELETED 2026-09-12T15:02:05Z /tmp/mark_unrep.py 1MB TMP
DELETED 2026-09-12T15:02:05Z /tmp/tmpyklxt99k 1MB TMP
DELETED 2026-09-12T15:02:05Z /tmp/prev_eic_hiradix_cache.py 1MB TMP
DELETED 2026-09-12T15:02:05Z /tmp/tmpw5m_afsd 1MB TMP
DELETED 2026-09-12T15:02:05Z /tmp/b0_ms_backup.jsonl 1MB TMP
DELETED 2026-09-12T15:02:05Z /tmp/pymp-zg72sayl 1MB TMP
DELETED 2026-09-12T15:02:05Z /tmp/pip-unpack-rij10lv8 350MB TMP
DELETED 2026-09-12T15:02:05Z /tmp/tmprtfm6wqn-journal 1MB TMP
DELETED 2026-09-12T15:02:05Z /tmp/tmpvprfxcds 1MB TMP
DELETED 2026-09-12T15:02:05Z /tmp/tmp8fi578he 1MB TMP
DELETED 2026-09-12T15:02:05Z /tmp/nvidia 30MB TMP
DELETED 2026-09-12T15:02:05Z /tmp/dc_span.py 1MB TMP
DELETED 2026-09-12T15:02:05Z /tmp/tmp8f54zlgf 1MB TMP
DELETED 2026-09-12T15:02:05Z /tmp/pip-metadata-710kxdvu 1MB TMP
DELETED 2026-09-12T15:02:05Z /tmp/injection_config_7a0b12c5 1MB TMP
DELETED 2026-09-12T15:02:05Z /tmp/live.txt 1MB TMP
DELETED 2026-09-12T15:02:05Z /tmp/tmp5rwn1jgv 1MB TMP
DELETED 2026-09-12T15:02:05Z /tmp/tmpvkjtvjs9 1MB TMP
DELETED 2026-09-12T15:02:05Z /tmp/test_graph5.txt 1MB TMP
DELETED 2026-09-12T15:02:05Z /tmp/test6_out.txt 1MB TMP
DELETED 2026-09-12T15:02:05Z /tmp/tmpn2_jfsql 1MB TMP
DELETED 2026-09-12T15:02:05Z /tmp/tmp3km5sicy 1MB TMP
DELETED 2026-09-12T15:02:05Z /tmp/e1_score_v2.log 0MB TMP
DELETED 2026-09-12T15:02:05Z /tmp/torchelastic_ncr5najr 1MB TMP
DELETED 2026-09-12T15:02:05Z /tmp/tmpfrcvo3pk.so 1MB TMP
DELETED 2026-09-12T15:02:05Z /tmp/cmp_rollouts.sh 1MB TMP
DELETED 2026-09-12T15:02:05Z /tmp/tmpbyax4vqz 1MB TMP
DELETED 2026-09-12T15:02:05Z /tmp/pip-build-tracker-v8ass5oq 1MB TMP
DELETED 2026-09-12T15:02:05Z /tmp/tmpbq5xbsgz 1MB TMP
DELETED 2026-09-12T15:02:05Z /tmp/tmp0r0drbt2 1MB TMP
DELETED 2026-09-12T15:02:05Z /tmp/tmp9ktsaxrf.txt 1MB TMP
DELETED 2026-09-12T15:02:05Z /tmp/tmpg8w8ll7_ 1MB TMP
DELETED 2026-09-12T15:02:05Z /tmp/e2e_vrly7fh9 1MB TMP
DELETED 2026-09-12T15:02:05Z /tmp/e2e_9nrp726y 1528MB TMP
DELETED 2026-09-12T15:02:05Z /tmp/tmpg1nh1qc9 1MB TMP
DELETED 2026-09-12T15:02:05Z /tmp/torchelastic_jy4qz9w6 1MB TMP
DELETED 2026-09-12T15:02:05Z /tmp/tmpvd3dpzij 1MB TMP
DELETED 2026-09-12T15:02:05Z /tmp/pytorch-errorfile-lsc7xfbe.pickle 1MB TMP
DELETED 2026-09-12T15:02:05Z /tmp/pip-unpack-6wiktn0k 528MB TMP
DELETED 2026-09-12T15:02:05Z /tmp/tsx.py 1MB TMP
DELETED 2026-09-12T15:02:05Z /tmp/pip-unpack-6oxlv47g 628MB TMP
DELETED 2026-09-12T15:02:05Z /tmp/test9.ini 1MB TMP
DELETED 2026-09-12T15:02:05Z /tmp/pip-metadata-nenb6gjd 1MB TMP
DELETED 2026-09-12T15:02:05Z /tmp/tmpjhqcxwnd.txt 1MB TMP
DELETED 2026-09-12T15:02:05Z /tmp/tmphjstubnc 1MB TMP
DELETED 2026-09-12T15:02:05Z /tmp/tmpmnd558yg 1MB TMP
DELETED 2026-09-12T15:02:05Z /tmp/pip-unpack-7zz5o6ff 1MB TMP
DELETED 2026-09-12T15:02:05Z /tmp/argate 1MB TMP
DELETED 2026-09-12T15:02:05Z /tmp/bpbsample 35MB TMP
DELETED 2026-09-12T15:02:05Z /tmp/replay.py 1MB TMP
DELETED 2026-09-12T15:02:05Z /tmp/tmpg3g1dl54 1MB TMP
DELETED 2026-09-12T15:02:05Z /tmp/tmpv6ha86ie 1MB TMP
DELETED 2026-09-12T15:02:05Z /tmp/tmp2bw7q_zy 1MB TMP
DELETED 2026-09-12T15:02:05Z /tmp/pip-unpack-mgs0bn70 1MB TMP
DELETED 2026-09-12T15:02:05Z /tmp/refetch_l3.sh 1MB TMP
DELETED 2026-09-12T15:02:05Z /tmp/contam_dbg5.py 1MB TMP
DELETED 2026-09-12T15:02:05Z /tmp/tmpv0qujns3 1MB TMP
DELETED 2026-09-12T15:02:05Z /tmp/tmpdor8olj0 1MB TMP
DELETED 2026-09-12T15:02:05Z /tmp/run_pilot_5k.sh 1MB TMP
DELETED 2026-09-12T15:02:05Z /tmp/sm_before.jsonl 1MB TMP
DELETED 2026-09-12T15:02:05Z /tmp/tmpjlcs5b13 1MB TMP
DELETED 2026-09-12T15:02:05Z /tmp/g147.txt 1MB TMP
DELETED 2026-09-12T15:02:05Z /tmp/tmpe6yi99ia 1MB TMP
DELETED 2026-09-12T15:02:05Z /tmp/dfinspect.py 1MB TMP
DELETED 2026-09-12T15:02:05Z /tmp/tmps38avsdv 1MB TMP
DELETED 2026-09-12T15:02:05Z /tmp/tmpt2ffb0cn 1MB TMP
DELETED 2026-09-12T15:02:05Z /tmp/e1_recount.sh 1MB TMP
DELETED 2026-09-12T15:02:05Z /tmp/tmpoojx9o6q 1MB TMP
DELETED 2026-09-12T15:02:05Z /tmp/harvest_check3.sh 1MB TMP
DELETED 2026-09-12T15:02:05Z /tmp/dfa5.txt 1MB TMP
DELETED 2026-09-12T15:02:05Z /tmp/torchelastic_go2a7lni 1MB TMP
DELETED 2026-09-12T15:02:05Z /tmp/wt.b64.cw 1MB TMP
DELETED 2026-09-12T15:02:05Z /tmp/extra_sha.txt 1MB TMP
DELETED 2026-09-12T15:02:05Z /tmp/algorithms 1MB TMP
DELETED 2026-09-12T15:02:05Z /tmp/sample200.jsonl 1MB TMP
DELETED 2026-09-12T15:02:05Z /tmp/fetch_ultradata.py 1MB TMP
DELETED 2026-09-12T15:02:05Z /tmp/tmpo5wpne_7.txt 1MB TMP
DELETED 2026-09-12T15:02:05Z /tmp/test_bits_2.txt 1MB TMP
DELETED 2026-09-12T15:02:05Z /tmp/lmhead.py 1MB TMP
DELETED 2026-09-12T15:02:05Z /tmp/torchelastic_r8jbscgt 1MB TMP
DELETED 2026-09-12T15:02:05Z /tmp/de_final_step.sh 1MB TMP
DELETED 2026-09-12T15:02:05Z /tmp/tmptc1brfou 1MB TMP
DELETED 2026-09-12T15:02:05Z /tmp/checkp1.py 1MB TMP
DELETED 2026-09-12T15:02:05Z /tmp/tmp8pw1ijop 1MB TMP
DELETED 2026-09-12T15:02:05Z /tmp/tmphh9t4b4b 1MB TMP
DELETED 2026-09-12T15:02:05Z /tmp/seqprobe.py 1MB TMP
DELETED 2026-09-12T15:02:05Z /tmp/e1_27_score.sh 1MB TMP
DELETED 2026-09-12T15:02:05Z /tmp/t2 1MB TMP
DELETED 2026-09-12T15:02:05Z /tmp/tmpv09vehlp 1MB TMP
DELETED 2026-09-12T15:02:05Z /tmp/pip-metadata-re55j2u0 1MB TMP
DELETED 2026-09-12T15:02:05Z /tmp/e2e_qoas_5tv 1MB TMP
DELETED 2026-09-12T15:02:05Z /tmp/tmpkrdzxyrw 1MB TMP
DELETED 2026-09-12T15:02:05Z /tmp/pip-metadata-023fcigk 1MB TMP
DELETED 2026-09-12T15:02:05Z /tmp/n7c_art.tgz 1MB TMP
DELETED 2026-09-12T15:02:05Z /tmp/rescore.log 1MB TMP
DELETED 2026-09-12T15:02:05Z /tmp/test7.csv 1MB TMP
DELETED 2026-09-12T15:02:05Z /tmp/stamp.bak 1MB TMP
DELETED 2026-09-12T15:02:05Z /tmp/pip-unpack-5gnkq7_z 28MB TMP
DELETED 2026-09-12T15:02:05Z /tmp/tmpays3629m 1MB TMP
DELETED 2026-09-12T15:02:05Z /tmp/tmpr70d_9zf 1MB TMP
DELETED 2026-09-12T15:02:05Z /tmp/tmp_7_bqiv6 1MB TMP
DELETED 2026-09-12T15:02:05Z /tmp/tmpt19sb96n 1MB TMP
DELETED 2026-09-12T15:02:05Z /tmp/pip-metadata-1b2cx34r 1MB TMP
DELETED 2026-09-12T15:02:05Z /tmp/tmph0fb7emn 1MB TMP
DELETED 2026-09-12T15:02:05Z /tmp/l2trace.96970 1MB TMP
DELETED 2026-09-12T15:02:05Z /tmp/_drift.txt 1MB TMP
DELETED 2026-09-12T15:02:05Z /tmp/test_gap.txt 1MB TMP
DELETED 2026-09-12T15:02:05Z /tmp/torchelastic_1dq65btk 1MB TMP
DELETED 2026-09-12T15:02:05Z /tmp/tmp33lmoa4q 1MB TMP
DELETED 2026-09-12T15:02:05Z /tmp/tmp58dro1kb 1MB TMP
DELETED 2026-09-12T15:02:05Z /tmp/count_30b.log 1MB TMP
DELETED 2026-09-12T15:02:05Z /tmp/find_survive.sh 1MB TMP
DELETED 2026-09-12T15:02:05Z /tmp/tmpe1xtz6yj.txt 1MB TMP
DELETED 2026-09-12T15:02:05Z /tmp/pip-unpack-rr486yh4 1MB TMP
DELETED 2026-09-12T15:02:05Z /tmp/test8.ini 1MB TMP
DELETED 2026-09-12T15:02:05Z /tmp/torchelastic_oaxwh2cv 1MB TMP
DELETED 2026-09-12T15:02:05Z /tmp/trie2.json 1MB TMP
DELETED 2026-09-12T15:02:05Z /tmp/fp8_probe.py 1MB TMP
DELETED 2026-09-12T15:02:05Z /tmp/t.tgz 0MB TMP
DELETED 2026-09-12T15:02:05Z /tmp/test_header_only.txt 1MB TMP
DELETED 2026-09-12T15:02:05Z /tmp/tmpix3io1p3 1MB TMP
DELETED 2026-09-12T15:02:05Z /tmp/train_seam_test.py 1MB TMP
DELETED 2026-09-12T15:02:05Z /tmp/tmpjmxxglnl 1MB TMP
DELETED 2026-09-12T15:02:05Z /tmp/torchelastic_3ds0spl8 1MB TMP
DELETED 2026-09-12T15:02:05Z /tmp/pip-unpack-28zaf9n3 1MB TMP
DELETED 2026-09-12T15:02:05Z /tmp/test1.txt 1MB TMP
DELETED 2026-09-12T15:02:05Z /tmp/test_output3.json 1MB TMP
DELETED 2026-09-12T15:02:05Z /tmp/g2.py 1MB TMP
DELETED 2026-09-12T15:02:05Z /tmp/pr30_fixture.py 1MB TMP
DELETED 2026-09-12T15:02:05Z /tmp/dry_mix_30b.py 1MB TMP
DELETED 2026-09-12T15:02:05Z /tmp/torchelastic_dtte_tdj 1MB TMP
DELETED 2026-09-12T15:02:05Z /tmp/tmpy48dcou8.txt 1MB TMP
DELETED 2026-09-12T15:02:05Z /tmp/tmpgftn8rzg.txt 1MB TMP
DELETED 2026-09-12T15:02:05Z /tmp/pip-metadata-862rywpx 1MB TMP
DELETED 2026-09-12T15:02:05Z /tmp/tmpm7q48w45 1MB TMP
DELETED 2026-09-12T15:02:05Z /tmp/p1.txt 1MB TMP
DELETED 2026-09-12T15:02:05Z /tmp/pip-build-tracker-advrlmkw 1MB TMP
DELETED 2026-09-12T15:02:05Z /tmp/tmpgl06wf83 1MB TMP
DELETED 2026-09-12T15:02:05Z /tmp/gsm_spans.json 2MB TMP
DELETED 2026-09-12T15:02:05Z /tmp/probe_8010.json 1MB TMP
DELETED 2026-09-12T15:02:05Z /tmp/tmpgdk21zzb.txt 1MB TMP
DELETED 2026-09-12T15:02:05Z /tmp/_muon.py 1MB TMP
DELETED 2026-09-12T15:02:05Z /tmp/pr30fx 1MB TMP
DELETED 2026-09-12T15:02:05Z /tmp/b0_val.txt 1MB TMP
DELETED 2026-09-12T15:02:05Z /tmp/grammar1.txt 1MB TMP
DELETED 2026-09-12T15:02:05Z /tmp/de106 3MB TMP
DELETED 2026-09-12T15:02:05Z /tmp/tmpw35nbkvi 1MB TMP
DELETED 2026-09-12T15:02:05Z /tmp/pretok_en_c4.log 0MB TMP
DELETED 2026-09-12T15:02:05Z /tmp/kb2.txt 1MB TMP
DELETED 2026-09-12T15:02:05Z /tmp/tmpwxng6v8e.txt 1MB TMP
DELETED 2026-09-12T15:02:05Z /tmp/om2retry.part 226MB TMP
DELETED 2026-09-12T15:02:05Z /tmp/pip-unpack-cnsg2f45 1MB TMP
DELETED 2026-09-12T15:02:05Z /tmp/tmpvf7gmjrm 1MB TMP
DELETED 2026-09-12T15:02:05Z /tmp/test5b.txt 1MB TMP
DELETED 2026-09-12T15:02:05Z /tmp/b2_sampling.log 0MB TMP
DELETED 2026-09-12T15:02:05Z /tmp/_bt_child.log 1MB TMP
DELETED 2026-09-12T15:02:05Z /tmp/tmp6xt3unys 1MB TMP
DELETED 2026-09-12T15:02:05Z /tmp/orphan_test.sh 1MB TMP
DELETED 2026-09-12T15:02:05Z /tmp/tmpufja_9qg.so 1MB TMP
DELETED 2026-09-12T15:02:05Z /tmp/tmp52_ap5ob.txt 1MB TMP
DELETED 2026-09-12T15:02:05Z /tmp/tmp8u5wcoq5 1MB TMP
DELETED 2026-09-12T15:02:05Z /tmp/torchelastic_jl_akvs9 1MB TMP
DELETED 2026-09-12T15:02:05Z /tmp/bf16_why.py 1MB TMP
DELETED 2026-09-12T15:02:05Z /tmp/tmp9dz54o82 1MB TMP
DELETED 2026-09-12T15:02:05Z /tmp/out4.txt 1MB TMP
DELETED 2026-09-12T15:02:05Z /tmp/pip-unpack-ug2yez4t 192MB TMP
DELETED 2026-09-12T15:02:05Z /tmp/test_dict10.txt 1MB TMP
DELETED 2026-09-12T15:02:05Z /tmp/tmpd8chzblp.txt 1MB TMP
DELETED 2026-09-12T15:02:05Z /tmp/tmpkwok9jra.csv 1MB TMP
DELETED 2026-09-12T15:02:05Z /tmp/e1_nu_shards.log 1MB TMP
DELETED 2026-09-12T15:02:05Z /tmp/pilot_1k.log 0MB TMP
DELETED 2026-09-12T15:02:05Z /tmp/ho.b64.af 1MB TMP
DELETED 2026-09-12T15:02:05Z /tmp/pip-metadata-q16kkc77 1MB TMP
DELETED 2026-09-12T15:02:05Z /tmp/tmp9ler47_g 1MB TMP
DELETED 2026-09-12T15:02:05Z /tmp/tmp2lhgxuc3 1MB TMP
DELETED 2026-09-12T15:02:05Z /tmp/tmpcvmqkqpc 1MB TMP
DELETED 2026-09-12T15:02:05Z /tmp/pip-unpack-ge20p_gr 1MB TMP
DELETED 2026-09-12T15:02:05Z /tmp/pip-unpack-jgaiaeg5 1MB TMP
DELETED 2026-09-12T15:02:05Z /tmp/c3.raw 1MB TMP
DELETED 2026-09-12T15:02:05Z /tmp/post_eic_hiradix_cache.py 1MB TMP
DELETED 2026-09-12T15:02:05Z /tmp/tmp3xanyqym 1MB TMP
DELETED 2026-09-12T15:02:05Z /tmp/wt.b64.ac 1MB TMP
DELETED 2026-09-12T15:02:05Z /tmp/pip-unpack-zxnrmi5e 1MB TMP
DELETED 2026-09-12T15:02:05Z /tmp/tmpoyc5yy14 1MB TMP
DELETED 2026-09-12T15:02:05Z /tmp/answer_spans.json 19MB TMP
DELETED 2026-09-12T15:02:05Z /tmp/torchelastic_e8a9guip 1MB TMP
DELETED 2026-09-12T15:02:05Z /tmp/degen_probe3.py 1MB TMP
DELETED 2026-09-12T15:02:05Z /tmp/_chk.txt 0MB TMP
DELETED 2026-09-12T15:02:05Z /tmp/tmpvza0bp_6 1MB TMP
DELETED 2026-09-12T15:02:05Z /tmp/tmp4j5l8s4f 1MB TMP
DELETED 2026-09-12T15:02:05Z /tmp/sc.py 1MB TMP
DELETED 2026-09-12T15:02:05Z /tmp/case_test.txt 1MB TMP
DELETED 2026-09-12T15:02:05Z /tmp/pip-unpack-tczz08l7 1MB TMP
DELETED 2026-09-12T15:02:05Z /tmp/ck_old.pt 394MB TMP
DELETED 2026-09-12T15:02:05Z /tmp/tmpxqvu4mjt 1MB TMP
DELETED 2026-09-12T15:02:05Z /tmp/test_input_1.txt 1MB TMP
DELETED 2026-09-12T15:02:05Z /tmp/tmpee5ojstj 1MB TMP
DELETED 2026-09-12T15:02:05Z /tmp/wt.b64.ca 1MB TMP
DELETED 2026-09-12T15:02:05Z /tmp/pip-unpack-8hlq6b9c 1MB TMP
DELETED 2026-09-12T15:02:05Z /tmp/tmppoy3orzp.txt 1MB TMP
DELETED 2026-09-12T15:02:05Z /tmp/tmporx6xcpg 1MB TMP
DELETED 2026-09-12T15:02:05Z /tmp/pip-metadata-pkk14bkl 1MB TMP
DELETED 2026-09-12T15:02:05Z /tmp/tmp46jchtxk 1MB TMP
DELETED 2026-09-12T15:02:05Z /tmp/dbg2.sh 1MB TMP
DELETED 2026-09-12T15:02:05Z /tmp/sm_exit_test.jsonl 0MB TMP
DELETED 2026-09-12T15:02:05Z /tmp/pip-unpack-moij1gja 1MB TMP
DELETED 2026-09-12T15:02:05Z /tmp/tmpvn7ij3r8 1MB TMP
DELETED 2026-09-12T15:02:05Z /tmp/tmp3gyo7ne3 1MB TMP
DELETED 2026-09-12T15:02:05Z /tmp/tmpgba4yp09 1MB TMP
DELETED 2026-09-12T15:02:05Z /tmp/tmpb2lchnyp.txt 1MB TMP
DELETED 2026-09-12T15:02:05Z /tmp/tmpz27hwsg3 1MB TMP
DELETED 2026-09-12T15:02:05Z /tmp/tmpfmxkgb30 1MB TMP
DELETED 2026-09-12T15:02:05Z /tmp/torchelastic_duhbfelh 1MB TMP
DELETED 2026-09-12T15:02:05Z /tmp/test_csv.csv 1MB TMP
DELETED 2026-09-12T15:02:05Z /tmp/injection_config_6b48a1b5 1MB TMP
DELETED 2026-09-12T15:02:05Z /tmp/tmpf2u9si6v 1MB TMP
DELETED 2026-09-12T15:02:05Z /tmp/bnd2.py 1MB TMP
DELETED 2026-09-12T15:02:05Z /tmp/trie1.json 1MB TMP
DELETED 2026-09-12T15:02:05Z /tmp/warm.log 1MB TMP
DELETED 2026-09-12T15:02:05Z /tmp/mixed_sjis.bin 1MB TMP
DELETED 2026-09-12T15:02:05Z /tmp/tmphtn7n0p5 1MB TMP
DELETED 2026-09-12T15:02:05Z /tmp/diag.py 1MB TMP
DELETED 2026-09-12T15:02:05Z /tmp/restamp_math.log 1MB TMP
DELETED 2026-09-12T15:02:05Z /tmp/tmp63ttlxb3 1MB TMP
DELETED 2026-09-12T15:02:05Z /tmp/tmpzr9y7miv 1MB TMP
DELETED 2026-09-12T15:02:05Z /tmp/stats_before2.json 1MB TMP
DELETED 2026-09-12T15:02:05Z /tmp/m5.txt 0MB TMP
DELETED 2026-09-12T15:02:05Z /tmp/pip-metadata-gpu8eq1k 1MB TMP
DELETED 2026-09-12T15:02:05Z /tmp/test7_out.txt 0MB TMP
DELETED 2026-09-12T15:02:05Z /tmp/tmpku72l7xx 1MB TMP
DELETED 2026-09-12T15:02:05Z /tmp/tmpokbm639f 1MB TMP
DELETED 2026-09-12T15:02:05Z /tmp/tmp33abm7l1 1MB TMP
DELETED 2026-09-12T15:02:05Z /tmp/tmp_0fsbutn.txt 1MB TMP
DELETED 2026-09-12T15:02:05Z /tmp/recount_ultra.out 0MB TMP
DELETED 2026-09-12T15:02:05Z /tmp/e2e_x2f7o1i2 1MB TMP
DELETED 2026-09-12T15:02:05Z /tmp/tmprfck_9ct 1MB TMP
DELETED 2026-09-12T15:02:05Z /tmp/tmpty8u5h13.in 1MB TMP
DELETED 2026-09-12T15:02:05Z /tmp/tmppbhxwjri 1MB TMP
DELETED 2026-09-12T15:02:05Z /tmp/b0_plan_small.json 1MB TMP
DELETED 2026-09-12T15:02:05Z /tmp/tmpk8aj56cj 1MB TMP
DELETED 2026-09-12T15:02:05Z /tmp/tmpikx5d12e 1MB TMP
DELETED 2026-09-12T15:02:05Z /tmp/test_primes5.txt 0MB TMP
DELETED 2026-09-12T15:02:05Z /tmp/ka.sh 1MB TMP
DELETED 2026-09-12T15:02:05Z /tmp/tmp8p51uw8n 1MB TMP
DELETED 2026-09-12T15:02:05Z /tmp/wt.b64.cq 1MB TMP
DELETED 2026-09-12T15:02:05Z /tmp/tmp41j9wvg_.txt 1MB TMP
DELETED 2026-09-12T15:02:05Z /tmp/kb5.txt 1MB TMP
DELETED 2026-09-12T15:02:05Z /tmp/3b_final 1MB TMP
DELETED 2026-09-12T15:02:05Z /tmp/orphans.txt 1MB TMP
DELETED 2026-09-12T15:02:05Z /tmp/tmpgrh7z30v 1MB TMP
DELETED 2026-09-12T15:02:05Z /tmp/tmpngnn5sge 1MB TMP
DELETED 2026-09-12T15:02:05Z /tmp/fp_live.json 1MB TMP
DELETED 2026-09-12T15:02:05Z /tmp/tmpouv1zdbq.txt 1MB TMP
DELETED 2026-09-12T15:02:05Z /tmp/tmpcj_hs8q4 1MB TMP
DELETED 2026-09-12T15:02:05Z /tmp/gp.pt 394MB TMP
DELETED 2026-09-12T15:02:05Z /tmp/pip-metadata-0e4mb7sa 1MB TMP
DELETED 2026-09-12T15:02:05Z /tmp/pip-install-027se_i_ 1MB TMP
DELETED 2026-09-12T15:02:05Z /tmp/test_k4.col 1MB TMP
DELETED 2026-09-12T15:02:05Z /tmp/tmpn6e_a37q.txt 1MB TMP
DELETED 2026-09-12T15:02:05Z /tmp/torchelastic_5emevlij 1MB TMP
DELETED 2026-09-12T15:02:05Z /tmp/test9.csv 1MB TMP
DELETED 2026-09-12T15:02:05Z /tmp/tmpvhsurpl6 1MB TMP
DELETED 2026-09-12T15:02:05Z /tmp/tmphhunqe0j.txt 1MB TMP
DELETED 2026-09-12T15:02:05Z /tmp/tmp61_zzryn 1MB TMP
DELETED 2026-09-12T15:02:05Z /tmp/tb_full.log 1MB TMP
DELETED 2026-09-12T15:02:05Z /tmp/tmp5mbshyij.txt 1MB TMP
DELETED 2026-09-12T15:02:05Z /tmp/tmpq17j8u1x 1MB TMP
DELETED 2026-09-12T15:02:05Z /tmp/b0_ov.py 1MB TMP
DELETED 2026-09-12T15:02:05Z /tmp/and2.py 1MB TMP
DELETED 2026-09-12T15:02:05Z /tmp/b0_close.sh 1MB TMP
DELETED 2026-09-12T15:02:05Z /tmp/pip-unpack-q4z7f2wt 1MB TMP
DELETED 2026-09-12T15:02:05Z /tmp/test3_out.txt 1MB TMP
DELETED 2026-09-12T15:02:05Z /tmp/torchelastic_2ulod36f 1MB TMP
DELETED 2026-09-12T15:02:05Z /tmp/sample200_ids.txt 1MB TMP
DELETED 2026-09-12T15:02:05Z /tmp/tbl.out 1MB TMP
DELETED 2026-09-12T15:02:05Z /tmp/probe_57.py 1MB TMP
DELETED 2026-09-12T15:02:05Z /tmp/gate_ds_runs.qAnpkf 239MB TMP
DELETED 2026-09-12T15:02:05Z /tmp/msg1.txt 1MB TMP
DELETED 2026-09-12T15:02:05Z /tmp/p47s1_launch.log 1MB TMP
DELETED 2026-09-12T15:02:05Z /tmp/test_triangles.txt 1MB TMP
DELETED 2026-09-12T15:02:05Z /tmp/fa_dfa.txt 1MB TMP
DELETED 2026-09-12T15:02:05Z /tmp/tmpb8ywm9tw 1MB TMP
DELETED 2026-09-12T15:02:05Z /tmp/pip-download-_zcg5q1q 1MB TMP
DELETED 2026-09-12T15:02:05Z /tmp/tmpzunhuud6 1MB TMP
DELETED 2026-09-12T15:02:05Z /tmp/tmpew3ah8p5 1MB TMP
DELETED 2026-09-12T15:02:05Z /tmp/kill_l3exec.sh 1MB TMP
DELETED 2026-09-12T15:02:05Z /tmp/tmp0mxvs219.so 1MB TMP
DELETED 2026-09-12T15:02:05Z /tmp/start_trivial.txt 1MB TMP
DELETED 2026-09-12T15:02:05Z /tmp/b0_check_bias.py 1MB TMP
DELETED 2026-09-12T15:02:05Z /tmp/tmpr01267j9 1MB TMP
DELETED 2026-09-12T15:02:05Z /tmp/torchelastic_k7lf9is3 1MB TMP
DELETED 2026-09-12T15:02:05Z /tmp/tmp1c0ndrnj.in 1MB TMP
DELETED 2026-09-12T15:02:05Z /tmp/test_edges7.csv 1MB TMP
DELETED 2026-09-12T15:02:05Z /tmp/tf.py 1MB TMP
DELETED 2026-09-12T15:02:05Z /tmp/tmpnuu2v33l.txt 1MB TMP
DELETED 2026-09-12T15:02:05Z /tmp/pre.rows 1MB TMP
DELETED 2026-09-12T15:02:05Z /tmp/b0_p3.json 1MB TMP
DELETED 2026-09-12T15:02:05Z /tmp/tmpiotsofe7.so 1MB TMP
DELETED 2026-09-12T15:02:05Z /tmp/tmpchks9mat 1MB TMP
DELETED 2026-09-12T15:02:05Z /tmp/repro_ng_a1.log 1MB TMP
DELETED 2026-09-12T15:02:05Z /tmp/tmphggm866c 1MB TMP
DELETED 2026-09-12T15:02:05Z /tmp/tmp8waqqpuv 1MB TMP
DELETED 2026-09-12T15:02:05Z /tmp/proof.out 1MB TMP
DELETED 2026-09-12T15:02:05Z /tmp/wt.b64.bg 1MB TMP
DELETED 2026-09-12T15:02:05Z /tmp/tmp_d6bm0z5 1MB TMP
DELETED 2026-09-12T15:02:05Z /tmp/fpcheck2.py 1MB TMP
DELETED 2026-09-12T15:02:05Z /tmp/trunc.json 1MB TMP
DELETED 2026-09-12T15:02:05Z /tmp/tmpinccn4cn 1MB TMP
DELETED 2026-09-12T15:02:05Z /tmp/tmpll5im1lp.csv 1MB TMP
DELETED 2026-09-12T15:02:05Z /tmp/e2e__4gdin7f 1528MB TMP
DELETED 2026-09-12T15:02:05Z /tmp/tmpufja_9qg.cpp 1MB TMP
DELETED 2026-09-12T15:02:05Z /tmp/tmpsidye_eg 1MB TMP
DELETED 2026-09-12T15:02:05Z /tmp/b0_count2.py 1MB TMP
DELETED 2026-09-12T15:02:05Z /tmp/e1_select.py 1MB TMP
DELETED 2026-09-12T15:02:05Z /tmp/tmpqejr5euu 1MB TMP
DELETED 2026-09-12T15:02:05Z /tmp/pip-metadata-7xbcj09l 1MB TMP
DELETED 2026-09-12T15:02:05Z /tmp/tmp12i89kqt 1MB TMP
DELETED 2026-09-12T15:02:05Z /tmp/tmpe35lfub2.cpp 1MB TMP
DELETED 2026-09-12T15:02:05Z /tmp/grammar1.gr 1MB TMP
DELETED 2026-09-12T15:02:05Z /tmp/tmpnh3z_n_p.txt 1MB TMP
DELETED 2026-09-12T15:02:05Z /tmp/tmpwa9cg3zm 1MB TMP
DELETED 2026-09-12T15:02:05Z /tmp/t52p1b.log 1MB TMP
DELETED 2026-09-12T15:02:05Z /tmp/tmp4cpdfx4f 1MB TMP
DELETED 2026-09-12T15:02:05Z /tmp/test_edges3.csv 1MB TMP
DELETED 2026-09-12T15:02:05Z /tmp/tmp567qch2a 1MB TMP
DELETED 2026-09-12T15:02:05Z /tmp/tmpv93tz4in.cpp 1MB TMP
DELETED 2026-09-12T15:02:05Z /tmp/b0_endverify.sh 1MB TMP
DELETED 2026-09-12T15:02:05Z /tmp/_sigt.sh 1MB TMP
DELETED 2026-09-12T15:02:05Z /tmp/torchelastic_uv8euapb 1MB TMP
DELETED 2026-09-12T15:02:05Z /tmp/tmpsy45yzjw 1MB TMP
DELETED 2026-09-12T15:02:05Z /tmp/wt.b64.bh 1MB TMP
DELETED 2026-09-12T15:02:05Z /tmp/pip-unpack-boo1k172 1MB TMP
DELETED 2026-09-12T15:02:05Z /tmp/sample.log 1MB TMP
DELETED 2026-09-12T15:02:05Z /tmp/torchelastic_fl39uaon 1MB TMP
DELETED 2026-09-12T15:02:05Z /tmp/tmp3bydzugs 1MB TMP
DELETED 2026-09-12T15:02:05Z /tmp/tmpolx5em96 1MB TMP
DELETED 2026-09-12T15:02:05Z /tmp/pkr.py 1MB TMP
DELETED 2026-09-12T15:02:05Z /tmp/tmptvymxjfm 1MB TMP
DELETED 2026-09-12T15:02:05Z /tmp/diag_long.py 1MB TMP
DELETED 2026-09-12T15:02:05Z /tmp/tmp4okyin35 1MB TMP
DELETED 2026-09-12T15:02:05Z /tmp/post_pool.py 1MB TMP
DELETED 2026-09-12T15:02:05Z /tmp/torchelastic_zy7_mowt 1MB TMP
DELETED 2026-09-12T15:02:05Z /tmp/b0_p1.json 1MB TMP
DELETED 2026-09-12T15:02:05Z /tmp/tmp93_nxdo4 1MB TMP
DELETED 2026-09-12T15:02:05Z /tmp/fetch_ultra.sh 1MB TMP
DELETED 2026-09-12T15:02:05Z /tmp/filtered_sample_200.jsonl 1MB TMP
DELETED 2026-09-12T15:02:05Z /tmp/topo.out 1MB TMP
DELETED 2026-09-12T15:02:05Z /tmp/tmp0okxy8v4 1MB TMP
DELETED 2026-09-12T15:02:05Z /tmp/v41_fp8check.py 1MB TMP
DELETED 2026-09-12T15:02:05Z /tmp/e1_rescore_ours.sh 1MB TMP
DELETED 2026-09-12T15:02:05Z /tmp/tmpfhzo_enh 1MB TMP
DELETED 2026-09-12T15:02:05Z /tmp/b0_step2.log 1MB TMP
DELETED 2026-09-12T15:02:05Z /tmp/tmpfyp6zksu 1MB TMP
DELETED 2026-09-12T15:02:05Z /tmp/tmpfh_4yvqx 1MB TMP
DELETED 2026-09-12T15:02:05Z /tmp/pip-unpack-i0rlqh02 3MB TMP
DELETED 2026-09-12T15:02:05Z /tmp/tmpy1j4vn8k 1MB TMP
DELETED 2026-09-12T15:02:05Z /tmp/tmpkzhqtppl 1MB TMP
DELETED 2026-09-12T15:02:05Z /tmp/famscan.py 1MB TMP
DELETED 2026-09-12T15:02:05Z /tmp/tmpdb2ae4ss 1MB TMP
DELETED 2026-09-12T15:02:05Z /tmp/z.sh 1MB TMP
DELETED 2026-09-12T15:02:05Z /tmp/cc.py 1MB TMP
DELETED 2026-09-12T15:02:05Z /tmp/p7.py 1MB TMP
DELETED 2026-09-12T15:02:05Z /tmp/test7.ini 1MB TMP
DELETED 2026-09-12T15:02:05Z /tmp/wt.b64.ak 1MB TMP
DELETED 2026-09-12T15:02:05Z /tmp/tmpvcug2cwq 1MB TMP
DELETED 2026-09-12T15:02:05Z /tmp/probe7.py 1MB TMP
DELETED 2026-09-12T15:02:05Z /tmp/w.out 1MB TMP
DELETED 2026-09-12T15:02:05Z /tmp/tmpkkfx5nmt 1MB TMP
DELETED 2026-09-12T15:02:05Z /tmp/pip-build-tracker-d91_y5gk 1MB TMP
DELETED 2026-09-12T15:02:05Z /tmp/scan.out 1MB TMP
DELETED 2026-09-12T15:02:05Z /tmp/tmpsw9dm9pk.txt 1MB TMP
DELETED 2026-09-12T15:02:05Z /tmp/qwen_rm.done 1MB TMP
DELETED 2026-09-12T15:02:05Z /tmp/tlcw.cpp 1MB TMP
DELETED 2026-09-12T15:02:05Z /tmp/tmpiiw46irp.txt 1MB TMP
DELETED 2026-09-12T15:02:05Z /tmp/tmp3voccp6f 1MB TMP
DELETED 2026-09-12T15:02:05Z /tmp/pip-unpack-6va1t37g 281MB TMP
DELETED 2026-09-12T15:02:05Z /tmp/b0_regen_launch.log 1MB TMP
DELETED 2026-09-12T15:02:05Z /tmp/tmp0cm6j1xe 1MB TMP
DELETED 2026-09-12T15:02:05Z /tmp/probe_docs.py 1MB TMP
DELETED 2026-09-12T15:02:05Z /tmp/tmp5bc0ge89 1MB TMP
DELETED 2026-09-12T15:02:05Z /tmp/tok_proxy_out.log 1MB TMP
DELETED 2026-09-12T15:02:05Z /tmp/fwe.del 1MB TMP
DELETED 2026-09-12T15:02:05Z /tmp/committed_logs.txt 1MB TMP
DELETED 2026-09-12T15:02:05Z /tmp/tmp2vu853cc 1MB TMP
DELETED 2026-09-12T15:02:05Z /tmp/lonely.txt 1MB TMP
DELETED 2026-09-12T15:02:05Z /tmp/sd.b64.ax 1MB TMP
DELETED 2026-09-12T15:02:05Z /tmp/tmpjpfvfqn6.txt 1MB TMP
DELETED 2026-09-12T15:02:05Z /tmp/read_l3noexec_stats.py 1MB TMP
DELETED 2026-09-12T15:02:05Z /tmp/dl_test.py 1MB TMP
DELETED 2026-09-12T15:02:05Z /tmp/tmp9yq7rdd4 1MB TMP
DELETED 2026-09-12T15:02:05Z /tmp/tmp38juw2_5 0MB TMP
DELETED 2026-09-12T15:02:05Z /tmp/pymp-8ui2bdc3 1MB TMP
DELETED 2026-09-12T15:02:05Z /tmp/tmp6u74ljz3 1MB TMP
DELETED 2026-09-12T15:02:05Z /tmp/tmp1xzn8t60 1MB TMP
DELETED 2026-09-12T15:02:05Z /tmp/torchelastic_c61vzpez 1MB TMP
DELETED 2026-09-12T15:02:05Z /tmp/b0_run1.sh 1MB TMP
DELETED 2026-09-12T15:02:05Z /tmp/gate_ds_a1.log 1MB TMP
DELETED 2026-09-12T15:02:05Z /tmp/sd.b64.ap 1MB TMP
DELETED 2026-09-12T15:02:05Z /tmp/contam_keep.py 1MB TMP
DELETED 2026-09-12T15:02:05Z /tmp/tmpqnij_hml 1MB TMP
DELETED 2026-09-12T15:02:05Z /tmp/test_out2.png 1MB TMP
DELETED 2026-09-12T15:02:05Z /tmp/7abcfbbcf5e347bc8ab6c3ad966813e7-pulp.mps 10MB TMP
DELETED 2026-09-12T15:02:05Z /tmp/tmppstuqi9b 1MB TMP
DELETED 2026-09-12T15:02:05Z /tmp/podcheck.txt 1MB TMP
DELETED 2026-09-12T15:02:05Z /tmp/pip-unpack-bm_vvylr 1MB TMP
DELETED 2026-09-12T15:02:05Z /tmp/runsg.sh 1MB TMP
DELETED 2026-09-12T15:02:05Z /tmp/pip-unpack-orwx4m3m 38MB TMP
DELETED 2026-09-12T15:02:05Z /tmp/tmp3oeymng7 1MB TMP
DELETED 2026-09-12T15:02:05Z /tmp/p2.txt 1MB TMP
DELETED 2026-09-12T15:02:05Z /tmp/test9.txt 1MB TMP
DELETED 2026-09-12T15:02:05Z /tmp/wt.b64.cx 1MB TMP
DELETED 2026-09-12T15:02:05Z /tmp/pymp-_nissb5p 1MB TMP
DELETED 2026-09-12T15:02:05Z /tmp/stepn_pins.json 1MB TMP
DELETED 2026-09-12T15:02:05Z /tmp/tmpbvzoufto 1MB TMP
DELETED 2026-09-12T15:02:05Z /tmp/tmp4taobkao 1MB TMP
DELETED 2026-09-12T15:02:05Z /tmp/wt.b64.bt 1MB TMP
DELETED 2026-09-12T15:02:05Z /tmp/tmpg3vrcv1g 1MB TMP
DELETED 2026-09-12T15:02:05Z /tmp/tmpslgqyxfw.txt 1MB TMP
DELETED 2026-09-12T15:02:05Z /tmp/tmpq26dvqn2 1MB TMP
DELETED 2026-09-12T15:02:05Z /tmp/torchelastic_zi11kvhk 1MB TMP
DELETED 2026-09-12T15:02:05Z /tmp/bench_pretok.py 1MB TMP
DELETED 2026-09-12T15:02:05Z /tmp/tmpc6hy_u4m 1MB TMP
DELETED 2026-09-12T15:02:05Z /tmp/bad2.txt 1MB TMP
DELETED 2026-09-12T15:02:05Z /tmp/tmp_vtt8tf5 1MB TMP
DELETED 2026-09-12T15:02:05Z /tmp/tmppqzb78h5 1MB TMP
DELETED 2026-09-12T15:02:05Z /tmp/test_empty.col 1MB TMP
DELETED 2026-09-12T15:02:05Z /tmp/test6.csv 1MB TMP
DELETED 2026-09-12T15:02:05Z /tmp/e1_fetch_controls.log 1MB TMP
DELETED 2026-09-12T15:02:05Z /tmp/tmptjrbu7hc 1MB TMP
DELETED 2026-09-12T15:02:05Z /tmp/tmpv9mpljyj 1MB TMP
DELETED 2026-09-12T15:02:05Z /tmp/tmplv_upw56 1MB TMP
DELETED 2026-09-12T15:02:05Z /tmp/tmpgx5uva6q 1MB TMP
DELETED 2026-09-12T15:02:05Z /tmp/tmpd3j83odr 1MB TMP
DELETED 2026-09-12T15:02:05Z /tmp/tmpx0mlu8ht 1MB TMP
DELETED 2026-09-12T15:02:05Z /tmp/empty_cipher.txt 0MB TMP
DELETED 2026-09-12T15:02:05Z /tmp/pip-unpack-t20mbvgk 17MB TMP
DELETED 2026-09-12T15:02:05Z /tmp/tmpaanotvew.so 1MB TMP
DELETED 2026-09-12T15:02:05Z /tmp/pytest-of-root 6MB TMP
DELETED 2026-09-12T15:02:05Z /tmp/tmpl_2m6kif 1MB TMP
DELETED 2026-09-12T15:02:05Z /tmp/b0wire 1MB TMP
DELETED 2026-09-12T15:02:05Z /tmp/tmplhlx01r8 1MB TMP
DELETED 2026-09-12T15:02:05Z /tmp/c25.py 1MB TMP
DELETED 2026-09-12T15:02:05Z /tmp/tmpc89dju0q 1MB TMP
DELETED 2026-09-12T15:02:05Z /tmp/tmp26jmec_k 1MB TMP
DELETED 2026-09-12T15:02:05Z /tmp/tmpwlw70js7.cpp 1MB TMP
DELETED 2026-09-12T15:02:05Z /tmp/pip-metadata-g7g139iq 1MB TMP
DELETED 2026-09-12T15:02:05Z /tmp/tmpx9tl40_0 1MB TMP
DELETED 2026-09-12T15:02:05Z /tmp/tmp515ukyuh 1MB TMP
DELETED 2026-09-12T15:02:05Z /tmp/b0_regen_launch.json 1MB TMP
DELETED 2026-09-12T15:02:05Z /tmp/test_all_lower.txt 1MB TMP
DELETED 2026-09-12T15:02:05Z /tmp/tmpc94cmrs1.in 1MB TMP
DELETED 2026-09-12T15:02:05Z /tmp/batch.py 1MB TMP
DELETED 2026-09-12T15:02:05Z /tmp/tmpa433autx 1MB TMP
DELETED 2026-09-12T15:02:05Z /tmp/zh_web_rm.done 1MB TMP
DELETED 2026-09-12T15:02:05Z /tmp/test_primes9.txt 1MB TMP
DELETED 2026-09-12T15:02:05Z /tmp/pip-unpack-6m8m4l8x 66MB TMP
DELETED 2026-09-12T15:02:05Z /tmp/torchelastic_lsdd9s9k 1MB TMP
DELETED 2026-09-12T15:02:05Z /tmp/pip-unpack-5lz0flg9 1MB TMP
DELETED 2026-09-12T15:02:05Z /tmp/pg.sh 1MB TMP
DELETED 2026-09-12T15:02:05Z /tmp/test_past.txt 1MB TMP
DELETED 2026-09-12T15:02:05Z /tmp/tmp4edt_kk0 1MB TMP
DELETED 2026-09-12T15:02:05Z /tmp/tmptuohktgj 1MB TMP
DELETED 2026-09-12T15:02:05Z /tmp/tmpzucdvt45 1MB TMP
DELETED 2026-09-12T15:02:05Z /tmp/ckpt_pruner_264.sh 1MB TMP
DELETED 2026-09-12T15:02:05Z /tmp/torchelastic_ft9jhrjp 1MB TMP
DELETED 2026-09-12T15:02:05Z /tmp/pip-unpack-wyzos1sf 3MB TMP
DELETED 2026-09-12T15:02:05Z /tmp/wt.b64.cs 1MB TMP
DELETED 2026-09-12T15:02:05Z /tmp/pretok_en_c4_reuse.log 1MB TMP
DELETED 2026-09-12T15:02:05Z /tmp/pymp-7v3hitfk 1MB TMP
DELETED 2026-09-12T15:02:05Z /tmp/ultradata_shards.py 1MB TMP
DELETED 2026-09-12T15:02:05Z /tmp/gridprobe.py 1MB TMP
DELETED 2026-09-12T15:02:05Z /tmp/tmp9b6had6i 1MB TMP
DELETED 2026-09-12T15:02:05Z /tmp/tmp0r6__2yv 1MB TMP
DELETED 2026-09-12T15:02:05Z /tmp/tmpxr543kah 1MB TMP
DELETED 2026-09-12T15:02:05Z /tmp/tmpqew_3tgz 1MB TMP
DELETED 2026-09-12T15:02:05Z /tmp/pytest.txt 0MB TMP
DELETED 2026-09-12T15:02:05Z /tmp/tmpsuutgel1 1MB TMP
DELETED 2026-09-12T15:02:05Z /tmp/pip-unpack-aynsstng 1MB TMP
DELETED 2026-09-12T15:02:05Z /tmp/contam_posctrl.py 1MB TMP
DELETED 2026-09-12T15:02:05Z /tmp/torchelastic_f7zudk18 1MB TMP
DELETED 2026-09-12T15:02:05Z /tmp/long_test.txt 1MB TMP
DELETED 2026-09-12T15:02:05Z /tmp/tmpb7ta8vma 1MB TMP
DELETED 2026-09-12T15:02:05Z /tmp/tmp27g520_j 1MB TMP
DELETED 2026-09-12T15:02:05Z /tmp/test_att_track3.txt 1MB TMP
DELETED 2026-09-12T15:02:05Z /tmp/tmp9a_xtvdl 1MB TMP
DELETED 2026-09-12T15:02:05Z /tmp/declprobe 1MB TMP
DELETED 2026-09-12T15:02:05Z /tmp/fa 1MB TMP
DELETED 2026-09-12T15:02:05Z /tmp/tmpdder8uil.csv 1MB TMP
DELETED 2026-09-12T15:02:05Z /tmp/probe2.log 1MB TMP
DELETED 2026-09-12T15:02:05Z /tmp/runbase.sh 1MB TMP
DELETED 2026-09-12T15:02:05Z /tmp/tmpvbe0lyhs 1MB TMP
DELETED 2026-09-12T15:02:05Z /tmp/pymp-m318d0vb 1MB TMP
DELETED 2026-09-12T15:02:05Z /tmp/tmpwj431imc.txt 1MB TMP
DELETED 2026-09-12T15:02:05Z /tmp/e2e_713bfe39 1MB TMP
DELETED 2026-09-12T15:02:05Z /tmp/tmp7eurxbt5 1MB TMP
DELETED 2026-09-12T15:02:05Z /tmp/b0_31_ready_120s 1MB TMP
DELETED 2026-09-12T15:02:05Z /tmp/tmpxhoiwgfy 1MB TMP
DELETED 2026-09-12T15:02:05Z /tmp/aaa_cipher.txt 1MB TMP
DELETED 2026-09-12T15:02:05Z /tmp/pip-metadata-318g6d_5 1MB TMP
DELETED 2026-09-12T15:02:05Z /tmp/pip-unpack-1vswz_gl 1MB TMP
DELETED 2026-09-12T15:02:05Z /tmp/sft_math.bak2 1MB TMP
DELETED 2026-09-12T15:02:05Z /tmp/xs_smoke.txt 1MB TMP
DELETED 2026-09-12T15:02:05Z /tmp/tmp0mxvs219.cpp 1MB TMP
DELETED 2026-09-12T15:02:05Z /tmp/graph10.txt 1MB TMP
DELETED 2026-09-12T15:02:05Z /tmp/tmpbviy0zv_ 1MB TMP
DELETED 2026-09-12T15:02:05Z /tmp/pip-unpack-bozg7l1f 229MB TMP
DELETED 2026-09-12T15:02:05Z /tmp/tmpguqtvw2v.txt 1MB TMP
DELETED 2026-09-12T15:02:05Z /tmp/allpy.txt 1MB TMP
DELETED 2026-09-12T15:02:05Z /tmp/tmp0r5d8jrm 1MB TMP
DELETED 2026-09-12T15:02:05Z /tmp/test.txt 1MB TMP
DELETED 2026-09-12T15:02:05Z /tmp/tmpelxmvvrk 1MB TMP
DELETED 2026-09-12T15:02:05Z /tmp/torchelastic_7m077ust 1MB TMP
DELETED 2026-09-12T15:02:05Z /tmp/ctok.out 1MB TMP
DELETED 2026-09-12T15:02:05Z /tmp/e2e_l32.log 1MB TMP
DELETED 2026-09-12T15:02:05Z /tmp/ct_probe.py 1MB TMP
DELETED 2026-09-12T15:02:05Z /tmp/tmpunxivqrf 1MB TMP
DELETED 2026-09-12T15:02:05Z /tmp/cache_check.sh 1MB TMP
DELETED 2026-09-12T15:02:05Z /tmp/tmp7eibt5hm 1MB TMP
DELETED 2026-09-12T15:02:05Z /tmp/tmpvgsilmxp 1MB TMP
DELETED 2026-09-12T15:02:05Z /tmp/tmpwew86zcy.cnf 1MB TMP
DELETED 2026-09-12T15:02:05Z /tmp/tmphncrgrku 1MB TMP
DELETED 2026-09-12T15:02:05Z /tmp/diag_upcast.py 1MB TMP
DELETED 2026-09-12T15:02:05Z /tmp/pip-metadata-a59ycnnh 1MB TMP
DELETED 2026-09-12T15:02:05Z /tmp/tmpz6zodfk4 1MB TMP
DELETED 2026-09-12T15:02:05Z /tmp/tmpvskmb3fe.db-journal 1MB TMP
DELETED 2026-09-12T15:02:05Z /tmp/test_bits_3.txt 1MB TMP
DELETED 2026-09-12T15:02:05Z /tmp/tmp4sb5i84j 1MB TMP
DELETED 2026-09-12T15:02:05Z /tmp/tmp28oq448h 1MB TMP
DELETED 2026-09-12T15:02:05Z /tmp/ac.py 1MB TMP
DELETED 2026-09-12T15:02:05Z /tmp/tmp_gnhyhjw 1MB TMP
DELETED 2026-09-12T15:02:05Z /tmp/test5.qbf 1MB TMP
DELETED 2026-09-12T15:02:05Z /tmp/probe_8012.json 1MB TMP
DELETED 2026-09-12T15:02:05Z /tmp/tmp73y4_e1l 1MB TMP
DELETED 2026-09-12T15:02:05Z /tmp/fetch_l2_budget.sh 1MB TMP
DELETED 2026-09-12T15:02:05Z /tmp/reg_base.log 1MB TMP
DELETED 2026-09-12T15:02:05Z /tmp/tmpnyll1uao 1MB TMP
DELETED 2026-09-12T15:02:05Z /tmp/b0_vs.b64 1MB TMP
DELETED 2026-09-12T15:02:05Z /tmp/sd.b64.ac 1MB TMP
DELETED 2026-09-12T15:02:05Z /tmp/pip-unpack-upmo3qqs 1MB TMP
DELETED 2026-09-12T15:02:05Z /tmp/tmpgxo15ds0 1MB TMP
DELETED 2026-09-12T15:02:05Z /tmp/pip-unpack-xaktzn6d 86MB TMP
DELETED 2026-09-12T15:02:05Z /tmp/tmp2_4pcw66 1MB TMP
DELETED 2026-09-12T15:02:05Z /tmp/tmp3rgtwpff 1MB TMP
DELETED 2026-09-12T15:02:05Z /tmp/pip-metadata-vc3fm3qk 1MB TMP
DELETED 2026-09-12T15:02:05Z /tmp/tmpqphwwf_b 1MB TMP
DELETED 2026-09-12T15:02:05Z /tmp/wt.b64.bd 1MB TMP
DELETED 2026-09-12T15:02:05Z /tmp/seats3.txt 1MB TMP
DELETED 2026-09-12T15:02:05Z /tmp/pw.sh 1MB TMP
DELETED 2026-09-12T15:02:05Z /tmp/tmp3vo49f18 1MB TMP
DELETED 2026-09-12T15:02:05Z /tmp/measure_loop.py 1MB TMP
DELETED 2026-09-12T15:02:05Z /tmp/inspect_sft.py 1MB TMP
DELETED 2026-09-12T15:02:05Z /tmp/probe_8011.json 1MB TMP
DELETED 2026-09-12T15:02:05Z /tmp/04914139e7504efcb7bb3ccb4fb75bc6-pulp.mps 1MB TMP
DELETED 2026-09-12T15:02:05Z /tmp/topic_harvest.py 1MB TMP
DELETED 2026-09-12T15:02:05Z /tmp/tmp73025xuc 1MB TMP
DELETED 2026-09-12T15:02:05Z /tmp/setsidtest.log 1MB TMP
DELETED 2026-09-12T15:02:05Z /tmp/om2test.part 226MB TMP
DELETED 2026-09-12T15:02:05Z /tmp/b0_p2_full.txt 1MB TMP
DELETED 2026-09-12T15:02:05Z /tmp/sd_he.sh 1MB TMP
DELETED 2026-09-12T15:02:05Z /tmp/tmpn3io04qn 1MB TMP
DELETED 2026-09-12T15:02:05Z /tmp/probe_aux.py 1MB TMP
DELETED 2026-09-12T15:02:05Z /tmp/tmpheku10d0.so 1MB TMP
DELETED 2026-09-12T15:02:05Z /tmp/ab_score.log 1MB TMP
DELETED 2026-09-12T15:02:05Z /tmp/tmp1x_m_dmn.cpp 1MB TMP
DELETED 2026-09-12T15:02:05Z /tmp/ho.b64 1MB TMP
DELETED 2026-09-12T15:02:05Z /tmp/torchelastic_lrvp9vai 1MB TMP
DELETED 2026-09-12T15:02:05Z /tmp/tmp59ipjj7g 1MB TMP
DELETED 2026-09-12T15:02:05Z /tmp/tmpofyc6m62 1MB TMP
DELETED 2026-09-12T15:02:05Z /tmp/pip-download-qwjn3xon 1MB TMP
DELETED 2026-09-12T15:02:05Z /tmp/tmpdhrh9_l5 1MB TMP
DELETED 2026-09-12T15:02:05Z /tmp/pip-unpack-fog0zflh 350MB TMP
DELETED 2026-09-12T15:02:05Z /tmp/3b_c.py 1MB TMP
DELETED 2026-09-12T15:02:05Z /tmp/tmp10vuea36 1MB TMP
DELETED 2026-09-12T15:02:05Z /tmp/tmp1fbvlvs1 1MB TMP
DELETED 2026-09-12T15:02:05Z /tmp/torchelastic_9di52nbi 1MB TMP
DELETED 2026-09-12T15:02:05Z /tmp/groundtruth.py 1MB TMP
DELETED 2026-09-12T15:02:05Z /tmp/stats_before.json 1MB TMP
DELETED 2026-09-12T15:02:05Z /tmp/wt.b64.ci 1MB TMP
DELETED 2026-09-12T15:02:05Z /tmp/tmp868q8pod 1MB TMP
DELETED 2026-09-12T15:02:05Z /tmp/pip-unpack-xspc_87j 1MB TMP
DELETED 2026-09-12T15:02:05Z /tmp/tmp5rc7nq5v 1MB TMP
DELETED 2026-09-12T15:02:05Z /tmp/tmpk4fo0tcm 1MB TMP
DELETED 2026-09-12T15:02:05Z /tmp/tmp47kfx_a1 1MB TMP
DELETED 2026-09-12T15:02:05Z /tmp/test2_unsat.txt 1MB TMP
DELETED 2026-09-12T15:02:05Z /tmp/tmptjq1rt20 1MB TMP
DELETED 2026-09-12T15:02:05Z /tmp/tmpb_2hnzn9 1MB TMP
DELETED 2026-09-12T15:02:05Z /tmp/tmp0i9v0rf1 1MB TMP
DELETED 2026-09-12T15:02:05Z /tmp/probe4.py 1MB TMP
DELETED 2026-09-12T15:02:05Z /tmp/tmpw9az92a_ 1MB TMP
DELETED 2026-09-12T15:02:05Z /tmp/test_mismatch.txt 1MB TMP
DELETED 2026-09-12T15:02:05Z /tmp/ac719a3b056c4014abcf55e8627554bf-pulp.mps 1MB TMP
DELETED 2026-09-12T15:02:05Z /tmp/fix197.py 1MB TMP
DELETED 2026-09-12T15:02:05Z /tmp/tmp1spa_68w 1MB TMP
DELETED 2026-09-12T15:02:05Z /tmp/kb4.txt 1MB TMP
DELETED 2026-09-12T15:02:05Z /tmp/tmpj9oxb74i 1MB TMP
DELETED 2026-09-12T15:02:05Z /tmp/tmp1ced141v 1MB TMP
DELETED 2026-09-12T15:02:05Z /tmp/wrong_vocab.json 1MB TMP
DELETED 2026-09-12T15:02:05Z /tmp/n7_t_unlooped.pt 394MB TMP
DELETED 2026-09-12T15:02:05Z /tmp/tmppbipwcio 1MB TMP
DELETED 2026-09-12T15:02:05Z /tmp/prepare_sft_new.py 1MB TMP
DELETED 2026-09-12T15:02:05Z /tmp/tmpf2qv1xkw 1MB TMP
DELETED 2026-09-12T15:02:05Z /tmp/he_sample.log 1MB TMP
DELETED 2026-09-12T15:02:05Z /tmp/wt.b64.av 1MB TMP
DELETED 2026-09-12T15:02:05Z /tmp/wt.b64.cj 1MB TMP
DELETED 2026-09-12T15:02:05Z /tmp/3b_c.log 1MB TMP
DELETED 2026-09-12T15:02:05Z /tmp/term_measure.log 1MB TMP
DELETED 2026-09-12T15:02:05Z /tmp/test_5nodes.txt 1MB TMP
DELETED 2026-09-12T15:02:05Z /tmp/tmp4v__4t3m 1MB TMP
DELETED 2026-09-12T15:02:05Z /tmp/tmp6v3vixtr 1MB TMP
DELETED 2026-09-12T15:02:05Z /tmp/torchelastic_rpn58jlo 1MB TMP
DELETED 2026-09-12T15:02:05Z /tmp/base.py 1MB TMP
DELETED 2026-09-12T15:02:05Z /tmp/all_doc_cu.jsonl 1MB TMP
DELETED 2026-09-12T15:02:05Z /tmp/pip-unpack-g7p3_y37 192MB TMP
DELETED 2026-09-12T15:02:05Z /tmp/tmp5fz_b5rz 1MB TMP
DELETED 2026-09-12T15:02:05Z /tmp/wt.b64.bs 1MB TMP
DELETED 2026-09-12T15:02:05Z /tmp/tok_real.log 1MB TMP
DELETED 2026-09-12T15:02:05Z /tmp/wt.b64.ai 1MB TMP
DELETED 2026-09-12T15:02:05Z /tmp/torchelastic_9e0nv_4t 1MB TMP
DELETED 2026-09-12T15:02:05Z /tmp/de_log_where.sh 1MB TMP
DELETED 2026-09-12T15:02:05Z /tmp/tmpdf369q61.txt 1MB TMP
DELETED 2026-09-12T15:02:05Z /tmp/b0_mscorr.b64 1MB TMP
DELETED 2026-09-12T15:02:05Z /tmp/de_buf_test.log 1MB TMP
DELETED 2026-09-12T15:02:05Z /tmp/tmphq6txvqc 1MB TMP
DELETED 2026-09-12T15:02:05Z /tmp/reg_jit.log 1MB TMP
DELETED 2026-09-12T15:02:05Z /tmp/tmprterxviu.so 1MB TMP
DELETED 2026-09-12T15:02:05Z /tmp/torchelastic_fsggsazw 1MB TMP
DELETED 2026-09-12T15:02:05Z /tmp/tmpi6ozhp2a 1MB TMP
DELETED 2026-09-12T15:02:05Z /tmp/b0_step1.log 1MB TMP
DELETED 2026-09-12T15:02:05Z /tmp/tmpi3fthr1n 1MB TMP
DELETED 2026-09-12T15:02:05Z /tmp/probe_causality.py 1MB TMP
DELETED 2026-09-12T15:02:05Z /tmp/tmp0e694gfc 1MB TMP
DELETED 2026-09-12T15:02:05Z /tmp/pip-unpack-m667gn96 1MB TMP
DELETED 2026-09-12T15:02:05Z /tmp/known_good_code.py 1MB TMP
DELETED 2026-09-12T15:02:05Z /tmp/tmpz1q1oh92 1MB TMP
DELETED 2026-09-12T15:02:05Z /tmp/pip-unpack-8c_u47x5 1MB TMP
DELETED 2026-09-12T15:02:05Z /tmp/tmpz_l_a1_6 1MB TMP
DELETED 2026-09-12T15:02:05Z /tmp/tmp4vfnhjtr 1MB TMP
DELETED 2026-09-12T15:02:05Z /tmp/tmp9yc_0a4a 1MB TMP
DELETED 2026-09-12T15:02:05Z /tmp/torchelastic_1qinncin 1MB TMP
DELETED 2026-09-12T15:02:05Z /tmp/tmpysb4q2wv.txt 1MB TMP
DELETED 2026-09-12T15:02:05Z /tmp/stamp_subset.py 1MB TMP
DELETED 2026-09-12T15:02:05Z /tmp/pip-metadata-aue8ege3 1MB TMP
DELETED 2026-09-12T15:02:05Z /tmp/test4_in.txt 1MB TMP
DELETED 2026-09-12T15:02:05Z /tmp/tmppfvrx5my 1MB TMP
DELETED 2026-09-12T15:02:05Z /tmp/post_eic_memory_pool.py 1MB TMP
DELETED 2026-09-12T15:02:05Z /tmp/b0_fuse_proto.py 1MB TMP
DELETED 2026-09-12T15:02:05Z /tmp/tmp0cd0qwk1.txt 1MB TMP
DELETED 2026-09-12T15:02:05Z /tmp/test_primes6.txt 1MB TMP
DELETED 2026-09-12T15:02:05Z /tmp/peek4.py 1MB TMP
DELETED 2026-09-12T15:02:05Z /tmp/pip-metadata-oklp34i3 1MB TMP
DELETED 2026-09-12T15:02:05Z /tmp/torchelastic_3crw4v6p 1MB TMP
DELETED 2026-09-12T15:02:05Z /tmp/tmpv189f0bu 1MB TMP
DELETED 2026-09-12T15:02:05Z /tmp/tmp8fi7b178 1MB TMP
DELETED 2026-09-12T15:02:05Z /tmp/tmpkimbsi4n.txt 1MB TMP
DELETED 2026-09-12T15:02:05Z /tmp/test_k4.txt 1MB TMP
DELETED 2026-09-12T15:02:05Z /tmp/test7b.txt 1MB TMP
DELETED 2026-09-12T15:02:05Z /tmp/probe.py 1MB TMP
DELETED 2026-09-12T15:02:05Z /tmp/torchelastic_jyjokd7k 1MB TMP
DELETED 2026-09-12T15:02:05Z /tmp/dc_smoke 1343MB TMP
DELETED 2026-09-12T15:02:05Z /tmp/tmp4f_gcr37 1MB TMP
DELETED 2026-09-12T15:02:05Z /tmp/tmps9ahr5vf 1MB TMP
DELETED 2026-09-12T15:02:05Z /tmp/tmpu3h0trmu 1MB TMP
DELETED 2026-09-12T15:02:05Z /tmp/yield.py 1MB TMP
DELETED 2026-09-12T15:02:05Z /tmp/tmpemjpnnof 1MB TMP
DELETED 2026-09-12T15:02:05Z /tmp/tmpp0ke6a_l 1MB TMP
DELETED 2026-09-12T15:02:05Z /tmp/pairing2.sh 1MB TMP
DELETED 2026-09-12T15:02:05Z /tmp/holdout_hashes.bak 1MB TMP
DELETED 2026-09-12T15:02:05Z /tmp/b0_vc.py 1MB TMP
DELETED 2026-09-12T15:02:05Z /tmp/b0_rchar.py 1MB TMP
DELETED 2026-09-12T15:02:05Z /tmp/read_l2stats.py 1MB TMP
DELETED 2026-09-12T15:02:05Z /tmp/torchelastic_p_36ma81 1MB TMP
DELETED 2026-09-12T15:02:05Z /tmp/tmpbmdt3e9b 1MB TMP
DELETED 2026-09-12T15:02:05Z /tmp/de13_cursor.log 1MB TMP
DELETED 2026-09-12T15:02:05Z /tmp/tri2.txt 1MB TMP
DELETED 2026-09-12T15:02:05Z /tmp/tmpyyzttqaf.txt 1MB TMP
DELETED 2026-09-12T15:02:05Z /tmp/test_graph3.txt 1MB TMP
DELETED 2026-09-12T15:02:05Z /tmp/test8.qbf 1MB TMP
DELETED 2026-09-12T15:02:05Z /tmp/adaa7b0af8f84bae865046c3da81a63a-pulp.mps 1MB TMP
DELETED 2026-09-12T15:02:05Z /tmp/pip-unpack-7cyecg09 1MB TMP
DELETED 2026-09-12T15:02:05Z /tmp/pymp-4c68l0eb 1MB TMP
DELETED 2026-09-12T15:02:05Z /tmp/torchelastic_ifmdiwtm 1MB TMP
DELETED 2026-09-12T15:02:05Z /tmp/pretok_wiki_chat.log 1MB TMP
DELETED 2026-09-12T15:02:05Z /tmp/uv_sync_accept.sh 1MB TMP
DELETED 2026-09-12T15:02:05Z /tmp/tmpx1o7nhge 1MB TMP
DELETED 2026-09-12T15:02:05Z /tmp/ch_new.py 0MB TMP
DELETED 2026-09-12T15:02:05Z /tmp/genprobe_v41_clean.log 1MB TMP
DELETED 2026-09-12T15:02:05Z /tmp/tmp76fknv8p 1MB TMP
DELETED 2026-09-12T15:02:05Z /tmp/b0_io2.json 1MB TMP
DELETED 2026-09-12T15:02:05Z /tmp/tmpevmdx_z_ 1MB TMP
DELETED 2026-09-12T15:02:05Z /tmp/tokenizer_p1_proxy.py 1MB TMP
DELETED 2026-09-12T15:02:05Z /tmp/degen_probe4.py 1MB TMP
DELETED 2026-09-12T15:02:05Z /tmp/b0_bp.py 1MB TMP
DELETED 2026-09-12T15:02:05Z /tmp/tmpn96c4bd3 1MB TMP
DELETED 2026-09-12T15:02:05Z /tmp/ws.py 1MB TMP
DELETED 2026-09-12T15:02:05Z /tmp/tmp61r_s8o2 1MB TMP
DELETED 2026-09-12T15:02:05Z /tmp/torchelastic_6bzrekvv 1MB TMP
DELETED 2026-09-12T15:02:05Z /tmp/pc.sh 1MB TMP
DELETED 2026-09-12T15:02:05Z /tmp/b0_domain_loss_valrise.b64 1MB TMP
DELETED 2026-09-12T15:02:05Z /tmp/tmptx242gi9 1MB TMP
DELETED 2026-09-12T15:02:05Z /tmp/n7_time.sh 1MB TMP
DELETED 2026-09-12T15:02:05Z /tmp/test_edges.csv 1MB TMP
DELETED 2026-09-12T15:02:05Z /tmp/tokenizer_ultra_ruling.py 1MB TMP
DELETED 2026-09-12T15:02:05Z /tmp/tmpcwx62421 1MB TMP
DELETED 2026-09-12T15:02:05Z /tmp/train_pristine3.py 1MB TMP
DELETED 2026-09-12T15:02:05Z /tmp/k2.sh 1MB TMP
DELETED 2026-09-12T15:02:05Z /tmp/b0eq 1MB TMP
DELETED 2026-09-12T15:02:05Z /tmp/pip-unpack-rzpo2nul 1MB TMP
DELETED 2026-09-12T15:02:05Z /tmp/smoke_p7.pt 394MB TMP
DELETED 2026-09-12T15:02:05Z /tmp/ho.b64.ad 1MB TMP
DELETED 2026-09-12T15:02:05Z /tmp/tmpnu6pzcw6 1MB TMP
DELETED 2026-09-12T15:02:05Z /tmp/repro_det.X6GtP1 477MB TMP
DELETED 2026-09-12T15:02:05Z /tmp/e1_tokeval2.log 1MB TMP
DELETED 2026-09-12T15:02:05Z /tmp/tmpy36civg3 1MB TMP
DELETED 2026-09-12T15:02:05Z /tmp/out_buffered.log 0MB TMP
DELETED 2026-09-12T15:02:05Z /tmp/mtp_hdr.py 1MB TMP
DELETED 2026-09-12T15:02:05Z /tmp/tmprt38po7x 1MB TMP
DELETED 2026-09-12T15:02:05Z /tmp/replay2.py 1MB TMP
DELETED 2026-09-12T15:02:05Z /tmp/tmp6qvqabr_ 1MB TMP
DELETED 2026-09-12T15:02:05Z /tmp/lg.py 1MB TMP
DELETED 2026-09-12T15:02:05Z /tmp/tmp8q3yf5kp 1MB TMP
DELETED 2026-09-12T15:02:05Z /tmp/torchelastic_anx0cy16 1MB TMP
DELETED 2026-09-12T15:02:05Z /tmp/_probe.py 1MB TMP
DELETED 2026-09-12T15:02:05Z /tmp/pretok_stage1.sh 1MB TMP
DELETED 2026-09-12T15:02:05Z /tmp/pip-unpack-j8aly4jk 1MB TMP
DELETED 2026-09-12T15:02:05Z /tmp/tmpleupvco0.json 1MB TMP
DELETED 2026-09-12T15:02:05Z /tmp/tmpzrzghxtb 1MB TMP
DELETED 2026-09-12T15:02:05Z /tmp/run_b2_sample.py 1MB TMP
DELETED 2026-09-12T15:02:05Z /tmp/pip-unpack-chm127h6 38MB TMP
DELETED 2026-09-12T15:02:05Z /tmp/tmprl14wzmm 1MB TMP
DELETED 2026-09-12T15:02:05Z /tmp/test2.mesh 1MB TMP
DELETED 2026-09-12T15:02:05Z /tmp/torchelastic_i80z7znv 1MB TMP
DELETED 2026-09-12T15:02:05Z /tmp/pidtest.sh 1MB TMP
DELETED 2026-09-12T15:02:05Z /tmp/eqN.log 1MB TMP
DELETED 2026-09-12T15:02:05Z /tmp/tmpb8pclu9e 1MB TMP
DELETED 2026-09-12T15:02:05Z /tmp/tmpsy29xa56 1MB TMP
DELETED 2026-09-12T15:02:05Z /tmp/eqtest.out 1MB TMP
DELETED 2026-09-12T15:02:05Z /tmp/c4.raw 1MB TMP
DELETED 2026-09-12T15:02:05Z /tmp/ck_new.pt 394MB TMP
DELETED 2026-09-12T15:02:05Z /tmp/e1_score_v2.sh 1MB TMP
DELETED 2026-09-12T15:02:05Z /tmp/langpart_ac 1MB TMP
DELETED 2026-09-12T15:02:05Z /tmp/test3.ini 1MB TMP
DELETED 2026-09-12T15:02:05Z /tmp/tmps76eb9uf 1MB TMP
DELETED 2026-09-12T15:02:05Z /tmp/wt.b64.cv 1MB TMP
DELETED 2026-09-12T15:02:05Z /tmp/tmpofqor5_a 1MB TMP
DELETED 2026-09-12T15:02:05Z /tmp/pip-unpack-0udeyq46 628MB TMP
DELETED 2026-09-12T15:02:05Z /tmp/e1_tokeval.log 1MB TMP
DELETED 2026-09-12T15:02:05Z /tmp/wt.b64.cu 1MB TMP
DELETED 2026-09-12T15:02:05Z /tmp/cuda-suite2-mem.log 1MB TMP
DELETED 2026-09-12T15:02:05Z /tmp/tmp9snyoxtg 1MB TMP
DELETED 2026-09-12T15:02:05Z /tmp/scan.py 1MB TMP
DELETED 2026-09-12T15:02:05Z /tmp/torchelastic_eu9wtmsa 1MB TMP
DELETED 2026-09-12T15:02:05Z /tmp/buckets.py 1MB TMP
DELETED 2026-09-12T15:02:05Z /tmp/tmpoofy5szj 1MB TMP
DELETED 2026-09-12T15:02:05Z /tmp/tmp_l45qq6_ 1MB TMP
DELETED 2026-09-12T15:02:05Z /tmp/ro.txt 0MB TMP
DELETED 2026-09-12T15:02:05Z /tmp/tmp_bphbyd9 1MB TMP
DELETED 2026-09-12T15:02:05Z /tmp/tmpjlif_m0c 1MB TMP
DELETED 2026-09-12T15:02:05Z /tmp/pretok_math_owm.log 1MB TMP
DELETED 2026-09-12T15:02:05Z /tmp/empty_words.txt 0MB TMP
DELETED 2026-09-12T15:02:05Z /tmp/ab_train.py 1MB TMP
DELETED 2026-09-12T15:02:05Z /tmp/torchelastic_yq1z49ud 1MB TMP
DELETED 2026-09-12T15:02:05Z /tmp/tmpnfpunij1 1MB TMP
DELETED 2026-09-12T15:02:05Z /tmp/3b_final.py 1MB TMP
DELETED 2026-09-12T15:02:05Z /tmp/car.log 1MB TMP
DELETED 2026-09-12T15:02:05Z /tmp/test_flag2.txt 1MB TMP
DELETED 2026-09-12T15:02:05Z /tmp/tmp6skar74z 1MB TMP
DELETED 2026-09-12T15:02:05Z /tmp/tmp_496jji6 1MB TMP
DELETED 2026-09-12T15:02:05Z /tmp/e2e.txt 1MB TMP
DELETED 2026-09-12T15:02:05Z /tmp/pip-unpack-3b_8jd19 1MB TMP
DELETED 2026-09-12T15:02:05Z /tmp/tmp8asn5lk_ 1MB TMP
DELETED 2026-09-12T15:02:05Z /tmp/tmpkczzisdx 1MB TMP
DELETED 2026-09-12T15:02:05Z /tmp/test1.mdp 1MB TMP
DELETED 2026-09-12T15:02:05Z /tmp/tmpubdntr2w 1MB TMP
DELETED 2026-09-12T15:02:05Z /tmp/tmpowtvc050 1MB TMP
DELETED 2026-09-12T15:02:05Z /tmp/tmpw8g0ml3m.so 1MB TMP
DELETED 2026-09-12T15:02:05Z /tmp/tmpwrg2ses1 1MB TMP
DELETED 2026-09-12T15:02:05Z /tmp/tmpx7i4q28a.db 0MB TMP
DELETED 2026-09-12T15:02:05Z /tmp/b0_peaks.sh 1MB TMP
DELETED 2026-09-12T15:02:05Z /tmp/tmpwksjblzo 1MB TMP
DELETED 2026-09-12T15:02:05Z /tmp/o2.log 1MB TMP
DELETED 2026-09-12T15:02:05Z /tmp/man_pinned.txt 1MB TMP
DELETED 2026-09-12T15:02:05Z /tmp/tmpbjmxol7v.txt 1MB TMP
DELETED 2026-09-12T15:02:05Z /tmp/test_rules2.txt 1MB TMP
DELETED 2026-09-12T15:02:05Z /tmp/test_primes4.txt 1MB TMP
DELETED 2026-09-12T15:02:05Z /tmp/tmp1klsuy2v 1MB TMP
DELETED 2026-09-12T15:02:05Z /tmp/tmp6i9n0jom.txt 1MB TMP
DELETED 2026-09-12T15:02:05Z /tmp/tmpswn7wtdr.txt 1MB TMP
DELETED 2026-09-12T15:02:05Z /tmp/tmpq97v73dp 1MB TMP
DELETED 2026-09-12T15:02:05Z /tmp/torchelastic_9z9j0dul 1MB TMP
DELETED 2026-09-12T15:02:05Z /tmp/test5.csv 1MB TMP
DELETED 2026-09-12T15:02:05Z /tmp/tmpeob9bpt2 1MB TMP
DELETED 2026-09-12T15:02:05Z /tmp/tmpcwqh9rdn 1MB TMP
DELETED 2026-09-12T15:02:05Z /tmp/tmp3howyoaj 1MB TMP
DELETED 2026-09-12T15:02:05Z /tmp/graph1.txt 1MB TMP
DELETED 2026-09-12T15:02:05Z /tmp/tmprwn64mge 1MB TMP
DELETED 2026-09-12T15:02:05Z /tmp/test6_in.txt 1MB TMP
DELETED 2026-09-12T15:02:05Z /tmp/pip-install-bg3rp8ox 1MB TMP
DELETED 2026-09-12T15:02:05Z /tmp/msg4.txt 1MB TMP
DELETED 2026-09-12T15:02:05Z /tmp/torchelastic__y79toev 1MB TMP
DELETED 2026-09-12T15:02:05Z /tmp/gdn_thread0.py 1MB TMP
DELETED 2026-09-12T15:02:05Z /tmp/pip-unpack-j6favzi0 323MB TMP
DELETED 2026-09-12T15:02:05Z /tmp/tmpn_tgqtdb 1MB TMP
DELETED 2026-09-12T15:02:05Z /tmp/tmptjs0qjme 1MB TMP
DELETED 2026-09-12T15:02:05Z /tmp/tmp8wedk8yu.so 1MB TMP
DELETED 2026-09-12T15:02:05Z /tmp/tmpn39i34lj 1MB TMP
DELETED 2026-09-12T15:02:05Z /tmp/tmpk4h4lb_9 1MB TMP
DELETED 2026-09-12T15:02:05Z /tmp/pip-metadata-soil87e0 1MB TMP
DELETED 2026-09-12T15:02:05Z /tmp/pip-unpack-68cnsjzl 1MB TMP
DELETED 2026-09-12T15:02:05Z /tmp/b0_probe_blocks.py 1MB TMP
DELETED 2026-09-12T15:02:05Z /tmp/tmp3fwnquml 1MB TMP
DELETED 2026-09-12T15:02:05Z /tmp/torchelastic_3miq0zbv 1MB TMP
DELETED 2026-09-12T15:02:05Z /tmp/test10a.txt 1MB TMP
DELETED 2026-09-12T15:02:05Z /tmp/tri_mem.py 1MB TMP
DELETED 2026-09-12T15:02:05Z /tmp/good5.txt 1MB TMP
DELETED 2026-09-12T15:02:05Z /tmp/tmpa08aijmk 1MB TMP
DELETED 2026-09-12T15:02:05Z /tmp/final_score.sh 1MB TMP
DELETED 2026-09-12T15:02:05Z /tmp/tmpkbzjquml 1MB TMP
DELETED 2026-09-12T15:02:05Z /tmp/tmpin4h96a2 1MB TMP
DELETED 2026-09-12T15:02:05Z /tmp/tmpou2sni32 1MB TMP
DELETED 2026-09-12T15:02:05Z /tmp/tmpx53ipxzb 1MB TMP
DELETED 2026-09-12T15:02:05Z /tmp/pkw.sh 1MB TMP
DELETED 2026-09-12T15:02:05Z /tmp/tmphck0tr1h 1MB TMP
DELETED 2026-09-12T15:02:05Z /tmp/torchelastic_twnabjkn 1MB TMP
DELETED 2026-09-12T15:02:05Z /tmp/b0_ro_backup.txt 1MB TMP
DELETED 2026-09-12T15:02:05Z /tmp/test_tie2.txt 1MB TMP
DELETED 2026-09-12T15:02:05Z /tmp/tmpm0ge322l 1MB TMP
DELETED 2026-09-12T15:02:05Z /tmp/tmpww5ykpem.json 1MB TMP
DELETED 2026-09-12T15:02:05Z /tmp/_dead.py 1MB TMP
DELETED 2026-09-12T15:02:05Z /tmp/tmpzrmzh2x0 1MB TMP
DELETED 2026-09-12T15:02:05Z /tmp/de_acc2.py 1MB TMP
DELETED 2026-09-12T15:02:05Z /tmp/tmpupegs9ar 1MB TMP
DELETED 2026-09-12T15:02:05Z /tmp/wt.b64.bc 1MB TMP
DELETED 2026-09-12T15:02:05Z /tmp/pip-unpack-7899sjh_ 1MB TMP
DELETED 2026-09-12T15:02:05Z /tmp/test2.txt 1MB TMP
DELETED 2026-09-12T15:02:05Z /tmp/tmpm3s0v007 1MB TMP
DELETED 2026-09-12T15:02:05Z /tmp/tmpm8cb0nob 1MB TMP
DELETED 2026-09-12T15:02:05Z /tmp/tok_stats.py 1MB TMP
DELETED 2026-09-12T15:02:05Z /tmp/pytorch-errorfile-ztnh_5uk.pickle 1MB TMP
DELETED 2026-09-12T15:02:05Z /tmp/tmp8wfkx3x_ 1MB TMP
DELETED 2026-09-12T15:02:05Z /tmp/tmpc5h6upgw 1MB TMP
DELETED 2026-09-12T15:02:05Z /tmp/pip-unpack-4nc_l8e4 1MB TMP
DELETED 2026-09-12T15:02:05Z /tmp/convert_l3_redo30.sh 1MB TMP
DELETED 2026-09-12T15:02:05Z /tmp/tmp44kowg5k 1MB TMP
DELETED 2026-09-12T15:02:05Z /tmp/pip-unpack-10k89t6h 8MB TMP
DELETED 2026-09-12T15:02:05Z /tmp/contam_dbg4.py 1MB TMP
DELETED 2026-09-12T15:02:05Z /tmp/simple_test.txt 1MB TMP
DELETED 2026-09-12T15:02:05Z /tmp/pip-unpack-oufc1kcq 4MB TMP
DELETED 2026-09-12T15:02:05Z /tmp/tmp5y642isl.so 1MB TMP
DELETED 2026-09-12T15:02:05Z /tmp/de_buf_test.sh 1MB TMP
DELETED 2026-09-12T15:02:05Z /tmp/sample_domains.py 1MB TMP
DELETED 2026-09-12T15:02:05Z /tmp/tmpnws3a2uo 1MB TMP
DELETED 2026-09-12T15:02:05Z /tmp/dfa2.txt 1MB TMP
DELETED 2026-09-12T15:02:05Z /tmp/tmp5ap7j1lx 1MB TMP
DELETED 2026-09-12T15:02:05Z /tmp/de_fert2.py 1MB TMP
DELETED 2026-09-12T15:02:05Z /tmp/torchelastic_uiqtp4zr 1MB TMP
DELETED 2026-09-12T15:02:05Z /tmp/tmpjtk9243l 1MB TMP
DELETED 2026-09-12T15:02:05Z /tmp/torchelastic_5s8q26le 1MB TMP
DELETED 2026-09-12T15:02:05Z /tmp/tmp8_dddrt_ 1MB TMP
DELETED 2026-09-12T15:02:05Z /tmp/pip-unpack-u9vdub0q 1MB TMP
DELETED 2026-09-12T15:02:05Z /tmp/pip-unpack-ged_hfmx 1MB TMP
DELETED 2026-09-12T15:02:05Z /tmp/tdlv.py 1MB TMP
DELETED 2026-09-12T15:02:05Z /tmp/tmpjzbc3jot.so 1MB TMP
DELETED 2026-09-12T15:02:05Z /tmp/b0_ro_17500.txt 1MB TMP
DELETED 2026-09-12T15:02:05Z /tmp/tri_speed.py 1MB TMP
DELETED 2026-09-12T15:02:05Z /tmp/tmpaiiwsfat 1MB TMP
DELETED 2026-09-12T15:02:05Z /tmp/tmpf3t4rt8e 1MB TMP
DELETED 2026-09-12T15:02:05Z /tmp/tmp6f6_xr6n 1MB TMP
DELETED 2026-09-12T15:02:05Z /tmp/sm_real.py 1MB TMP
DELETED 2026-09-12T15:02:05Z /tmp/tmp8q0as5kw 1MB TMP
DELETED 2026-09-12T15:02:05Z /tmp/tmpa7vyhonw 1MB TMP
DELETED 2026-09-12T15:02:05Z /tmp/6b590e5d62d042a0a6477aec3aeb56c1-pulp.mps 9MB TMP
DELETED 2026-09-12T15:02:05Z /tmp/test_output2.json 1MB TMP
DELETED 2026-09-12T15:02:05Z /tmp/tmptiz6kj86 1MB TMP
DELETED 2026-09-12T15:02:05Z /tmp/pr30_stamp.py 1MB TMP
DELETED 2026-09-12T15:02:05Z /tmp/tmpiwo2s0sb.db 0MB TMP
DELETED 2026-09-12T15:02:05Z /tmp/patch_l2_nshards.py 1MB TMP
DELETED 2026-09-12T15:02:05Z /tmp/tmpp788th7k 1MB TMP
DELETED 2026-09-12T15:02:05Z /tmp/cold.log 1MB TMP
DELETED 2026-09-12T15:02:05Z /tmp/tmpuheadyru.txt 1MB TMP
DELETED 2026-09-12T15:02:05Z /tmp/sel.out 1MB TMP
DELETED 2026-09-12T15:02:05Z /tmp/cuda-suite-mem.log 1MB TMP
DELETED 2026-09-12T15:02:05Z /tmp/board.txt 0MB TMP
DELETED 2026-09-12T15:02:05Z /tmp/tmpasunlvcd 1MB TMP
DELETED 2026-09-12T15:02:05Z /tmp/tmpxd8ahmmu 1MB TMP
DELETED 2026-09-12T15:02:05Z /tmp/tmpt1wlkq79 1MB TMP
DELETED 2026-09-12T15:02:05Z /tmp/test_star.txt 1MB TMP
DELETED 2026-09-12T15:02:05Z /tmp/tmp77uohirz 1MB TMP
DELETED 2026-09-12T15:02:05Z /tmp/e1_ok.json 1MB TMP
DELETED 2026-09-12T15:02:05Z /tmp/tmpnygapeg5 1MB TMP
DELETED 2026-09-12T15:02:05Z /tmp/e1_refuse.json 1MB TMP
DELETED 2026-09-12T15:02:05Z /tmp/e2e.log 1MB TMP
DELETED 2026-09-12T15:02:05Z /tmp/whitespace_cipher.txt 1MB TMP
DELETED 2026-09-12T15:02:05Z /tmp/tmpk251yjk9 1MB TMP
DELETED 2026-09-12T15:02:05Z /tmp/t1049.py 1MB TMP
DELETED 2026-09-12T15:02:05Z /tmp/test_no_pairs.txt 1MB TMP
DELETED 2026-09-12T15:02:05Z /tmp/torchelastic_g00fot5e 1MB TMP
DELETED 2026-09-12T15:02:05Z /tmp/tmpa0z71i4u 1MB TMP
DELETED 2026-09-12T15:02:05Z /tmp/tmp1vj_a180 1MB TMP
DELETED 2026-09-12T15:02:05Z /tmp/tmpq3e5jj_l 1MB TMP
DELETED 2026-09-12T15:02:05Z /tmp/pip-unpack-8w5yog38 1MB TMP
DELETED 2026-09-12T15:02:05Z /tmp/e1_29.log 1MB TMP
DELETED 2026-09-12T15:02:05Z /tmp/pm.sh 1MB TMP
DELETED 2026-09-12T15:02:05Z /tmp/test_primes7.txt 1MB TMP
DELETED 2026-09-12T15:02:05Z /tmp/e1_nu_nested.log 1MB TMP
DELETED 2026-09-12T15:02:05Z /tmp/tmpekbtk9w9 1MB TMP
DELETED 2026-09-12T15:02:05Z /tmp/tmp92cljfdp 1MB TMP
DELETED 2026-09-12T15:02:05Z /tmp/1116cb7f31864418bfa78f1a4b409e99-pulp.sol 0MB TMP
DELETED 2026-09-12T15:02:05Z /tmp/wt.b64.bn 1MB TMP
DELETED 2026-09-12T15:02:05Z /tmp/tmppz4u7og2 1MB TMP
DELETED 2026-09-12T15:02:05Z /tmp/datagen 1MB TMP
DELETED 2026-09-12T15:02:05Z /tmp/match.py 1MB TMP
DELETED 2026-09-12T15:02:05Z /tmp/tmp02zs7qkg.txt 1MB TMP
DELETED 2026-09-12T15:02:05Z /tmp/tmpjr0o_6s8 1MB TMP
DELETED 2026-09-12T15:02:05Z /tmp/tmpsup2b6fa 1MB TMP
DELETED 2026-09-12T15:02:05Z /tmp/withcfg.pt 1MB TMP
DELETED 2026-09-12T15:02:05Z /tmp/tmp4pz89br4 1MB TMP
DELETED 2026-09-12T15:02:05Z /tmp/pip-metadata-mggmkpdy 1MB TMP
DELETED 2026-09-12T15:02:05Z /tmp/tmpj74kl3or.txt 1MB TMP
DELETED 2026-09-12T15:02:05Z /tmp/setsidtest.sh 1MB TMP
DELETED 2026-09-12T15:02:05Z /tmp/probe_zero.py 1MB TMP
DELETED 2026-09-12T15:02:05Z /tmp/tmpz0om5cow 1MB TMP
DELETED 2026-09-12T15:02:05Z /tmp/tmpcuh6z6zn 1MB TMP
DELETED 2026-09-12T15:02:05Z /tmp/pip-metadata-rk6evykf 1MB TMP
DELETED 2026-09-12T15:02:05Z /tmp/torchelastic_qorlveeb 1MB TMP
DELETED 2026-09-12T15:02:05Z /tmp/test_bits_1.txt 1MB TMP
DELETED 2026-09-12T15:02:05Z /tmp/tmp75aibd6z 1MB TMP
DELETED 2026-09-12T15:02:05Z /tmp/torchelastic_uca_iwhr 1MB TMP
DELETED 2026-09-12T15:02:05Z /tmp/peek2.py 1MB TMP
DELETED 2026-09-12T15:02:05Z /tmp/test_rules1.txt 1MB TMP
DELETED 2026-09-12T15:02:05Z /tmp/tmp2v9vtdp4 1MB TMP
DELETED 2026-09-12T15:02:05Z /tmp/pip-metadata-ex7jp_n0 1MB TMP
DELETED 2026-09-12T15:02:05Z /tmp/pip-unpack-yc5exqwk 1MB TMP
DELETED 2026-09-12T15:02:05Z /tmp/test9a.txt 1MB TMP
DELETED 2026-09-12T15:02:05Z /tmp/eqN 1MB TMP
DELETED 2026-09-12T15:02:05Z /tmp/tmps82nmuab 1MB TMP
DELETED 2026-09-12T15:02:05Z /tmp/tmpiwo2s0sb.db-journal 1MB TMP
DELETED 2026-09-12T15:02:05Z /tmp/sales7.csv 1MB TMP
DELETED 2026-09-12T15:02:05Z /tmp/why.py 1MB TMP
DELETED 2026-09-12T15:02:05Z /tmp/count_30b.py 1MB TMP
DELETED 2026-09-12T15:02:05Z /tmp/knap1.txt 1MB TMP
DELETED 2026-09-12T15:02:05Z /tmp/both_valid.bin 1MB TMP
DELETED 2026-09-12T15:02:05Z /tmp/torchelastic__9ki3n2v 1MB TMP
DELETED 2026-09-12T15:02:05Z /tmp/graph7.txt 1MB TMP
DELETED 2026-09-12T15:02:05Z /tmp/l2_dbg.sh 1MB TMP
DELETED 2026-09-12T15:02:05Z /tmp/tmp9pvr8zi_ 1MB TMP
DELETED 2026-09-12T15:02:05Z /tmp/tmpo_5o17xs 1MB TMP
DELETED 2026-09-12T15:02:05Z /tmp/pip-unpack-kqz2es_d 1MB TMP
DELETED 2026-09-12T15:02:05Z /tmp/torchelastic_2912866s 1MB TMP
DELETED 2026-09-12T15:02:05Z /tmp/e1_tokeval.sh 1MB TMP
DELETED 2026-09-12T15:02:05Z /tmp/test5a.txt 1MB TMP
DELETED 2026-09-12T15:02:05Z /tmp/tmpc_6q9avu.cpp 1MB TMP
DELETED 2026-09-12T15:02:05Z /tmp/n7_rate_unlooped.pt 394MB TMP
DELETED 2026-09-12T15:02:05Z /tmp/tmp2krkxcf3 1MB TMP
DELETED 2026-09-12T15:02:05Z /tmp/tmpv2dcq0iw 1MB TMP
DELETED 2026-09-12T15:02:05Z /tmp/test7.txt 1MB TMP
DELETED 2026-09-12T15:02:05Z /tmp/tmpjil60j3i 1MB TMP
DELETED 2026-09-12T15:02:05Z /tmp/u2028.jsonl 1MB TMP
DELETED 2026-09-12T15:02:05Z /tmp/pip-unpack-2ivdu_w4 1MB TMP
DELETED 2026-09-12T15:02:05Z /tmp/tmpncln4bcn 1MB TMP
DELETED 2026-09-12T15:02:05Z /tmp/tmp_560i9xi 1MB TMP
DELETED 2026-09-12T15:02:05Z /tmp/test_two_peaks.txt 1MB TMP
DELETED 2026-09-12T15:02:05Z /tmp/row.json 1MB TMP
DELETED 2026-09-12T15:02:05Z /tmp/b0_p_b8a4.txt 1MB TMP
DELETED 2026-09-12T15:02:05Z /tmp/tmp7dgi0ltj 1MB TMP
DELETED 2026-09-12T15:02:05Z /tmp/tmpp43bqxmh 1MB TMP
DELETED 2026-09-12T15:02:05Z /tmp/tmp6en95wy0 1MB TMP
DELETED 2026-09-12T15:02:05Z /tmp/tmpisyin5pg 1MB TMP
DELETED 2026-09-12T15:02:05Z /tmp/tmp59p97nrq 1MB TMP
DELETED 2026-09-12T15:02:05Z /tmp/pytorch-errorfile-ntbopgbj.pickle 1MB TMP
DELETED 2026-09-12T15:02:05Z /tmp/good.txt 1MB TMP
DELETED 2026-09-12T15:02:05Z /tmp/tmpdmhy6vn3.png 1MB TMP
DELETED 2026-09-12T15:02:05Z /tmp/garbage_cipher.txt 1MB TMP
DELETED 2026-09-12T15:02:05Z /tmp/b0_pin10k.sh 1MB TMP
DELETED 2026-09-12T15:02:05Z /tmp/tmpqlr_p_pi 1MB TMP
DELETED 2026-09-12T15:02:05Z /tmp/test2.fasta 1MB TMP
DELETED 2026-09-12T15:02:05Z /tmp/tmpm6wjxsa5 1MB TMP
DELETED 2026-09-12T15:02:05Z /tmp/torchelastic_cy8oq5n2 1MB TMP
DELETED 2026-09-12T15:02:05Z /tmp/run_tok_real.sh 1MB TMP
DELETED 2026-09-12T15:02:05Z /tmp/tmpqfrd65wl 1MB TMP
DELETED 2026-09-12T15:02:05Z /tmp/tmpetdz16nl 1MB TMP
DELETED 2026-09-12T15:02:05Z /tmp/tmp7ag4w0j5 1MB TMP
DELETED 2026-09-12T15:02:05Z /tmp/repro.py 1MB TMP
DELETED 2026-09-12T15:02:05Z /tmp/reg_sg.log 1MB TMP
DELETED 2026-09-12T15:02:05Z /tmp/tmpk60iq6kw 1MB TMP
DELETED 2026-09-12T15:02:05Z /tmp/tmpwsxezhl_ 1MB TMP
DELETED 2026-09-12T15:02:05Z /tmp/pip-unpack-qa9b92pq 1MB TMP
DELETED 2026-09-12T15:02:05Z /tmp/ac3.txt 1MB TMP
DELETED 2026-09-12T15:02:05Z /tmp/test_cand8.txt 1MB TMP
DELETED 2026-09-12T15:02:05Z /tmp/p47s2_launch.log 1MB TMP
DELETED 2026-09-12T15:02:05Z /tmp/contam_dbg2.py 1MB TMP
DELETED 2026-09-12T15:02:05Z /tmp/torchelastic_npt5r_dl 1MB TMP
DELETED 2026-09-12T15:02:05Z /tmp/tmpb96yp4gm 1MB TMP
DELETED 2026-09-12T15:02:05Z /tmp/tmpaxbrk57b 1MB TMP
DELETED 2026-09-12T15:02:05Z /tmp/tmpns0_i17s 1MB TMP
DELETED 2026-09-12T15:02:05Z /tmp/tmpr2oid6jy.txt 1MB TMP
DELETED 2026-09-12T15:02:05Z /tmp/test_path4.col 1MB TMP
DELETED 2026-09-12T15:02:05Z /tmp/gagg.log 1MB TMP
DELETED 2026-09-12T15:02:05Z /tmp/dl_ckpt_1.5b-a0.2b-e48_8b.pt.step9000.log 1MB TMP
DELETED 2026-09-12T15:02:05Z /tmp/exact_rows.sh 1MB TMP
DELETED 2026-09-12T15:02:05Z /tmp/torchelastic_42q9vqk6 1MB TMP
DELETED 2026-09-12T15:02:05Z /tmp/test_impacts1 1MB TMP
DELETED 2026-09-12T15:02:05Z /tmp/tmphq_ejmjr 1MB TMP
DELETED 2026-09-12T15:02:05Z /tmp/fence_census.py 1MB TMP
DELETED 2026-09-12T15:02:05Z /tmp/tmp3ufwyuz8 1MB TMP
DELETED 2026-09-12T15:02:05Z /tmp/tmpsty06j0h 1MB TMP
DELETED 2026-09-12T15:02:05Z /tmp/tmpq0cabb_a 1MB TMP
DELETED 2026-09-12T15:02:05Z /tmp/tmppabvh_z3 1MB TMP
DELETED 2026-09-12T15:02:05Z /tmp/tmpxhzddqq4.so 1MB TMP
DELETED 2026-09-12T15:02:05Z /tmp/a69 1MB TMP
DELETED 2026-09-12T15:02:05Z /tmp/taste_step2500.log 1MB TMP
DELETED 2026-09-12T15:02:05Z /tmp/t21_code.log 1MB TMP
DELETED 2026-09-12T15:02:05Z /tmp/seats7.txt 1MB TMP
DELETED 2026-09-12T15:02:05Z /tmp/tmpjb_6ws3_.txt 1MB TMP
DELETED 2026-09-12T15:02:05Z /tmp/tmpgo36ltnl 1MB TMP
DELETED 2026-09-12T15:02:05Z /tmp/patch_sigpipe.py 1MB TMP
DELETED 2026-09-12T15:02:05Z /tmp/tmpaxxlc1_l 1MB TMP
DELETED 2026-09-12T15:02:05Z /tmp/pip-metadata-p8frykx7 1MB TMP
DELETED 2026-09-12T15:02:05Z /tmp/tmpdp0ouv5y 1MB TMP
DELETED 2026-09-12T15:02:05Z /tmp/b0_note.py 1MB TMP
DELETED 2026-09-12T15:02:05Z /tmp/l2agg 1MB TMP
DELETED 2026-09-12T15:02:05Z /tmp/pymp-ixgtvqxz 1MB TMP
DELETED 2026-09-12T15:02:05Z /tmp/tmp4duugnr5 1MB TMP
DELETED 2026-09-12T15:02:05Z /tmp/f2.py 1MB TMP
DELETED 2026-09-12T15:02:05Z /tmp/dl_st.log 1MB TMP
DELETED 2026-09-12T15:02:05Z /tmp/pip-unpack-b0gbpnfk 133MB TMP
DELETED 2026-09-12T15:02:05Z /tmp/t.json 3MB TMP
DELETED 2026-09-12T15:02:05Z /tmp/b0_step4.log 1MB TMP
DELETED 2026-09-12T15:02:05Z /tmp/tmplff_2cg1 1MB TMP
DELETED 2026-09-12T15:02:05Z /tmp/tmpvajxngra 1MB TMP
DELETED 2026-09-12T15:02:05Z /tmp/torchelastic_w3d0jqbx 1MB TMP
DELETED 2026-09-12T15:02:05Z /tmp/pip-unpack-46s8wv9u 1MB TMP
DELETED 2026-09-12T15:02:05Z /tmp/tmpjdwp70bg 1MB TMP
DELETED 2026-09-12T15:02:05Z /tmp/tmph7fq5qbk 1MB TMP
DELETED 2026-09-12T15:02:05Z /tmp/tmprdtrw2lw 1MB TMP
DELETED 2026-09-12T15:02:05Z /tmp/zh_web_count.log 1MB TMP
DELETED 2026-09-12T15:02:05Z /tmp/diag_extract.py 1MB TMP
DELETED 2026-09-12T15:02:05Z /tmp/tmpz05hrcy5.txt 1MB TMP
DELETED 2026-09-12T15:02:05Z /tmp/tmp5w77oazf 1MB TMP
DELETED 2026-09-12T15:02:05Z /tmp/ho.b64.ah 1MB TMP
DELETED 2026-09-12T15:02:05Z /tmp/test_map.txt 1MB TMP
DELETED 2026-09-12T15:02:05Z /tmp/tmphe9ji1bk 1MB TMP
DELETED 2026-09-12T15:02:05Z /tmp/pm.txt 1MB TMP
DELETED 2026-09-12T15:02:05Z /tmp/tmp1q7tl5w8 1MB TMP
DELETED 2026-09-12T15:02:05Z /tmp/tmpyfa40q73 1MB TMP
DELETED 2026-09-12T15:02:05Z /tmp/man_ok.txt 1MB TMP
DELETED 2026-09-12T15:02:05Z /tmp/n7_rate.sh 1MB TMP
DELETED 2026-09-12T15:02:05Z /tmp/e1t.log 1MB TMP
DELETED 2026-09-12T15:02:05Z /tmp/test_rope1.txt 1MB TMP
DELETED 2026-09-12T15:02:05Z /tmp/torchelastic_cql1qy1l 1MB TMP
DELETED 2026-09-12T15:02:05Z /tmp/tmpyzt006gh 1MB TMP
DELETED 2026-09-12T15:02:05Z /tmp/tmpmcqxjhmw 1MB TMP
DELETED 2026-09-12T15:02:05Z /tmp/tmp6c84y0gi 1MB TMP
DELETED 2026-09-12T15:02:05Z /tmp/pymp-mrg_zj7a 1MB TMP
DELETED 2026-09-12T15:02:05Z /tmp/e1_29.raw 1MB TMP
DELETED 2026-09-12T15:02:05Z /tmp/tmp1kqtdtfo 1MB TMP
DELETED 2026-09-12T15:02:05Z /tmp/shape_count2.py 1MB TMP
DELETED 2026-09-12T15:02:05Z /tmp/eqN.stats 1MB TMP
DELETED 2026-09-12T15:02:05Z /tmp/pip-ephem-wheel-cache-dbiye3dx 1MB TMP
DELETED 2026-09-12T15:02:05Z /tmp/search_tc2.sh 1MB TMP
DELETED 2026-09-12T15:02:05Z /tmp/tmp34e693cd 1MB TMP
DELETED 2026-09-12T15:02:05Z /tmp/tmpv_s79kcj 1MB TMP
DELETED 2026-09-12T15:02:05Z /tmp/pymp-mobqdulp 1MB TMP
DELETED 2026-09-12T15:02:05Z /tmp/pip-metadata-wcrfj4nt 1MB TMP
DELETED 2026-09-12T15:02:05Z /tmp/pip-unpack-0a1f7ypm 1MB TMP
DELETED 2026-09-12T15:02:05Z /tmp/tmp8u2o9i60 1MB TMP
DELETED 2026-09-12T15:02:05Z /tmp/pretok_rest2.log 1MB TMP
DELETED 2026-09-12T15:02:05Z /tmp/e1_fix_ids.py 1MB TMP
DELETED 2026-09-12T15:02:05Z /tmp/diag_ast_bins.py 1MB TMP
DELETED 2026-09-12T15:02:05Z /tmp/pip-unpack-6v_c09xn 1MB TMP
DELETED 2026-09-12T15:02:05Z /tmp/tmpcn2nq09p 1MB TMP
DELETED 2026-09-12T15:02:05Z /tmp/tmpd647m84x.so 1MB TMP
DELETED 2026-09-12T15:02:05Z /tmp/tmp_l07r2t7 1MB TMP
DELETED 2026-09-12T15:02:05Z /tmp/dfa1.txt 1MB TMP
DELETED 2026-09-12T15:02:05Z /tmp/b0_claim_bak.json 1MB TMP
DELETED 2026-09-12T15:02:05Z /tmp/tmpl5n2wxsu 1MB TMP
DELETED 2026-09-12T15:02:05Z /tmp/tmpa1gps3rd 1MB TMP
DELETED 2026-09-12T15:02:05Z /tmp/snap_0908.json 1MB TMP
DELETED 2026-09-12T15:02:05Z /tmp/b64chunk.py 1MB TMP
DELETED 2026-09-12T15:02:05Z /tmp/torchelastic_y4t5sgxh 1MB TMP
DELETED 2026-09-12T15:02:05Z /tmp/tmpgbo9fj00 1MB TMP
DELETED 2026-09-12T15:02:05Z /tmp/tsp1.txt 1MB TMP
DELETED 2026-09-12T15:02:05Z /tmp/test_one.txt 1MB TMP
DELETED 2026-09-12T15:02:05Z /tmp/test10.txt 1MB TMP
DELETED 2026-09-12T15:02:05Z /tmp/test3.alb 1MB TMP
DELETED 2026-09-12T15:02:05Z /tmp/nfa1.txt 1MB TMP
DELETED 2026-09-12T15:02:05Z /tmp/pipprobe 1MB TMP
DELETED 2026-09-12T15:02:05Z /tmp/tmpwg5tco6d 1MB TMP
DELETED 2026-09-12T15:02:05Z /tmp/tmps07x_kgg 1MB TMP
DELETED 2026-09-12T15:02:05Z /tmp/tmp1z4h1cit 1MB TMP
DELETED 2026-09-12T15:02:05Z /tmp/torchelastic_uywo63_4 1MB TMP
DELETED 2026-09-12T15:02:05Z /tmp/tmpy4iplsmi 1MB TMP
DELETED 2026-09-12T15:02:05Z /tmp/tmpgux33mp5.csv 1MB TMP
DELETED 2026-09-12T15:02:05Z /tmp/e1_hanzi_probe.py 1MB TMP
DELETED 2026-09-12T15:02:05Z /tmp/torchelastic_wgh32j7j 1MB TMP
DELETED 2026-09-12T15:02:05Z /tmp/torchelastic_829_glk_ 1MB TMP
DELETED 2026-09-12T15:02:05Z /tmp/tmps90zzeak 1MB TMP
DELETED 2026-09-12T15:02:05Z /tmp/tmp1orm51oh 1MB TMP
DELETED 2026-09-12T15:02:05Z /tmp/tmpm2lkbn9j 1MB TMP
DELETED 2026-09-12T15:02:05Z /tmp/test_single_edge.col 1MB TMP
DELETED 2026-09-12T15:02:05Z /tmp/tmphscrcrd3.json 1MB TMP
DELETED 2026-09-12T15:02:05Z /tmp/degen_probe.py 1MB TMP
DELETED 2026-09-12T15:02:05Z /tmp/tmpj7vubwwf 1MB TMP
DELETED 2026-09-12T15:02:05Z /tmp/star_tri.txt 1MB TMP
DELETED 2026-09-12T15:02:05Z /tmp/podstdin_test.txt 0MB TMP
DELETED 2026-09-12T15:02:05Z /tmp/tmpp_lmxjqx 1MB TMP
DELETED 2026-09-12T15:02:05Z /tmp/have.txt 1MB TMP
DELETED 2026-09-12T15:02:05Z /tmp/pip-unpack-jemlvx4c 1MB TMP
DELETED 2026-09-12T15:02:05Z /tmp/sd.b64.az 1MB TMP
DELETED 2026-09-12T15:02:05Z /tmp/torchelastic_n52euyfa 1MB TMP
DELETED 2026-09-12T15:02:05Z /tmp/extra.txt 1MB TMP
DELETED 2026-09-12T15:02:05Z /tmp/tmpurgarbp2 1MB TMP
DELETED 2026-09-12T15:02:05Z /tmp/msg5.txt 1MB TMP
DELETED 2026-09-12T15:02:05Z /tmp/tmpc_6q9avu.so 1MB TMP
DELETED 2026-09-12T15:02:05Z /tmp/e1_nu_size.log 1MB TMP
DELETED 2026-09-12T15:02:05Z /tmp/tmp8i67lpb7.txt 1MB TMP
DELETED 2026-09-12T15:02:05Z /tmp/tmpmhhdo45t 1MB TMP
DELETED 2026-09-12T15:02:05Z /tmp/pip-unpack-cnrpqr_q 1MB TMP
DELETED 2026-09-12T15:02:05Z /tmp/ctrl_claim.log 1MB TMP
DELETED 2026-09-12T15:02:05Z /tmp/tmpdo4rrfv8 1MB TMP
DELETED 2026-09-12T15:02:05Z /tmp/pip-metadata-2f29apt0 1MB TMP
DELETED 2026-09-12T15:02:05Z /tmp/tmpfiwsn4je 1MB TMP
DELETED 2026-09-12T15:02:05Z /tmp/find_affected.py 1MB TMP
DELETED 2026-09-12T15:02:05Z /tmp/tmpyfim42z8 1MB TMP
DELETED 2026-09-12T15:02:05Z /tmp/torchelastic_bfhxml7o 1MB TMP
DELETED 2026-09-12T15:02:05Z /tmp/tmpebih93wp 1MB TMP
DELETED 2026-09-12T15:02:05Z /tmp/pip-unpack-kegspf3x 1MB TMP
DELETED 2026-09-12T15:02:05Z /tmp/b0_ov2.log 1MB TMP
DELETED 2026-09-12T15:02:05Z /tmp/pip-unpack-xrgkwqd1 1MB TMP
DELETED 2026-09-12T15:02:05Z /tmp/sd.b64.ai 1MB TMP
DELETED 2026-09-12T15:02:05Z /tmp/wt.b64.bu 1MB TMP
DELETED 2026-09-12T15:02:05Z /tmp/pip-metadata-htatwdu5 1MB TMP
DELETED 2026-09-12T15:02:05Z /tmp/tmp4k2dlzbz 1MB TMP
DELETED 2026-09-12T15:02:05Z /tmp/tmpe35lfub2.so 1MB TMP
DELETED 2026-09-12T15:02:05Z /tmp/run_l2_48.sh 1MB TMP
DELETED 2026-09-12T15:02:05Z /tmp/sd.b64.au 1MB TMP
DELETED 2026-09-12T15:02:05Z /tmp/b0_mixgen.out 1MB TMP
DELETED 2026-09-12T15:02:05Z /tmp/test1.in 1MB TMP
DELETED 2026-09-12T15:02:05Z /tmp/cap.py 1MB TMP
DELETED 2026-09-12T15:02:05Z /tmp/tmp9gvhwgt9 1MB TMP
DELETED 2026-09-12T15:02:05Z /tmp/tmpv5whsbhr 1MB TMP
DELETED 2026-09-12T15:02:05Z /tmp/tmpaz1dtsd3 1MB TMP
DELETED 2026-09-12T15:02:05Z /tmp/test_triangle.col 1MB TMP
DELETED 2026-09-12T15:02:05Z /tmp/tmpgeb5_i0b.txt 1MB TMP
DELETED 2026-09-12T15:02:05Z /tmp/tmpmpch6vi2 1MB TMP
DELETED 2026-09-12T15:02:05Z /tmp/52030eadbf954f2aa308bab53fa8fe6c-pulp.mps 1MB TMP
DELETED 2026-09-12T15:02:05Z /tmp/repro_ng.POJwyg 477MB TMP
DELETED 2026-09-12T15:02:05Z /tmp/seats4.txt 1MB TMP
DELETED 2026-09-12T15:02:05Z /tmp/run_band.sh 1MB TMP
DELETED 2026-09-12T15:02:05Z /tmp/tmpvspytkc_ 1MB TMP
DELETED 2026-09-12T15:02:05Z /tmp/f_patch.txt 1MB TMP
DELETED 2026-09-12T15:02:05Z /tmp/pkw3.sh 1MB TMP
DELETED 2026-09-12T15:02:05Z /tmp/tmpe1jobckg 1MB TMP
DELETED 2026-09-12T15:02:05Z /tmp/tmpgiz0__e6 1MB TMP
DELETED 2026-09-12T15:02:05Z /tmp/tmpj64rlrc2.txt 1MB TMP
DELETED 2026-09-12T15:02:05Z /tmp/tmpjooa27qp 1MB TMP
DELETED 2026-09-12T15:02:05Z /tmp/tmpfz7p_tax 1MB TMP
DELETED 2026-09-12T15:02:05Z /tmp/tmp51_cgbmz 1MB TMP
DELETED 2026-09-12T15:02:05Z /tmp/tmp2e6w6k60 1MB TMP
DELETED 2026-09-12T15:02:05Z /tmp/pip-metadata-pn518egm 1MB TMP
DELETED 2026-09-12T15:02:05Z /tmp/test2.qbf 1MB TMP
DELETED 2026-09-12T15:02:05Z /tmp/test3.qbf 1MB TMP
DELETED 2026-09-12T15:02:05Z /tmp/tmp2i0abu45.txt 1MB TMP
DELETED 2026-09-12T15:02:05Z /tmp/tmpmzk8z2tx 1MB TMP
DELETED 2026-09-12T15:02:05Z /tmp/tmpk84foqpi 1MB TMP
DELETED 2026-09-12T15:02:05Z /tmp/wt.b64.az 1MB TMP
DELETED 2026-09-12T15:02:05Z /tmp/tmpjem9r6cp.so 1MB TMP
DELETED 2026-09-12T15:02:05Z /tmp/mowm_s1 1MB TMP
DELETED 2026-09-12T15:02:05Z /tmp/tmpvmeaa7so 1MB TMP
DELETED 2026-09-12T15:02:05Z /tmp/torchelastic_ux49wjc6 1MB TMP
DELETED 2026-09-12T15:02:05Z /tmp/test6.qbf 1MB TMP
DELETED 2026-09-12T15:02:05Z /tmp/e1_rt.log 1MB TMP
DELETED 2026-09-12T15:02:05Z /tmp/tmp249hnxjg 1MB TMP
DELETED 2026-09-12T15:02:05Z /tmp/tmpzc34xkqu 1MB TMP
DELETED 2026-09-12T15:02:05Z /tmp/b0_guardtest_run.sh 1MB TMP
DELETED 2026-09-12T15:02:05Z /tmp/torchelastic_msjhmcfu 1MB TMP
DELETED 2026-09-12T15:02:05Z /tmp/tmp96k_upy6.txt 1MB TMP
DELETED 2026-09-12T15:02:05Z /tmp/maze1.txt 1MB TMP
DELETED 2026-09-12T15:02:05Z /tmp/b0_p1_full.txt 1MB TMP
DELETED 2026-09-12T15:02:05Z /tmp/tmpid4jzin9.txt 1MB TMP
DELETED 2026-09-12T15:02:05Z /tmp/pip-metadata-wisyya7z 1MB TMP
DELETED 2026-09-12T15:02:05Z /tmp/inspect_code.py 1MB TMP
DELETED 2026-09-12T15:02:05Z /tmp/tmpw_txfn6b 1MB TMP
DELETED 2026-09-12T15:02:05Z /tmp/torchelastic_t8k338g7 1MB TMP
DELETED 2026-09-12T15:02:05Z /tmp/b0_cmp_bal.py 1MB TMP
DELETED 2026-09-12T15:02:05Z /tmp/tmpanj1szf8 1MB TMP
DELETED 2026-09-12T15:02:05Z /tmp/torchelastic_szo5vu77 1MB TMP
DELETED 2026-09-12T15:02:05Z /tmp/tmpafqtw37s 1MB TMP
DELETED 2026-09-12T15:02:05Z /tmp/tmpi149jn7i 1MB TMP
DELETED 2026-09-12T15:02:05Z /tmp/nested_test.sh 1MB TMP
DELETED 2026-09-12T15:02:05Z /tmp/pip-unpack-8mx7fvh7 1MB TMP
DELETED 2026-09-12T15:02:05Z /tmp/b0_plan.json 1MB TMP
DELETED 2026-09-12T15:02:05Z /tmp/bad.txt 1MB TMP
DELETED 2026-09-12T15:02:05Z /tmp/test4b.txt 0MB TMP
DELETED 2026-09-12T15:02:05Z /tmp/aL32.txt 1MB TMP
DELETED 2026-09-12T15:02:05Z /tmp/tmp7q_w0kna 1MB TMP
DELETED 2026-09-12T15:02:05Z /tmp/torchelastic_e3zpvs_n 1MB TMP
DELETED 2026-09-12T15:02:05Z /tmp/ho.b64.aa 1MB TMP
DELETED 2026-09-12T15:02:05Z /tmp/tmp4_tn6_ij.mdp 1MB TMP
DELETED 2026-09-12T15:02:05Z /tmp/tmpn1z3n66k 1MB TMP
DELETED 2026-09-12T15:02:05Z /tmp/tmp1kuq3cdp 1MB TMP
DELETED 2026-09-12T15:02:05Z /tmp/tmp3ec8f9hi 1MB TMP
DELETED 2026-09-12T15:02:05Z /tmp/tmpn6_htn4r.txt 1MB TMP
DELETED 2026-09-12T15:02:05Z /tmp/b0_resume.sh 1MB TMP
DELETED 2026-09-12T15:02:05Z /tmp/tmp_bxyyscn 1MB TMP
DELETED 2026-09-12T15:02:05Z /tmp/pip-unpack-wu53rudh 1MB TMP
DELETED 2026-09-12T15:02:05Z /tmp/e1_rt_probe.py 1MB TMP
DELETED 2026-09-12T15:02:05Z /tmp/test_words.txt 1MB TMP
DELETED 2026-09-12T15:02:05Z /tmp/tmpjzbc3jot.cpp 1MB TMP
DELETED 2026-09-12T15:02:05Z /tmp/fa_bad.txt 1MB TMP
DELETED 2026-09-12T15:02:05Z /tmp/revuint.sh 1MB TMP
DELETED 2026-09-12T15:02:05Z /tmp/c1.raw 1MB TMP
DELETED 2026-09-12T15:02:05Z /tmp/tmpnjnbzqoa 1MB TMP
DELETED 2026-09-12T15:02:05Z /tmp/msg3.txt 1MB TMP
DELETED 2026-09-12T15:02:05Z /tmp/tmp1_fq2ux6 1MB TMP
DELETED 2026-09-12T15:02:05Z /tmp/tmp1eksy3br 1MB TMP
DELETED 2026-09-12T15:02:05Z /tmp/b0_peak2.log 1MB TMP
DELETED 2026-09-12T15:02:05Z /tmp/_alog.py 1MB TMP
DELETED 2026-09-12T15:02:05Z /tmp/tmp4v9s937g 1MB TMP
DELETED 2026-09-12T15:02:05Z /tmp/torchelastic_1c1tll28 1MB TMP
DELETED 2026-09-12T15:02:05Z /tmp/pip-unpack-mqsdki83 1MB TMP
DELETED 2026-09-12T15:02:05Z /tmp/tmpgtfxm5_9.txt 1MB TMP
DELETED 2026-09-12T15:02:05Z /tmp/sales2.csv 1MB TMP
DELETED 2026-09-12T15:02:05Z /tmp/torchelastic_6367af7h 1MB TMP
DELETED 2026-09-12T15:02:05Z /tmp/dc_real.py 1MB TMP
DELETED 2026-09-12T15:02:05Z /tmp/pip-unpack-or6w7fzc 1MB TMP
DELETED 2026-09-12T15:02:05Z /tmp/tmp6g1b10rn 1MB TMP
DELETED 2026-09-12T15:02:05Z /tmp/pip-metadata-gmojyv4m 1MB TMP
DELETED 2026-09-12T15:02:05Z /tmp/test_grammar1.gr 1MB TMP
DELETED 2026-09-12T15:02:05Z /tmp/e2e_zfk1hlia 1MB TMP
DELETED 2026-09-12T15:02:05Z /tmp/tmpv1ujzasd 1MB TMP
DELETED 2026-09-12T15:02:05Z /tmp/tmpokeop639.gram 1MB TMP
DELETED 2026-09-12T15:02:05Z /tmp/pip-metadata-kdkihvl9 1MB TMP
DELETED 2026-09-12T15:02:05Z /tmp/tmp64varnr9 1MB TMP
DELETED 2026-09-12T15:02:05Z /tmp/nofp8_p3.pt 787MB TMP
DELETED 2026-09-12T15:02:05Z /tmp/tb_retry.log 1MB TMP
DELETED 2026-09-12T15:02:05Z /tmp/tmptivo92da 1MB TMP
DELETED 2026-09-12T15:02:05Z /tmp/wt.b64.cp 1MB TMP
DELETED 2026-09-12T15:02:05Z /tmp/pip-download-di1avnzi 1MB TMP
DELETED 2026-09-12T15:02:05Z /tmp/tmp_gp1vs00 1MB TMP
DELETED 2026-09-12T15:02:05Z /tmp/tmp_wmv6fju 1MB TMP
DELETED 2026-09-12T15:02:05Z /tmp/pip-unpack-c5hyicj8 1MB TMP
DELETED 2026-09-12T15:02:05Z /tmp/tmprgn0nvnf 1MB TMP
DELETED 2026-09-12T15:02:05Z /tmp/tmpmibvbx38.cpp 1MB TMP
DELETED 2026-09-12T15:02:05Z /tmp/torchelastic_dx8in_x2 1MB TMP
DELETED 2026-09-12T15:02:05Z /tmp/pip-metadata-65db8an_ 1MB TMP
DELETED 2026-09-12T15:02:05Z /tmp/t52p1v.log 1MB TMP
DELETED 2026-09-12T15:02:05Z /tmp/tmpq0qgilzn 1MB TMP
DELETED 2026-09-12T15:02:05Z /tmp/pip-unpack-db85cjry 1MB TMP
DELETED 2026-09-12T15:02:05Z /tmp/tmp8mppz7yb 1MB TMP
DELETED 2026-09-12T15:02:05Z /tmp/torchelastic_ly1vwpts 1MB TMP
DELETED 2026-09-12T15:02:05Z /tmp/words_test.txt 1MB TMP
DELETED 2026-09-12T15:02:05Z /tmp/scan_tests.py 1MB TMP
DELETED 2026-09-12T15:02:05Z /tmp/tmpumuh1siz 1MB TMP
DELETED 2026-09-12T15:02:05Z /tmp/tmp97vz1tm0 1MB TMP
DELETED 2026-09-12T15:02:05Z /tmp/b0_peaks3.log 1MB TMP
DELETED 2026-09-12T15:02:05Z /tmp/wfd.py 1MB TMP
DELETED 2026-09-12T15:02:05Z /tmp/torchelastic_axloniem 1MB TMP
DELETED 2026-09-12T15:02:05Z /tmp/test_same.txt 1MB TMP
DELETED 2026-09-12T15:02:05Z /tmp/tmp1x_m_dmn.so 1MB TMP
DELETED 2026-09-12T15:02:05Z /tmp/e1_fix_readme.py 1MB TMP
DELETED 2026-09-12T15:02:05Z /tmp/probe5.py 1MB TMP
DELETED 2026-09-12T15:02:05Z /tmp/tmpe5_kf_bb 1MB TMP
DELETED 2026-09-12T15:02:05Z /tmp/torchelastic_i1y63vb8 1MB TMP
DELETED 2026-09-12T15:02:05Z /tmp/torchelastic_5ybkil75 1MB TMP
DELETED 2026-09-12T15:02:05Z /tmp/tmppl6qz0mv 1MB TMP
DELETED 2026-09-12T15:02:05Z /tmp/tmprterxviu.cpp 1MB TMP
DELETED 2026-09-12T15:02:05Z /tmp/tmprszrutil.txt 1MB TMP
DELETED 2026-09-12T15:02:05Z /tmp/test_reports.txt 1MB TMP
DELETED 2026-09-12T15:02:05Z /tmp/inspect_tb30b.py 1MB TMP
DELETED 2026-09-12T15:02:05Z /tmp/tmp66ijxxss 1MB TMP
DELETED 2026-09-12T15:02:05Z /tmp/n7_t_looped.pt 394MB TMP
DELETED 2026-09-12T15:02:05Z /tmp/test_cand2.txt 1MB TMP
DELETED 2026-09-12T15:02:05Z /tmp/graph9.txt 1MB TMP
DELETED 2026-09-12T15:02:05Z /tmp/tmptnkpf7a3 1MB TMP
DELETED 2026-09-12T15:02:05Z /tmp/test_isolated.txt 1MB TMP
DELETED 2026-09-12T15:02:05Z /tmp/run_l2agg.sh 1MB TMP
DELETED 2026-09-12T15:02:05Z /tmp/torchelastic_fzxl2b0a 1MB TMP
DELETED 2026-09-12T15:02:05Z /tmp/pip-unpack-i4cpp2e6 38MB TMP
DELETED 2026-09-12T15:02:05Z /tmp/pp.py 1MB TMP
DELETED 2026-09-12T15:02:05Z /tmp/pip-metadata-xad8fpq3 1MB TMP
DELETED 2026-09-12T15:02:05Z /tmp/tmp0in3u8bo 1MB TMP
DELETED 2026-09-12T15:02:05Z /tmp/tmp8l4ja4m5 1MB TMP
DELETED 2026-09-12T15:02:05Z /tmp/tmp82x2cv4g 1MB TMP
DELETED 2026-09-12T15:02:05Z /tmp/pip-unpack-bb7i5s1_ 1MB TMP
DELETED 2026-09-12T15:02:05Z /tmp/pip-unpack-ac0mt_y4 1MB TMP
DELETED 2026-09-12T15:02:05Z /tmp/tri_test.py 1MB TMP
DELETED 2026-09-12T15:02:05Z /tmp/tmphxp0pooq 1MB TMP
DELETED 2026-09-12T15:02:05Z /tmp/gtest.sh 1MB TMP
DELETED 2026-09-12T15:02:05Z /tmp/probe.log 1MB TMP
DELETED 2026-09-12T15:02:05Z /tmp/pip-unpack-ourpg3yb 48MB TMP
DELETED 2026-09-12T15:02:05Z /tmp/test_dict3.txt 0MB TMP
DELETED 2026-09-12T15:02:05Z /tmp/tmpirl7qgn2 1MB TMP
DELETED 2026-09-12T15:02:05Z /tmp/diag_sft.py 1MB TMP
DELETED 2026-09-12T15:02:05Z /tmp/tmpx_o36288 1MB TMP
DELETED 2026-09-12T15:02:05Z /tmp/tmp8it7f1j5 1MB TMP
DELETED 2026-09-12T15:02:05Z /tmp/runreg.sh 1MB TMP
DELETED 2026-09-12T15:02:05Z /tmp/good4.txt 1MB TMP
DELETED 2026-09-12T15:02:05Z /tmp/tmp5palgmzx 1MB TMP
DELETED 2026-09-12T15:02:05Z /tmp/tmp7li7yghl.txt 1MB TMP
DELETED 2026-09-12T15:02:05Z /tmp/tmp1ge8pk85 1MB TMP
DELETED 2026-09-12T15:02:05Z /tmp/test_sched1.txt 1MB TMP
DELETED 2026-09-12T15:02:05Z /tmp/tmplfr5rk4t 1MB TMP
DELETED 2026-09-12T15:02:05Z /tmp/tmpdzm_ctmz 1MB TMP
DELETED 2026-09-12T15:02:05Z /tmp/pip-build-tracker-k5w0s49e 1MB TMP
DELETED 2026-09-12T15:02:05Z /tmp/tmpxnvg504p 1MB TMP
DELETED 2026-09-12T15:02:05Z /tmp/piptest 1MB TMP
DELETED 2026-09-12T15:02:05Z /tmp/tmp54w0logo 1MB TMP
DELETED 2026-09-12T15:02:05Z /tmp/torchelastic_1xhmdvoe 1MB TMP
DELETED 2026-09-12T15:02:05Z /tmp/tmpkr9cnan4 1MB TMP
DELETED 2026-09-12T15:02:05Z /tmp/tmp556sx4sk 1MB TMP
DELETED 2026-09-12T15:02:05Z /tmp/pip-unpack-fooouiia 1MB TMP
DELETED 2026-09-12T15:02:05Z /tmp/tf9.py 1MB TMP
DELETED 2026-09-12T15:02:05Z /tmp/wt.b64.ce 1MB TMP
DELETED 2026-09-12T15:02:05Z /tmp/dfa6.txt 1MB TMP
DELETED 2026-09-12T15:02:05Z /tmp/shape-check-run.log 1MB TMP
DELETED 2026-09-12T15:02:05Z /tmp/app 1MB TMP
DELETED 2026-09-12T15:02:05Z /tmp/ab_fp32logits.log 1MB TMP
DELETED 2026-09-12T15:02:05Z /tmp/pip-unpack-4dff6jrw 1MB TMP
DELETED 2026-09-12T15:02:05Z /tmp/torchelastic_b0idrkhg 1MB TMP
DELETED 2026-09-12T15:02:05Z /tmp/tmptawoyvjy 1MB TMP
DELETED 2026-09-12T15:02:05Z /tmp/tmph32li20a.txt 1MB TMP
DELETED 2026-09-12T15:02:05Z /tmp/test4_out.txt 1MB TMP
DELETED 2026-09-12T15:02:05Z /tmp/wt.b64.cm 1MB TMP
DELETED 2026-09-12T15:02:05Z /tmp/pip-build-tracker-i796ol_f 1MB TMP
DELETED 2026-09-12T15:02:05Z /tmp/tmp7agz6toj 1MB TMP
DELETED 2026-09-12T15:02:05Z /tmp/pip-unpack-f_dz9zb8 1MB TMP
DELETED 2026-09-12T15:02:05Z /tmp/tmplwu8q38b 1MB TMP
DELETED 2026-09-12T15:02:05Z /tmp/input.txt 1MB TMP
DELETED 2026-09-12T15:02:05Z /tmp/e2e_r5pg4mrw 1MB TMP
DELETED 2026-09-12T15:02:05Z /tmp/_dry.txt 1MB TMP
DELETED 2026-09-12T15:02:05Z /tmp/baby_steps_test2.json 1MB TMP
DELETED 2026-09-12T15:02:05Z /tmp/tmpvtczj0ok 1MB TMP
DELETED 2026-09-12T15:02:05Z /tmp/wt.b64.cr 1MB TMP
DELETED 2026-09-12T15:02:05Z /tmp/tmpxxk6f389 1MB TMP
DELETED 2026-09-12T15:02:05Z /tmp/test2a.txt 1MB TMP
DELETED 2026-09-12T15:02:05Z /tmp/contam_inspect.py 1MB TMP
DELETED 2026-09-12T15:02:05Z /tmp/tmpoegsztit.txt 1MB TMP
DELETED 2026-09-12T15:02:05Z /tmp/torchelastic_re3d1whn 1MB TMP
DELETED 2026-09-12T15:02:05Z /tmp/b0_ov2.py 1MB TMP
DELETED 2026-09-12T15:02:05Z /tmp/check_survive_tc.sh 1MB TMP
DELETED 2026-09-12T15:02:05Z /tmp/tmps9mm3vnf 1MB TMP
DELETED 2026-09-12T15:02:05Z /tmp/tmpj7fm15pl 1MB TMP
DELETED 2026-09-12T15:02:05Z /tmp/pip-unpack-g9me72tx 163MB TMP
DELETED 2026-09-12T15:02:05Z /tmp/tvm-debug-mode-tempdirs 1MB TMP
DELETED 2026-09-12T15:02:05Z /tmp/empty_msg.txt 0MB TMP
DELETED 2026-09-12T15:02:05Z /tmp/tmp78nlblk0 1MB TMP
DELETED 2026-09-12T15:02:05Z /tmp/tmprh1m0rig 1MB TMP
DELETED 2026-09-12T15:02:05Z /tmp/tmpbtwv9wx3.txt 1MB TMP
DELETED 2026-09-12T15:02:05Z /tmp/test_img.png 1MB TMP
DELETED 2026-09-12T15:02:05Z /tmp/all_safe.txt 1MB TMP
DELETED 2026-09-12T15:02:05Z /tmp/mark_superseded.py 1MB TMP
DELETED 2026-09-12T15:02:05Z /tmp/test_flag4.txt 1MB TMP
DELETED 2026-09-12T15:02:05Z /tmp/torchelastic_ternjjj5 1MB TMP
DELETED 2026-09-12T15:02:05Z /tmp/pip-unpack-r9ydylmv 1MB TMP
DELETED 2026-09-12T15:02:05Z /tmp/_sdr.py 1MB TMP
DELETED 2026-09-12T15:02:05Z /tmp/pip-metadata-re70spvl 1MB TMP
DELETED 2026-09-12T15:02:05Z /tmp/control_sft_dropped_ids.txt 1MB TMP
DELETED 2026-09-12T15:02:05Z /tmp/tmpz7q3zw4x.json 1MB TMP
DELETED 2026-09-12T15:02:05Z /tmp/test_img2.png 1MB TMP
DELETED 2026-09-12T15:02:05Z /tmp/fptest 1MB TMP
DELETED 2026-09-12T15:02:05Z /tmp/lg.out 1MB TMP
DELETED 2026-09-12T15:02:05Z /tmp/pip-unpack-z8eevbf6 86MB TMP
DELETED 2026-09-12T15:02:05Z /tmp/empty_edges.txt 0MB TMP
DELETED 2026-09-12T15:02:05Z /tmp/ho.b64.ak 1MB TMP
DELETED 2026-09-12T15:02:05Z /tmp/tmpbkvwy58e 1MB TMP
DELETED 2026-09-12T15:02:05Z /tmp/tmp4l5rbwqd 1MB TMP
DELETED 2026-09-12T15:02:05Z /tmp/tmpaldbhtod 1MB TMP
DELETED 2026-09-12T15:02:05Z /tmp/probe_leak7.py 1MB TMP
DELETED 2026-09-12T15:02:05Z /tmp/pre.py 1MB TMP
DELETED 2026-09-12T15:02:05Z /tmp/pip-build-tracker-j5e8svk9 1MB TMP
DELETED 2026-09-12T15:02:05Z /tmp/tmpdszfopl5 1MB TMP
DELETED 2026-09-12T15:02:05Z /tmp/e2e2.txt 1MB TMP
DELETED 2026-09-12T15:02:05Z /tmp/tmpd7392ut3 1MB TMP
DELETED 2026-09-12T15:02:05Z /tmp/test_cand4.txt 1MB TMP
DELETED 2026-09-12T15:02:05Z /tmp/tmpc9t6sqv7.json 1MB TMP
DELETED 2026-09-12T15:02:05Z /tmp/tmp_9ztol7m.csv 1MB TMP
DELETED 2026-09-12T15:02:05Z /tmp/pip-metadata-nd3dvcj0 1MB TMP
DELETED 2026-09-12T15:02:05Z /tmp/torchelastic_y1do3q8i 1MB TMP
DELETED 2026-09-12T15:02:05Z /tmp/sd.b64.af 1MB TMP
DELETED 2026-09-12T15:02:05Z /tmp/probe6.py 1MB TMP
DELETED 2026-09-12T15:02:05Z /tmp/gate3_pre.txt 1MB TMP
DELETED 2026-09-12T15:02:05Z /tmp/torchelastic_4tod2_l7 1MB TMP
DELETED 2026-09-12T15:02:05Z /tmp/at.py 1MB TMP
DELETED 2026-09-12T15:02:05Z /tmp/tmpl06gsnsg 1MB TMP
DELETED 2026-09-12T15:02:05Z /tmp/tmpu5youbq2 1MB TMP
DELETED 2026-09-12T15:02:05Z /tmp/replay_star.json 1MB TMP
DELETED 2026-09-12T15:02:05Z /tmp/tmpiqsvk03_ 1MB TMP
DELETED 2026-09-12T15:02:05Z /tmp/pip-unpack-fby4jka_ 323MB TMP
DELETED 2026-09-12T15:02:05Z /tmp/ew.py 1MB TMP
DELETED 2026-09-12T15:02:05Z /tmp/tmpnyrt6qfq 1MB TMP
DELETED 2026-09-12T15:02:05Z /tmp/code_spans.json 99MB TMP
DELETED 2026-09-12T15:02:05Z /tmp/clarify_stamp.py 1MB TMP
DELETED 2026-09-12T15:02:05Z /tmp/scan_code.sh 1MB TMP
DELETED 2026-09-12T15:02:05Z /tmp/cuda-suite.log 1MB TMP
DELETED 2026-09-12T15:02:05Z /tmp/wt.b64.be 1MB TMP
DELETED 2026-09-12T15:02:05Z /tmp/torchelastic_0ig4legy 1MB TMP
DELETED 2026-09-12T15:02:05Z /tmp/tmptaynle08.txt 0MB TMP
DELETED 2026-09-12T15:02:05Z /tmp/tmpr5gs1_7i.db 0MB TMP
DELETED 2026-09-12T15:02:05Z /tmp/tmphh2r98ty.csv 1MB TMP
DELETED 2026-09-12T15:02:05Z /tmp/tmpn27p7mq7 1MB TMP
DELETED 2026-09-12T15:02:05Z /tmp/tmplhxc0_xn 1MB TMP
DELETED 2026-09-12T15:02:05Z /tmp/tmpwjplexk2.txt 1MB TMP
DELETED 2026-09-12T15:02:05Z /tmp/hr_compact.txt 1MB TMP
DELETED 2026-09-12T15:02:05Z /tmp/tmpitkue059 1MB TMP
DELETED 2026-09-12T15:02:05Z /tmp/pip-metadata-jr8s7dyd 1MB TMP
DELETED 2026-09-12T15:02:05Z /tmp/wt.b64.ba 1MB TMP
DELETED 2026-09-12T15:02:05Z /tmp/tmp6_q9cmou 1MB TMP
DELETED 2026-09-12T15:02:05Z /tmp/torchelastic_dww4x2jj 1MB TMP
DELETED 2026-09-12T15:02:05Z /tmp/tmpp45k_mki.txt 1MB TMP
DELETED 2026-09-12T15:02:05Z /tmp/tmpt5lsmix9 1MB TMP
DELETED 2026-09-12T15:02:05Z /tmp/tmp2u_0ns3q 1MB TMP
DELETED 2026-09-12T15:02:05Z /tmp/torchelastic_pdp1mmkh 1MB TMP
DELETED 2026-09-12T15:02:05Z /tmp/tmpjfsmumpd 1MB TMP
DELETED 2026-09-12T15:02:05Z /tmp/wt.b64.ap 1MB TMP
DELETED 2026-09-12T15:02:05Z /tmp/tmpk6r7f_br 1MB TMP
DELETED 2026-09-12T15:02:05Z /tmp/pip-unpack-sdi9wkhv 1MB TMP
DELETED 2026-09-12T15:02:05Z /tmp/tmpu3lpqtqp 1MB TMP
DELETED 2026-09-12T15:02:05Z /tmp/tmpajyjerlx.txt 1MB TMP
DELETED 2026-09-12T15:02:05Z /tmp/k3.sh 1MB TMP
DELETED 2026-09-12T15:02:05Z /tmp/m4.txt 1MB TMP
DELETED 2026-09-12T15:02:05Z /tmp/de28dbg 1MB TMP
DELETED 2026-09-12T15:02:05Z /tmp/pip-unpack-mnz8h09m 1MB TMP
DELETED 2026-09-12T15:02:05Z /tmp/pymp-d15obbmo 1MB TMP
DELETED 2026-09-12T15:02:05Z /tmp/tmp022s55tv 1MB TMP
DELETED 2026-09-12T15:02:05Z /tmp/torchelastic_5jsvg1tp 1MB TMP
DELETED 2026-09-12T15:02:05Z /tmp/pymp-u3ket8sl 1MB TMP
DELETED 2026-09-12T15:02:05Z /tmp/tmp6cq06do7.txt 1MB TMP
DELETED 2026-09-12T15:02:05Z /tmp/wt.b64.bo 1MB TMP
DELETED 2026-09-12T15:02:05Z /tmp/tmpd88elvj8 1MB TMP
DELETED 2026-09-12T15:02:05Z /tmp/pytorch-errorfile-pn468b7b.pickle 1MB TMP
DELETED 2026-09-12T15:02:05Z /tmp/test_cand3.txt 1MB TMP
DELETED 2026-09-12T15:02:05Z /tmp/tmplkukfdfr 1MB TMP
DELETED 2026-09-12T15:02:05Z /tmp/contam_showrow.py 1MB TMP
DELETED 2026-09-12T15:02:05Z /tmp/pip-ephem-wheel-cache-xiondoev 1MB TMP
DELETED 2026-09-12T15:02:05Z /tmp/tmp_eo5pp2n 1MB TMP
DELETED 2026-09-12T15:02:05Z /tmp/repro_det_a1.log 1MB TMP
DELETED 2026-09-12T15:02:05Z /tmp/tmpo4g67_kl 1MB TMP
DELETED 2026-09-12T15:02:05Z /tmp/tmpmyg0kf06 1MB TMP
DELETED 2026-09-12T15:02:05Z /tmp/_o1b2.py 1MB TMP
DELETED 2026-09-12T15:02:05Z /tmp/tmpd4xzygg1.txt 1MB TMP
DELETED 2026-09-12T15:02:05Z /tmp/m.out 0MB TMP
DELETED 2026-09-12T15:02:05Z /tmp/dbg_tokens.sh 1MB TMP
DELETED 2026-09-12T15:02:05Z /tmp/tmpfxgqpuek 1MB TMP
DELETED 2026-09-12T15:02:05Z /tmp/tmpnpsr214c 1MB TMP
DELETED 2026-09-12T15:02:05Z /tmp/tmpppu60k5o.txt 1MB TMP
DELETED 2026-09-12T15:02:05Z /tmp/sd.b64.ag 1MB TMP
DELETED 2026-09-12T15:02:05Z /tmp/torchelastic_sozshl4r 1MB TMP
DELETED 2026-09-12T15:02:05Z /tmp/tmpovsg8c52 1MB TMP
DELETED 2026-09-12T15:02:05Z /tmp/read_ablog.sh 1MB TMP
DELETED 2026-09-12T15:02:05Z /tmp/tmpj9qak28x 1MB TMP
DELETED 2026-09-12T15:02:05Z /tmp/tmpnq_abc4h 1MB TMP
DELETED 2026-09-12T15:02:05Z /tmp/tmp48gqrn65.txt 1MB TMP
DELETED 2026-09-12T15:02:05Z /tmp/uint.py 1MB TMP
DELETED 2026-09-12T15:02:05Z /tmp/chunks.tgz 2MB TMP
DELETED 2026-09-12T15:02:05Z /tmp/bnd_out.json 1MB TMP
DELETED 2026-09-12T15:02:05Z /tmp/ac.txt 1MB TMP
DELETED 2026-09-12T15:02:05Z /tmp/tmpsdh344c7.txt 1MB TMP
DELETED 2026-09-12T15:02:05Z /tmp/tmpzabsv492.csv 1MB TMP
DELETED 2026-09-12T15:02:05Z /tmp/tmpiotsofe7.cpp 1MB TMP
DELETED 2026-09-12T15:02:05Z /tmp/torchelastic_uk2p9nne 1MB TMP
DELETED 2026-09-12T15:02:05Z /tmp/test5.txt 0MB TMP
DELETED 2026-09-12T15:02:05Z /tmp/overlap.bin 1MB TMP
DELETED 2026-09-12T15:02:05Z /tmp/tmpbaag8kp8.txt 1MB TMP
DELETED 2026-09-12T15:02:05Z /tmp/test_dict6.txt 1MB TMP
DELETED 2026-09-12T15:02:05Z /tmp/pip-unpack-m2zaftnp 555MB TMP
DELETED 2026-09-12T15:02:05Z /tmp/torchelastic_w9wgykmo 1MB TMP
DELETED 2026-09-12T15:02:05Z /tmp/de_fact_logs_pod.sh 1MB TMP
DELETED 2026-09-12T15:02:05Z /tmp/tmpurh0z10s.txt 1MB TMP
DELETED 2026-09-12T15:02:05Z /tmp/b0 1MB TMP
DELETED 2026-09-12T15:02:05Z /tmp/tmpejtw6ii6 1MB TMP
DELETED 2026-09-12T15:02:05Z /tmp/_o1b.py 1MB TMP
DELETED 2026-09-12T15:02:05Z /tmp/tmp14aazvfp 1MB TMP
DELETED 2026-09-12T15:02:05Z /tmp/tmpsha2gqlr.txt 1MB TMP
DELETED 2026-09-12T15:02:05Z /tmp/injection_config_5c426599 1MB TMP
DELETED 2026-09-12T15:02:05Z /tmp/pip-unpack-8z4gx112 12MB TMP
DELETED 2026-09-12T15:02:05Z /tmp/dl_ckpt_1.5b-a0.2b-e48_30b.pt.step11500.log 1MB TMP
DELETED 2026-09-12T15:02:05Z /tmp/tg.py 1MB TMP
DELETED 2026-09-12T15:02:05Z /tmp/b0_mix.b64 1MB TMP
DELETED 2026-09-12T15:02:05Z /tmp/tmps14bu5rf 1MB TMP
DELETED 2026-09-12T15:02:05Z /tmp/tmpet8sqnj5 1MB TMP
DELETED 2026-09-12T15:02:05Z /tmp/fixpath_before.jsonl 1MB TMP
DELETED 2026-09-12T15:02:05Z /tmp/tmpomjhcq9a 1MB TMP
DELETED 2026-09-12T15:02:05Z /tmp/run_ultra.sh 1MB TMP
DELETED 2026-09-12T15:02:05Z /tmp/test_snapper.txt 1MB TMP
DELETED 2026-09-12T15:02:05Z /tmp/tmpw_lze2uj 1MB TMP
DELETED 2026-09-12T15:02:05Z /tmp/tmp8k8ees_u 1MB TMP
DELETED 2026-09-12T15:02:05Z /tmp/tmpdnrus71b.txt 1MB TMP
DELETED 2026-09-12T15:02:05Z /tmp/test_wheel5.col 1MB TMP
DELETED 2026-09-12T15:02:05Z /tmp/pip_after.txt 1MB TMP
DELETED 2026-09-12T15:02:05Z /tmp/tmppe1t3q5t.txt 1MB TMP
DELETED 2026-09-12T15:02:05Z /tmp/pip-metadata-cpak0yyy 1MB TMP
DELETED 2026-09-12T15:02:05Z /tmp/pip-download-j1c9lxa0 1MB TMP
DELETED 2026-09-12T15:02:05Z /tmp/tmp0euwuf6a.txt 1MB TMP
DELETED 2026-09-12T15:02:05Z /tmp/_ms_inodes.txt 1MB TMP
DELETED 2026-09-12T15:02:05Z /tmp/tmpbx2j_8w1.so 1MB TMP
DELETED 2026-09-12T15:02:05Z /tmp/tmpczb78l_b.txt 1MB TMP
DELETED 2026-09-12T15:02:05Z /tmp/test_boundary.txt 1MB TMP
DELETED 2026-09-12T15:02:05Z /tmp/pip-unpack-6vps1gbu 1MB TMP
DELETED 2026-09-12T15:02:05Z /tmp/out2.txt 1MB TMP
DELETED 2026-09-12T15:02:05Z /tmp/tmp7o2wqo9l 1MB TMP
DELETED 2026-09-12T15:02:05Z /tmp/pip-unpack-ie_3l8im 1MB TMP
DELETED 2026-09-12T15:02:05Z /tmp/pip-download-x75m_zkc 1MB TMP
DELETED 2026-09-12T15:02:05Z /tmp/peek3.py 1MB TMP
DELETED 2026-09-12T15:02:05Z /tmp/sd.b64.aq 1MB TMP
DELETED 2026-09-12T15:02:05Z /tmp/tmph4uu8gfa 1MB TMP
DELETED 2026-09-12T15:02:05Z /tmp/tmpi05mhz0k 1MB TMP
DELETED 2026-09-12T15:02:05Z /tmp/pip-metadata-nfnzjh_r 1MB TMP
DELETED 2026-09-12T15:02:05Z /tmp/bar_type.py 1MB TMP
DELETED 2026-09-12T15:02:05Z /tmp/tmp02wizp5f 1MB TMP
DELETED 2026-09-12T15:02:05Z /tmp/tmpw5m_7ewn 1MB TMP
DELETED 2026-09-12T15:02:05Z /tmp/tmpi1fgu2gn 1MB TMP
DELETED 2026-09-12T15:02:05Z /tmp/tmpfb25khpg 1MB TMP
DELETED 2026-09-12T15:02:05Z /tmp/tmpqygwlnoq 1MB TMP
DELETED 2026-09-12T15:02:05Z /tmp/tmpl2xry0yc 1MB TMP
DELETED 2026-09-12T15:02:05Z /tmp/sd.b64.ak 1MB TMP
DELETED 2026-09-12T15:02:05Z /tmp/test_sokoban3.txt 1MB TMP
DELETED 2026-09-12T15:02:05Z /tmp/test2_out.txt 1MB TMP
DELETED 2026-09-12T15:02:05Z /tmp/gate_ds_b.log 1MB TMP
DELETED 2026-09-12T15:02:05Z /tmp/test_2nodes.txt 1MB TMP
DELETED 2026-09-12T15:02:05Z /tmp/torchelastic_bvxa3s16 1MB TMP
DELETED 2026-09-12T15:02:05Z /tmp/l3claim 1MB TMP
DELETED 2026-09-12T15:02:05Z /tmp/test_larger.txt 1MB TMP
DELETED 2026-09-12T15:02:05Z /tmp/test_print.py 1MB TMP
DELETED 2026-09-12T15:02:05Z /tmp/tmp8okbpqds 1MB TMP
DELETED 2026-09-12T15:02:05Z /tmp/3b_measure.py 1MB TMP
DELETED 2026-09-12T15:02:05Z /tmp/tmpchlnj_v0.db 1MB TMP
DELETED 2026-09-12T15:02:05Z /tmp/tmpg4pzdyf4.txt 1MB TMP
DELETED 2026-09-12T15:02:05Z /tmp/pip-ephem-wheel-cache-9m1bd_hc 1MB TMP
DELETED 2026-09-12T15:02:05Z /tmp/tmprij2jdic 1MB TMP
DELETED 2026-09-12T15:02:05Z /tmp/tmpft67r2sk 1MB TMP
DELETED 2026-09-12T15:02:05Z /tmp/pip-unpack-sq0dv8nh 1MB TMP
DELETED 2026-09-12T15:02:05Z /tmp/pip-metadata-nk8d80hy 1MB TMP
DELETED 2026-09-12T15:02:05Z /tmp/pymp-31th93gt 1MB TMP
DELETED 2026-09-12T15:02:05Z /tmp/pip-metadata-tn7ajy7l 1MB TMP
DELETED 2026-09-12T15:02:05Z /tmp/_l9stats.py 1MB TMP
DELETED 2026-09-12T15:02:05Z /tmp/tmpsj_ufcz4 1MB TMP
DELETED 2026-09-12T15:02:05Z /tmp/e1_tiny_ids.txt 1MB TMP
DELETED 2026-09-12T15:02:05Z /tmp/test_wm_large.png 1MB TMP
DELETED 2026-09-12T15:02:05Z /tmp/tmpi4g2lkik 1MB TMP
DELETED 2026-09-12T15:02:05Z /tmp/tmpegxh1jvv 1MB TMP
DELETED 2026-09-12T15:02:05Z /tmp/tmpy7u12qmt 1MB TMP
DELETED 2026-09-12T15:02:05Z /tmp/single_test.txt 1MB TMP
DELETED 2026-09-12T15:02:05Z /tmp/test_input.txt 1MB TMP
DELETED 2026-09-12T15:02:05Z /tmp/tmplanbahf1 1MB TMP
DELETED 2026-09-12T15:02:05Z /tmp/tmpiue2kuq_ 1MB TMP
DELETED 2026-09-12T15:02:05Z /tmp/pip-metadata-flxk_06a 1MB TMP
DELETED 2026-09-12T15:02:05Z /tmp/de_b2c.py 1MB TMP
DELETED 2026-09-12T15:02:05Z /tmp/tmp0ml4g5ih 1MB TMP
DELETED 2026-09-12T15:02:05Z /tmp/tmpnnydsxi7 1MB TMP
DELETED 2026-09-12T15:02:05Z /tmp/tmp0e7jnklf 1MB TMP
DELETED 2026-09-12T15:02:05Z /tmp/run_pilot_1k.sh 1MB TMP
DELETED 2026-09-12T15:02:05Z /tmp/pip-metadata-ncd02nqw 1MB TMP
DELETED 2026-09-12T15:02:05Z /tmp/tmp_ycsst3t 1MB TMP
DELETED 2026-09-12T15:02:05Z /tmp/sjis_test.bin 1MB TMP
DELETED 2026-09-12T15:02:05Z /tmp/tmpg_q86jix 1MB TMP
DELETED 2026-09-12T15:02:05Z /tmp/pip-metadata-o9fxctwr 1MB TMP
DELETED 2026-09-12T15:02:05Z /tmp/tmpesrzp1cs 1MB TMP
DELETED 2026-09-12T15:02:05Z /tmp/test_safe.txt 1MB TMP
DELETED 2026-09-12T15:02:05Z /tmp/fr.txt 1MB TMP
DELETED 2026-09-12T15:02:05Z /tmp/tmptmqbobxw 1MB TMP
DELETED 2026-09-12T15:02:05Z /tmp/torchelastic_89w_ypy5 1MB TMP
DELETED 2026-09-12T15:02:05Z /tmp/torchelastic_5836s3hi 1MB TMP
DELETED 2026-09-12T15:02:05Z /tmp/tmpt5ruhhdd 1MB TMP
DELETED 2026-09-12T15:02:05Z /tmp/seats5.txt 1MB TMP
DELETED 2026-09-12T15:02:05Z /tmp/pip-metadata-cnfk595y 1MB TMP
DELETED 2026-09-12T15:02:05Z /tmp/tmptlvw2wlv 1MB TMP
DELETED 2026-09-12T15:02:05Z /tmp/pilot_tok.log 0MB TMP
DELETED 2026-09-12T15:02:05Z /tmp/b0_pf2.py 1MB TMP
DELETED 2026-09-12T15:02:05Z /tmp/test3.csv 1MB TMP
DELETED 2026-09-12T15:02:05Z /tmp/tmpad18f55a.json 1MB TMP
DELETED 2026-09-12T15:02:05Z /tmp/enc4_s1.log 1MB TMP
DELETED 2026-09-12T15:02:05Z /tmp/peek.py 1MB TMP
DELETED 2026-09-12T15:02:05Z /tmp/torchelastic_heg59tyf 1MB TMP
DELETED 2026-09-12T15:02:05Z /tmp/20b4e260afa142b08f89f593c4e6dbd5-pulp.mps 1MB TMP
DELETED 2026-09-12T15:02:05Z /tmp/tmpvuujjvrv 1MB TMP
DELETED 2026-09-12T15:02:05Z /tmp/tmpazpsf7_s 1MB TMP
DELETED 2026-09-12T15:02:05Z /tmp/tmp8qzgmz0k 1MB TMP
DELETED 2026-09-12T15:02:05Z /tmp/tmpm_b6rzi6 1MB TMP
DELETED 2026-09-12T15:02:05Z /tmp/tmplxtveavl 1MB TMP
DELETED 2026-09-12T15:02:05Z /tmp/sft_math.bak 1MB TMP
DELETED 2026-09-12T15:02:05Z /tmp/tmpw8g0ml3m.cpp 1MB TMP
DELETED 2026-09-12T15:02:05Z /tmp/.pytest_cache 1MB TMP
DELETED 2026-09-12T15:02:05Z /tmp/sd.b64.at 1MB TMP
DELETED 2026-09-12T15:02:05Z /tmp/test_dict.txt 1MB TMP
DELETED 2026-09-12T15:02:05Z /tmp/torchelastic_2ab1m7t5 1MB TMP
DELETED 2026-09-12T15:02:05Z /tmp/de_b2probe.py 1MB TMP
DELETED 2026-09-12T15:02:05Z /tmp/pip-metadata-x0lq7kd_ 1MB TMP
DELETED 2026-09-12T15:02:05Z /tmp/aL32b.txt 1MB TMP
DELETED 2026-09-12T15:02:05Z /tmp/_l9why.py 1MB TMP
DELETED 2026-09-12T15:02:05Z /tmp/sales3.csv 1MB TMP
DELETED 2026-09-12T15:02:05Z /tmp/tmp0kfrkk75 1MB TMP
DELETED 2026-09-12T15:02:05Z /tmp/hanzi_frac.py 1MB TMP
DELETED 2026-09-12T15:02:05Z /tmp/pip-metadata-93dm76km 1MB TMP
DELETED 2026-09-12T15:02:05Z /tmp/tmppim4nj07.csv 1MB TMP
DELETED 2026-09-12T15:02:05Z /tmp/b0_wt 1MB TMP
DELETED 2026-09-12T15:02:05Z /tmp/run8.py 1MB TMP
DELETED 2026-09-12T15:02:05Z /tmp/pip-metadata-zvhx5pby 1MB TMP
DELETED 2026-09-12T15:02:05Z /tmp/tmphqeknuy9 1MB TMP
DELETED 2026-09-12T15:02:05Z /tmp/torchelastic_4zz1e2b9 1MB TMP
DELETED 2026-09-12T15:02:05Z /tmp/torchelastic_fr1cn5_o 1MB TMP
DELETED 2026-09-12T15:02:05Z /tmp/tmpxhzddqq4.cpp 1MB TMP
DELETED 2026-09-12T15:02:05Z /tmp/pip-unpack-ac5j77a1 1MB TMP
DELETED 2026-09-12T15:02:05Z /tmp/dl4_ckpt_1.5b-a0.2b-e48_30b.pt.step11000.log 1MB TMP
DELETED 2026-09-12T15:02:05Z /tmp/diff_before.sh 1MB TMP
DELETED 2026-09-12T15:02:05Z /tmp/langpart_ab 1MB TMP
DELETED 2026-09-12T15:02:05Z /tmp/tmpyze8rj27 1MB TMP
DELETED 2026-09-12T15:02:05Z /tmp/pip-metadata-51sopqsp 1MB TMP
DELETED 2026-09-12T15:02:05Z /tmp/tmpqx2vyr7e 1MB TMP
DELETED 2026-09-12T15:02:05Z /tmp/test_primes2.txt 1MB TMP
DELETED 2026-09-12T15:02:05Z /tmp/tmpa9jec4_1 1MB TMP
DELETED 2026-09-12T15:02:05Z /tmp/tmpc0f10wh9 1MB TMP
DELETED 2026-09-12T15:02:05Z /tmp/test7a.txt 1MB TMP
DELETED 2026-09-12T15:02:05Z /tmp/tmpf75ye5xg 1MB TMP
DELETED 2026-09-12T15:02:05Z /tmp/test_none.txt 1MB TMP
DELETED 2026-09-12T15:02:05Z /tmp/t.sh 1MB TMP
DELETED 2026-09-12T15:02:05Z /tmp/tmpny18vnz5.txt 1MB TMP
DELETED 2026-09-12T15:02:05Z /tmp/and4.py 1MB TMP
DELETED 2026-09-12T15:02:05Z /tmp/wt.b64.cc 1MB TMP
DELETED 2026-09-12T15:02:05Z /tmp/tmpl_s1vmjh 1MB TMP
DELETED 2026-09-12T15:02:05Z /tmp/tmp9wegg1y5 1MB TMP
DELETED 2026-09-12T15:02:05Z /tmp/tmpkl_byaom 1MB TMP
DELETED 2026-09-12T15:02:05Z /tmp/pip-unpack-au_wdd24 1MB TMP
DELETED 2026-09-12T15:02:05Z /tmp/d_toks.txt 1MB TMP
DELETED 2026-09-12T15:02:05Z /tmp/pip-metadata-u0f4ian3 1MB TMP
DELETED 2026-09-12T15:02:05Z /tmp/tmpy9zmvrzg.txt 1MB TMP
DELETED 2026-09-12T15:02:05Z /tmp/tmpa32h52th 1MB TMP
DELETED 2026-09-12T15:02:05Z /tmp/tmpeqh71pzh.json 1MB TMP
DELETED 2026-09-12T15:02:05Z /tmp/spec.folded 1MB TMP
DELETED 2026-09-12T15:02:05Z /tmp/tmpo6mfj_cg 1MB TMP
DELETED 2026-09-12T15:02:05Z /tmp/tmpbv3zubrc 1MB TMP
DELETED 2026-09-12T15:02:05Z /tmp/wt.b64.ax 1MB TMP
DELETED 2026-09-12T15:02:05Z /tmp/pip-metadata-kl2xtg94 1MB TMP
DELETED 2026-09-12T15:02:05Z /tmp/fp8_tokens.py 1MB TMP
DELETED 2026-09-12T15:02:05Z /tmp/f_base.txt 1MB TMP
DELETED 2026-09-12T15:02:05Z /tmp/tmpjrv_57_5 1MB TMP
DELETED 2026-09-12T15:02:05Z /tmp/test_machines.txt 1MB TMP
DELETED 2026-09-12T15:02:05Z /tmp/tmpci1akef8 1MB TMP
DELETED 2026-09-12T15:02:05Z /tmp/probe_warps.py 1MB TMP
DELETED 2026-09-12T15:02:05Z /tmp/sc.txt 1MB TMP
DELETED 2026-09-12T15:02:05Z /tmp/tmp0wuhbxzt 1MB TMP
DELETED 2026-09-12T15:02:05Z /tmp/wt.b64.bx 1MB TMP
DELETED 2026-09-12T15:02:05Z /tmp/pip-metadata-h0a_r1u6 1MB TMP
DELETED 2026-09-12T15:02:05Z /tmp/tmpu48hvr38 1MB TMP
DELETED 2026-09-12T15:02:05Z /tmp/repair2.sh 1MB TMP
DELETED 2026-09-12T15:02:05Z /tmp/tmpufwgzrax 1MB TMP
DELETED 2026-09-12T15:02:05Z /tmp/e2e_ahz5zw8m 1MB TMP
DELETED 2026-09-12T15:02:05Z /tmp/test_moe_bias_wiring.py 1MB TMP
DELETED 2026-09-12T15:02:05Z /tmp/tmpndg2t6hk 1MB TMP
DELETED 2026-09-12T15:02:05Z /tmp/refit_32k.json 3MB TMP
DELETED 2026-09-12T15:02:05Z /tmp/tmpmxieoftc 1MB TMP
DELETED 2026-09-12T15:02:05Z /tmp/tf8.py 1MB TMP
DELETED 2026-09-12T15:02:05Z /tmp/tmpv41qsgrh 1MB TMP
DELETED 2026-09-12T15:02:05Z /tmp/torchelastic_q0frt80u 1MB TMP
DELETED 2026-09-12T15:02:05Z /tmp/pip-unpack-hk6z7mu6 1MB TMP
DELETED 2026-09-12T15:02:05Z /tmp/tmp98fqdelz 1MB TMP
DELETED 2026-09-12T15:02:05Z /tmp/pip-unpack-tn8b0ruh 323MB TMP
DELETED 2026-09-12T15:02:05Z /tmp/tmpskbpuh6y.so 1MB TMP
DELETED 2026-09-12T15:02:05Z /tmp/tmpr3hdjsib.cpp 1MB TMP
DELETED 2026-09-12T15:02:05Z /tmp/tmp5yzespop.txt 1MB TMP
DELETED 2026-09-12T15:02:05Z /tmp/torchelastic_tpvvv8w0 1MB TMP
DELETED 2026-09-12T15:02:05Z /tmp/tmpyz6gr20r 1MB TMP
DELETED 2026-09-12T15:02:05Z /tmp/tmp6x9xtx92 1MB TMP
DELETED 2026-09-12T15:02:05Z /tmp/tmp7f1zc6xz 1MB TMP
DELETED 2026-09-12T15:02:05Z /tmp/tmpo5iitb8j 1MB TMP
DELETED 2026-09-12T15:02:05Z /tmp/eqO 1MB TMP
DELETED 2026-09-12T15:02:05Z /tmp/tmpbdwydy_u 1MB TMP
DELETED 2026-09-12T15:02:05Z /tmp/tmpztggvtq0.so 1MB TMP
DELETED 2026-09-12T15:02:05Z /tmp/test_roman1.txt 1MB TMP
DELETED 2026-09-12T15:02:05Z /tmp/tmp1xh9mo3i.txt 1MB TMP
DELETED 2026-09-12T15:02:05Z /tmp/goal_trivial.txt 1MB TMP
DELETED 2026-09-12T15:02:05Z /tmp/tmp5tewfisx 1MB TMP
DELETED 2026-09-12T15:02:05Z /tmp/sd.b64.ab 1MB TMP
DELETED 2026-09-12T15:02:05Z /tmp/tmpamo1e1ah 1MB TMP
DELETED 2026-09-12T15:02:05Z /tmp/pip-metadata-yjddnefn 1MB TMP
DELETED 2026-09-12T15:02:05Z /tmp/tmpdzrgzngk 1MB TMP
DELETED 2026-09-12T15:02:05Z /tmp/tmpaa_i13si 1MB TMP
DELETED 2026-09-12T15:02:05Z /tmp/tmp1c0ndrnj.out 1MB TMP
DELETED 2026-09-12T15:02:05Z /tmp/build_frame_eq.py 1MB TMP
DELETED 2026-09-12T15:02:05Z /tmp/lambda_pilot40_out.jsonl 1MB TMP
DELETED 2026-09-12T15:02:05Z /tmp/test10.csv 1MB TMP
DELETED 2026-09-12T15:02:05Z /tmp/tmp4smwdz7q 1MB TMP
DELETED 2026-09-12T15:02:05Z /tmp/glyph.py 1MB TMP
DELETED 2026-09-12T15:02:05Z /tmp/wt.b64.cn 1MB TMP
DELETED 2026-09-12T15:02:05Z /tmp/f64.txt 1MB TMP
DELETED 2026-09-12T15:02:05Z /tmp/test_network1.txt 1MB TMP
DELETED 2026-09-12T15:02:05Z /tmp/identify_runs.sh 1MB TMP
DELETED 2026-09-12T15:02:05Z /tmp/tmp6agcpnt5 1MB TMP
DELETED 2026-09-12T15:02:05Z /tmp/torchelastic_5zi4ov78 1MB TMP
DELETED 2026-09-12T15:02:05Z /tmp/torchelastic_a9askwdn 1MB TMP
DELETED 2026-09-12T15:02:05Z /tmp/build_gate_tokenizer.py 1MB TMP
DELETED 2026-09-12T15:02:05Z /tmp/tmp96dtud_8 1MB TMP
DELETED 2026-09-12T15:02:05Z /tmp/tmpdnhmjxz8 1MB TMP
DELETED 2026-09-12T15:02:05Z /tmp/fake_end.pt 1MB TMP
DELETED 2026-09-12T15:02:05Z /tmp/tmp6n162uxa.csv 1MB TMP
DELETED 2026-09-12T15:02:05Z /tmp/pip-unpack-n8rc15wj 11MB TMP
DELETED 2026-09-12T15:02:05Z /tmp/torchelastic_hsk0eon2 1MB TMP
DELETED 2026-09-12T15:02:05Z /tmp/tmpc2mq0ov1 1MB TMP
DELETED 2026-09-12T15:02:05Z /tmp/tmp9fbr11j0 1MB TMP
DELETED 2026-09-12T15:02:05Z /tmp/hcheck.txt 1MB TMP
DELETED 2026-09-12T15:02:05Z /tmp/test_input_4.txt 1MB TMP
DELETED 2026-09-12T15:02:05Z /tmp/tmpipzoemdn 1MB TMP
DELETED 2026-09-12T15:02:05Z /tmp/tmpf32h5n94.txt 1MB TMP
DELETED 2026-09-12T15:02:05Z /tmp/probe_test.jsonl 1MB TMP
DELETED 2026-09-12T15:02:05Z /tmp/tmpidr9j1bm 1MB TMP
DELETED 2026-09-12T15:02:05Z /tmp/tmpedgsi9ob 1MB TMP
DELETED 2026-09-12T15:02:05Z /tmp/torchelastic_k9i1b170 1MB TMP
DELETED 2026-09-12T15:02:05Z /tmp/ab_scores.jsonl 1MB TMP
DELETED 2026-09-12T15:02:05Z /tmp/tmpti650lm9.txt 1MB TMP
DELETED 2026-09-12T15:02:05Z /tmp/bad3.txt 1MB TMP
DELETED 2026-09-12T15:02:05Z /tmp/chunks_c.tgz 1MB TMP
DELETED 2026-09-12T15:02:05Z /tmp/known_good_math.txt 1MB TMP
DELETED 2026-09-12T15:02:05Z /tmp/tmpx13sc145 1MB TMP
DELETED 2026-09-12T15:02:05Z /tmp/p200m_rows.jsonl 1MB TMP
DELETED 2026-09-12T15:02:05Z /tmp/m.txt 1MB TMP
DELETED 2026-09-12T15:02:05Z /tmp/tmpgjryyl4l 1MB TMP
DELETED 2026-09-12T15:02:05Z /tmp/tmp5o42z3hl 1MB TMP
DELETED 2026-09-12T15:02:05Z /tmp/tmpnb5biv94 1MB TMP
DELETED 2026-09-12T15:02:05Z /tmp/tmp7gs6_62s 1MB TMP
DELETED 2026-09-12T15:02:05Z /tmp/test10.qbf 1MB TMP
DELETED 2026-09-12T15:02:05Z /tmp/de_clip_cost.py 1MB TMP
DELETED 2026-09-12T15:02:05Z /tmp/tok_sample_size.py 1MB TMP
DELETED 2026-09-12T15:02:05Z /tmp/check_cfg.sh 1MB TMP
DELETED 2026-09-12T15:02:05Z /tmp/baby_steps_test1.json 1MB TMP
DELETED 2026-09-12T15:02:05Z /tmp/tput.py 1MB TMP
DELETED 2026-09-12T15:02:05Z /tmp/e1_readme_cores.py 1MB TMP
DELETED 2026-09-12T15:02:05Z /tmp/fc.sh 1MB TMP
DELETED 2026-09-12T15:02:05Z /tmp/torchelastic_qnwxcr2c 1MB TMP
DELETED 2026-09-12T15:02:05Z /tmp/tmpgazbrmps.txt 1MB TMP
DELETED 2026-09-12T15:02:05Z /tmp/tb_arxiv.py 1MB TMP
DELETED 2026-09-12T15:02:05Z /tmp/test2.cnf 1MB TMP
DELETED 2026-09-12T15:02:05Z /tmp/proof_identity.py 1MB TMP
DELETED 2026-09-12T15:02:05Z /tmp/pretok_stage1.log 1MB TMP
DELETED 2026-09-12T15:02:05Z /tmp/aggmini 400MB TMP
DELETED 2026-09-12T15:02:05Z /tmp/test_primes3.txt 1MB TMP
DELETED 2026-09-12T15:02:05Z /tmp/d.b64 1MB TMP
DELETED 2026-09-12T15:02:05Z /tmp/de_b2b.py 1MB TMP
DELETED 2026-09-12T15:02:05Z /tmp/tmp_owpiaea 1MB TMP
DELETED 2026-09-12T15:02:05Z /tmp/__pycache__ 1MB TMP
DELETED 2026-09-12T15:02:05Z /tmp/pip-unpack-82l0sque 4MB TMP
DELETED 2026-09-12T15:02:05Z /tmp/de_accept.py 1MB TMP
DELETED 2026-09-12T15:02:05Z /tmp/stats_after2.json 0MB TMP
DELETED 2026-09-12T15:02:05Z /tmp/diag_gen.py 1MB TMP
DELETED 2026-09-12T15:02:05Z /tmp/regjit 1MB TMP
DELETED 2026-09-12T15:02:05Z /tmp/test_sokoban2.txt 1MB TMP
DELETED 2026-09-12T15:02:05Z /tmp/tmpr9prm97b 1MB TMP
DELETED 2026-09-12T15:02:05Z /tmp/tmp6zb7d51e 1MB TMP
DELETED 2026-09-12T15:02:05Z /tmp/tmp37otszj9 1MB TMP
DELETED 2026-09-12T15:02:05Z /tmp/tmpaoxccnpz 1MB TMP
DELETED 2026-09-12T15:02:05Z /tmp/two_tri.txt 1MB TMP
DELETED 2026-09-12T15:02:05Z /tmp/torchelastic_9qvoetot 1MB TMP
DELETED 2026-09-12T15:02:05Z /tmp/score_matrix_pre_de_fix.jsonl 1MB TMP
DELETED 2026-09-12T15:02:05Z /tmp/tmpk7xu51np 1MB TMP
DELETED 2026-09-12T15:02:05Z /tmp/bad4.txt 1MB TMP
DELETED 2026-09-12T15:02:05Z /tmp/test_bits_5.txt 1MB TMP
DELETED 2026-09-12T15:02:05Z /tmp/b0_guardtest 1MB TMP
DELETED 2026-09-12T15:02:05Z /tmp/tmpdq4ns8yp 1MB TMP
DELETED 2026-09-12T15:02:05Z /tmp/contam_dbg.py 1MB TMP
DELETED 2026-09-12T15:02:05Z /tmp/tmp7fjndbto.txt 1MB TMP
DELETED 2026-09-12T15:02:05Z /tmp/tmpdotgjd18 1MB TMP
DELETED 2026-09-12T15:02:05Z /tmp/hc.txt 0MB TMP
DELETED 2026-09-12T15:02:05Z /tmp/seq1.py 1MB TMP
DELETED 2026-09-12T15:02:05Z /tmp/tmp9x1bkl5d 1MB TMP
DELETED 2026-09-12T15:02:05Z /tmp/tmpu4z2kyv9 1MB TMP
DELETED 2026-09-12T15:02:05Z /tmp/pip-metadata-2i4z41qk 1MB TMP
DELETED 2026-09-12T15:02:05Z /tmp/ud_solution_exec.py 1MB TMP
DELETED 2026-09-12T15:02:05Z /tmp/dl_selftest.log 1MB TMP
DELETED 2026-09-12T15:02:05Z /tmp/tmpelyz42c4 1MB TMP
DELETED 2026-09-12T15:02:05Z /tmp/tmpxebfgs31 1MB TMP
DELETED 2026-09-12T15:02:05Z /tmp/test_pe.log 1MB TMP
DELETED 2026-09-12T15:02:05Z /tmp/test_input.mp4 1MB TMP
DELETED 2026-09-12T15:02:05Z /tmp/tmpngy5mge1 1MB TMP
DELETED 2026-09-12T15:02:05Z /tmp/test_missing.txt 1MB TMP
DELETED 2026-09-12T15:02:05Z /tmp/tmpunzuao6r 1MB TMP
DELETED 2026-09-12T15:02:05Z /tmp/check_acc.py 1MB TMP
DELETED 2026-09-12T15:02:05Z /tmp/pip-unpack-23y_ak1o 901MB TMP
DELETED 2026-09-12T15:02:05Z /tmp/tmp3yk5tstd 1MB TMP
DELETED 2026-09-12T15:02:05Z /tmp/pip-unpack-p8jzy6lo 1MB TMP
DELETED 2026-09-12T15:02:05Z /tmp/graph5.txt 1MB TMP
DELETED 2026-09-12T15:02:05Z /tmp/tmp1hlvhxro 1MB TMP
DELETED 2026-09-12T15:02:05Z /tmp/tmpandcjwgt.txt 1MB TMP
DELETED 2026-09-12T15:02:05Z /tmp/pip-unpack-wkflj17q 1MB TMP
DELETED 2026-09-12T15:02:05Z /tmp/e1_recount.log 1MB TMP
DELETED 2026-09-12T15:02:05Z /tmp/test_input_inverted.mp4 1MB TMP
DELETED 2026-09-12T15:02:05Z /tmp/fetch_c4.log 1MB TMP
DELETED 2026-09-12T15:02:05Z /tmp/tmpmy69vlgz 1MB TMP
DELETED 2026-09-12T15:02:05Z /tmp/test2.csv 1MB TMP
DELETED 2026-09-12T15:02:05Z /tmp/e1_29b.raw 1MB TMP
DELETED 2026-09-12T15:02:05Z /tmp/tmplekl0z3g 1MB TMP
DELETED 2026-09-12T15:02:05Z /tmp/diff_steps.sh 1MB TMP
DELETED 2026-09-12T15:02:05Z /tmp/tmpq34cmxdh 1MB TMP
DELETED 2026-09-12T15:02:05Z /tmp/tmp674yt2gk 1MB TMP
DELETED 2026-09-12T15:02:05Z /tmp/torchelastic_usbod5yu 1MB TMP
DELETED 2026-09-12T15:02:05Z /tmp/torchelastic_loaf7unu 1MB TMP
DELETED 2026-09-12T15:02:05Z /tmp/tmp9b0aopdk 1MB TMP
DELETED 2026-09-12T15:02:05Z /tmp/test_sched3.txt 1MB TMP
DELETED 2026-09-12T15:02:05Z /tmp/b0_boiler.log 1MB TMP
DELETED 2026-09-12T15:02:05Z /tmp/wt.b64.co 1MB TMP
DELETED 2026-09-12T15:02:05Z /tmp/wt.b64.bm 1MB TMP
DELETED 2026-09-12T15:02:05Z /tmp/probe.jsonl 1MB TMP
DELETED 2026-09-12T15:02:05Z /tmp/sigt.sh 1MB TMP
DELETED 2026-09-12T15:02:05Z /tmp/per_source_compose.py 1MB TMP
DELETED 2026-09-12T15:02:05Z /tmp/t.b64 0MB TMP
DELETED 2026-09-12T15:02:05Z /tmp/tmpw1q4wo4r 1MB TMP
DELETED 2026-09-12T15:02:05Z /tmp/samp.py 1MB TMP
DELETED 2026-09-12T15:02:05Z /tmp/tmp4daffo2p 1MB TMP
DELETED 2026-09-12T15:02:05Z /tmp/cuda-suite2.log 1MB TMP
DELETED 2026-09-12T15:02:05Z /tmp/tmpgy7pb3rf 1MB TMP
DELETED 2026-09-12T15:02:05Z /tmp/pip-metadata-0f1ykpiw 1MB TMP
DELETED 2026-09-12T15:02:05Z /tmp/e1_nu_size.py 1MB TMP
DELETED 2026-09-12T15:02:05Z /tmp/ckpt_groups.json 1MB TMP
DELETED 2026-09-12T15:02:05Z /tmp/tmppv2pgy39 1MB TMP
DELETED 2026-09-12T15:02:05Z /tmp/t1049b.py 1MB TMP
DELETED 2026-09-12T15:02:05Z /tmp/tmp07ptf1sw 1MB TMP
DELETED 2026-09-12T15:02:05Z /tmp/e1_nu2.log 1MB TMP
DELETED 2026-09-12T15:02:05Z /tmp/tmpjzgezsua 1MB TMP
DELETED 2026-09-12T15:02:05Z /tmp/torchelastic_2826busw 1MB TMP
DELETED 2026-09-12T15:02:05Z /tmp/tmp1it9bzyv 1MB TMP
DELETED 2026-09-12T15:02:05Z /tmp/pc.txt 1MB TMP
DELETED 2026-09-12T15:02:05Z /tmp/test2_in.txt 1MB TMP
DELETED 2026-09-12T15:02:05Z /tmp/_bt.sh 1MB TMP
DELETED 2026-09-12T15:02:05Z /tmp/test_rules4.txt 1MB TMP
DELETED 2026-09-12T15:02:05Z /tmp/tmp50dpymgk 1MB TMP
DELETED 2026-09-12T15:02:05Z /tmp/injection_config_7448653e 1MB TMP
DELETED 2026-09-12T15:02:05Z /tmp/tmpegkigus3 1MB TMP
DELETED 2026-09-12T15:02:05Z /tmp/shape_count.py 1MB TMP
DELETED 2026-09-12T15:02:05Z /tmp/pretok_rest2.sh 1MB TMP
DELETED 2026-09-12T15:02:05Z /tmp/tmplltfjr6n 1MB TMP
DELETED 2026-09-12T15:02:05Z /tmp/tmp7gser75w 1MB TMP
DELETED 2026-09-12T15:02:05Z /tmp/tmp02zyd5n2 1MB TMP
DELETED 2026-09-12T15:02:05Z /tmp/pip-metadata-eic5adiv 1MB TMP
DELETED 2026-09-12T15:02:05Z /tmp/b0_overlap_out.json 1MB TMP
DELETED 2026-09-12T15:02:05Z /tmp/tmpz7yb9ije.txt 1MB TMP
DELETED 2026-09-12T15:02:05Z /tmp/pip-metadata-0recr9sx 1MB TMP
DELETED 2026-09-12T15:02:05Z /tmp/pip-metadata-meyhoptr 1MB TMP
DELETED 2026-09-12T15:02:05Z /tmp/tmpfq2pr047 1MB TMP
DELETED 2026-09-12T15:02:05Z /tmp/tmp773upnc4 1MB TMP
DELETED 2026-09-12T15:02:05Z /tmp/test_dup.txt 1MB TMP
DELETED 2026-09-12T15:02:05Z /tmp/wt.b64.ah 1MB TMP
DELETED 2026-09-12T15:02:05Z /tmp/contam_smoke.json 1MB TMP
DELETED 2026-09-12T15:02:05Z /tmp/b0_step4.sh 1MB TMP
DELETED 2026-09-12T15:02:05Z /tmp/pip-unpack-t7q8foxg 1MB TMP
DELETED 2026-09-12T15:02:05Z /tmp/pip-unpack-rbe7jpw4 1MB TMP
DELETED 2026-09-12T15:02:05Z /tmp/euc_test.bin 1MB TMP
DELETED 2026-09-12T15:02:05Z /tmp/n7_ms2.sh 1MB TMP
DELETED 2026-09-12T15:02:05Z /tmp/goal_one.txt 1MB TMP
DELETED 2026-09-12T15:02:05Z /tmp/torchelastic_rdew35y8 1MB TMP
DELETED 2026-09-12T15:02:05Z /tmp/torchelastic_6g4tayru 1MB TMP
DELETED 2026-09-12T15:02:05Z /tmp/b0_p0.json 1MB TMP
DELETED 2026-09-12T15:02:05Z /tmp/x8.pt 394MB TMP
DELETED 2026-09-12T15:02:05Z /tmp/tmpz2q8qx9i 1MB TMP
DELETED 2026-09-12T15:02:05Z /tmp/b0_lm.b64 1MB TMP
DELETED 2026-09-12T15:02:05Z /tmp/test_two_triangles.txt 1MB TMP
DELETED 2026-09-12T15:02:05Z /tmp/newdata.del 1MB TMP
DELETED 2026-09-12T15:02:05Z /tmp/test10b.txt 1MB TMP
DELETED 2026-09-12T15:02:05Z /tmp/b0_ov2_out.json 1MB TMP
DELETED 2026-09-12T15:02:05Z /tmp/pip-metadata-u6p1czn7 1MB TMP
DELETED 2026-09-12T15:02:05Z /tmp/sd.b64.al 1MB TMP
DELETED 2026-09-12T15:02:05Z /tmp/cd_pr.py 1MB TMP
DELETED 2026-09-12T15:02:05Z /tmp/pip-unpack-61rur421 237MB TMP
DELETED 2026-09-12T15:02:05Z /tmp/test_bits_4.txt 1MB TMP
DELETED 2026-09-12T15:02:05Z /tmp/gate_ds_a.log 1MB TMP
DELETED 2026-09-12T15:02:05Z /tmp/tmp0_fbxc9d 1MB TMP
DELETED 2026-09-12T15:02:05Z /tmp/tmpn43m_tsb 1MB TMP
DELETED 2026-09-12T15:02:05Z /tmp/tmpimpmr__l 1MB TMP
DELETED 2026-09-12T15:02:05Z /tmp/ab_launch.sh 1MB TMP
DELETED 2026-09-12T15:02:05Z /tmp/tmpwu183inz.dat 1MB TMP
DELETED 2026-09-12T15:02:05Z /tmp/tmpfzbu_xda 1MB TMP
DELETED 2026-09-12T15:02:05Z /tmp/tmpglnfn4g0 1MB TMP
DELETED 2026-09-12T15:02:05Z /tmp/test_dict5.txt 1MB TMP
DELETED 2026-09-12T15:02:05Z /tmp/test_lower.txt 1MB TMP
DELETED 2026-09-12T15:02:05Z /tmp/tokenizer_eval_fixed.py 1MB TMP
DELETED 2026-09-12T15:02:05Z /tmp/pip-unpack-fofnu3ah 1MB TMP
DELETED 2026-09-12T15:02:05Z /tmp/tmpu6vkavlo 1MB TMP
DELETED 2026-09-12T15:02:05Z /tmp/test9.qbf 1MB TMP
DELETED 2026-09-12T15:02:05Z /tmp/tmpnxcy377_.cpp 1MB TMP
DELETED 2026-09-12T15:02:05Z /tmp/sales5.csv 1MB TMP
DELETED 2026-09-12T15:02:05Z /tmp/wt.b64.ad 1MB TMP
DELETED 2026-09-12T15:02:05Z /tmp/seats1.txt 1MB TMP
DELETED 2026-09-12T15:02:05Z /tmp/de_fert.py 1MB TMP
DELETED 2026-09-12T15:02:05Z /tmp/rt_0.jsonl 232MB TMP
DELETED 2026-09-12T15:02:05Z /tmp/tmp6jilii88 1MB TMP
DELETED 2026-09-12T15:02:05Z /tmp/pip-unpack-t6gg46xw 7MB TMP
DELETED 2026-09-12T15:02:05Z /tmp/wt.b64.bf 1MB TMP
DELETED 2026-09-12T15:02:05Z /tmp/tmpj8wz727w 1MB TMP
DELETED 2026-09-12T15:02:05Z /tmp/_graph_test.txt 1MB TMP
DELETED 2026-09-12T15:02:05Z /tmp/tmpbb7qksa7 1MB TMP
DELETED 2026-09-12T15:02:05Z /tmp/sales6.csv 1MB TMP
DELETED 2026-09-12T15:02:05Z /tmp/tmp7pai61cg 1MB TMP
DELETED 2026-09-12T15:02:05Z /tmp/out3.txt 1MB TMP
DELETED 2026-09-12T15:02:05Z /tmp/tmpchlnj_v0.db-journal 1MB TMP
DELETED 2026-09-12T15:02:05Z /tmp/CONTAMINATED_sft_all_lookahead.pt 1466MB TMP
DELETED 2026-09-12T15:02:05Z /tmp/probe2.py 1MB TMP
DELETED 2026-09-12T15:02:05Z /tmp/pip-unpack-tndxwth9 1MB TMP
DELETED 2026-09-12T15:02:05Z /tmp/tmprtfm6wqn 1MB TMP
DELETED 2026-09-12T15:02:05Z /tmp/tmpalg4lzl8 1MB TMP
DELETED 2026-09-12T15:02:05Z /tmp/tmpvj5cgczt.jpg 0MB TMP
DELETED 2026-09-12T15:02:05Z /tmp/tmpqf29x7dm 1MB TMP
DELETED 2026-09-12T15:02:05Z /tmp/tmptrg__pfu.txt 1MB TMP
DELETED 2026-09-12T15:02:05Z /tmp/tmpv744n90g 1MB TMP
DELETED 2026-09-12T15:02:05Z /tmp/pip-unpack-k52hvu1l 66MB TMP
DELETED 2026-09-12T15:02:05Z /tmp/b0_run2.sh 1MB TMP
DELETED 2026-09-12T15:02:05Z /tmp/tmprqe4w4wg 1MB TMP
DELETED 2026-09-12T15:02:05Z /tmp/tmpidrenwqy 1MB TMP
DELETED 2026-09-12T15:02:05Z /tmp/wt.b64.cd 1MB TMP
DELETED 2026-09-12T15:02:05Z /tmp/pip-metadata-b9gtuntw 1MB TMP
DELETED 2026-09-12T15:02:05Z /tmp/tmppnsdrdt_ 1MB TMP
DELETED 2026-09-12T15:02:05Z /tmp/pip-unpack-1qzk4sbl 1MB TMP
DELETED 2026-09-12T15:02:05Z /tmp/tmp5hgwa9as 1MB TMP
DELETED 2026-09-12T15:02:05Z /tmp/_bt_child.py 1MB TMP
DELETED 2026-09-12T15:02:05Z /tmp/tmpxngrx23a.txt 1MB TMP
DELETED 2026-09-12T15:02:05Z /tmp/uvtest 1MB TMP
DELETED 2026-09-12T15:02:05Z /tmp/e1_28_probe.py 1MB TMP
DELETED 2026-09-12T15:02:05Z /tmp/tmpvcllclxd.so 1MB TMP
DELETED 2026-09-12T15:02:05Z /tmp/test4.qbf 1MB TMP
DELETED 2026-09-12T15:02:05Z /tmp/tmpxa4y0c65 1MB TMP
DELETED 2026-09-12T15:02:05Z /tmp/pip-unpack-8j4sv8_c 1MB TMP
DELETED 2026-09-12T15:02:05Z /tmp/tmp64tvyhlh.in 1MB TMP
DELETED 2026-09-12T15:02:05Z /tmp/test_triangle.txt 1MB TMP
DELETED 2026-09-12T15:02:05Z /tmp/b0_ve.out 1MB TMP
DELETED 2026-09-12T15:02:05Z /tmp/tmptodz63_t 1MB TMP
DELETED 2026-09-12T15:02:05Z /tmp/tmpdb_ia057 1MB TMP
DELETED 2026-09-12T15:02:05Z /tmp/fake.log 1MB TMP
DELETED 2026-09-12T15:02:05Z /tmp/tmp345codu4 1MB TMP
DELETED 2026-09-12T15:02:05Z /tmp/wt.b64.aq 1MB TMP
DELETED 2026-09-12T15:02:05Z /tmp/tmp89_intpd 1MB TMP
DELETED 2026-09-12T15:02:05Z /tmp/tmps2rwukzi 1MB TMP
DELETED 2026-09-12T15:02:05Z /tmp/torchelastic_6euoei_c 1MB TMP
DELETED 2026-09-12T15:02:05Z /tmp/pip-unpack-tyf_prpp 229MB TMP
DELETED 2026-09-12T15:02:05Z /tmp/run_proxy_en.sh 1MB TMP
DELETED 2026-09-12T15:02:05Z /tmp/pip-ephem-wheel-cache-1_uk3l21 1MB TMP
DELETED 2026-09-12T15:02:05Z /tmp/tmp86pmb67q 1MB TMP
DELETED 2026-09-12T15:02:05Z /tmp/tmprv2zmghl 1MB TMP
DELETED 2026-09-12T15:02:05Z /tmp/test_graph.txt 1MB TMP
DELETED 2026-09-12T15:02:05Z /tmp/tmpk4x80nh9.txt 1MB TMP
DELETED 2026-09-12T15:02:05Z /tmp/test1.mesh 1MB TMP
DELETED 2026-09-12T15:02:05Z /tmp/tmpgif4_3g5 1MB TMP
DELETED 2026-09-12T15:02:05Z /tmp/pip-unpack-lbm_fv0f 1MB TMP
DELETED 2026-09-12T15:02:05Z /tmp/pip-unpack-mzx6ashc 1MB TMP
DELETED 2026-09-12T15:02:05Z /tmp/graph6.txt 1MB TMP
DELETED 2026-09-12T15:02:05Z /tmp/tmpwyuo1w1z 1MB TMP
DELETED 2026-09-12T15:02:05Z /tmp/tmpsy4sdbys 1MB TMP
DELETED 2026-09-12T15:02:05Z /tmp/tmpiwdlp3ck 1MB TMP
DELETED 2026-09-12T15:02:05Z /tmp/tmpgpk5urct 1MB TMP
DELETED 2026-09-12T15:02:05Z /tmp/test_no_return.txt 1MB TMP
DELETED 2026-09-12T15:02:05Z /tmp/wt.b64.bz 1MB TMP
DELETED 2026-09-12T15:02:05Z /tmp/pip-metadata-pddvrgfd 1MB TMP
DELETED 2026-09-12T15:02:05Z /tmp/exp_before_de41.jsonl 1MB TMP
DELETED 2026-09-12T15:02:05Z /tmp/test_graph2.txt 1MB TMP
DELETED 2026-09-12T15:02:05Z /tmp/pip-unpack-9ts1lz0x 1MB TMP
DELETED 2026-09-12T15:02:05Z /tmp/test_input3.json 1MB TMP
DELETED 2026-09-12T15:02:05Z /tmp/v41_memcount.py 1MB TMP
DELETED 2026-09-12T15:02:05Z /tmp/tmpztggvtq0.cpp 1MB TMP
DELETED 2026-09-12T15:02:05Z /tmp/tmpn_pvqzns.txt 1MB TMP
DELETED 2026-09-12T15:02:05Z /tmp/pip-unpack-2epbzqdr 1MB TMP
DELETED 2026-09-12T15:02:05Z /tmp/pip-unpack-xhq3yw9c 3MB TMP
DELETED 2026-09-12T15:02:05Z /tmp/e1_fpchk.log 1MB TMP
DELETED 2026-09-12T15:02:05Z /tmp/tmpaanotvew.cpp 1MB TMP
DELETED 2026-09-12T15:02:05Z /tmp/wt.b64.br 1MB TMP
DELETED 2026-09-12T15:02:05Z /tmp/tmpjyzvyonl 1MB TMP
DELETED 2026-09-12T15:02:05Z /tmp/tmp2vthoxxu.txt 1MB TMP
DELETED 2026-09-12T15:02:05Z /tmp/e16.py 1MB TMP
DELETED 2026-09-12T15:02:05Z /tmp/tmpbxz90iwq 1MB TMP
DELETED 2026-09-12T15:02:05Z /tmp/tmp1uz7_hqh.txt 1MB TMP
DELETED 2026-09-12T15:02:05Z /tmp/pip-metadata-mee9hj99 1MB TMP
DELETED 2026-09-12T15:02:05Z /tmp/tmpnms980r_ 1MB TMP
DELETED 2026-09-12T15:02:05Z /tmp/proof 2550MB TMP
DELETED 2026-09-12T15:02:05Z /tmp/tmp7gyh44p0 1MB TMP
DELETED 2026-09-12T15:02:05Z /tmp/tmpnfbzt4__ 1MB TMP
DELETED 2026-09-12T15:02:05Z /tmp/pretok.log 1MB TMP
DELETED 2026-09-12T15:02:05Z /tmp/test1b.txt 1MB TMP
DELETED 2026-09-12T15:02:05Z /tmp/tmptfuw3duc 1MB TMP
DELETED 2026-09-12T15:02:05Z /tmp/pip-unpack-xtqsuz46 2MB TMP
DELETED 2026-09-12T15:02:05Z /tmp/sd.b64.am 1MB TMP
DELETED 2026-09-12T15:02:05Z /tmp/tmpqdtajorp 1MB TMP
DELETED 2026-09-12T15:02:05Z /tmp/n7_score_b.sh 1MB TMP
DELETED 2026-09-12T15:02:05Z /tmp/tmp7tz8ulum.txt 1MB TMP
DELETED 2026-09-12T15:02:05Z /tmp/wt.b64.bl 1MB TMP
DELETED 2026-09-12T15:02:05Z /tmp/test_edges9.txt 1MB TMP
DELETED 2026-09-12T15:02:05Z /tmp/tmpe7sewk2i.txt 1MB TMP
DELETED 2026-09-12T15:02:05Z /tmp/tmpvcllclxd.cpp 1MB TMP
DELETED 2026-09-12T15:02:05Z /tmp/gen8.py 1MB TMP
DELETED 2026-09-12T15:02:05Z /tmp/tmpojw0nixs 1MB TMP
DELETED 2026-09-12T15:02:05Z /tmp/run_sweep.sh 1MB TMP
DELETED 2026-09-12T15:02:05Z /tmp/tmpw9l_qq6w.gv 1MB TMP
DELETED 2026-09-12T15:02:05Z /tmp/tmpd647m84x.cpp 1MB TMP
DELETED 2026-09-12T15:02:05Z /tmp/count_code_rp1t_236.log 1MB TMP
DELETED 2026-09-12T15:02:05Z /tmp/tmplqg4gsvl 1MB TMP
DELETED 2026-09-12T15:02:05Z /tmp/pip-metadata-ckoh3jj2 1MB TMP
DELETED 2026-09-12T15:02:05Z /tmp/ctrl_memoff.log 1MB TMP
DELETED 2026-09-12T15:02:05Z /tmp/diag_sft2.py 1MB TMP
DELETED 2026-09-12T15:02:05Z /tmp/ho.b64.aj 1MB TMP
DELETED 2026-09-12T15:02:05Z /tmp/tmp_wn1oh27 1MB TMP
DELETED 2026-09-12T15:02:05Z /tmp/test7_in.txt 1MB TMP
DELETED 2026-09-12T15:02:05Z /tmp/nc.bak 1MB TMP
DELETED 2026-09-12T15:02:05Z /tmp/tmpv93tz4in.so 1MB TMP
DELETED 2026-09-12T15:02:05Z /tmp/pip-metadata-grw08xc_ 1MB TMP
DELETED 2026-09-12T15:02:05Z /tmp/ab_model.py 1MB TMP
DELETED 2026-09-12T15:02:05Z /tmp/wt.b64.am 1MB TMP
DELETED 2026-09-12T15:02:05Z /tmp/tmpbqrptq1e 1MB TMP
DELETED 2026-09-12T15:02:05Z /tmp/e1_w4.log 1MB TMP
DELETED 2026-09-12T15:02:05Z /tmp/tmpk8in_t49 1MB TMP
DELETED 2026-09-12T15:02:05Z /tmp/pip-install-joztrovn 1MB TMP
DELETED 2026-09-12T15:02:05Z /tmp/tmpgsaixl32.csv 1MB TMP
DELETED 2026-09-12T15:02:05Z /tmp/gate_ds_runs.wzmWgu 715MB TMP
DELETED 2026-09-12T15:02:05Z /tmp/pip-unpack-0yu_4mh_ 1MB TMP
DELETED 2026-09-12T15:02:05Z /tmp/o2.sh 1MB TMP
DELETED 2026-09-12T15:02:05Z /tmp/cache_loc.sh 1MB TMP
DELETED 2026-09-12T15:02:05Z /tmp/pip-metadata-iofsf24t 1MB TMP
DELETED 2026-09-12T15:02:05Z /tmp/tmp2t17xmm4 1MB TMP
DELETED 2026-09-12T15:02:05Z /tmp/tmpx8m3ghhn 1MB TMP
DELETED 2026-09-12T15:02:05Z /tmp/tmp1h9num6n 1MB TMP
DELETED 2026-09-12T15:02:05Z /tmp/pip-unpack-vnfleoqi 133MB TMP
DELETED 2026-09-12T15:02:05Z /tmp/tmpueucusqx 1MB TMP
DELETED 2026-09-12T15:02:05Z /tmp/g_kda.txt 1MB TMP
DELETED 2026-09-12T15:02:05Z /tmp/delete_tmp5.sh 1MB TMP
DELETED 2026-09-12T15:02:05Z /tmp/tmpgsd6zc67.png 1MB TMP
DELETED 2026-09-12T15:02:05Z /tmp/pip-unpack-3d5rj8wn 1MB TMP
DELETED 2026-09-12T15:02:05Z /tmp/tri7.txt 1MB TMP
DELETED 2026-09-12T15:02:05Z /tmp/ve_row_norms.py 1MB TMP
DELETED 2026-09-12T15:02:05Z /tmp/cs2.py 1MB TMP
DELETED 2026-09-12T15:02:05Z /tmp/tmpk0nvfvve 1MB TMP
DELETED 2026-09-12T15:02:05Z /tmp/score_frozen.py 1MB TMP
DELETED 2026-09-12T15:02:05Z /tmp/tmpabvnvoif 1MB TMP
DELETED 2026-09-12T15:02:05Z /tmp/tmpakuhnwqd 1MB TMP
DELETED 2026-09-12T15:02:05Z /tmp/audit_gate_contamination.py 1MB TMP
DELETED 2026-09-12T15:02:05Z /tmp/tmpiaq_gh8x 1MB TMP
DELETED 2026-09-12T15:02:05Z /tmp/tmpybfuy1qv 1MB TMP
DELETED 2026-09-12T15:02:05Z /tmp/shp.py 1MB TMP
DELETED 2026-09-12T15:02:05Z /tmp/sd.b64.ae 1MB TMP
DELETED 2026-09-12T15:02:05Z /tmp/gate_ds_a2.log 1MB TMP
DELETED 2026-09-12T15:02:05Z /tmp/torchelastic_dhq7ct7l 1MB TMP
DELETED 2026-09-12T15:02:05Z /tmp/torchelastic_6o5pfhjp 1MB TMP
DELETED 2026-09-12T15:02:05Z /tmp/tmpoi9toh81.csv 1MB TMP
DELETED 2026-09-12T15:02:05Z /tmp/ab.py 1MB TMP
DELETED 2026-09-12T15:02:05Z /tmp/mv2.py 1MB TMP
DELETED 2026-09-12T15:02:05Z /tmp/p2.sh 1MB TMP
DELETED 2026-09-12T15:02:05Z /tmp/e1t2.log 1MB TMP
DELETED 2026-09-12T15:02:05Z /tmp/de_read_cursor.py 1MB TMP
DELETED 2026-09-12T15:02:05Z /tmp/test_stopwords.txt 1MB TMP
DELETED 2026-09-12T15:02:05Z /tmp/pymp-nfm1f8bs 1MB TMP
DELETED 2026-09-12T15:02:05Z /tmp/tag_profiles.py 1MB TMP
DELETED 2026-09-12T15:02:05Z /tmp/tmp8phy9lfe 1MB TMP
DELETED 2026-09-12T15:02:05Z /tmp/w.err 0MB TMP
DELETED 2026-09-12T15:02:05Z /tmp/tmpd6ulm9sn 1MB TMP
DELETED 2026-09-12T15:02:05Z /tmp/p3.py 1MB TMP
DELETED 2026-09-12T15:02:05Z /tmp/da_ci 1MB TMP
DELETED 2026-09-12T15:02:05Z /tmp/attnres_triton.py 1MB TMP
DELETED 2026-09-12T15:02:05Z /tmp/pymp-aiskzgga 1MB TMP
DELETED 2026-09-12T15:02:05Z /tmp/tests 1MB TMP
DELETED 2026-09-12T15:02:05Z /tmp/pip-metadata-dwfz2n1e 1MB TMP
DELETED 2026-09-12T15:02:05Z /tmp/b0_val_final.txt 1MB TMP
DELETED 2026-09-12T15:02:05Z /tmp/tmp1nhk97uq 1MB TMP
DELETED 2026-09-12T15:02:05Z /tmp/e1_ok.log 1MB TMP
DELETED 2026-09-12T15:02:05Z /tmp/seats10.txt 1MB TMP
DELETED 2026-09-12T15:02:05Z /tmp/tmpu_u4rcvj 1MB TMP
DELETED 2026-09-12T15:02:05Z /tmp/a62 1MB TMP
DELETED 2026-09-12T15:02:05Z /tmp/s2_hypothesis.txt 1MB TMP
DELETED 2026-09-12T15:02:05Z /tmp/de_quota2.py 1MB TMP
DELETED 2026-09-12T15:02:05Z /tmp/pod.txt 1MB TMP
DELETED 2026-09-12T15:02:05Z /tmp/test4.ini 1MB TMP
DELETED 2026-09-12T15:02:05Z /tmp/gridsweep.log 1MB TMP
DELETED 2026-09-12T15:02:05Z /tmp/pkw2.sh 1MB TMP
DELETED 2026-09-12T15:02:05Z /tmp/torchelastic_ju_9e13i 1MB TMP
DELETED 2026-09-12T15:02:05Z /tmp/test_books1.txt 1MB TMP
DELETED 2026-09-12T15:02:05Z /tmp/tmpikr6r01u 1MB TMP
DELETED 2026-09-12T15:02:05Z /tmp/tmp861yldm0 1MB TMP
DELETED 2026-09-12T15:02:05Z /tmp/tmp92im8a_4 1MB TMP
DELETED 2026-09-12T15:02:05Z /tmp/test_repeats.txt 1MB TMP
DELETED 2026-09-12T15:02:05Z /tmp/tmpvarex6xa 1MB TMP
DELETED 2026-09-12T15:02:05Z /tmp/tmpzn37wqmq 1MB TMP
DELETED 2026-09-12T15:02:05Z /tmp/tmpg1hdcjy9 1MB TMP
DELETED 2026-09-12T15:02:05Z /tmp/tmpvkhj5jw4 1MB TMP
DELETED 2026-09-12T15:02:05Z /tmp/pip-download-mp31zra5 1MB TMP
DELETED 2026-09-12T15:02:05Z /tmp/tmp_lhiot3v 1MB TMP
DELETED 2026-09-12T15:02:05Z /tmp/pip-unpack-ldzcm0e6 281MB TMP
DELETED 2026-09-12T15:02:05Z /tmp/diag_fp32.py 1MB TMP
DELETED 2026-09-12T15:02:05Z /tmp/tmps2ggj3s5 1MB TMP
DELETED 2026-09-12T15:02:05Z /tmp/torchelastic_bvwwbfzt 1MB TMP
DELETED 2026-09-12T15:02:05Z /tmp/tmpgbtye6du 1MB TMP
DELETED 2026-09-12T15:02:05Z /tmp/pymp-3plwxxal 1MB TMP
DELETED 2026-09-12T15:02:05Z /tmp/tmprg9ynwrb 1MB TMP
DELETED 2026-09-12T15:02:05Z /tmp/tmpu55zjqjb.txt 1MB TMP
DELETED 2026-09-12T15:02:05Z /tmp/tmptxlgampt 1MB TMP
DELETED 2026-09-12T15:02:05Z /tmp/tmpjz71f1fh 1MB TMP
DELETED 2026-09-12T15:02:05Z /tmp/pip-metadata-gck1zafu 1MB TMP
DELETED 2026-09-12T15:02:05Z /tmp/torchelastic_hknn_d17 1MB TMP
DELETED 2026-09-12T15:02:05Z /tmp/resume_code_rp1t.py 1MB TMP
DELETED 2026-09-12T15:02:05Z /tmp/e1_w3.log 1MB TMP
DELETED 2026-09-12T15:02:05Z /tmp/dfa4.txt 1MB TMP
DELETED 2026-09-12T15:02:05Z /tmp/a.txt 1MB TMP
DELETED 2026-09-12T15:02:05Z /tmp/tmpspvewsg6 1MB TMP
DELETED 2026-09-12T15:02:05Z /tmp/tmp23jcvpvs.csv 1MB TMP
DELETED 2026-09-12T15:02:05Z /tmp/test_cand10.txt 1MB TMP
DELETED 2026-09-12T15:02:05Z /tmp/dc_new.py 0MB TMP
DELETED 2026-09-12T15:02:05Z /tmp/tmpb9spunlj 1MB TMP
DELETED 2026-09-12T15:02:05Z /tmp/pip_before.txt 1MB TMP
DELETED 2026-09-12T15:02:05Z /tmp/tmpezx79a61.txt 1MB TMP
DELETED 2026-09-12T15:02:05Z /tmp/tmp2so3f5s1 1MB TMP
DELETED 2026-09-12T15:02:05Z /tmp/tmpekncuv38 1MB TMP
DELETED 2026-09-12T15:02:05Z /tmp/tmpij8zkcck 1MB TMP
DELETED 2026-09-12T15:02:05Z /tmp/tmppf986g4p 1MB TMP
DELETED 2026-09-12T15:02:05Z /tmp/pl.sh 1MB TMP
DELETED 2026-09-12T15:02:05Z /tmp/tmpi4rnhh4i 1MB TMP
DELETED 2026-09-12T15:02:05Z /tmp/taste_step2500.json 1MB TMP
DELETED 2026-09-12T15:02:05Z /tmp/pip-unpack-2d45d88a 1MB TMP
DELETED 2026-09-12T15:02:05Z /tmp/tmpdc77ckwg 1MB TMP
DELETED 2026-09-12T15:02:05Z /tmp/tmpvei0x2xy 1MB TMP
DELETED 2026-09-12T15:02:05Z /tmp/measure_trunc.py 1MB TMP
DELETED 2026-09-12T15:02:05Z /tmp/de_quota.py 1MB TMP
DELETED 2026-09-12T15:02:05Z /tmp/s117.jsonl 13MB TMP
DELETED 2026-09-12T15:02:05Z /tmp/tmpoygjiff2 1MB TMP
DELETED 2026-09-12T15:02:05Z /tmp/pip-unpack-z1vd7k1q 1MB TMP
DELETED 2026-09-12T15:02:05Z /tmp/dup.py 1MB TMP
DELETED 2026-09-12T15:02:05Z /tmp/tmpdjqq0450.txt 1MB TMP
DELETED 2026-09-12T15:02:05Z /tmp/cap3.py 1MB TMP
DELETED 2026-09-12T15:02:05Z /tmp/_l9.py 1MB TMP
DELETED 2026-09-12T15:02:05Z /tmp/ho.b64.ae 1MB TMP
DELETED 2026-09-12T15:02:05Z /tmp/n7_ms3.sh 1MB TMP
DELETED 2026-09-12T15:02:05Z /tmp/tmp2crork_5 1MB TMP
DELETED 2026-09-12T15:02:05Z /tmp/jit_tests.tgz 1MB TMP
DELETED 2026-09-12T15:02:05Z /tmp/tie_test.bin 1MB TMP
DELETED 2026-09-12T15:02:05Z /tmp/tmpsunjpf5c 1MB TMP
DELETED 2026-09-12T15:02:05Z /tmp/tok_probe.sh 1MB TMP
DELETED 2026-09-12T15:02:05Z /tmp/tmpt4x45uwo 1MB TMP
DELETED 2026-09-12T15:02:05Z /tmp/b0_verify_endpoint.py 1MB TMP
DELETED 2026-09-12T15:02:05Z /tmp/test1.csv 1MB TMP
DELETED 2026-09-12T15:02:05Z /tmp/tmp_kolfz94 1MB TMP
DELETED 2026-09-12T15:02:05Z /tmp/torchelastic_p_xdvepz 1MB TMP
DELETED 2026-09-12T15:02:05Z /tmp/smoke_loop_only.pt 394MB TMP
DELETED 2026-09-12T15:02:05Z /tmp/shape_check_runner.sh 1MB TMP
DELETED 2026-09-12T15:02:05Z /tmp/tmpnvra1aer 1MB TMP
DELETED 2026-09-12T15:02:05Z /tmp/torchelastic_emlh176z 1MB TMP
DELETED 2026-09-12T15:02:05Z /tmp/tmpze3d9cd2 1MB TMP
DELETED 2026-09-12T15:02:05Z /tmp/b0_reclose.sh 1MB TMP
DELETED 2026-09-12T15:02:05Z /tmp/pip-unpack-jmrjteit 1MB TMP
DELETED 2026-09-12T15:02:05Z /tmp/t.jsonl 1MB TMP
DELETED 2026-09-12T15:02:05Z /tmp/ultra_v20000.json 2MB TMP
DELETED 2026-09-12T15:02:05Z /tmp/pip-build-tracker-qdxroqiq 1MB TMP
DELETED 2026-09-12T15:02:05Z /tmp/pip-build-tracker-kq368zgf 1MB TMP
DELETED 2026-09-12T15:02:05Z /tmp/torchelastic_ivpshous 1MB TMP
DELETED 2026-09-12T15:02:05Z /tmp/test_mixsrc.py 1MB TMP
DELETED 2026-09-12T15:02:05Z /tmp/b0_ht.py 1MB TMP
DELETED 2026-09-12T15:02:05Z /tmp/t24_sample.log 1MB TMP
DELETED 2026-09-12T15:02:05Z /tmp/tmpvrsldepi 1MB TMP
DELETED 2026-09-12T15:02:05Z /tmp/torchelastic_m7pw4guf 1MB TMP
DELETED 2026-09-12T15:02:05Z /tmp/uv_sync_accept2.sh 1MB TMP
DELETED 2026-09-12T15:02:05Z /tmp/tmp_ztepnaa.txt 1MB TMP
DELETED 2026-09-12T15:02:05Z /tmp/tmpa9kxa9bd 1MB TMP
DELETED 2026-09-12T15:02:05Z /tmp/tmpqu4q8t8_ 1MB TMP
DELETED 2026-09-12T15:02:05Z /tmp/n7_hf.sh 1MB TMP
DELETED 2026-09-12T15:02:05Z /tmp/torchelastic_d65xmno8 1MB TMP
DELETED 2026-09-12T15:02:05Z /tmp/tmp5wfywlqt 1MB TMP
DELETED 2026-09-12T15:02:05Z /tmp/pp.sh 1MB TMP
DELETED 2026-09-12T15:02:05Z /tmp/launch_data_leg.log 1MB TMP
DELETED 2026-09-12T15:02:05Z /tmp/sd_score.sh 1MB TMP
DELETED 2026-09-12T15:02:05Z /tmp/tmp2e1k34sk 1MB TMP
DELETED 2026-09-12T15:02:05Z /tmp/3b_final.log 1MB TMP
DELETED 2026-09-12T15:02:05Z /tmp/tmpsjjefrnk 1MB TMP
DELETED 2026-09-12T15:02:05Z /tmp/test4.txt 1MB TMP
DELETED 2026-09-12T15:02:05Z /tmp/orphan_test2.sh 1MB TMP
DELETED 2026-09-12T15:02:05Z /tmp/tmpkp6ri32p 1MB TMP
DELETED 2026-09-12T15:02:05Z /tmp/taste.py 1MB TMP
DELETED 2026-09-12T15:02:05Z /tmp/wt.b64.bb 1MB TMP
DELETED 2026-09-12T15:02:05Z /tmp/pip-build-tracker-gxs779pd 1MB TMP
DELETED 2026-09-12T15:02:05Z /tmp/pip-unpack-ul3d7lz7 1MB TMP
DELETED 2026-09-12T15:02:05Z /tmp/tmpk74tqinh 1MB TMP
DELETED 2026-09-12T15:02:05Z /tmp/tmpvz7ehhhy 1MB TMP
DELETED 2026-09-12T15:02:05Z /tmp/allflags.txt 1MB TMP
DELETED 2026-09-12T15:02:05Z /tmp/tmpmag_nq_z 1MB TMP
DELETED 2026-09-12T15:02:05Z /tmp/tmp1e592jrp 1MB TMP
DELETED 2026-09-12T15:02:05Z /tmp/reg_patched.log 1MB TMP
DELETED 2026-09-12T15:02:05Z /tmp/pymp-dbnmwz5y 1MB TMP
DELETED 2026-09-12T15:02:05Z /tmp/e1_tokeval3.log 0MB TMP
DELETED 2026-09-12T15:02:05Z /tmp/single_word.txt 1MB TMP
DELETED 2026-09-12T15:02:05Z /tmp/tmp0yab1eec 1MB TMP
DELETED 2026-09-12T15:02:05Z /tmp/tmpq3s306zp 1MB TMP
DELETED 2026-09-12T15:02:05Z /tmp/test3a.txt 1MB TMP
DELETED 2026-09-12T15:02:05Z /tmp/tmpa94br5uy 1MB TMP
DELETED 2026-09-12T15:02:05Z /tmp/tmpohahek0y 0MB TMP
DELETED 2026-09-12T15:02:05Z /tmp/ho.b64.ag 1MB TMP
DELETED 2026-09-12T15:02:05Z /tmp/torchelastic_6p52xxvs 1MB TMP
DELETED 2026-09-12T15:02:05Z /tmp/extract_typed_spans.py 1MB TMP
DELETED 2026-09-12T15:02:05Z /tmp/fetch_all_ultra.sh 1MB TMP
DELETED 2026-09-12T15:02:05Z /tmp/s000.jsonl 13MB TMP
DELETED 2026-09-12T15:02:05Z /tmp/test_numbers.txt 1MB TMP
DELETED 2026-09-12T15:02:05Z /tmp/tmpou2woeqh 1MB TMP
DELETED 2026-09-12T15:02:05Z /tmp/tmpnf7nyb_u 1MB TMP
DELETED 2026-09-12T15:02:05Z /tmp/wt.b64.cy 1MB TMP
DELETED 2026-09-12T15:02:05Z /tmp/torchelastic_wry96dxd 1MB TMP
DELETED 2026-09-12T15:02:05Z /tmp/tmp2ldo902x 1MB TMP
DELETED 2026-09-12T15:02:05Z /tmp/torchelastic_m9sqy1ab 1MB TMP
DELETED 2026-09-12T15:02:05Z /tmp/tmpxchxrpw3 1MB TMP
DELETED 2026-09-12T15:02:05Z /tmp/pip-unpack-aiq2ah_m 58MB TMP
DELETED 2026-09-12T15:02:05Z /tmp/hg.py 1MB TMP
DELETED 2026-09-12T15:02:05Z /tmp/e2e2.log 1MB TMP
DELETED 2026-09-12T15:02:05Z /tmp/tmp_o_sh7ig 1MB TMP
DELETED 2026-09-12T15:02:05Z /tmp/tmpf8p5i7dc 1MB TMP
DELETED 2026-09-12T15:02:05Z /tmp/e1_rt2.log 1MB TMP
DELETED 2026-09-12T15:02:05Z /tmp/pretok_rest.log 1MB TMP
DELETED 2026-09-12T15:02:05Z /tmp/tmpbma_kxd1 1MB TMP
DELETED 2026-09-12T15:02:05Z /tmp/tmpd6ygii9l.txt 0MB TMP
DELETED 2026-09-12T15:02:05Z /tmp/torchelastic_fkvcobk8 1MB TMP
DELETED 2026-09-12T15:02:05Z /tmp/torchelastic_y78wnc7z 1MB TMP
DELETED 2026-09-12T15:02:05Z /tmp/pip-metadata-fjqwzgwy 1MB TMP
DELETED 2026-09-12T15:02:05Z /tmp/tmpmq41rxsm 1MB TMP
DELETED 2026-09-12T15:02:05Z /tmp/out5.txt 1MB TMP
DELETED 2026-09-12T15:02:05Z /tmp/pip-ephem-wheel-cache-x6a5l6mc 1MB TMP
DELETED 2026-09-12T15:02:05Z /tmp/split.py 1MB TMP
DELETED 2026-09-12T15:02:05Z /tmp/pip-unpack-k1ekez0t 1MB TMP
DELETED 2026-09-12T15:02:05Z /tmp/3b_measure.log 1MB TMP
DELETED 2026-09-12T15:02:05Z /tmp/sum_test.txt 1MB TMP
DELETED 2026-09-12T15:02:05Z /tmp/tmp23esmizf 1MB TMP
DELETED 2026-09-12T15:02:05Z /tmp/tmp12nt__fk 1MB TMP
DELETED 2026-09-12T15:02:05Z /tmp/dkw_patched.py 1MB TMP
DELETED 2026-09-12T15:02:05Z /tmp/clean_ctrl.raw 1MB TMP
DELETED 2026-09-12T15:02:05Z /tmp/test_primes8.txt 1MB TMP
DELETED 2026-09-12T15:02:05Z /tmp/tmp_n0fau_y 1MB TMP
DELETED 2026-09-12T15:02:05Z /tmp/bufp.py 1MB TMP
DELETED 2026-09-12T15:02:05Z /tmp/lcp2.py 1MB TMP
DELETED 2026-09-12T15:02:05Z /tmp/pip-unpack-ae6fc77e 86MB TMP
DELETED 2026-09-12T15:02:05Z /tmp/tmp9a1z3zwa 1MB TMP
DELETED 2026-09-12T15:02:05Z /tmp/guards2.patch 1MB TMP
DELETED 2026-09-12T15:02:05Z /tmp/tri4.txt 1MB TMP
DELETED 2026-09-12T15:02:05Z /tmp/tmpuyh4q3e8 1MB TMP
DELETED 2026-09-12T15:02:05Z /tmp/tmp1ece3ar1 1MB TMP
DELETED 2026-09-12T15:02:05Z /tmp/tmpjt460kk7 1MB TMP
DELETED 2026-09-12T15:02:05Z /tmp/tmpr3hdjsib.so 1MB TMP
DELETED 2026-09-12T15:02:05Z /tmp/test8a.txt 1MB TMP
DELETED 2026-09-12T15:02:05Z /tmp/tmpva75j09j 1MB TMP
DELETED 2026-09-12T15:02:05Z /tmp/man_p.txt 1MB TMP
DELETED 2026-09-12T15:02:05Z /tmp/tmpc5dnmh1i.db 0MB TMP
DELETED 2026-09-12T15:02:05Z /tmp/pip-download-sytafe6d 1MB TMP
DELETED 2026-09-12T15:02:05Z /tmp/tmpky8r4zi2 1MB TMP
DELETED 2026-09-12T15:02:05Z /tmp/torchelastic__gs0mxaj 1MB TMP
DELETED 2026-09-12T15:02:05Z /tmp/b0_step5k.log 1MB TMP
DELETED 2026-09-12T15:02:05Z /tmp/pip-unpack-xzdtsat3 229MB TMP
DELETED 2026-09-12T15:02:05Z /tmp/search_tc_tokens.sh 1MB TMP
DELETED 2026-09-12T15:02:05Z /tmp/test1.cnf 1MB TMP
DELETED 2026-09-12T15:02:05Z /tmp/e1_launch_v2.sh 1MB TMP
DELETED 2026-09-12T15:02:05Z /tmp/de_batch_audit.py 1MB TMP
DELETED 2026-09-12T15:02:05Z /tmp/fd584c7b49544600894744ccb6381bd9-pulp.mps 1MB TMP
DELETED 2026-09-12T15:02:05Z /tmp/tmpjievedhn 1MB TMP
DELETED 2026-09-12T15:02:05Z /tmp/tmpnjjn5ax3 1MB TMP
DELETED 2026-09-12T15:02:05Z /tmp/tmplk96vfk5 1MB TMP
DELETED 2026-09-12T15:02:05Z /tmp/wt.b64.bp 1MB TMP
DELETED 2026-09-12T15:02:05Z /tmp/data-gym-cache 8MB TMP
DELETED 2026-09-12T15:02:05Z /tmp/pip-unpack-1y9ifzik 1MB TMP
DELETED 2026-09-12T15:02:05Z /tmp/pip-unpack-z4q10lkn 1MB TMP
DELETED 2026-09-12T15:02:05Z /tmp/tmpulaf4_e3 1MB TMP
DELETED 2026-09-12T15:02:05Z /tmp/tmpvug3wdvw 1MB TMP
DELETED 2026-09-12T15:02:05Z /tmp/test3.fasta 1MB TMP
DELETED 2026-09-12T15:02:05Z /tmp/test10.ini 0MB TMP
DELETED 2026-09-12T15:02:05Z /tmp/sample_audit.py 1MB TMP
DELETED 2026-09-12T15:02:05Z /tmp/tmpv15zotej 1MB TMP
DELETED 2026-09-12T15:02:05Z /tmp/cap2.py 1MB TMP
DELETED 2026-09-12T15:02:05Z /tmp/test_ws.txt 1MB TMP
DELETED 2026-09-12T15:02:05Z /tmp/zhpar.py 1MB TMP
DELETED 2026-09-12T15:02:05Z /tmp/tmplnh0lcyw 1MB TMP
DELETED 2026-09-12T15:02:05Z /tmp/test1_in.txt 1MB TMP
DELETED 2026-09-12T15:02:05Z /tmp/tmps0s1t7d5.txt 1MB TMP
DELETED 2026-09-12T15:02:05Z /tmp/pip-unpack-tlkexoeb 1MB TMP
DELETED 2026-09-12T15:02:05Z /tmp/pip-unpack-vmz3j794 1MB TMP
DELETED 2026-09-12T15:02:05Z /tmp/record_8b_baseline.py 1MB TMP
DELETED 2026-09-12T15:02:05Z /tmp/tmp3vl8ceuw 1MB TMP
DELETED 2026-09-12T15:02:05Z /tmp/tmp8ydhbonp.txt 1MB TMP
DELETED 2026-09-12T15:02:05Z /tmp/b0_launch.out 1MB TMP
DELETED 2026-09-12T15:02:05Z /tmp/tmpnfwvbq9s 1MB TMP
DELETED 2026-09-12T15:02:05Z /tmp/ab_launch.log 1MB TMP
DELETED 2026-09-12T15:02:05Z /tmp/graph2.txt 1MB TMP
DELETED 2026-09-12T15:02:05Z /tmp/tmp3hnpazuh 1MB TMP
DELETED 2026-09-12T15:02:05Z /tmp/tmpc27zyui7.txt 1MB TMP
DELETED 2026-09-12T15:02:05Z /tmp/pymp-ze2fht90 1MB TMP
DELETED 2026-09-12T15:02:05Z /tmp/3b_measure 1MB TMP
DELETED 2026-09-12T15:02:05Z /tmp/tmpg55so8ph 1MB TMP
DELETED 2026-09-12T15:02:05Z /tmp/m6.txt 1MB TMP
DELETED 2026-09-12T15:02:05Z /tmp/pip-unpack-z06ugiog 1MB TMP
DELETED 2026-09-12T15:02:05Z /tmp/test_neg.txt 1MB TMP
DELETED 2026-09-12T15:02:05Z /tmp/pip-metadata-gfq998en 1MB TMP
DELETED 2026-09-12T15:02:05Z /tmp/pip-metadata-rti92v_w 1MB TMP
DELETED 2026-09-12T15:02:05Z /tmp/tmpoy42ix9k 1MB TMP
DELETED 2026-09-12T15:02:05Z /tmp/torchelastic_311en177 1MB TMP
DELETED 2026-09-12T15:02:05Z /tmp/b0_bias_spread.py 1MB TMP
DELETED 2026-09-12T15:02:05Z /tmp/tmpvskmb3fe.db 0MB TMP
DELETED 2026-09-12T15:02:05Z /tmp/tmpik9iiq52 1MB TMP
DELETED 2026-09-12T15:02:05Z /tmp/tmp98tfr_4x 1MB TMP
DELETED 2026-09-12T15:02:05Z /tmp/readcfg.py 1MB TMP
DELETED 2026-09-12T15:02:05Z /tmp/tmpl871pjdt 1MB TMP
DELETED 2026-09-12T15:02:05Z /tmp/pip-metadata-fu7jwget 1MB TMP
DELETED 2026-09-12T15:02:05Z /tmp/tmp3iv35vdm.txt 1MB TMP
DELETED 2026-09-12T15:02:05Z /tmp/agg_test.py 1MB TMP
DELETED 2026-09-12T15:02:05Z /tmp/tmptkzx8jv4 1MB TMP
DELETED 2026-09-12T15:02:05Z /tmp/tmp2kkcn762 1MB TMP
DELETED 2026-09-12T15:02:05Z /tmp/q2.py 1MB TMP
DELETED 2026-09-12T15:02:05Z /tmp/simple_cipher2.txt 1MB TMP
DELETED 2026-09-12T15:02:05Z /tmp/b0_worlds2.sh 1MB TMP
DELETED 2026-09-12T15:02:05Z /tmp/graph8.txt 1MB TMP
DELETED 2026-09-12T15:02:05Z /tmp/de_opt_cost.py 1MB TMP
DELETED 2026-09-12T15:02:05Z /tmp/pip-unpack-0k6hdkoq 1MB TMP
DELETED 2026-09-12T15:02:05Z /tmp/diag_raw.py 1MB TMP
DELETED 2026-09-12T15:02:05Z /tmp/zh_web_listing.txt 1MB TMP
DELETED 2026-09-12T15:02:05Z /tmp/sales4.csv 1MB TMP
DELETED 2026-09-12T15:02:05Z /tmp/pip-metadata-xhh3ala7 1MB TMP
DELETED 2026-09-12T15:02:05Z /tmp/tmphm8ukpbs.txt 1MB TMP
DELETED 2026-09-12T15:02:05Z /tmp/torchelastic_i_dzhx1p 1MB TMP
DELETED 2026-09-12T15:02:05Z /tmp/test1a.txt 1MB TMP
DELETED 2026-09-12T15:02:05Z /tmp/b0_31_ready_20s 1MB TMP
DELETED 2026-09-12T15:02:05Z /tmp/tmpgi08pccy 1MB TMP
DELETED 2026-09-12T15:02:05Z /tmp/leak.py 1MB TMP
DELETED 2026-09-12T15:02:05Z /tmp/out_unbuffered.log 1MB TMP
DELETED 2026-09-12T15:02:05Z /tmp/pip-unpack-afxhjozs 251MB TMP
DELETED 2026-09-12T15:02:05Z /tmp/tmp76zpfubr 1MB TMP
DELETED 2026-09-12T15:02:05Z /tmp/tmplpb7fhr6 1MB TMP
DELETED 2026-09-12T15:02:05Z /tmp/revert.log 1MB TMP
DELETED 2026-09-12T15:02:05Z /tmp/tmp_b5bprc9 1MB TMP
DELETED 2026-09-12T15:02:05Z /tmp/pip-unpack-cspbc_8b 1MB TMP
DELETED 2026-09-12T15:02:05Z /tmp/tmpioh5_rzo 1MB TMP
DELETED 2026-09-12T15:02:05Z /tmp/test_single_edge.txt 1MB TMP
DELETED 2026-09-12T15:02:05Z /tmp/tmp0yo88zd9 1MB TMP
DELETED 2026-09-12T15:02:05Z /tmp/tmprjdyomhj 1MB TMP
DELETED 2026-09-12T15:02:05Z /tmp/tmp3dsnzlj4 1MB TMP
DELETED 2026-09-12T15:02:05Z /tmp/tmp_4gitiez 1MB TMP
DELETED 2026-09-12T15:02:05Z /tmp/tmp0a7o2dqi 1MB TMP
DELETED 2026-09-12T15:02:05Z /tmp/d.txt 1MB TMP
DELETED 2026-09-12T15:02:05Z /tmp/tmphvgzuxme 1MB TMP
DELETED 2026-09-12T15:02:05Z /tmp/tmp_swhf_to 1MB TMP
DELETED 2026-09-12T15:02:05Z /tmp/zh_web_tokens.json 1MB TMP
DELETED 2026-09-12T15:02:05Z /tmp/rebuild.sh 1MB TMP
DELETED 2026-09-12T15:02:05Z /tmp/tmp2yzx9qzc 1MB TMP
DELETED 2026-09-12T15:02:05Z /tmp/torchelastic_fwols0i5 1MB TMP
DELETED 2026-09-12T15:02:05Z /tmp/tmpq7n71rj5.txt 1MB TMP
DELETED 2026-09-12T15:02:05Z /tmp/tmpqez9qvah.txt 1MB TMP
DELETED 2026-09-12T15:02:05Z /tmp/pretok_cot.log 1MB TMP
DELETED 2026-09-12T15:02:05Z /tmp/grammar2.txt 1MB TMP
DELETED 2026-09-12T15:02:05Z /tmp/tmpy49vdzrf.cpp 1MB TMP
DELETED 2026-09-12T15:02:05Z /tmp/tmpz0nl4ixc 1MB TMP
DELETED 2026-09-12T15:02:05Z /tmp/pip-metadata-6r1oylyt 1MB TMP
DELETED 2026-09-12T15:02:05Z /tmp/bench_batch.py 1MB TMP
DELETED 2026-09-12T15:02:05Z /tmp/tmpap_7164x 1MB TMP
DELETED 2026-09-12T15:02:05Z /tmp/tracked.txt 0MB TMP
DELETED 2026-09-12T15:02:05Z /tmp/finemath_v.log 1MB TMP
DELETED 2026-09-12T15:02:05Z /tmp/pip-unpack-8ec8b5m1 350MB TMP
DELETED 2026-09-12T15:02:05Z /tmp/pip-metadata-xejmd1dm 1MB TMP
DELETED 2026-09-12T15:02:05Z /tmp/curve_table.py 1MB TMP
DELETED 2026-09-12T15:02:05Z /tmp/test2b.txt 1MB TMP
DELETED 2026-09-12T15:02:05Z /tmp/wheels 1MB TMP
DELETED 2026-09-12T15:02:05Z /tmp/gdrcopy-2.5.1 2MB TMP
deleted_items=3715 skipped=0 freed_mb=62994
disk_after used=1334904M avail=645310M
SWEEP1_TMP_DONE 2026-09-12T15:02:05Z
