W0831 10:19:25.985000 666272 torch/distributed/run.py:851] 
W0831 10:19:25.985000 666272 torch/distributed/run.py:851] *****************************************
W0831 10:19:25.985000 666272 torch/distributed/run.py:851] Setting OMP_NUM_THREADS environment variable for each process to be 1 in default, to avoid your system being overloaded, please further tune the variable for optimal performance in your application as needed. 
W0831 10:19:25.985000 666272 torch/distributed/run.py:851] *****************************************
corpus_fp: {'web_hq': '30838d423348b2e5', 'textbook': '3f237c5191cb8571', 'wiki': '44eb88458cfb3ed5', 'en': '9f37cb35219bb617', 'math': 'e1e86aa0b594c5ed', 'code': '5bb775eae9029669', 'chat': '080fdd63401b4ff9'}
/usr/local/lib/python3.12/dist-packages/torch/distributed/c10d_logger.py:83: UserWarning: barrier(): using the device under current context. You can specify `device_id` in `init_process_group` to mute this warning.
  return func(*args, **kwargs)
[rank0]:[W831 10:19:43.807568579 ProcessGroupNCCL.cpp:5188] Guessing device ID based on global rank. This can cause a hang if rank to GPU mapping is heterogeneous. You can specify device_id in init_process_group()
mix: web_hq 15811 rows = 0.05 epochs
mix: textbook 24228 rows = 0.06 epochs
mix: wiki 3696 rows = 0.06 epochs
mix: en 2418 rows = 0.06 epochs
mix: math 1228 rows = 0.06 epochs
mix: code 865 rows = 0.06 epochs
mix: chat 574 rows = 0.06 epochs
mix: 48820 rows = 0.20B tokens scheduled
FP8 compute enabled
params 206.1M | tokens 6974 | seqs 6974 | device cuda:0 | world 7 | fa True | fp8 True
cfg batch 16 accum 2 seq 4096 grad_ckpt False doc_mask True attn_res True/0 softcap 15.0 warmup 20 epochs 1 lr_scale 1.0 mix data/mix_scale_0.2b.json fone False
dynamo cache_size_limit=64 (need 25)
[rank1]:W0831 10:19:57.771000 666363 torch/_logging/_internal.py:1279] [0/0] Profiler record function <class 'torch.autograd.profiler.record_function'> will be ignored
[rank0]:W0831 10:19:57.779000 666362 torch/_logging/_internal.py:1279] [0/0] Profiler record function <class 'torch.autograd.profiler.record_function'> will be ignored
[rank5]:W0831 10:19:57.780000 666367 torch/_logging/_internal.py:1279] [0/0] Profiler record function <class 'torch.autograd.profiler.record_function'> will be ignored
[rank6]:W0831 10:19:57.781000 666368 torch/_logging/_internal.py:1279] [0/0] Profiler record function <class 'torch.autograd.profiler.record_function'> will be ignored
[rank4]:W0831 10:19:57.786000 666366 torch/_logging/_internal.py:1279] [0/0] Profiler record function <class 'torch.autograd.profiler.record_function'> will be ignored
[rank2]:W0831 10:19:57.898000 666364 torch/_logging/_internal.py:1279] [0/0] Profiler record function <class 'torch.autograd.profiler.record_function'> will be ignored
[rank3]:W0831 10:19:57.898000 666365 torch/_logging/_internal.py:1279] [0/0] Profiler record function <class 'torch.autograd.profiler.record_function'> will be ignored
/usr/local/lib/python3.12/dist-packages/torch/_inductor/lowering.py:7836: UserWarning: 
Online softmax is disabled on the fly since Inductor decides to
split the reduction. Cut an issue to PyTorch if this is an
important use case and you want to speed it up with online
softmax.

  warnings.warn(
/usr/local/lib/python3.12/dist-packages/torch/_inductor/lowering.py:7836: UserWarning: 
Online softmax is disabled on the fly since Inductor decides to
split the reduction. Cut an issue to PyTorch if this is an
important use case and you want to speed it up with online
softmax.

  warnings.warn(
/usr/local/lib/python3.12/dist-packages/torch/_inductor/lowering.py:7836: UserWarning: 
Online softmax is disabled on the fly since Inductor decides to
split the reduction. Cut an issue to PyTorch if this is an
important use case and you want to speed it up with online
softmax.

  warnings.warn(
/usr/local/lib/python3.12/dist-packages/torch/_inductor/lowering.py:7836: UserWarning: 
Online softmax is disabled on the fly since Inductor decides to
split the reduction. Cut an issue to PyTorch if this is an
important use case and you want to speed it up with online
softmax.

  warnings.warn(
/usr/local/lib/python3.12/dist-packages/torch/_inductor/lowering.py:7836: UserWarning: 
Online softmax is disabled on the fly since Inductor decides to
split the reduction. Cut an issue to PyTorch if this is an
important use case and you want to speed it up with online
softmax.

  warnings.warn(
/usr/local/lib/python3.12/dist-packages/torch/_inductor/lowering.py:7836: UserWarning: 
Online softmax is disabled on the fly since Inductor decides to
split the reduction. Cut an issue to PyTorch if this is an
important use case and you want to speed it up with online
softmax.

  warnings.warn(
/usr/local/lib/python3.12/dist-packages/torch/_inductor/lowering.py:7836: UserWarning: 
Online softmax is disabled on the fly since Inductor decides to
split the reduction. Cut an issue to PyTorch if this is an
important use case and you want to speed it up with online
softmax.

  warnings.warn(
/usr/local/lib/python3.12/dist-packages/torch/_inductor/select_algorithm.py:3686: UserWarning: TypedStorage is deprecated. It will be removed in the future and UntypedStorage will be the only storage class. This should only matter to you if you are using storages directly.  To access UntypedStorage directly, use tensor.untyped_storage() instead of tensor.storage()
  current_out_size = out_base.storage().size()
/usr/local/lib/python3.12/dist-packages/torch/_inductor/select_algorithm.py:3686: UserWarning: TypedStorage is deprecated. It will be removed in the future and UntypedStorage will be the only storage class. This should only matter to you if you are using storages directly.  To access UntypedStorage directly, use tensor.untyped_storage() instead of tensor.storage()
  current_out_size = out_base.storage().size()
/usr/local/lib/python3.12/dist-packages/torch/_inductor/select_algorithm.py:3686: UserWarning: TypedStorage is deprecated. It will be removed in the future and UntypedStorage will be the only storage class. This should only matter to you if you are using storages directly.  To access UntypedStorage directly, use tensor.untyped_storage() instead of tensor.storage()
  current_out_size = out_base.storage().size()
/usr/local/lib/python3.12/dist-packages/torch/_inductor/select_algorithm.py:3686: UserWarning: TypedStorage is deprecated. It will be removed in the future and UntypedStorage will be the only storage class. This should only matter to you if you are using storages directly.  To access UntypedStorage directly, use tensor.untyped_storage() instead of tensor.storage()
  current_out_size = out_base.storage().size()
/usr/local/lib/python3.12/dist-packages/torch/_inductor/select_algorithm.py:3686: UserWarning: TypedStorage is deprecated. It will be removed in the future and UntypedStorage will be the only storage class. This should only matter to you if you are using storages directly.  To access UntypedStorage directly, use tensor.untyped_storage() instead of tensor.storage()
  current_out_size = out_base.storage().size()
/usr/local/lib/python3.12/dist-packages/torch/_inductor/select_algorithm.py:3686: UserWarning: TypedStorage is deprecated. It will be removed in the future and UntypedStorage will be the only storage class. This should only matter to you if you are using storages directly.  To access UntypedStorage directly, use tensor.untyped_storage() instead of tensor.storage()
  current_out_size = out_base.storage().size()
/usr/local/lib/python3.12/dist-packages/torch/_inductor/select_algorithm.py:3686: UserWarning: TypedStorage is deprecated. It will be removed in the future and UntypedStorage will be the only storage class. This should only matter to you if you are using storages directly.  To access UntypedStorage directly, use tensor.untyped_storage() instead of tensor.storage()
  current_out_size = out_base.storage().size()
Autotune Choices Stats:
{"num_choices": 106, "num_triton_choices": 105, "best_kernel": "triton_mm_3", "best_kernel_desc": "ACC_TYPE='tl.float32', ALLOW_TF32=True, BLOCK_K=32, BLOCK_M=64, BLOCK_N=256, EVEN_K=True, GROUP_M=8, USE_FAST_ACCUM=True, num_stages=4, num_warps=4", "best_time": 1.4571839570999146, "best_triton_pos": 0}
AUTOTUNE scaled_mm(65536x1024, 1024x3072, , )
strides: [1024, 1], [1, 1024], [], []
dtypes: torch.float8_e4m3fn, torch.float8_e4m3fn, torch.float32, torch.float32
  triton_mm_3 1.4572 ms 100.0% ACC_TYPE='tl.float32', ALLOW_TF32=True, BLOCK_K=32, BLOCK_M=64, BLOCK_N=256, EVEN_K=True, GROUP_M=8, USE_FAST_ACCUM=True, num_stages=4, num_warps=4
  triton_mm_6 1.4596 ms 99.8% ACC_TYPE='tl.float32', ALLOW_TF32=True, BLOCK_K=32, BLOCK_M=64, BLOCK_N=128, EVEN_K=True, GROUP_M=8, USE_FAST_ACCUM=True, num_stages=4, num_warps=4
  triton_mm_5 1.4606 ms 99.8% ACC_TYPE='tl.float32', ALLOW_TF32=True, BLOCK_K=32, BLOCK_M=128, BLOCK_N=64, EVEN_K=True, GROUP_M=8, USE_FAST_ACCUM=True, num_stages=4, num_warps=4
  triton_mm_99 1.4608 ms 99.8% ACC_TYPE='tl.float32', ALLOW_TF32=True, BLOCK_K=128, BLOCK_M=64, BLOCK_N=128, EVEN_K=True, GROUP_M=8, USE_FAST_ACCUM=True, num_stages=2, num_warps=4
  triton_mm_100 1.4631 ms 99.6% ACC_TYPE='tl.float32', ALLOW_TF32=True, BLOCK_K=128, BLOCK_M=64, BLOCK_N=128, EVEN_K=True, GROUP_M=8, USE_FAST_ACCUM=True, num_stages=3, num_warps=4
  triton_mm_14 1.4658 ms 99.4% ACC_TYPE='tl.float32', ALLOW_TF32=True, BLOCK_K=64, BLOCK_M=64, BLOCK_N=128, EVEN_K=True, GROUP_M=8, USE_FAST_ACCUM=True, num_stages=4, num_warps=4
  triton_mm_15 1.4671 ms 99.3% ACC_TYPE='tl.float32', ALLOW_TF32=True, BLOCK_K=64, BLOCK_M=128, BLOCK_N=32, EVEN_K=True, GROUP_M=8, USE_FAST_ACCUM=True, num_stages=4, num_warps=4
  triton_mm_13 1.4702 ms 99.1% ACC_TYPE='tl.float32', ALLOW_TF32=True, BLOCK_K=64, BLOCK_M=128, BLOCK_N=64, EVEN_K=True, GROUP_M=8, USE_FAST_ACCUM=True, num_stages=4, num_warps=4
  _scaled_mm 1.4783 ms 98.6% 
  triton_mm_2 1.4894 ms 97.8% ACC_TYPE='tl.float32', ALLOW_TF32=True, BLOCK_K=32, BLOCK_M=256, BLOCK_N=64, EVEN_K=True, GROUP_M=8, USE_FAST_ACCUM=True, num_stages=4, num_warps=4
SingleProcess AUTOTUNE benchmarking takes 5.9715 seconds and 2.9204 seconds precompiling for 106 choices
Autotune Choices Stats:
{"num_choices": 106, "num_triton_choices": 105, "best_kernel": "triton_mm_99", "best_kernel_desc": "ACC_TYPE='tl.float32', ALLOW_TF32=True, BLOCK_K=128, BLOCK_M=64, BLOCK_N=128, EVEN_K=True, GROUP_M=8, USE_FAST_ACCUM=True, num_stages=2, num_warps=4", "best_time": 1.445631980895996, "best_triton_pos": 0}
AUTOTUNE scaled_mm(65536x1024, 1024x3072, , )
strides: [1024, 1], [1, 1024], [], []
dtypes: torch.float8_e4m3fn, torch.float8_e4m3fn, torch.float32, torch.float32
  triton_mm_99 1.4456 ms 100.0% ACC_TYPE='tl.float32', ALLOW_TF32=True, BLOCK_K=128, BLOCK_M=64, BLOCK_N=128, EVEN_K=True, GROUP_M=8, USE_FAST_ACCUM=True, num_stages=2, num_warps=4
  triton_mm_3 1.4462 ms 100.0% ACC_TYPE='tl.float32', ALLOW_TF32=True, BLOCK_K=32, BLOCK_M=64, BLOCK_N=256, EVEN_K=True, GROUP_M=8, USE_FAST_ACCUM=True, num_stages=4, num_warps=4
  triton_mm_100 1.4479 ms 99.8% ACC_TYPE='tl.float32', ALLOW_TF32=True, BLOCK_K=128, BLOCK_M=64, BLOCK_N=128, EVEN_K=True, GROUP_M=8, USE_FAST_ACCUM=True, num_stages=3, num_warps=4
  triton_mm_6 1.4500 ms 99.7% ACC_TYPE='tl.float32', ALLOW_TF32=True, BLOCK_K=32, BLOCK_M=64, BLOCK_N=128, EVEN_K=True, GROUP_M=8, USE_FAST_ACCUM=True, num_stages=4, num_warps=4
  triton_mm_14 1.4504 ms 99.7% ACC_TYPE='tl.float32', ALLOW_TF32=True, BLOCK_K=64, BLOCK_M=64, BLOCK_N=128, EVEN_K=True, GROUP_M=8, USE_FAST_ACCUM=True, num_stages=4, num_warps=4
  triton_mm_5 1.4519 ms 99.6% ACC_TYPE='tl.float32', ALLOW_TF32=True, BLOCK_K=32, BLOCK_M=128, BLOCK_N=64, EVEN_K=True, GROUP_M=8, USE_FAST_ACCUM=True, num_stages=4, num_warps=4
  triton_mm_13 1.4547 ms 99.4% ACC_TYPE='tl.float32', ALLOW_TF32=True, BLOCK_K=64, BLOCK_M=128, BLOCK_N=64, EVEN_K=True, GROUP_M=8, USE_FAST_ACCUM=True, num_stages=4, num_warps=4
  triton_mm_15 1.4637 ms 98.8% ACC_TYPE='tl.float32', ALLOW_TF32=True, BLOCK_K=64, BLOCK_M=128, BLOCK_N=32, EVEN_K=True, GROUP_M=8, USE_FAST_ACCUM=True, num_stages=4, num_warps=4
  _scaled_mm 1.4805 ms 97.6% 
  triton_mm_2 1.4844 ms 97.4% ACC_TYPE='tl.float32', ALLOW_TF32=True, BLOCK_K=32, BLOCK_M=256, BLOCK_N=64, EVEN_K=True, GROUP_M=8, USE_FAST_ACCUM=True, num_stages=4, num_warps=4
SingleProcess AUTOTUNE benchmarking takes 5.9601 seconds and 3.3424 seconds precompiling for 106 choices
Autotune Choices Stats:
{"num_choices": 106, "num_triton_choices": 105, "best_kernel": "triton_mm_6", "best_kernel_desc": "ACC_TYPE='tl.float32', ALLOW_TF32=True, BLOCK_K=32, BLOCK_M=64, BLOCK_N=128, EVEN_K=True, GROUP_M=8, USE_FAST_ACCUM=True, num_stages=4, num_warps=4", "best_time": 1.4556479454040527, "best_triton_pos": 0}
AUTOTUNE scaled_mm(65536x1024, 1024x3072, , )
strides: [1024, 1], [1, 1024], [], []
dtypes: torch.float8_e4m3fn, torch.float8_e4m3fn, torch.float32, torch.float32
  triton_mm_6 1.4556 ms 100.0% ACC_TYPE='tl.float32', ALLOW_TF32=True, BLOCK_K=32, BLOCK_M=64, BLOCK_N=128, EVEN_K=True, GROUP_M=8, USE_FAST_ACCUM=True, num_stages=4, num_warps=4
  triton_mm_3 1.4558 ms 100.0% ACC_TYPE='tl.float32', ALLOW_TF32=True, BLOCK_K=32, BLOCK_M=64, BLOCK_N=256, EVEN_K=True, GROUP_M=8, USE_FAST_ACCUM=True, num_stages=4, num_warps=4
  triton_mm_14 1.4580 ms 99.8% ACC_TYPE='tl.float32', ALLOW_TF32=True, BLOCK_K=64, BLOCK_M=64, BLOCK_N=128, EVEN_K=True, GROUP_M=8, USE_FAST_ACCUM=True, num_stages=4, num_warps=4
  triton_mm_5 1.4581 ms 99.8% ACC_TYPE='tl.float32', ALLOW_TF32=True, BLOCK_K=32, BLOCK_M=128, BLOCK_N=64, EVEN_K=True, GROUP_M=8, USE_FAST_ACCUM=True, num_stages=4, num_warps=4
  triton_mm_99 1.4588 ms 99.8% ACC_TYPE='tl.float32', ALLOW_TF32=True, BLOCK_K=128, BLOCK_M=64, BLOCK_N=128, EVEN_K=True, GROUP_M=8, USE_FAST_ACCUM=True, num_stages=2, num_warps=4
  triton_mm_100 1.4609 ms 99.6% ACC_TYPE='tl.float32', ALLOW_TF32=True, BLOCK_K=128, BLOCK_M=64, BLOCK_N=128, EVEN_K=True, GROUP_M=8, USE_FAST_ACCUM=True, num_stages=3, num_warps=4
  triton_mm_13 1.4625 ms 99.5% ACC_TYPE='tl.float32', ALLOW_TF32=True, BLOCK_K=64, BLOCK_M=128, BLOCK_N=64, EVEN_K=True, GROUP_M=8, USE_FAST_ACCUM=True, num_stages=4, num_warps=4
  triton_mm_15 1.4661 ms 99.3% ACC_TYPE='tl.float32', ALLOW_TF32=True, BLOCK_K=64, BLOCK_M=128, BLOCK_N=32, EVEN_K=True, GROUP_M=8, USE_FAST_ACCUM=True, num_stages=4, num_warps=4
  _scaled_mm 1.4784 ms 98.5% 
  triton_mm_2 1.4803 ms 98.3% ACC_TYPE='tl.float32', ALLOW_TF32=True, BLOCK_K=32, BLOCK_M=256, BLOCK_N=64, EVEN_K=True, GROUP_M=8, USE_FAST_ACCUM=True, num_stages=4, num_warps=4
SingleProcess AUTOTUNE benchmarking takes 6.1129 seconds and 2.9967 seconds precompiling for 106 choices
Autotune Choices Stats:
{"num_choices": 106, "num_triton_choices": 105, "best_kernel": "triton_mm_3", "best_kernel_desc": "ACC_TYPE='tl.float32', ALLOW_TF32=True, BLOCK_K=32, BLOCK_M=64, BLOCK_N=256, EVEN_K=True, GROUP_M=8, USE_FAST_ACCUM=True, num_stages=4, num_warps=4", "best_time": 1.4574719667434692, "best_triton_pos": 0}
AUTOTUNE scaled_mm(65536x1024, 1024x3072, , )
strides: [1024, 1], [1, 1024], [], []
dtypes: torch.float8_e4m3fn, torch.float8_e4m3fn, torch.float32, torch.float32
  triton_mm_3 1.4575 ms 100.0% ACC_TYPE='tl.float32', ALLOW_TF32=True, BLOCK_K=32, BLOCK_M=64, BLOCK_N=256, EVEN_K=True, GROUP_M=8, USE_FAST_ACCUM=True, num_stages=4, num_warps=4
  triton_mm_99 1.4584 ms 99.9% ACC_TYPE='tl.float32', ALLOW_TF32=True, BLOCK_K=128, BLOCK_M=64, BLOCK_N=128, EVEN_K=True, GROUP_M=8, USE_FAST_ACCUM=True, num_stages=2, num_warps=4
  triton_mm_6 1.4590 ms 99.9% ACC_TYPE='tl.float32', ALLOW_TF32=True, BLOCK_K=32, BLOCK_M=64, BLOCK_N=128, EVEN_K=True, GROUP_M=8, USE_FAST_ACCUM=True, num_stages=4, num_warps=4
  triton_mm_14 1.4594 ms 99.9% ACC_TYPE='tl.float32', ALLOW_TF32=True, BLOCK_K=64, BLOCK_M=64, BLOCK_N=128, EVEN_K=True, GROUP_M=8, USE_FAST_ACCUM=True, num_stages=4, num_warps=4
  triton_mm_100 1.4601 ms 99.8% ACC_TYPE='tl.float32', ALLOW_TF32=True, BLOCK_K=128, BLOCK_M=64, BLOCK_N=128, EVEN_K=True, GROUP_M=8, USE_FAST_ACCUM=True, num_stages=3, num_warps=4
  triton_mm_5 1.4619 ms 99.7% ACC_TYPE='tl.float32', ALLOW_TF32=True, BLOCK_K=32, BLOCK_M=128, BLOCK_N=64, EVEN_K=True, GROUP_M=8, USE_FAST_ACCUM=True, num_stages=4, num_warps=4
  triton_mm_13 1.4641 ms 99.5% ACC_TYPE='tl.float32', ALLOW_TF32=True, BLOCK_K=64, BLOCK_M=128, BLOCK_N=64, EVEN_K=True, GROUP_M=8, USE_FAST_ACCUM=True, num_stages=4, num_warps=4
  triton_mm_15 1.4682 ms 99.3% ACC_TYPE='tl.float32', ALLOW_TF32=True, BLOCK_K=64, BLOCK_M=128, BLOCK_N=32, EVEN_K=True, GROUP_M=8, USE_FAST_ACCUM=True, num_stages=4, num_warps=4
  _scaled_mm 1.4808 ms 98.4% 
  triton_mm_2 1.4814 ms 98.4% ACC_TYPE='tl.float32', ALLOW_TF32=True, BLOCK_K=32, BLOCK_M=256, BLOCK_N=64, EVEN_K=True, GROUP_M=8, USE_FAST_ACCUM=True, num_stages=4, num_warps=4
SingleProcess AUTOTUNE benchmarking takes 6.0981 seconds and 3.6616 seconds precompiling for 106 choices
Autotune Choices Stats:
{"num_choices": 106, "num_triton_choices": 105, "best_kernel": "triton_mm_99", "best_kernel_desc": "ACC_TYPE='tl.float32', ALLOW_TF32=True, BLOCK_K=128, BLOCK_M=64, BLOCK_N=128, EVEN_K=True, GROUP_M=8, USE_FAST_ACCUM=True, num_stages=2, num_warps=4", "best_time": 1.4504319429397583, "best_triton_pos": 0}
AUTOTUNE scaled_mm(65536x1024, 1024x3072, , )
strides: [1024, 1], [1, 1024], [], []
dtypes: torch.float8_e4m3fn, torch.float8_e4m3fn, torch.float32, torch.float32
  triton_mm_99 1.4504 ms 100.0% ACC_TYPE='tl.float32', ALLOW_TF32=True, BLOCK_K=128, BLOCK_M=64, BLOCK_N=128, EVEN_K=True, GROUP_M=8, USE_FAST_ACCUM=True, num_stages=2, num_warps=4
  triton_mm_100 1.4552 ms 99.7% ACC_TYPE='tl.float32', ALLOW_TF32=True, BLOCK_K=128, BLOCK_M=64, BLOCK_N=128, EVEN_K=True, GROUP_M=8, USE_FAST_ACCUM=True, num_stages=3, num_warps=4
  triton_mm_3 1.4583 ms 99.5% ACC_TYPE='tl.float32', ALLOW_TF32=True, BLOCK_K=32, BLOCK_M=64, BLOCK_N=256, EVEN_K=True, GROUP_M=8, USE_FAST_ACCUM=True, num_stages=4, num_warps=4
  triton_mm_6 1.4616 ms 99.2% ACC_TYPE='tl.float32', ALLOW_TF32=True, BLOCK_K=32, BLOCK_M=64, BLOCK_N=128, EVEN_K=True, GROUP_M=8, USE_FAST_ACCUM=True, num_stages=4, num_warps=4
  triton_mm_5 1.4645 ms 99.0% ACC_TYPE='tl.float32', ALLOW_TF32=True, BLOCK_K=32, BLOCK_M=128, BLOCK_N=64, EVEN_K=True, GROUP_M=8, USE_FAST_ACCUM=True, num_stages=4, num_warps=4
  triton_mm_14 1.4663 ms 98.9% ACC_TYPE='tl.float32', ALLOW_TF32=True, BLOCK_K=64, BLOCK_M=64, BLOCK_N=128, EVEN_K=True, GROUP_M=8, USE_FAST_ACCUM=True, num_stages=4, num_warps=4
  triton_mm_13 1.4708 ms 98.6% ACC_TYPE='tl.float32', ALLOW_TF32=True, BLOCK_K=64, BLOCK_M=128, BLOCK_N=64, EVEN_K=True, GROUP_M=8, USE_FAST_ACCUM=True, num_stages=4, num_warps=4
  triton_mm_15 1.4767 ms 98.2% ACC_TYPE='tl.float32', ALLOW_TF32=True, BLOCK_K=64, BLOCK_M=128, BLOCK_N=32, EVEN_K=True, GROUP_M=8, USE_FAST_ACCUM=True, num_stages=4, num_warps=4
  triton_mm_2 1.4828 ms 97.8% ACC_TYPE='tl.float32', ALLOW_TF32=True, BLOCK_K=32, BLOCK_M=256, BLOCK_N=64, EVEN_K=True, GROUP_M=8, USE_FAST_ACCUM=True, num_stages=4, num_warps=4
  _scaled_mm 1.4856 ms 97.6% 
SingleProcess AUTOTUNE benchmarking takes 6.0684 seconds and 3.0348 seconds precompiling for 106 choices
Autotune Choices Stats:
{"num_choices": 106, "num_triton_choices": 105, "best_kernel": "triton_mm_3", "best_kernel_desc": "ACC_TYPE='tl.float32', ALLOW_TF32=True, BLOCK_K=32, BLOCK_M=64, BLOCK_N=256, EVEN_K=True, GROUP_M=8, USE_FAST_ACCUM=True, num_stages=4, num_warps=4", "best_time": 1.589568018913269, "best_triton_pos": 0}
AUTOTUNE scaled_mm(65536x1024, 1024x3072, , )
strides: [1024, 1], [1, 1024], [], []
dtypes: torch.float8_e4m3fn, torch.float8_e4m3fn, torch.float32, torch.float32
  triton_mm_3 1.5896 ms 100.0% ACC_TYPE='tl.float32', ALLOW_TF32=True, BLOCK_K=32, BLOCK_M=64, BLOCK_N=256, EVEN_K=True, GROUP_M=8, USE_FAST_ACCUM=True, num_stages=4, num_warps=4
  triton_mm_6 1.5899 ms 100.0% ACC_TYPE='tl.float32', ALLOW_TF32=True, BLOCK_K=32, BLOCK_M=64, BLOCK_N=128, EVEN_K=True, GROUP_M=8, USE_FAST_ACCUM=True, num_stages=4, num_warps=4
  triton_mm_14 1.5910 ms 99.9% ACC_TYPE='tl.float32', ALLOW_TF32=True, BLOCK_K=64, BLOCK_M=64, BLOCK_N=128, EVEN_K=True, GROUP_M=8, USE_FAST_ACCUM=True, num_stages=4, num_warps=4
  triton_mm_100 1.5925 ms 99.8% ACC_TYPE='tl.float32', ALLOW_TF32=True, BLOCK_K=128, BLOCK_M=64, BLOCK_N=128, EVEN_K=True, GROUP_M=8, USE_FAST_ACCUM=True, num_stages=3, num_warps=4
  triton_mm_5 1.5934 ms 99.8% ACC_TYPE='tl.float32', ALLOW_TF32=True, BLOCK_K=32, BLOCK_M=128, BLOCK_N=64, EVEN_K=True, GROUP_M=8, USE_FAST_ACCUM=True, num_stages=4, num_warps=4
  triton_mm_13 1.5944 ms 99.7% ACC_TYPE='tl.float32', ALLOW_TF32=True, BLOCK_K=64, BLOCK_M=128, BLOCK_N=64, EVEN_K=True, GROUP_M=8, USE_FAST_ACCUM=True, num_stages=4, num_warps=4
  triton_mm_99 1.5947 ms 99.7% ACC_TYPE='tl.float32', ALLOW_TF32=True, BLOCK_K=128, BLOCK_M=64, BLOCK_N=128, EVEN_K=True, GROUP_M=8, USE_FAST_ACCUM=True, num_stages=2, num_warps=4
  triton_mm_15 1.6005 ms 99.3% ACC_TYPE='tl.float32', ALLOW_TF32=True, BLOCK_K=64, BLOCK_M=128, BLOCK_N=32, EVEN_K=True, GROUP_M=8, USE_FAST_ACCUM=True, num_stages=4, num_warps=4
  _scaled_mm 1.6127 ms 98.6% 
  triton_mm_2 1.6157 ms 98.4% ACC_TYPE='tl.float32', ALLOW_TF32=True, BLOCK_K=32, BLOCK_M=256, BLOCK_N=64, EVEN_K=True, GROUP_M=8, USE_FAST_ACCUM=True, num_stages=4, num_warps=4
SingleProcess AUTOTUNE benchmarking takes 6.1282 seconds and 3.0210 seconds precompiling for 106 choices
Autotune Choices Stats:
{"num_choices": 106, "num_triton_choices": 105, "best_kernel": "triton_mm_3", "best_kernel_desc": "ACC_TYPE='tl.float32', ALLOW_TF32=True, BLOCK_K=32, BLOCK_M=64, BLOCK_N=256, EVEN_K=True, GROUP_M=8, USE_FAST_ACCUM=True, num_stages=4, num_warps=4", "best_time": 1.4484800100326538, "best_triton_pos": 0}
AUTOTUNE scaled_mm(65536x1024, 1024x3072, , )
strides: [1024, 1], [1, 1024], [], []
dtypes: torch.float8_e4m3fn, torch.float8_e4m3fn, torch.float32, torch.float32
  triton_mm_3 1.4485 ms 100.0% ACC_TYPE='tl.float32', ALLOW_TF32=True, BLOCK_K=32, BLOCK_M=64, BLOCK_N=256, EVEN_K=True, GROUP_M=8, USE_FAST_ACCUM=True, num_stages=4, num_warps=4
  triton_mm_99 1.4494 ms 99.9% ACC_TYPE='tl.float32', ALLOW_TF32=True, BLOCK_K=128, BLOCK_M=64, BLOCK_N=128, EVEN_K=True, GROUP_M=8, USE_FAST_ACCUM=True, num_stages=2, num_warps=4
  triton_mm_6 1.4496 ms 99.9% ACC_TYPE='tl.float32', ALLOW_TF32=True, BLOCK_K=32, BLOCK_M=64, BLOCK_N=128, EVEN_K=True, GROUP_M=8, USE_FAST_ACCUM=True, num_stages=4, num_warps=4
  triton_mm_14 1.4505 ms 99.9% ACC_TYPE='tl.float32', ALLOW_TF32=True, BLOCK_K=64, BLOCK_M=64, BLOCK_N=128, EVEN_K=True, GROUP_M=8, USE_FAST_ACCUM=True, num_stages=4, num_warps=4
  triton_mm_100 1.4507 ms 99.8% ACC_TYPE='tl.float32', ALLOW_TF32=True, BLOCK_K=128, BLOCK_M=64, BLOCK_N=128, EVEN_K=True, GROUP_M=8, USE_FAST_ACCUM=True, num_stages=3, num_warps=4
  triton_mm_13 1.4558 ms 99.5% ACC_TYPE='tl.float32', ALLOW_TF32=True, BLOCK_K=64, BLOCK_M=128, BLOCK_N=64, EVEN_K=True, GROUP_M=8, USE_FAST_ACCUM=True, num_stages=4, num_warps=4
  triton_mm_5 1.4569 ms 99.4% ACC_TYPE='tl.float32', ALLOW_TF32=True, BLOCK_K=32, BLOCK_M=128, BLOCK_N=64, EVEN_K=True, GROUP_M=8, USE_FAST_ACCUM=True, num_stages=4, num_warps=4
  triton_mm_15 1.4598 ms 99.2% ACC_TYPE='tl.float32', ALLOW_TF32=True, BLOCK_K=64, BLOCK_M=128, BLOCK_N=32, EVEN_K=True, GROUP_M=8, USE_FAST_ACCUM=True, num_stages=4, num_warps=4
  _scaled_mm 1.4719 ms 98.4% 
  triton_mm_2 1.4735 ms 98.3% ACC_TYPE='tl.float32', ALLOW_TF32=True, BLOCK_K=32, BLOCK_M=256, BLOCK_N=64, EVEN_K=True, GROUP_M=8, USE_FAST_ACCUM=True, num_stages=4, num_warps=4
SingleProcess AUTOTUNE benchmarking takes 6.0555 seconds and 2.8895 seconds precompiling for 106 choices
Autotune Choices Stats:
{"num_choices": 106, "num_triton_choices": 105, "best_kernel": "triton_mm_120", "best_kernel_desc": "ACC_TYPE='tl.float32', ALLOW_TF32=True, BLOCK_K=64, BLOCK_M=128, BLOCK_N=32, EVEN_K=True, GROUP_M=8, USE_FAST_ACCUM=True, num_stages=4, num_warps=4", "best_time": 0.506496012210846, "best_triton_pos": 0}
AUTOTUNE scaled_mm(65536x1024, 1024x1040, , )
strides: [1024, 1], [1, 1024], [], []
dtypes: torch.float8_e4m3fn, torch.float8_e4m3fn, torch.float32, torch.float32
  triton_mm_120 0.5065 ms 100.0% ACC_TYPE='tl.float32', ALLOW_TF32=True, BLOCK_K=64, BLOCK_M=128, BLOCK_N=32, EVEN_K=True, GROUP_M=8, USE_FAST_ACCUM=True, num_stages=4, num_warps=4
  _scaled_mm 0.5066 ms 100.0% 
  triton_mm_118 0.5190 ms 97.6% ACC_TYPE='tl.float32', ALLOW_TF32=True, BLOCK_K=64, BLOCK_M=128, BLOCK_N=64, EVEN_K=True, GROUP_M=8, USE_FAST_ACCUM=True, num_stages=4, num_warps=4
  triton_mm_110 0.5219 ms 97.1% ACC_TYPE='tl.float32', ALLOW_TF32=True, BLOCK_K=32, BLOCK_M=128, BLOCK_N=64, EVEN_K=True, GROUP_M=8, USE_FAST_ACCUM=True, num_stages=4, num_warps=4
  triton_mm_107 0.5259 ms 96.3% ACC_TYPE='tl.float32', ALLOW_TF32=True, BLOCK_K=32, BLOCK_M=256, BLOCK_N=64, EVEN_K=True, GROUP_M=8, USE_FAST_ACCUM=True, num_stages=4, num_warps=4
  triton_mm_205 0.5483 ms 92.4% ACC_TYPE='tl.float32', ALLOW_TF32=True, BLOCK_K=128, BLOCK_M=64, BLOCK_N=128, EVEN_K=True, GROUP_M=8, USE_FAST_ACCUM=True, num_stages=3, num_warps=4
  triton_mm_119 0.5496 ms 92.2% ACC_TYPE='tl.float32', ALLOW_TF32=True, BLOCK_K=64, BLOCK_M=64, BLOCK_N=128, EVEN_K=True, GROUP_M=8, USE_FAST_ACCUM=True, num_stages=4, num_warps=4
  triton_mm_204 0.5497 ms 92.1% ACC_TYPE='tl.float32', ALLOW_TF32=True, BLOCK_K=128, BLOCK_M=64, BLOCK_N=128, EVEN_K=True, GROUP_M=8, USE_FAST_ACCUM=True, num_stages=2, num_warps=4
  triton_mm_111 0.5502 ms 92.1% ACC_TYPE='tl.float32', ALLOW_TF32=True, BLOCK_K=32, BLOCK_M=64, BLOCK_N=128, EVEN_K=True, GROUP_M=8, USE_FAST_ACCUM=True, num_stages=4, num_warps=4
  triton_mm_206 0.5764 ms 87.9% ACC_TYPE='tl.float32', ALLOW_TF32=True, BLOCK_K=128, BLOCK_M=128, BLOCK_N=128, EVEN_K=True, GROUP_M=8, USE_FAST_ACCUM=True, num_stages=2, num_warps=4
SingleProcess AUTOTUNE benchmarking takes 4.1989 seconds and 2.9889 seconds precompiling for 106 choices
Autotune Choices Stats:
{"num_choices": 106, "num_triton_choices": 105, "best_kernel": "_scaled_mm", "best_time": 0.5082880258560181, "best_triton_pos": 1, "best_triton_time": 0.5087680220603943, "best_triton_kernel": "triton_mm_120", "best_triton_kernel_desc": "ACC_TYPE='tl.float32', ALLOW_TF32=True, BLOCK_K=64, BLOCK_M=128, BLOCK_N=32, EVEN_K=True, GROUP_M=8, USE_FAST_ACCUM=True, num_stages=4, num_warps=4"}
AUTOTUNE scaled_mm(65536x1024, 1024x1040, , )
strides: [1024, 1], [1, 1024], [], []
dtypes: torch.float8_e4m3fn, torch.float8_e4m3fn, torch.float32, torch.float32
  _scaled_mm 0.5083 ms 100.0% 
  triton_mm_120 0.5088 ms 99.9% ACC_TYPE='tl.float32', ALLOW_TF32=True, BLOCK_K=64, BLOCK_M=128, BLOCK_N=32, EVEN_K=True, GROUP_M=8, USE_FAST_ACCUM=True, num_stages=4, num_warps=4
  triton_mm_118 0.5220 ms 97.4% ACC_TYPE='tl.float32', ALLOW_TF32=True, BLOCK_K=64, BLOCK_M=128, BLOCK_N=64, EVEN_K=True, GROUP_M=8, USE_FAST_ACCUM=True, num_stages=4, num_warps=4
  triton_mm_110 0.5226 ms 97.3% ACC_TYPE='tl.float32', ALLOW_TF32=True, BLOCK_K=32, BLOCK_M=128, BLOCK_N=64, EVEN_K=True, GROUP_M=8, USE_FAST_ACCUM=True, num_stages=4, num_warps=4
  triton_mm_107 0.5295 ms 96.0% ACC_TYPE='tl.float32', ALLOW_TF32=True, BLOCK_K=32, BLOCK_M=256, BLOCK_N=64, EVEN_K=True, GROUP_M=8, USE_FAST_ACCUM=True, num_stages=4, num_warps=4
  triton_mm_205 0.5531 ms 91.9% ACC_TYPE='tl.float32', ALLOW_TF32=True, BLOCK_K=128, BLOCK_M=64, BLOCK_N=128, EVEN_K=True, GROUP_M=8, USE_FAST_ACCUM=True, num_stages=3, num_warps=4
  triton_mm_119 0.5536 ms 91.8% ACC_TYPE='tl.float32', ALLOW_TF32=True, BLOCK_K=64, BLOCK_M=64, BLOCK_N=128, EVEN_K=True, GROUP_M=8, USE_FAST_ACCUM=True, num_stages=4, num_warps=4
  triton_mm_111 0.5537 ms 91.8% ACC_TYPE='tl.float32', ALLOW_TF32=True, BLOCK_K=32, BLOCK_M=64, BLOCK_N=128, EVEN_K=True, GROUP_M=8, USE_FAST_ACCUM=True, num_stages=4, num_warps=4
  triton_mm_204 0.5539 ms 91.8% ACC_TYPE='tl.float32', ALLOW_TF32=True, BLOCK_K=128, BLOCK_M=64, BLOCK_N=128, EVEN_K=True, GROUP_M=8, USE_FAST_ACCUM=True, num_stages=2, num_warps=4
  triton_mm_206 0.5798 ms 87.7% ACC_TYPE='tl.float32', ALLOW_TF32=True, BLOCK_K=128, BLOCK_M=128, BLOCK_N=128, EVEN_K=True, GROUP_M=8, USE_FAST_ACCUM=True, num_stages=2, num_warps=4
SingleProcess AUTOTUNE benchmarking takes 4.1538 seconds and 2.9894 seconds precompiling for 106 choices
Autotune Choices Stats:
{"num_choices": 106, "num_triton_choices": 105, "best_kernel": "_scaled_mm", "best_time": 0.5098239779472351, "best_triton_pos": 1, "best_triton_time": 0.5108479857444763, "best_triton_kernel": "triton_mm_120", "best_triton_kernel_desc": "ACC_TYPE='tl.float32', ALLOW_TF32=True, BLOCK_K=64, BLOCK_M=128, BLOCK_N=32, EVEN_K=True, GROUP_M=8, USE_FAST_ACCUM=True, num_stages=4, num_warps=4"}
AUTOTUNE scaled_mm(65536x1024, 1024x1040, , )
strides: [1024, 1], [1, 1024], [], []
dtypes: torch.float8_e4m3fn, torch.float8_e4m3fn, torch.float32, torch.float32
  _scaled_mm 0.5098 ms 100.0% 
  triton_mm_120 0.5108 ms 99.8% ACC_TYPE='tl.float32', ALLOW_TF32=True, BLOCK_K=64, BLOCK_M=128, BLOCK_N=32, EVEN_K=True, GROUP_M=8, USE_FAST_ACCUM=True, num_stages=4, num_warps=4
  triton_mm_110 0.5251 ms 97.1% ACC_TYPE='tl.float32', ALLOW_TF32=True, BLOCK_K=32, BLOCK_M=128, BLOCK_N=64, EVEN_K=True, GROUP_M=8, USE_FAST_ACCUM=True, num_stages=4, num_warps=4
  triton_mm_118 0.5251 ms 97.1% ACC_TYPE='tl.float32', ALLOW_TF32=True, BLOCK_K=64, BLOCK_M=128, BLOCK_N=64, EVEN_K=True, GROUP_M=8, USE_FAST_ACCUM=True, num_stages=4, num_warps=4
  triton_mm_107 0.5319 ms 95.9% ACC_TYPE='tl.float32', ALLOW_TF32=True, BLOCK_K=32, BLOCK_M=256, BLOCK_N=64, EVEN_K=True, GROUP_M=8, USE_FAST_ACCUM=True, num_stages=4, num_warps=4
  triton_mm_205 0.5492 ms 92.8% ACC_TYPE='tl.float32', ALLOW_TF32=True, BLOCK_K=128, BLOCK_M=64, BLOCK_N=128, EVEN_K=True, GROUP_M=8, USE_FAST_ACCUM=True, num_stages=3, num_warps=4
  triton_mm_204 0.5508 ms 92.6% ACC_TYPE='tl.float32', ALLOW_TF32=True, BLOCK_K=128, BLOCK_M=64, BLOCK_N=128, EVEN_K=True, GROUP_M=8, USE_FAST_ACCUM=True, num_stages=2, num_warps=4
  triton_mm_119 0.5558 ms 91.7% ACC_TYPE='tl.float32', ALLOW_TF32=True, BLOCK_K=64, BLOCK_M=64, BLOCK_N=128, EVEN_K=True, GROUP_M=8, USE_FAST_ACCUM=True, num_stages=4, num_warps=4
  triton_mm_111 0.5560 ms 91.7% ACC_TYPE='tl.float32', ALLOW_TF32=True, BLOCK_K=32, BLOCK_M=64, BLOCK_N=128, EVEN_K=True, GROUP_M=8, USE_FAST_ACCUM=True, num_stages=4, num_warps=4
  triton_mm_206 0.5762 ms 88.5% ACC_TYPE='tl.float32', ALLOW_TF32=True, BLOCK_K=128, BLOCK_M=128, BLOCK_N=128, EVEN_K=True, GROUP_M=8, USE_FAST_ACCUM=True, num_stages=2, num_warps=4
SingleProcess AUTOTUNE benchmarking takes 4.1744 seconds and 2.9879 seconds precompiling for 106 choices
Autotune Choices Stats:
{"num_choices": 106, "num_triton_choices": 105, "best_kernel": "_scaled_mm", "best_time": 0.5055360198020935, "best_triton_pos": 1, "best_triton_time": 0.506335973739624, "best_triton_kernel": "triton_mm_120", "best_triton_kernel_desc": "ACC_TYPE='tl.float32', ALLOW_TF32=True, BLOCK_K=64, BLOCK_M=128, BLOCK_N=32, EVEN_K=True, GROUP_M=8, USE_FAST_ACCUM=True, num_stages=4, num_warps=4"}
AUTOTUNE scaled_mm(65536x1024, 1024x1040, , )
strides: [1024, 1], [1, 1024], [], []
dtypes: torch.float8_e4m3fn, torch.float8_e4m3fn, torch.float32, torch.float32
  _scaled_mm 0.5055 ms 100.0% 
  triton_mm_120 0.5063 ms 99.8% ACC_TYPE='tl.float32', ALLOW_TF32=True, BLOCK_K=64, BLOCK_M=128, BLOCK_N=32, EVEN_K=True, GROUP_M=8, USE_FAST_ACCUM=True, num_stages=4, num_warps=4
  triton_mm_110 0.5204 ms 97.1% ACC_TYPE='tl.float32', ALLOW_TF32=True, BLOCK_K=32, BLOCK_M=128, BLOCK_N=64, EVEN_K=True, GROUP_M=8, USE_FAST_ACCUM=True, num_stages=4, num_warps=4
  triton_mm_118 0.5206 ms 97.1% ACC_TYPE='tl.float32', ALLOW_TF32=True, BLOCK_K=64, BLOCK_M=128, BLOCK_N=64, EVEN_K=True, GROUP_M=8, USE_FAST_ACCUM=True, num_stages=4, num_warps=4
  triton_mm_107 0.5274 ms 95.9% ACC_TYPE='tl.float32', ALLOW_TF32=True, BLOCK_K=32, BLOCK_M=256, BLOCK_N=64, EVEN_K=True, GROUP_M=8, USE_FAST_ACCUM=True, num_stages=4, num_warps=4
  triton_mm_111 0.5508 ms 91.8% ACC_TYPE='tl.float32', ALLOW_TF32=True, BLOCK_K=32, BLOCK_M=64, BLOCK_N=128, EVEN_K=True, GROUP_M=8, USE_FAST_ACCUM=True, num_stages=4, num_warps=4
  triton_mm_119 0.5515 ms 91.7% ACC_TYPE='tl.float32', ALLOW_TF32=True, BLOCK_K=64, BLOCK_M=64, BLOCK_N=128, EVEN_K=True, GROUP_M=8, USE_FAST_ACCUM=True, num_stages=4, num_warps=4
  triton_mm_205 0.5532 ms 91.4% ACC_TYPE='tl.float32', ALLOW_TF32=True, BLOCK_K=128, BLOCK_M=64, BLOCK_N=128, EVEN_K=True, GROUP_M=8, USE_FAST_ACCUM=True, num_stages=3, num_warps=4
  triton_mm_204 0.5540 ms 91.3% ACC_TYPE='tl.float32', ALLOW_TF32=True, BLOCK_K=128, BLOCK_M=64, BLOCK_N=128, EVEN_K=True, GROUP_M=8, USE_FAST_ACCUM=True, num_stages=2, num_warps=4
  triton_mm_206 0.5805 ms 87.1% ACC_TYPE='tl.float32', ALLOW_TF32=True, BLOCK_K=128, BLOCK_M=128, BLOCK_N=128, EVEN_K=True, GROUP_M=8, USE_FAST_ACCUM=True, num_stages=2, num_warps=4
SingleProcess AUTOTUNE benchmarking takes 4.1478 seconds and 2.6862 seconds precompiling for 106 choices
Autotune Choices Stats:
{"num_choices": 106, "num_triton_choices": 105, "best_kernel": "triton_mm_120", "best_kernel_desc": "ACC_TYPE='tl.float32', ALLOW_TF32=True, BLOCK_K=64, BLOCK_M=128, BLOCK_N=32, EVEN_K=True, GROUP_M=8, USE_FAST_ACCUM=True, num_stages=4, num_warps=4", "best_time": 0.5088319778442383, "best_triton_pos": 0}
AUTOTUNE scaled_mm(65536x1024, 1024x1040, , )
strides: [1024, 1], [1, 1024], [], []
dtypes: torch.float8_e4m3fn, torch.float8_e4m3fn, torch.float32, torch.float32
  triton_mm_120 0.5088 ms 100.0% ACC_TYPE='tl.float32', ALLOW_TF32=True, BLOCK_K=64, BLOCK_M=128, BLOCK_N=32, EVEN_K=True, GROUP_M=8, USE_FAST_ACCUM=True, num_stages=4, num_warps=4
  _scaled_mm 0.5091 ms 99.9% 
  triton_mm_110 0.5227 ms 97.4% ACC_TYPE='tl.float32', ALLOW_TF32=True, BLOCK_K=32, BLOCK_M=128, BLOCK_N=64, EVEN_K=True, GROUP_M=8, USE_FAST_ACCUM=True, num_stages=4, num_warps=4
  triton_mm_118 0.5251 ms 96.9% ACC_TYPE='tl.float32', ALLOW_TF32=True, BLOCK_K=64, BLOCK_M=128, BLOCK_N=64, EVEN_K=True, GROUP_M=8, USE_FAST_ACCUM=True, num_stages=4, num_warps=4
  triton_mm_107 0.5317 ms 95.7% ACC_TYPE='tl.float32', ALLOW_TF32=True, BLOCK_K=32, BLOCK_M=256, BLOCK_N=64, EVEN_K=True, GROUP_M=8, USE_FAST_ACCUM=True, num_stages=4, num_warps=4
  triton_mm_205 0.5527 ms 92.1% ACC_TYPE='tl.float32', ALLOW_TF32=True, BLOCK_K=128, BLOCK_M=64, BLOCK_N=128, EVEN_K=True, GROUP_M=8, USE_FAST_ACCUM=True, num_stages=3, num_warps=4
  triton_mm_204 0.5533 ms 92.0% ACC_TYPE='tl.float32', ALLOW_TF32=True, BLOCK_K=128, BLOCK_M=64, BLOCK_N=128, EVEN_K=True, GROUP_M=8, USE_FAST_ACCUM=True, num_stages=2, num_warps=4
  triton_mm_111 0.5535 ms 91.9% ACC_TYPE='tl.float32', ALLOW_TF32=True, BLOCK_K=32, BLOCK_M=64, BLOCK_N=128, EVEN_K=True, GROUP_M=8, USE_FAST_ACCUM=True, num_stages=4, num_warps=4
  triton_mm_119 0.5558 ms 91.5% ACC_TYPE='tl.float32', ALLOW_TF32=True, BLOCK_K=64, BLOCK_M=64, BLOCK_N=128, EVEN_K=True, GROUP_M=8, USE_FAST_ACCUM=True, num_stages=4, num_warps=4
  triton_mm_206 0.5784 ms 88.0% ACC_TYPE='tl.float32', ALLOW_TF32=True, BLOCK_K=128, BLOCK_M=128, BLOCK_N=128, EVEN_K=True, GROUP_M=8, USE_FAST_ACCUM=True, num_stages=2, num_warps=4
SingleProcess AUTOTUNE benchmarking takes 4.1604 seconds and 2.8478 seconds precompiling for 106 choices
Autotune Choices Stats:
{"num_choices": 106, "num_triton_choices": 105, "best_kernel": "_scaled_mm", "best_time": 0.5540159940719604, "best_triton_pos": 1, "best_triton_time": 0.5550400018692017, "best_triton_kernel": "triton_mm_120", "best_triton_kernel_desc": "ACC_TYPE='tl.float32', ALLOW_TF32=True, BLOCK_K=64, BLOCK_M=128, BLOCK_N=32, EVEN_K=True, GROUP_M=8, USE_FAST_ACCUM=True, num_stages=4, num_warps=4"}
AUTOTUNE scaled_mm(65536x1024, 1024x1040, , )
strides: [1024, 1], [1, 1024], [], []
dtypes: torch.float8_e4m3fn, torch.float8_e4m3fn, torch.float32, torch.float32
  _scaled_mm 0.5540 ms 100.0% 
  triton_mm_120 0.5550 ms 99.8% ACC_TYPE='tl.float32', ALLOW_TF32=True, BLOCK_K=64, BLOCK_M=128, BLOCK_N=32, EVEN_K=True, GROUP_M=8, USE_FAST_ACCUM=True, num_stages=4, num_warps=4
  triton_mm_118 0.5697 ms 97.3% ACC_TYPE='tl.float32', ALLOW_TF32=True, BLOCK_K=64, BLOCK_M=128, BLOCK_N=64, EVEN_K=True, GROUP_M=8, USE_FAST_ACCUM=True, num_stages=4, num_warps=4
  triton_mm_110 0.5705 ms 97.1% ACC_TYPE='tl.float32', ALLOW_TF32=True, BLOCK_K=32, BLOCK_M=128, BLOCK_N=64, EVEN_K=True, GROUP_M=8, USE_FAST_ACCUM=True, num_stages=4, num_warps=4
  triton_mm_107 0.5777 ms 95.9% ACC_TYPE='tl.float32', ALLOW_TF32=True, BLOCK_K=32, BLOCK_M=256, BLOCK_N=64, EVEN_K=True, GROUP_M=8, USE_FAST_ACCUM=True, num_stages=4, num_warps=4
  triton_mm_205 0.6030 ms 91.9% ACC_TYPE='tl.float32', ALLOW_TF32=True, BLOCK_K=128, BLOCK_M=64, BLOCK_N=128, EVEN_K=True, GROUP_M=8, USE_FAST_ACCUM=True, num_stages=3, num_warps=4
  triton_mm_204 0.6033 ms 91.8% ACC_TYPE='tl.float32', ALLOW_TF32=True, BLOCK_K=128, BLOCK_M=64, BLOCK_N=128, EVEN_K=True, GROUP_M=8, USE_FAST_ACCUM=True, num_stages=2, num_warps=4
  triton_mm_119 0.6034 ms 91.8% ACC_TYPE='tl.float32', ALLOW_TF32=True, BLOCK_K=64, BLOCK_M=64, BLOCK_N=128, EVEN_K=True, GROUP_M=8, USE_FAST_ACCUM=True, num_stages=4, num_warps=4
  triton_mm_111 0.6038 ms 91.7% ACC_TYPE='tl.float32', ALLOW_TF32=True, BLOCK_K=32, BLOCK_M=64, BLOCK_N=128, EVEN_K=True, GROUP_M=8, USE_FAST_ACCUM=True, num_stages=4, num_warps=4
  triton_mm_206 0.6291 ms 88.1% ACC_TYPE='tl.float32', ALLOW_TF32=True, BLOCK_K=128, BLOCK_M=128, BLOCK_N=128, EVEN_K=True, GROUP_M=8, USE_FAST_ACCUM=True, num_stages=2, num_warps=4
SingleProcess AUTOTUNE benchmarking takes 4.2373 seconds and 2.7189 seconds precompiling for 106 choices
Autotune Choices Stats:
{"num_choices": 106, "num_triton_choices": 105, "best_kernel": "triton_mm_120", "best_kernel_desc": "ACC_TYPE='tl.float32', ALLOW_TF32=True, BLOCK_K=64, BLOCK_M=128, BLOCK_N=32, EVEN_K=True, GROUP_M=8, USE_FAST_ACCUM=True, num_stages=4, num_warps=4", "best_time": 0.5058240294456482, "best_triton_pos": 0}
AUTOTUNE scaled_mm(65536x1024, 1024x1040, , )
strides: [1024, 1], [1, 1024], [], []
dtypes: torch.float8_e4m3fn, torch.float8_e4m3fn, torch.float32, torch.float32
  triton_mm_120 0.5058 ms 100.0% ACC_TYPE='tl.float32', ALLOW_TF32=True, BLOCK_K=64, BLOCK_M=128, BLOCK_N=32, EVEN_K=True, GROUP_M=8, USE_FAST_ACCUM=True, num_stages=4, num_warps=4
  _scaled_mm 0.5065 ms 99.9% 
  triton_mm_118 0.5206 ms 97.2% ACC_TYPE='tl.float32', ALLOW_TF32=True, BLOCK_K=64, BLOCK_M=128, BLOCK_N=64, EVEN_K=True, GROUP_M=8, USE_FAST_ACCUM=True, num_stages=4, num_warps=4
  triton_mm_110 0.5219 ms 96.9% ACC_TYPE='tl.float32', ALLOW_TF32=True, BLOCK_K=32, BLOCK_M=128, BLOCK_N=64, EVEN_K=True, GROUP_M=8, USE_FAST_ACCUM=True, num_stages=4, num_warps=4
  triton_mm_107 0.5275 ms 95.9% ACC_TYPE='tl.float32', ALLOW_TF32=True, BLOCK_K=32, BLOCK_M=256, BLOCK_N=64, EVEN_K=True, GROUP_M=8, USE_FAST_ACCUM=True, num_stages=4, num_warps=4
  triton_mm_205 0.5490 ms 92.1% ACC_TYPE='tl.float32', ALLOW_TF32=True, BLOCK_K=128, BLOCK_M=64, BLOCK_N=128, EVEN_K=True, GROUP_M=8, USE_FAST_ACCUM=True, num_stages=3, num_warps=4
  triton_mm_204 0.5493 ms 92.1% ACC_TYPE='tl.float32', ALLOW_TF32=True, BLOCK_K=128, BLOCK_M=64, BLOCK_N=128, EVEN_K=True, GROUP_M=8, USE_FAST_ACCUM=True, num_stages=2, num_warps=4
  triton_mm_119 0.5511 ms 91.8% ACC_TYPE='tl.float32', ALLOW_TF32=True, BLOCK_K=64, BLOCK_M=64, BLOCK_N=128, EVEN_K=True, GROUP_M=8, USE_FAST_ACCUM=True, num_stages=4, num_warps=4
  triton_mm_111 0.5511 ms 91.8% ACC_TYPE='tl.float32', ALLOW_TF32=True, BLOCK_K=32, BLOCK_M=64, BLOCK_N=128, EVEN_K=True, GROUP_M=8, USE_FAST_ACCUM=True, num_stages=4, num_warps=4
  triton_mm_206 0.5747 ms 88.0% ACC_TYPE='tl.float32', ALLOW_TF32=True, BLOCK_K=128, BLOCK_M=128, BLOCK_N=128, EVEN_K=True, GROUP_M=8, USE_FAST_ACCUM=True, num_stages=2, num_warps=4
SingleProcess AUTOTUNE benchmarking takes 4.1651 seconds and 2.6136 seconds precompiling for 106 choices
Autotune Choices Stats:
{"num_choices": 106, "num_triton_choices": 105, "best_kernel": "triton_mm_216", "best_kernel_desc": "ACC_TYPE='tl.float32', ALLOW_TF32=True, BLOCK_K=32, BLOCK_M=64, BLOCK_N=128, EVEN_K=True, GROUP_M=8, USE_FAST_ACCUM=True, num_stages=4, num_warps=4", "best_time": 0.49270400404930115, "best_triton_pos": 0}
AUTOTUNE scaled_mm(65536x1024, 1024x1024, , )
strides: [1024, 1], [1, 1024], [], []
dtypes: torch.float8_e4m3fn, torch.float8_e4m3fn, torch.float32, torch.float32
  triton_mm_216 0.4927 ms 100.0% ACC_TYPE='tl.float32', ALLOW_TF32=True, BLOCK_K=32, BLOCK_M=64, BLOCK_N=128, EVEN_K=True, GROUP_M=8, USE_FAST_ACCUM=True, num_stages=4, num_warps=4
  triton_mm_223 0.4934 ms 99.9% ACC_TYPE='tl.float32', ALLOW_TF32=True, BLOCK_K=64, BLOCK_M=128, BLOCK_N=64, EVEN_K=True, GROUP_M=8, USE_FAST_ACCUM=True, num_stages=4, num_warps=4
  triton_mm_310 0.4935 ms 99.8% ACC_TYPE='tl.float32', ALLOW_TF32=True, BLOCK_K=128, BLOCK_M=64, BLOCK_N=128, EVEN_K=True, GROUP_M=8, USE_FAST_ACCUM=True, num_stages=3, num_warps=4
  triton_mm_309 0.4936 ms 99.8% ACC_TYPE='tl.float32', ALLOW_TF32=True, BLOCK_K=128, BLOCK_M=64, BLOCK_N=128, EVEN_K=True, GROUP_M=8, USE_FAST_ACCUM=True, num_stages=2, num_warps=4
  triton_mm_224 0.4940 ms 99.7% ACC_TYPE='tl.float32', ALLOW_TF32=True, BLOCK_K=64, BLOCK_M=64, BLOCK_N=128, EVEN_K=True, GROUP_M=8, USE_FAST_ACCUM=True, num_stages=4, num_warps=4
  triton_mm_215 0.4941 ms 99.7% ACC_TYPE='tl.float32', ALLOW_TF32=True, BLOCK_K=32, BLOCK_M=128, BLOCK_N=64, EVEN_K=True, GROUP_M=8, USE_FAST_ACCUM=True, num_stages=4, num_warps=4
  triton_mm_225 0.4947 ms 99.6% ACC_TYPE='tl.float32', ALLOW_TF32=True, BLOCK_K=64, BLOCK_M=128, BLOCK_N=32, EVEN_K=True, GROUP_M=8, USE_FAST_ACCUM=True, num_stages=4, num_warps=4
  triton_mm_213 0.4949 ms 99.5% ACC_TYPE='tl.float32', ALLOW_TF32=True, BLOCK_K=32, BLOCK_M=64, BLOCK_N=256, EVEN_K=True, GROUP_M=8, USE_FAST_ACCUM=True, num_stages=4, num_warps=4
  triton_mm_212 0.5010 ms 98.4% ACC_TYPE='tl.float32', ALLOW_TF32=True, BLOCK_K=32, BLOCK_M=256, BLOCK_N=64, EVEN_K=True, GROUP_M=8, USE_FAST_ACCUM=True, num_stages=4, num_warps=4
  _scaled_mm 0.5062 ms 97.3% 
SingleProcess AUTOTUNE benchmarking takes 4.1364 seconds and 2.9002 seconds precompiling for 106 choices
Autotune Choices Stats:
{"num_choices": 106, "num_triton_choices": 105, "best_kernel": "triton_mm_216", "best_kernel_desc": "ACC_TYPE='tl.float32', ALLOW_TF32=True, BLOCK_K=32, BLOCK_M=64, BLOCK_N=128, EVEN_K=True, GROUP_M=8, USE_FAST_ACCUM=True, num_stages=4, num_warps=4", "best_time": 0.4904640018939972, "best_triton_pos": 0}
AUTOTUNE scaled_mm(65536x1024, 1024x1024, , )
strides: [1024, 1], [1, 1024], [], []
dtypes: torch.float8_e4m3fn, torch.float8_e4m3fn, torch.float32, torch.float32
  triton_mm_216 0.4905 ms 100.0% ACC_TYPE='tl.float32', ALLOW_TF32=True, BLOCK_K=32, BLOCK_M=64, BLOCK_N=128, EVEN_K=True, GROUP_M=8, USE_FAST_ACCUM=True, num_stages=4, num_warps=4
  triton_mm_223 0.4905 ms 100.0% ACC_TYPE='tl.float32', ALLOW_TF32=True, BLOCK_K=64, BLOCK_M=128, BLOCK_N=64, EVEN_K=True, GROUP_M=8, USE_FAST_ACCUM=True, num_stages=4, num_warps=4
  triton_mm_213 0.4916 ms 99.8% ACC_TYPE='tl.float32', ALLOW_TF32=True, BLOCK_K=32, BLOCK_M=64, BLOCK_N=256, EVEN_K=True, GROUP_M=8, USE_FAST_ACCUM=True, num_stages=4, num_warps=4
  triton_mm_215 0.4918 ms 99.7% ACC_TYPE='tl.float32', ALLOW_TF32=True, BLOCK_K=32, BLOCK_M=128, BLOCK_N=64, EVEN_K=True, GROUP_M=8, USE_FAST_ACCUM=True, num_stages=4, num_warps=4
  triton_mm_224 0.4919 ms 99.7% ACC_TYPE='tl.float32', ALLOW_TF32=True, BLOCK_K=64, BLOCK_M=64, BLOCK_N=128, EVEN_K=True, GROUP_M=8, USE_FAST_ACCUM=True, num_stages=4, num_warps=4
  triton_mm_225 0.4926 ms 99.6% ACC_TYPE='tl.float32', ALLOW_TF32=True, BLOCK_K=64, BLOCK_M=128, BLOCK_N=32, EVEN_K=True, GROUP_M=8, USE_FAST_ACCUM=True, num_stages=4, num_warps=4
  triton_mm_310 0.4932 ms 99.4% ACC_TYPE='tl.float32', ALLOW_TF32=True, BLOCK_K=128, BLOCK_M=64, BLOCK_N=128, EVEN_K=True, GROUP_M=8, USE_FAST_ACCUM=True, num_stages=3, num_warps=4
  triton_mm_309 0.4939 ms 99.3% ACC_TYPE='tl.float32', ALLOW_TF32=True, BLOCK_K=128, BLOCK_M=64, BLOCK_N=128, EVEN_K=True, GROUP_M=8, USE_FAST_ACCUM=True, num_stages=2, num_warps=4
  triton_mm_212 0.4985 ms 98.4% ACC_TYPE='tl.float32', ALLOW_TF32=True, BLOCK_K=32, BLOCK_M=256, BLOCK_N=64, EVEN_K=True, GROUP_M=8, USE_FAST_ACCUM=True, num_stages=4, num_warps=4
  _scaled_mm 0.5046 ms 97.2% 
SingleProcess AUTOTUNE benchmarking takes 4.1756 seconds and 2.7541 seconds precompiling for 106 choices
Autotune Choices Stats:
{"num_choices": 106, "num_triton_choices": 105, "best_kernel": "triton_mm_216", "best_kernel_desc": "ACC_TYPE='tl.float32', ALLOW_TF32=True, BLOCK_K=32, BLOCK_M=64, BLOCK_N=128, EVEN_K=True, GROUP_M=8, USE_FAST_ACCUM=True, num_stages=4, num_warps=4", "best_time": 0.4905279874801636, "best_triton_pos": 0}
AUTOTUNE scaled_mm(65536x1024, 1024x1024, , )
strides: [1024, 1], [1, 1024], [], []
dtypes: torch.float8_e4m3fn, torch.float8_e4m3fn, torch.float32, torch.float32
  triton_mm_216 0.4905 ms 100.0% ACC_TYPE='tl.float32', ALLOW_TF32=True, BLOCK_K=32, BLOCK_M=64, BLOCK_N=128, EVEN_K=True, GROUP_M=8, USE_FAST_ACCUM=True, num_stages=4, num_warps=4
  triton_mm_223 0.4907 ms 100.0% ACC_TYPE='tl.float32', ALLOW_TF32=True, BLOCK_K=64, BLOCK_M=128, BLOCK_N=64, EVEN_K=True, GROUP_M=8, USE_FAST_ACCUM=True, num_stages=4, num_warps=4
  triton_mm_224 0.4912 ms 99.9% ACC_TYPE='tl.float32', ALLOW_TF32=True, BLOCK_K=64, BLOCK_M=64, BLOCK_N=128, EVEN_K=True, GROUP_M=8, USE_FAST_ACCUM=True, num_stages=4, num_warps=4
  triton_mm_215 0.4916 ms 99.8% ACC_TYPE='tl.float32', ALLOW_TF32=True, BLOCK_K=32, BLOCK_M=128, BLOCK_N=64, EVEN_K=True, GROUP_M=8, USE_FAST_ACCUM=True, num_stages=4, num_warps=4
  triton_mm_213 0.4920 ms 99.7% ACC_TYPE='tl.float32', ALLOW_TF32=True, BLOCK_K=32, BLOCK_M=64, BLOCK_N=256, EVEN_K=True, GROUP_M=8, USE_FAST_ACCUM=True, num_stages=4, num_warps=4
  triton_mm_225 0.4928 ms 99.5% ACC_TYPE='tl.float32', ALLOW_TF32=True, BLOCK_K=64, BLOCK_M=128, BLOCK_N=32, EVEN_K=True, GROUP_M=8, USE_FAST_ACCUM=True, num_stages=4, num_warps=4
  triton_mm_310 0.4932 ms 99.5% ACC_TYPE='tl.float32', ALLOW_TF32=True, BLOCK_K=128, BLOCK_M=64, BLOCK_N=128, EVEN_K=True, GROUP_M=8, USE_FAST_ACCUM=True, num_stages=3, num_warps=4
  triton_mm_309 0.4944 ms 99.2% ACC_TYPE='tl.float32', ALLOW_TF32=True, BLOCK_K=128, BLOCK_M=64, BLOCK_N=128, EVEN_K=True, GROUP_M=8, USE_FAST_ACCUM=True, num_stages=2, num_warps=4
  triton_mm_212 0.5000 ms 98.1% ACC_TYPE='tl.float32', ALLOW_TF32=True, BLOCK_K=32, BLOCK_M=256, BLOCK_N=64, EVEN_K=True, GROUP_M=8, USE_FAST_ACCUM=True, num_stages=4, num_warps=4
  _scaled_mm 0.5039 ms 97.3% 
SingleProcess AUTOTUNE benchmarking takes 4.1226 seconds and 3.0002 seconds precompiling for 106 choices
Autotune Choices Stats:
{"num_choices": 106, "num_triton_choices": 105, "best_kernel": "triton_mm_310", "best_kernel_desc": "ACC_TYPE='tl.float32', ALLOW_TF32=True, BLOCK_K=128, BLOCK_M=64, BLOCK_N=128, EVEN_K=True, GROUP_M=8, USE_FAST_ACCUM=True, num_stages=3, num_warps=4", "best_time": 0.4898880124092102, "best_triton_pos": 0}
AUTOTUNE scaled_mm(65536x1024, 1024x1024, , )
strides: [1024, 1], [1, 1024], [], []
dtypes: torch.float8_e4m3fn, torch.float8_e4m3fn, torch.float32, torch.float32
  triton_mm_310 0.4899 ms 100.0% ACC_TYPE='tl.float32', ALLOW_TF32=True, BLOCK_K=128, BLOCK_M=64, BLOCK_N=128, EVEN_K=True, GROUP_M=8, USE_FAST_ACCUM=True, num_stages=3, num_warps=4
  triton_mm_309 0.4917 ms 99.6% ACC_TYPE='tl.float32', ALLOW_TF32=True, BLOCK_K=128, BLOCK_M=64, BLOCK_N=128, EVEN_K=True, GROUP_M=8, USE_FAST_ACCUM=True, num_stages=2, num_warps=4
  triton_mm_216 0.4948 ms 99.0% ACC_TYPE='tl.float32', ALLOW_TF32=True, BLOCK_K=32, BLOCK_M=64, BLOCK_N=128, EVEN_K=True, GROUP_M=8, USE_FAST_ACCUM=True, num_stages=4, num_warps=4
  triton_mm_213 0.4950 ms 99.0% ACC_TYPE='tl.float32', ALLOW_TF32=True, BLOCK_K=32, BLOCK_M=64, BLOCK_N=256, EVEN_K=True, GROUP_M=8, USE_FAST_ACCUM=True, num_stages=4, num_warps=4
  triton_mm_223 0.4950 ms 99.0% ACC_TYPE='tl.float32', ALLOW_TF32=True, BLOCK_K=64, BLOCK_M=128, BLOCK_N=64, EVEN_K=True, GROUP_M=8, USE_FAST_ACCUM=True, num_stages=4, num_warps=4
  triton_mm_224 0.4956 ms 98.8% ACC_TYPE='tl.float32', ALLOW_TF32=True, BLOCK_K=64, BLOCK_M=64, BLOCK_N=128, EVEN_K=True, GROUP_M=8, USE_FAST_ACCUM=True, num_stages=4, num_warps=4
  triton_mm_215 0.4960 ms 98.8% ACC_TYPE='tl.float32', ALLOW_TF32=True, BLOCK_K=32, BLOCK_M=128, BLOCK_N=64, EVEN_K=True, GROUP_M=8, USE_FAST_ACCUM=True, num_stages=4, num_warps=4
  triton_mm_225 0.4971 ms 98.6% ACC_TYPE='tl.float32', ALLOW_TF32=True, BLOCK_K=64, BLOCK_M=128, BLOCK_N=32, EVEN_K=True, GROUP_M=8, USE_FAST_ACCUM=True, num_stages=4, num_warps=4
  triton_mm_212 0.5019 ms 97.6% ACC_TYPE='tl.float32', ALLOW_TF32=True, BLOCK_K=32, BLOCK_M=256, BLOCK_N=64, EVEN_K=True, GROUP_M=8, USE_FAST_ACCUM=True, num_stages=4, num_warps=4
  _scaled_mm 0.5095 ms 96.1% 
SingleProcess AUTOTUNE benchmarking takes 4.1447 seconds and 2.9082 seconds precompiling for 106 choices
Autotune Choices Stats:
{"num_choices": 106, "num_triton_choices": 105, "best_kernel": "triton_mm_216", "best_kernel_desc": "ACC_TYPE='tl.float32', ALLOW_TF32=True, BLOCK_K=32, BLOCK_M=64, BLOCK_N=128, EVEN_K=True, GROUP_M=8, USE_FAST_ACCUM=True, num_stages=4, num_warps=4", "best_time": 0.49347200989723206, "best_triton_pos": 0}
AUTOTUNE scaled_mm(65536x1024, 1024x1024, , )
strides: [1024, 1], [1, 1024], [], []
dtypes: torch.float8_e4m3fn, torch.float8_e4m3fn, torch.float32, torch.float32
  triton_mm_216 0.4935 ms 100.0% ACC_TYPE='tl.float32', ALLOW_TF32=True, BLOCK_K=32, BLOCK_M=64, BLOCK_N=128, EVEN_K=True, GROUP_M=8, USE_FAST_ACCUM=True, num_stages=4, num_warps=4
  triton_mm_223 0.4941 ms 99.9% ACC_TYPE='tl.float32', ALLOW_TF32=True, BLOCK_K=64, BLOCK_M=128, BLOCK_N=64, EVEN_K=True, GROUP_M=8, USE_FAST_ACCUM=True, num_stages=4, num_warps=4
  triton_mm_310 0.4942 ms 99.9% ACC_TYPE='tl.float32', ALLOW_TF32=True, BLOCK_K=128, BLOCK_M=64, BLOCK_N=128, EVEN_K=True, GROUP_M=8, USE_FAST_ACCUM=True, num_stages=3, num_warps=4
  triton_mm_215 0.4949 ms 99.7% ACC_TYPE='tl.float32', ALLOW_TF32=True, BLOCK_K=32, BLOCK_M=128, BLOCK_N=64, EVEN_K=True, GROUP_M=8, USE_FAST_ACCUM=True, num_stages=4, num_warps=4
  triton_mm_309 0.4950 ms 99.7% ACC_TYPE='tl.float32', ALLOW_TF32=True, BLOCK_K=128, BLOCK_M=64, BLOCK_N=128, EVEN_K=True, GROUP_M=8, USE_FAST_ACCUM=True, num_stages=2, num_warps=4
  triton_mm_213 0.4955 ms 99.6% ACC_TYPE='tl.float32', ALLOW_TF32=True, BLOCK_K=32, BLOCK_M=64, BLOCK_N=256, EVEN_K=True, GROUP_M=8, USE_FAST_ACCUM=True, num_stages=4, num_warps=4
  triton_mm_224 0.4956 ms 99.6% ACC_TYPE='tl.float32', ALLOW_TF32=True, BLOCK_K=64, BLOCK_M=64, BLOCK_N=128, EVEN_K=True, GROUP_M=8, USE_FAST_ACCUM=True, num_stages=4, num_warps=4
  triton_mm_225 0.4971 ms 99.3% ACC_TYPE='tl.float32', ALLOW_TF32=True, BLOCK_K=64, BLOCK_M=128, BLOCK_N=32, EVEN_K=True, GROUP_M=8, USE_FAST_ACCUM=True, num_stages=4, num_warps=4
  triton_mm_212 0.5029 ms 98.1% ACC_TYPE='tl.float32', ALLOW_TF32=True, BLOCK_K=32, BLOCK_M=256, BLOCK_N=64, EVEN_K=True, GROUP_M=8, USE_FAST_ACCUM=True, num_stages=4, num_warps=4
  _scaled_mm 0.5078 ms 97.2% 
SingleProcess AUTOTUNE benchmarking takes 4.1466 seconds and 2.5834 seconds precompiling for 106 choices
Autotune Choices Stats:
{"num_choices": 106, "num_triton_choices": 105, "best_kernel": "triton_mm_310", "best_kernel_desc": "ACC_TYPE='tl.float32', ALLOW_TF32=True, BLOCK_K=128, BLOCK_M=64, BLOCK_N=128, EVEN_K=True, GROUP_M=8, USE_FAST_ACCUM=True, num_stages=3, num_warps=4", "best_time": 0.5369600057601929, "best_triton_pos": 0}
AUTOTUNE scaled_mm(65536x1024, 1024x1024, , )
strides: [1024, 1], [1, 1024], [], []
dtypes: torch.float8_e4m3fn, torch.float8_e4m3fn, torch.float32, torch.float32
  triton_mm_310 0.5370 ms 100.0% ACC_TYPE='tl.float32', ALLOW_TF32=True, BLOCK_K=128, BLOCK_M=64, BLOCK_N=128, EVEN_K=True, GROUP_M=8, USE_FAST_ACCUM=True, num_stages=3, num_warps=4
  triton_mm_309 0.5374 ms 99.9% ACC_TYPE='tl.float32', ALLOW_TF32=True, BLOCK_K=128, BLOCK_M=64, BLOCK_N=128, EVEN_K=True, GROUP_M=8, USE_FAST_ACCUM=True, num_stages=2, num_warps=4
  triton_mm_216 0.5375 ms 99.9% ACC_TYPE='tl.float32', ALLOW_TF32=True, BLOCK_K=32, BLOCK_M=64, BLOCK_N=128, EVEN_K=True, GROUP_M=8, USE_FAST_ACCUM=True, num_stages=4, num_warps=4
  triton_mm_223 0.5388 ms 99.7% ACC_TYPE='tl.float32', ALLOW_TF32=True, BLOCK_K=64, BLOCK_M=128, BLOCK_N=64, EVEN_K=True, GROUP_M=8, USE_FAST_ACCUM=True, num_stages=4, num_warps=4
  triton_mm_213 0.5392 ms 99.6% ACC_TYPE='tl.float32', ALLOW_TF32=True, BLOCK_K=32, BLOCK_M=64, BLOCK_N=256, EVEN_K=True, GROUP_M=8, USE_FAST_ACCUM=True, num_stages=4, num_warps=4
  triton_mm_215 0.5396 ms 99.5% ACC_TYPE='tl.float32', ALLOW_TF32=True, BLOCK_K=32, BLOCK_M=128, BLOCK_N=64, EVEN_K=True, GROUP_M=8, USE_FAST_ACCUM=True, num_stages=4, num_warps=4
  triton_mm_224 0.5404 ms 99.4% ACC_TYPE='tl.float32', ALLOW_TF32=True, BLOCK_K=64, BLOCK_M=64, BLOCK_N=128, EVEN_K=True, GROUP_M=8, USE_FAST_ACCUM=True, num_stages=4, num_warps=4
  triton_mm_225 0.5417 ms 99.1% ACC_TYPE='tl.float32', ALLOW_TF32=True, BLOCK_K=64, BLOCK_M=128, BLOCK_N=32, EVEN_K=True, GROUP_M=8, USE_FAST_ACCUM=True, num_stages=4, num_warps=4
  triton_mm_212 0.5463 ms 98.3% ACC_TYPE='tl.float32', ALLOW_TF32=True, BLOCK_K=32, BLOCK_M=256, BLOCK_N=64, EVEN_K=True, GROUP_M=8, USE_FAST_ACCUM=True, num_stages=4, num_warps=4
  _scaled_mm 0.5521 ms 97.3% 
SingleProcess AUTOTUNE benchmarking takes 4.1911 seconds and 2.7257 seconds precompiling for 106 choices
Autotune Choices Stats:
{"num_choices": 106, "num_triton_choices": 105, "best_kernel": "triton_mm_310", "best_kernel_desc": "ACC_TYPE='tl.float32', ALLOW_TF32=True, BLOCK_K=128, BLOCK_M=64, BLOCK_N=128, EVEN_K=True, GROUP_M=8, USE_FAST_ACCUM=True, num_stages=3, num_warps=4", "best_time": 0.4894079864025116, "best_triton_pos": 0}
AUTOTUNE scaled_mm(65536x1024, 1024x1024, , )
strides: [1024, 1], [1, 1024], [], []
dtypes: torch.float8_e4m3fn, torch.float8_e4m3fn, torch.float32, torch.float32
  triton_mm_310 0.4894 ms 100.0% ACC_TYPE='tl.float32', ALLOW_TF32=True, BLOCK_K=128, BLOCK_M=64, BLOCK_N=128, EVEN_K=True, GROUP_M=8, USE_FAST_ACCUM=True, num_stages=3, num_warps=4
  triton_mm_309 0.4900 ms 99.9% ACC_TYPE='tl.float32', ALLOW_TF32=True, BLOCK_K=128, BLOCK_M=64, BLOCK_N=128, EVEN_K=True, GROUP_M=8, USE_FAST_ACCUM=True, num_stages=2, num_warps=4
  triton_mm_224 0.4910 ms 99.7% ACC_TYPE='tl.float32', ALLOW_TF32=True, BLOCK_K=64, BLOCK_M=64, BLOCK_N=128, EVEN_K=True, GROUP_M=8, USE_FAST_ACCUM=True, num_stages=4, num_warps=4
  triton_mm_223 0.4915 ms 99.6% ACC_TYPE='tl.float32', ALLOW_TF32=True, BLOCK_K=64, BLOCK_M=128, BLOCK_N=64, EVEN_K=True, GROUP_M=8, USE_FAST_ACCUM=True, num_stages=4, num_warps=4
  triton_mm_213 0.4917 ms 99.5% ACC_TYPE='tl.float32', ALLOW_TF32=True, BLOCK_K=32, BLOCK_M=64, BLOCK_N=256, EVEN_K=True, GROUP_M=8, USE_FAST_ACCUM=True, num_stages=4, num_warps=4
  triton_mm_216 0.4921 ms 99.5% ACC_TYPE='tl.float32', ALLOW_TF32=True, BLOCK_K=32, BLOCK_M=64, BLOCK_N=128, EVEN_K=True, GROUP_M=8, USE_FAST_ACCUM=True, num_stages=4, num_warps=4
  triton_mm_225 0.4924 ms 99.4% ACC_TYPE='tl.float32', ALLOW_TF32=True, BLOCK_K=64, BLOCK_M=128, BLOCK_N=32, EVEN_K=True, GROUP_M=8, USE_FAST_ACCUM=True, num_stages=4, num_warps=4
  triton_mm_215 0.4933 ms 99.2% ACC_TYPE='tl.float32', ALLOW_TF32=True, BLOCK_K=32, BLOCK_M=128, BLOCK_N=64, EVEN_K=True, GROUP_M=8, USE_FAST_ACCUM=True, num_stages=4, num_warps=4
  triton_mm_212 0.4986 ms 98.2% ACC_TYPE='tl.float32', ALLOW_TF32=True, BLOCK_K=32, BLOCK_M=256, BLOCK_N=64, EVEN_K=True, GROUP_M=8, USE_FAST_ACCUM=True, num_stages=4, num_warps=4
  _scaled_mm 0.5046 ms 97.0% 
SingleProcess AUTOTUNE benchmarking takes 4.1293 seconds and 2.6353 seconds precompiling for 106 choices
/usr/local/lib/python3.12/dist-packages/torch/_inductor/lowering.py:7836: UserWarning: 
Online softmax is disabled on the fly since Inductor decides to
split the reduction. Cut an issue to PyTorch if this is an
important use case and you want to speed it up with online
softmax.

  warnings.warn(
/usr/local/lib/python3.12/dist-packages/torch/_inductor/lowering.py:7836: UserWarning: 
Online softmax is disabled on the fly since Inductor decides to
split the reduction. Cut an issue to PyTorch if this is an
important use case and you want to speed it up with online
softmax.

  warnings.warn(
/usr/local/lib/python3.12/dist-packages/torch/_inductor/lowering.py:7836: UserWarning: 
Online softmax is disabled on the fly since Inductor decides to
split the reduction. Cut an issue to PyTorch if this is an
important use case and you want to speed it up with online
softmax.

  warnings.warn(
/usr/local/lib/python3.12/dist-packages/torch/_inductor/lowering.py:7836: UserWarning: 
Online softmax is disabled on the fly since Inductor decides to
split the reduction. Cut an issue to PyTorch if this is an
important use case and you want to speed it up with online
softmax.

  warnings.warn(
/usr/local/lib/python3.12/dist-packages/torch/_inductor/lowering.py:7836: UserWarning: 
Online softmax is disabled on the fly since Inductor decides to
split the reduction. Cut an issue to PyTorch if this is an
important use case and you want to speed it up with online
softmax.

  warnings.warn(
/usr/local/lib/python3.12/dist-packages/torch/_inductor/lowering.py:7836: UserWarning: 
Online softmax is disabled on the fly since Inductor decides to
split the reduction. Cut an issue to PyTorch if this is an
important use case and you want to speed it up with online
softmax.

  warnings.warn(
/usr/local/lib/python3.12/dist-packages/torch/_inductor/lowering.py:7836: UserWarning: 
Online softmax is disabled on the fly since Inductor decides to
split the reduction. Cut an issue to PyTorch if this is an
important use case and you want to speed it up with online
softmax.

  warnings.warn(
Autotune Choices Stats:
{"num_choices": 106, "num_triton_choices": 105, "best_kernel": "triton_mm_329", "best_kernel_desc": "ACC_TYPE='tl.float32', ALLOW_TF32=True, BLOCK_K=64, BLOCK_M=64, BLOCK_N=128, EVEN_K=True, GROUP_M=8, USE_FAST_ACCUM=True, num_stages=4, num_warps=4", "best_time": 2.8908159732818604, "best_triton_pos": 0}
AUTOTUNE scaled_mm(65536x1024, 1024x6144, , )
strides: [1024, 1], [1, 1024], [], []
dtypes: torch.float8_e4m3fn, torch.float8_e4m3fn, torch.float32, torch.float32
  triton_mm_329 2.8908 ms 100.0% ACC_TYPE='tl.float32', ALLOW_TF32=True, BLOCK_K=64, BLOCK_M=64, BLOCK_N=128, EVEN_K=True, GROUP_M=8, USE_FAST_ACCUM=True, num_stages=4, num_warps=4
  triton_mm_414 2.8916 ms 100.0% ACC_TYPE='tl.float32', ALLOW_TF32=True, BLOCK_K=128, BLOCK_M=64, BLOCK_N=128, EVEN_K=True, GROUP_M=8, USE_FAST_ACCUM=True, num_stages=2, num_warps=4
  triton_mm_415 2.8948 ms 99.9% ACC_TYPE='tl.float32', ALLOW_TF32=True, BLOCK_K=128, BLOCK_M=64, BLOCK_N=128, EVEN_K=True, GROUP_M=8, USE_FAST_ACCUM=True, num_stages=3, num_warps=4
  triton_mm_328 2.9020 ms 99.6% ACC_TYPE='tl.float32', ALLOW_TF32=True, BLOCK_K=64, BLOCK_M=128, BLOCK_N=64, EVEN_K=True, GROUP_M=8, USE_FAST_ACCUM=True, num_stages=4, num_warps=4
  triton_mm_321 2.9059 ms 99.5% ACC_TYPE='tl.float32', ALLOW_TF32=True, BLOCK_K=32, BLOCK_M=64, BLOCK_N=128, EVEN_K=True, GROUP_M=8, USE_FAST_ACCUM=True, num_stages=4, num_warps=4
  triton_mm_320 2.9142 ms 99.2% ACC_TYPE='tl.float32', ALLOW_TF32=True, BLOCK_K=32, BLOCK_M=128, BLOCK_N=64, EVEN_K=True, GROUP_M=8, USE_FAST_ACCUM=True, num_stages=4, num_warps=4
  triton_mm_330 2.9148 ms 99.2% ACC_TYPE='tl.float32', ALLOW_TF32=True, BLOCK_K=64, BLOCK_M=128, BLOCK_N=32, EVEN_K=True, GROUP_M=8, USE_FAST_ACCUM=True, num_stages=4, num_warps=4
  triton_mm_318 2.9157 ms 99.1% ACC_TYPE='tl.float32', ALLOW_TF32=True, BLOCK_K=32, BLOCK_M=64, BLOCK_N=256, EVEN_K=True, GROUP_M=8, USE_FAST_ACCUM=True, num_stages=4, num_warps=4
  _scaled_mm 2.9323 ms 98.6% 
  triton_mm_416 2.9693 ms 97.4% ACC_TYPE='tl.float32', ALLOW_TF32=True, BLOCK_K=128, BLOCK_M=128, BLOCK_N=128, EVEN_K=True, GROUP_M=8, USE_FAST_ACCUM=True, num_stages=2, num_warps=4
SingleProcess AUTOTUNE benchmarking takes 7.8895 seconds and 2.7429 seconds precompiling for 106 choices
Autotune Choices Stats:
{"num_choices": 106, "num_triton_choices": 105, "best_kernel": "triton_mm_321", "best_kernel_desc": "ACC_TYPE='tl.float32', ALLOW_TF32=True, BLOCK_K=32, BLOCK_M=64, BLOCK_N=128, EVEN_K=True, GROUP_M=8, USE_FAST_ACCUM=True, num_stages=4, num_warps=4", "best_time": 2.9014720916748047, "best_triton_pos": 0}
AUTOTUNE scaled_mm(65536x1024, 1024x6144, , )
strides: [1024, 1], [1, 1024], [], []
dtypes: torch.float8_e4m3fn, torch.float8_e4m3fn, torch.float32, torch.float32
  triton_mm_321 2.9015 ms 100.0% ACC_TYPE='tl.float32', ALLOW_TF32=True, BLOCK_K=32, BLOCK_M=64, BLOCK_N=128, EVEN_K=True, GROUP_M=8, USE_FAST_ACCUM=True, num_stages=4, num_warps=4
  triton_mm_318 2.9024 ms 100.0% ACC_TYPE='tl.float32', ALLOW_TF32=True, BLOCK_K=32, BLOCK_M=64, BLOCK_N=256, EVEN_K=True, GROUP_M=8, USE_FAST_ACCUM=True, num_stages=4, num_warps=4
  triton_mm_329 2.9038 ms 99.9% ACC_TYPE='tl.float32', ALLOW_TF32=True, BLOCK_K=64, BLOCK_M=64, BLOCK_N=128, EVEN_K=True, GROUP_M=8, USE_FAST_ACCUM=True, num_stages=4, num_warps=4
  triton_mm_414 2.9074 ms 99.8% ACC_TYPE='tl.float32', ALLOW_TF32=True, BLOCK_K=128, BLOCK_M=64, BLOCK_N=128, EVEN_K=True, GROUP_M=8, USE_FAST_ACCUM=True, num_stages=2, num_warps=4
  triton_mm_320 2.9094 ms 99.7% ACC_TYPE='tl.float32', ALLOW_TF32=True, BLOCK_K=32, BLOCK_M=128, BLOCK_N=64, EVEN_K=True, GROUP_M=8, USE_FAST_ACCUM=True, num_stages=4, num_warps=4
  triton_mm_415 2.9095 ms 99.7% ACC_TYPE='tl.float32', ALLOW_TF32=True, BLOCK_K=128, BLOCK_M=64, BLOCK_N=128, EVEN_K=True, GROUP_M=8, USE_FAST_ACCUM=True, num_stages=3, num_warps=4
  triton_mm_328 2.9105 ms 99.7% ACC_TYPE='tl.float32', ALLOW_TF32=True, BLOCK_K=64, BLOCK_M=128, BLOCK_N=64, EVEN_K=True, GROUP_M=8, USE_FAST_ACCUM=True, num_stages=4, num_warps=4
  _scaled_mm 2.9247 ms 99.2% 
  triton_mm_330 2.9300 ms 99.0% ACC_TYPE='tl.float32', ALLOW_TF32=True, BLOCK_K=64, BLOCK_M=128, BLOCK_N=32, EVEN_K=True, GROUP_M=8, USE_FAST_ACCUM=True, num_stages=4, num_warps=4
  triton_mm_317 2.9617 ms 98.0% ACC_TYPE='tl.float32', ALLOW_TF32=True, BLOCK_K=32, BLOCK_M=256, BLOCK_N=64, EVEN_K=True, GROUP_M=8, USE_FAST_ACCUM=True, num_stages=4, num_warps=4
SingleProcess AUTOTUNE benchmarking takes 7.8966 seconds and 2.8667 seconds precompiling for 106 choices
Autotune Choices Stats:
{"num_choices": 106, "num_triton_choices": 105, "best_kernel": "triton_mm_318", "best_kernel_desc": "ACC_TYPE='tl.float32', ALLOW_TF32=True, BLOCK_K=32, BLOCK_M=64, BLOCK_N=256, EVEN_K=True, GROUP_M=8, USE_FAST_ACCUM=True, num_stages=4, num_warps=4", "best_time": 2.884416103363037, "best_triton_pos": 0}
AUTOTUNE scaled_mm(65536x1024, 1024x6144, , )
strides: [1024, 1], [1, 1024], [], []
dtypes: torch.float8_e4m3fn, torch.float8_e4m3fn, torch.float32, torch.float32
  triton_mm_318 2.8844 ms 100.0% ACC_TYPE='tl.float32', ALLOW_TF32=True, BLOCK_K=32, BLOCK_M=64, BLOCK_N=256, EVEN_K=True, GROUP_M=8, USE_FAST_ACCUM=True, num_stages=4, num_warps=4
  triton_mm_321 2.8953 ms 99.6% ACC_TYPE='tl.float32', ALLOW_TF32=True, BLOCK_K=32, BLOCK_M=64, BLOCK_N=128, EVEN_K=True, GROUP_M=8, USE_FAST_ACCUM=True, num_stages=4, num_warps=4
  triton_mm_320 2.8957 ms 99.6% ACC_TYPE='tl.float32', ALLOW_TF32=True, BLOCK_K=32, BLOCK_M=128, BLOCK_N=64, EVEN_K=True, GROUP_M=8, USE_FAST_ACCUM=True, num_stages=4, num_warps=4
  _scaled_mm 2.9093 ms 99.1% 
  triton_mm_414 2.9098 ms 99.1% ACC_TYPE='tl.float32', ALLOW_TF32=True, BLOCK_K=128, BLOCK_M=64, BLOCK_N=128, EVEN_K=True, GROUP_M=8, USE_FAST_ACCUM=True, num_stages=2, num_warps=4
  triton_mm_415 2.9108 ms 99.1% ACC_TYPE='tl.float32', ALLOW_TF32=True, BLOCK_K=128, BLOCK_M=64, BLOCK_N=128, EVEN_K=True, GROUP_M=8, USE_FAST_ACCUM=True, num_stages=3, num_warps=4
  triton_mm_329 2.9114 ms 99.1% ACC_TYPE='tl.float32', ALLOW_TF32=True, BLOCK_K=64, BLOCK_M=64, BLOCK_N=128, EVEN_K=True, GROUP_M=8, USE_FAST_ACCUM=True, num_stages=4, num_warps=4
  triton_mm_328 2.9196 ms 98.8% ACC_TYPE='tl.float32', ALLOW_TF32=True, BLOCK_K=64, BLOCK_M=128, BLOCK_N=64, EVEN_K=True, GROUP_M=8, USE_FAST_ACCUM=True, num_stages=4, num_warps=4
  triton_mm_330 2.9343 ms 98.3% ACC_TYPE='tl.float32', ALLOW_TF32=True, BLOCK_K=64, BLOCK_M=128, BLOCK_N=32, EVEN_K=True, GROUP_M=8, USE_FAST_ACCUM=True, num_stages=4, num_warps=4
  triton_mm_317 2.9432 ms 98.0% ACC_TYPE='tl.float32', ALLOW_TF32=True, BLOCK_K=32, BLOCK_M=256, BLOCK_N=64, EVEN_K=True, GROUP_M=8, USE_FAST_ACCUM=True, num_stages=4, num_warps=4
SingleProcess AUTOTUNE benchmarking takes 7.8379 seconds and 2.8460 seconds precompiling for 106 choices
Autotune Choices Stats:
{"num_choices": 106, "num_triton_choices": 105, "best_kernel": "triton_mm_318", "best_kernel_desc": "ACC_TYPE='tl.float32', ALLOW_TF32=True, BLOCK_K=32, BLOCK_M=64, BLOCK_N=256, EVEN_K=True, GROUP_M=8, USE_FAST_ACCUM=True, num_stages=4, num_warps=4", "best_time": 2.8809919357299805, "best_triton_pos": 0}
AUTOTUNE scaled_mm(65536x1024, 1024x6144, , )
strides: [1024, 1], [1, 1024], [], []
dtypes: torch.float8_e4m3fn, torch.float8_e4m3fn, torch.float32, torch.float32
  triton_mm_318 2.8810 ms 100.0% ACC_TYPE='tl.float32', ALLOW_TF32=True, BLOCK_K=32, BLOCK_M=64, BLOCK_N=256, EVEN_K=True, GROUP_M=8, USE_FAST_ACCUM=True, num_stages=4, num_warps=4
  triton_mm_329 2.8873 ms 99.8% ACC_TYPE='tl.float32', ALLOW_TF32=True, BLOCK_K=64, BLOCK_M=64, BLOCK_N=128, EVEN_K=True, GROUP_M=8, USE_FAST_ACCUM=True, num_stages=4, num_warps=4
  triton_mm_321 2.8952 ms 99.5% ACC_TYPE='tl.float32', ALLOW_TF32=True, BLOCK_K=32, BLOCK_M=64, BLOCK_N=128, EVEN_K=True, GROUP_M=8, USE_FAST_ACCUM=True, num_stages=4, num_warps=4
  triton_mm_328 2.8954 ms 99.5% ACC_TYPE='tl.float32', ALLOW_TF32=True, BLOCK_K=64, BLOCK_M=128, BLOCK_N=64, EVEN_K=True, GROUP_M=8, USE_FAST_ACCUM=True, num_stages=4, num_warps=4
  triton_mm_320 2.8970 ms 99.4% ACC_TYPE='tl.float32', ALLOW_TF32=True, BLOCK_K=32, BLOCK_M=128, BLOCK_N=64, EVEN_K=True, GROUP_M=8, USE_FAST_ACCUM=True, num_stages=4, num_warps=4
  triton_mm_414 2.9094 ms 99.0% ACC_TYPE='tl.float32', ALLOW_TF32=True, BLOCK_K=128, BLOCK_M=64, BLOCK_N=128, EVEN_K=True, GROUP_M=8, USE_FAST_ACCUM=True, num_stages=2, num_warps=4
  triton_mm_415 2.9098 ms 99.0% ACC_TYPE='tl.float32', ALLOW_TF32=True, BLOCK_K=128, BLOCK_M=64, BLOCK_N=128, EVEN_K=True, GROUP_M=8, USE_FAST_ACCUM=True, num_stages=3, num_warps=4
  triton_mm_330 2.9110 ms 99.0% ACC_TYPE='tl.float32', ALLOW_TF32=True, BLOCK_K=64, BLOCK_M=128, BLOCK_N=32, EVEN_K=True, GROUP_M=8, USE_FAST_ACCUM=True, num_stages=4, num_warps=4
  _scaled_mm 2.9143 ms 98.9% 
  triton_mm_317 2.9359 ms 98.1% ACC_TYPE='tl.float32', ALLOW_TF32=True, BLOCK_K=32, BLOCK_M=256, BLOCK_N=64, EVEN_K=True, GROUP_M=8, USE_FAST_ACCUM=True, num_stages=4, num_warps=4
SingleProcess AUTOTUNE benchmarking takes 7.8366 seconds and 2.7962 seconds precompiling for 106 choices
Autotune Choices Stats:
{"num_choices": 106, "num_triton_choices": 105, "best_kernel": "triton_mm_318", "best_kernel_desc": "ACC_TYPE='tl.float32', ALLOW_TF32=True, BLOCK_K=32, BLOCK_M=64, BLOCK_N=256, EVEN_K=True, GROUP_M=8, USE_FAST_ACCUM=True, num_stages=4, num_warps=4", "best_time": 2.902911901473999, "best_triton_pos": 0}
AUTOTUNE scaled_mm(65536x1024, 1024x6144, , )
strides: [1024, 1], [1, 1024], [], []
dtypes: torch.float8_e4m3fn, torch.float8_e4m3fn, torch.float32, torch.float32
  triton_mm_318 2.9029 ms 100.0% ACC_TYPE='tl.float32', ALLOW_TF32=True, BLOCK_K=32, BLOCK_M=64, BLOCK_N=256, EVEN_K=True, GROUP_M=8, USE_FAST_ACCUM=True, num_stages=4, num_warps=4
  triton_mm_321 2.9050 ms 99.9% ACC_TYPE='tl.float32', ALLOW_TF32=True, BLOCK_K=32, BLOCK_M=64, BLOCK_N=128, EVEN_K=True, GROUP_M=8, USE_FAST_ACCUM=True, num_stages=4, num_warps=4
  triton_mm_414 2.9114 ms 99.7% ACC_TYPE='tl.float32', ALLOW_TF32=True, BLOCK_K=128, BLOCK_M=64, BLOCK_N=128, EVEN_K=True, GROUP_M=8, USE_FAST_ACCUM=True, num_stages=2, num_warps=4
  triton_mm_415 2.9119 ms 99.7% ACC_TYPE='tl.float32', ALLOW_TF32=True, BLOCK_K=128, BLOCK_M=64, BLOCK_N=128, EVEN_K=True, GROUP_M=8, USE_FAST_ACCUM=True, num_stages=3, num_warps=4
  triton_mm_320 2.9124 ms 99.7% ACC_TYPE='tl.float32', ALLOW_TF32=True, BLOCK_K=32, BLOCK_M=128, BLOCK_N=64, EVEN_K=True, GROUP_M=8, USE_FAST_ACCUM=True, num_stages=4, num_warps=4
  triton_mm_328 2.9125 ms 99.7% ACC_TYPE='tl.float32', ALLOW_TF32=True, BLOCK_K=64, BLOCK_M=128, BLOCK_N=64, EVEN_K=True, GROUP_M=8, USE_FAST_ACCUM=True, num_stages=4, num_warps=4
  triton_mm_329 2.9128 ms 99.7% ACC_TYPE='tl.float32', ALLOW_TF32=True, BLOCK_K=64, BLOCK_M=64, BLOCK_N=128, EVEN_K=True, GROUP_M=8, USE_FAST_ACCUM=True, num_stages=4, num_warps=4
  _scaled_mm 2.9309 ms 99.0% 
  triton_mm_330 2.9355 ms 98.9% ACC_TYPE='tl.float32', ALLOW_TF32=True, BLOCK_K=64, BLOCK_M=128, BLOCK_N=32, EVEN_K=True, GROUP_M=8, USE_FAST_ACCUM=True, num_stages=4, num_warps=4
  triton_mm_317 2.9549 ms 98.2% ACC_TYPE='tl.float32', ALLOW_TF32=True, BLOCK_K=32, BLOCK_M=256, BLOCK_N=64, EVEN_K=True, GROUP_M=8, USE_FAST_ACCUM=True, num_stages=4, num_warps=4
SingleProcess AUTOTUNE benchmarking takes 7.8479 seconds and 2.8105 seconds precompiling for 106 choices
Autotune Choices Stats:
{"num_choices": 106, "num_triton_choices": 105, "best_kernel": "triton_mm_321", "best_kernel_desc": "ACC_TYPE='tl.float32', ALLOW_TF32=True, BLOCK_K=32, BLOCK_M=64, BLOCK_N=128, EVEN_K=True, GROUP_M=8, USE_FAST_ACCUM=True, num_stages=4, num_warps=4", "best_time": 3.1659200191497803, "best_triton_pos": 0}
AUTOTUNE scaled_mm(65536x1024, 1024x6144, , )
strides: [1024, 1], [1, 1024], [], []
dtypes: torch.float8_e4m3fn, torch.float8_e4m3fn, torch.float32, torch.float32
  triton_mm_321 3.1659 ms 100.0% ACC_TYPE='tl.float32', ALLOW_TF32=True, BLOCK_K=32, BLOCK_M=64, BLOCK_N=128, EVEN_K=True, GROUP_M=8, USE_FAST_ACCUM=True, num_stages=4, num_warps=4
  triton_mm_414 3.1669 ms 100.0% ACC_TYPE='tl.float32', ALLOW_TF32=True, BLOCK_K=128, BLOCK_M=64, BLOCK_N=128, EVEN_K=True, GROUP_M=8, USE_FAST_ACCUM=True, num_stages=2, num_warps=4
  triton_mm_415 3.1673 ms 100.0% ACC_TYPE='tl.float32', ALLOW_TF32=True, BLOCK_K=128, BLOCK_M=64, BLOCK_N=128, EVEN_K=True, GROUP_M=8, USE_FAST_ACCUM=True, num_stages=3, num_warps=4
  triton_mm_329 3.1676 ms 99.9% ACC_TYPE='tl.float32', ALLOW_TF32=True, BLOCK_K=64, BLOCK_M=64, BLOCK_N=128, EVEN_K=True, GROUP_M=8, USE_FAST_ACCUM=True, num_stages=4, num_warps=4
  triton_mm_318 3.1759 ms 99.7% ACC_TYPE='tl.float32', ALLOW_TF32=True, BLOCK_K=32, BLOCK_M=64, BLOCK_N=256, EVEN_K=True, GROUP_M=8, USE_FAST_ACCUM=True, num_stages=4, num_warps=4
  triton_mm_320 3.1769 ms 99.7% ACC_TYPE='tl.float32', ALLOW_TF32=True, BLOCK_K=32, BLOCK_M=128, BLOCK_N=64, EVEN_K=True, GROUP_M=8, USE_FAST_ACCUM=True, num_stages=4, num_warps=4
  triton_mm_328 3.1819 ms 99.5% ACC_TYPE='tl.float32', ALLOW_TF32=True, BLOCK_K=64, BLOCK_M=128, BLOCK_N=64, EVEN_K=True, GROUP_M=8, USE_FAST_ACCUM=True, num_stages=4, num_warps=4
  _scaled_mm 3.1906 ms 99.2% 
  triton_mm_330 3.1938 ms 99.1% ACC_TYPE='tl.float32', ALLOW_TF32=True, BLOCK_K=64, BLOCK_M=128, BLOCK_N=32, EVEN_K=True, GROUP_M=8, USE_FAST_ACCUM=True, num_stages=4, num_warps=4
  triton_mm_317 3.2294 ms 98.0% ACC_TYPE='tl.float32', ALLOW_TF32=True, BLOCK_K=32, BLOCK_M=256, BLOCK_N=64, EVEN_K=True, GROUP_M=8, USE_FAST_ACCUM=True, num_stages=4, num_warps=4
SingleProcess AUTOTUNE benchmarking takes 8.3626 seconds and 2.6309 seconds precompiling for 106 choices
Autotune Choices Stats:
{"num_choices": 106, "num_triton_choices": 105, "best_kernel": "triton_mm_414", "best_kernel_desc": "ACC_TYPE='tl.float32', ALLOW_TF32=True, BLOCK_K=128, BLOCK_M=64, BLOCK_N=128, EVEN_K=True, GROUP_M=8, USE_FAST_ACCUM=True, num_stages=2, num_warps=4", "best_time": 2.884704113006592, "best_triton_pos": 0}
AUTOTUNE scaled_mm(65536x1024, 1024x6144, , )
strides: [1024, 1], [1, 1024], [], []
dtypes: torch.float8_e4m3fn, torch.float8_e4m3fn, torch.float32, torch.float32
  triton_mm_414 2.8847 ms 100.0% ACC_TYPE='tl.float32', ALLOW_TF32=True, BLOCK_K=128, BLOCK_M=64, BLOCK_N=128, EVEN_K=True, GROUP_M=8, USE_FAST_ACCUM=True, num_stages=2, num_warps=4
  triton_mm_415 2.8855 ms 100.0% ACC_TYPE='tl.float32', ALLOW_TF32=True, BLOCK_K=128, BLOCK_M=64, BLOCK_N=128, EVEN_K=True, GROUP_M=8, USE_FAST_ACCUM=True, num_stages=3, num_warps=4
  triton_mm_318 2.8860 ms 100.0% ACC_TYPE='tl.float32', ALLOW_TF32=True, BLOCK_K=32, BLOCK_M=64, BLOCK_N=256, EVEN_K=True, GROUP_M=8, USE_FAST_ACCUM=True, num_stages=4, num_warps=4
  triton_mm_329 2.8870 ms 99.9% ACC_TYPE='tl.float32', ALLOW_TF32=True, BLOCK_K=64, BLOCK_M=64, BLOCK_N=128, EVEN_K=True, GROUP_M=8, USE_FAST_ACCUM=True, num_stages=4, num_warps=4
  triton_mm_321 2.8882 ms 99.9% ACC_TYPE='tl.float32', ALLOW_TF32=True, BLOCK_K=32, BLOCK_M=64, BLOCK_N=128, EVEN_K=True, GROUP_M=8, USE_FAST_ACCUM=True, num_stages=4, num_warps=4
  triton_mm_328 2.8931 ms 99.7% ACC_TYPE='tl.float32', ALLOW_TF32=True, BLOCK_K=64, BLOCK_M=128, BLOCK_N=64, EVEN_K=True, GROUP_M=8, USE_FAST_ACCUM=True, num_stages=4, num_warps=4
  triton_mm_320 2.8967 ms 99.6% ACC_TYPE='tl.float32', ALLOW_TF32=True, BLOCK_K=32, BLOCK_M=128, BLOCK_N=64, EVEN_K=True, GROUP_M=8, USE_FAST_ACCUM=True, num_stages=4, num_warps=4
  triton_mm_330 2.9090 ms 99.2% ACC_TYPE='tl.float32', ALLOW_TF32=True, BLOCK_K=64, BLOCK_M=128, BLOCK_N=32, EVEN_K=True, GROUP_M=8, USE_FAST_ACCUM=True, num_stages=4, num_warps=4
  _scaled_mm 2.9152 ms 99.0% 
  triton_mm_317 2.9431 ms 98.0% ACC_TYPE='tl.float32', ALLOW_TF32=True, BLOCK_K=32, BLOCK_M=256, BLOCK_N=64, EVEN_K=True, GROUP_M=8, USE_FAST_ACCUM=True, num_stages=4, num_warps=4
SingleProcess AUTOTUNE benchmarking takes 7.8049 seconds and 2.6914 seconds precompiling for 106 choices
Autotune Choices Stats:
{"num_choices": 106, "num_triton_choices": 105, "best_kernel": "triton_mm_520", "best_kernel_desc": "ACC_TYPE='tl.float32', ALLOW_TF32=True, BLOCK_K=128, BLOCK_M=64, BLOCK_N=128, EVEN_K=True, GROUP_M=8, USE_FAST_ACCUM=True, num_stages=3, num_warps=4", "best_time": 1.4563519954681396, "best_triton_pos": 0}
AUTOTUNE scaled_mm(65536x3072, 3072x1024, , )
strides: [3072, 1], [1, 3072], [], []
dtypes: torch.float8_e4m3fn, torch.float8_e4m3fn, torch.float32, torch.float32
  triton_mm_520 1.4564 ms 100.0% ACC_TYPE='tl.float32', ALLOW_TF32=True, BLOCK_K=128, BLOCK_M=64, BLOCK_N=128, EVEN_K=True, GROUP_M=8, USE_FAST_ACCUM=True, num_stages=3, num_warps=4
  triton_mm_435 1.4574 ms 99.9% ACC_TYPE='tl.float32', ALLOW_TF32=True, BLOCK_K=64, BLOCK_M=128, BLOCK_N=32, EVEN_K=True, GROUP_M=8, USE_FAST_ACCUM=True, num_stages=4, num_warps=4
  triton_mm_433 1.4601 ms 99.7% ACC_TYPE='tl.float32', ALLOW_TF32=True, BLOCK_K=64, BLOCK_M=128, BLOCK_N=64, EVEN_K=True, GROUP_M=8, USE_FAST_ACCUM=True, num_stages=4, num_warps=4
  triton_mm_519 1.4604 ms 99.7% ACC_TYPE='tl.float32', ALLOW_TF32=True, BLOCK_K=128, BLOCK_M=64, BLOCK_N=128, EVEN_K=True, GROUP_M=8, USE_FAST_ACCUM=True, num_stages=2, num_warps=4
  triton_mm_425 1.4615 ms 99.6% ACC_TYPE='tl.float32', ALLOW_TF32=True, BLOCK_K=32, BLOCK_M=128, BLOCK_N=64, EVEN_K=True, GROUP_M=8, USE_FAST_ACCUM=True, num_stages=4, num_warps=4
  triton_mm_426 1.4618 ms 99.6% ACC_TYPE='tl.float32', ALLOW_TF32=True, BLOCK_K=32, BLOCK_M=64, BLOCK_N=128, EVEN_K=True, GROUP_M=8, USE_FAST_ACCUM=True, num_stages=4, num_warps=4
  triton_mm_434 1.4627 ms 99.6% ACC_TYPE='tl.float32', ALLOW_TF32=True, BLOCK_K=64, BLOCK_M=64, BLOCK_N=128, EVEN_K=True, GROUP_M=8, USE_FAST_ACCUM=True, num_stages=4, num_warps=4
  triton_mm_422 1.4740 ms 98.8% ACC_TYPE='tl.float32', ALLOW_TF32=True, BLOCK_K=32, BLOCK_M=256, BLOCK_N=64, EVEN_K=True, GROUP_M=8, USE_FAST_ACCUM=True, num_stages=4, num_warps=4
  triton_mm_521 1.4820 ms 98.3% ACC_TYPE='tl.float32', ALLOW_TF32=True, BLOCK_K=128, BLOCK_M=128, BLOCK_N=128, EVEN_K=True, GROUP_M=8, USE_FAST_ACCUM=True, num_stages=2, num_warps=4
  triton_mm_423 1.4830 ms 98.2% ACC_TYPE='tl.float32', ALLOW_TF32=True, BLOCK_K=32, BLOCK_M=64, BLOCK_N=256, EVEN_K=True, GROUP_M=8, USE_FAST_ACCUM=True, num_stages=4, num_warps=4
SingleProcess AUTOTUNE benchmarking takes 5.5819 seconds and 7.6869 seconds precompiling for 106 choices
Autotune Choices Stats:
{"num_choices": 106, "num_triton_choices": 105, "best_kernel": "triton_mm_435", "best_kernel_desc": "ACC_TYPE='tl.float32', ALLOW_TF32=True, BLOCK_K=64, BLOCK_M=128, BLOCK_N=32, EVEN_K=True, GROUP_M=8, USE_FAST_ACCUM=True, num_stages=4, num_warps=4", "best_time": 1.4651520252227783, "best_triton_pos": 0}
AUTOTUNE scaled_mm(65536x3072, 3072x1024, , )
strides: [3072, 1], [1, 3072], [], []
dtypes: torch.float8_e4m3fn, torch.float8_e4m3fn, torch.float32, torch.float32
  triton_mm_435 1.4652 ms 100.0% ACC_TYPE='tl.float32', ALLOW_TF32=True, BLOCK_K=64, BLOCK_M=128, BLOCK_N=32, EVEN_K=True, GROUP_M=8, USE_FAST_ACCUM=True, num_stages=4, num_warps=4
  triton_mm_519 1.4655 ms 100.0% ACC_TYPE='tl.float32', ALLOW_TF32=True, BLOCK_K=128, BLOCK_M=64, BLOCK_N=128, EVEN_K=True, GROUP_M=8, USE_FAST_ACCUM=True, num_stages=2, num_warps=4
  triton_mm_423 1.4675 ms 99.8% ACC_TYPE='tl.float32', ALLOW_TF32=True, BLOCK_K=32, BLOCK_M=64, BLOCK_N=256, EVEN_K=True, GROUP_M=8, USE_FAST_ACCUM=True, num_stages=4, num_warps=4
  triton_mm_520 1.4681 ms 99.8% ACC_TYPE='tl.float32', ALLOW_TF32=True, BLOCK_K=128, BLOCK_M=64, BLOCK_N=128, EVEN_K=True, GROUP_M=8, USE_FAST_ACCUM=True, num_stages=3, num_warps=4
  triton_mm_425 1.4688 ms 99.8% ACC_TYPE='tl.float32', ALLOW_TF32=True, BLOCK_K=32, BLOCK_M=128, BLOCK_N=64, EVEN_K=True, GROUP_M=8, USE_FAST_ACCUM=True, num_stages=4, num_warps=4
  triton_mm_433 1.4688 ms 99.8% ACC_TYPE='tl.float32', ALLOW_TF32=True, BLOCK_K=64, BLOCK_M=128, BLOCK_N=64, EVEN_K=True, GROUP_M=8, USE_FAST_ACCUM=True, num_stages=4, num_warps=4
  triton_mm_434 1.4696 ms 99.7% ACC_TYPE='tl.float32', ALLOW_TF32=True, BLOCK_K=64, BLOCK_M=64, BLOCK_N=128, EVEN_K=True, GROUP_M=8, USE_FAST_ACCUM=True, num_stages=4, num_warps=4
  triton_mm_426 1.4700 ms 99.7% ACC_TYPE='tl.float32', ALLOW_TF32=True, BLOCK_K=32, BLOCK_M=64, BLOCK_N=128, EVEN_K=True, GROUP_M=8, USE_FAST_ACCUM=True, num_stages=4, num_warps=4
  triton_mm_422 1.4780 ms 99.1% ACC_TYPE='tl.float32', ALLOW_TF32=True, BLOCK_K=32, BLOCK_M=256, BLOCK_N=64, EVEN_K=True, GROUP_M=8, USE_FAST_ACCUM=True, num_stages=4, num_warps=4
  _scaled_mm 1.4970 ms 97.9% 
SingleProcess AUTOTUNE benchmarking takes 5.5719 seconds and 7.4965 seconds precompiling for 106 choices
Autotune Choices Stats:
{"num_choices": 106, "num_triton_choices": 105, "best_kernel": "triton_mm_423", "best_kernel_desc": "ACC_TYPE='tl.float32', ALLOW_TF32=True, BLOCK_K=32, BLOCK_M=64, BLOCK_N=256, EVEN_K=True, GROUP_M=8, USE_FAST_ACCUM=True, num_stages=4, num_warps=4", "best_time": 1.459328055381775, "best_triton_pos": 0}
AUTOTUNE scaled_mm(65536x3072, 3072x1024, , )
strides: [3072, 1], [1, 3072], [], []
dtypes: torch.float8_e4m3fn, torch.float8_e4m3fn, torch.float32, torch.float32
  triton_mm_423 1.4593 ms 100.0% ACC_TYPE='tl.float32', ALLOW_TF32=True, BLOCK_K=32, BLOCK_M=64, BLOCK_N=256, EVEN_K=True, GROUP_M=8, USE_FAST_ACCUM=True, num_stages=4, num_warps=4
  triton_mm_425 1.4601 ms 99.9% ACC_TYPE='tl.float32', ALLOW_TF32=True, BLOCK_K=32, BLOCK_M=128, BLOCK_N=64, EVEN_K=True, GROUP_M=8, USE_FAST_ACCUM=True, num_stages=4, num_warps=4
  triton_mm_426 1.4642 ms 99.7% ACC_TYPE='tl.float32', ALLOW_TF32=True, BLOCK_K=32, BLOCK_M=64, BLOCK_N=128, EVEN_K=True, GROUP_M=8, USE_FAST_ACCUM=True, num_stages=4, num_warps=4
  triton_mm_519 1.4671 ms 99.5% ACC_TYPE='tl.float32', ALLOW_TF32=True, BLOCK_K=128, BLOCK_M=64, BLOCK_N=128, EVEN_K=True, GROUP_M=8, USE_FAST_ACCUM=True, num_stages=2, num_warps=4
  triton_mm_520 1.4694 ms 99.3% ACC_TYPE='tl.float32', ALLOW_TF32=True, BLOCK_K=128, BLOCK_M=64, BLOCK_N=128, EVEN_K=True, GROUP_M=8, USE_FAST_ACCUM=True, num_stages=3, num_warps=4
  triton_mm_422 1.4714 ms 99.2% ACC_TYPE='tl.float32', ALLOW_TF32=True, BLOCK_K=32, BLOCK_M=256, BLOCK_N=64, EVEN_K=True, GROUP_M=8, USE_FAST_ACCUM=True, num_stages=4, num_warps=4
  triton_mm_433 1.4720 ms 99.1% ACC_TYPE='tl.float32', ALLOW_TF32=True, BLOCK_K=64, BLOCK_M=128, BLOCK_N=64, EVEN_K=True, GROUP_M=8, USE_FAST_ACCUM=True, num_stages=4, num_warps=4
  triton_mm_435 1.4722 ms 99.1% ACC_TYPE='tl.float32', ALLOW_TF32=True, BLOCK_K=64, BLOCK_M=128, BLOCK_N=32, EVEN_K=True, GROUP_M=8, USE_FAST_ACCUM=True, num_stages=4, num_warps=4
  triton_mm_434 1.4728 ms 99.1% ACC_TYPE='tl.float32', ALLOW_TF32=True, BLOCK_K=64, BLOCK_M=64, BLOCK_N=128, EVEN_K=True, GROUP_M=8, USE_FAST_ACCUM=True, num_stages=4, num_warps=4
  _scaled_mm 1.4889 ms 98.0% 
SingleProcess AUTOTUNE benchmarking takes 5.5530 seconds and 7.7508 seconds precompiling for 106 choices
Autotune Choices Stats:
{"num_choices": 106, "num_triton_choices": 105, "best_kernel": "triton_mm_520", "best_kernel_desc": "ACC_TYPE='tl.float32', ALLOW_TF32=True, BLOCK_K=128, BLOCK_M=64, BLOCK_N=128, EVEN_K=True, GROUP_M=8, USE_FAST_ACCUM=True, num_stages=3, num_warps=4", "best_time": 1.4555840492248535, "best_triton_pos": 0}
AUTOTUNE scaled_mm(65536x3072, 3072x1024, , )
strides: [3072, 1], [1, 3072], [], []
dtypes: torch.float8_e4m3fn, torch.float8_e4m3fn, torch.float32, torch.float32
  triton_mm_520 1.4556 ms 100.0% ACC_TYPE='tl.float32', ALLOW_TF32=True, BLOCK_K=128, BLOCK_M=64, BLOCK_N=128, EVEN_K=True, GROUP_M=8, USE_FAST_ACCUM=True, num_stages=3, num_warps=4
  triton_mm_519 1.4586 ms 99.8% ACC_TYPE='tl.float32', ALLOW_TF32=True, BLOCK_K=128, BLOCK_M=64, BLOCK_N=128, EVEN_K=True, GROUP_M=8, USE_FAST_ACCUM=True, num_stages=2, num_warps=4
  triton_mm_423 1.4594 ms 99.7% ACC_TYPE='tl.float32', ALLOW_TF32=True, BLOCK_K=32, BLOCK_M=64, BLOCK_N=256, EVEN_K=True, GROUP_M=8, USE_FAST_ACCUM=True, num_stages=4, num_warps=4
  triton_mm_433 1.4607 ms 99.7% ACC_TYPE='tl.float32', ALLOW_TF32=True, BLOCK_K=64, BLOCK_M=128, BLOCK_N=64, EVEN_K=True, GROUP_M=8, USE_FAST_ACCUM=True, num_stages=4, num_warps=4
  triton_mm_434 1.4607 ms 99.6% ACC_TYPE='tl.float32', ALLOW_TF32=True, BLOCK_K=64, BLOCK_M=64, BLOCK_N=128, EVEN_K=True, GROUP_M=8, USE_FAST_ACCUM=True, num_stages=4, num_warps=4
  triton_mm_435 1.4624 ms 99.5% ACC_TYPE='tl.float32', ALLOW_TF32=True, BLOCK_K=64, BLOCK_M=128, BLOCK_N=32, EVEN_K=True, GROUP_M=8, USE_FAST_ACCUM=True, num_stages=4, num_warps=4
  triton_mm_426 1.4652 ms 99.3% ACC_TYPE='tl.float32', ALLOW_TF32=True, BLOCK_K=32, BLOCK_M=64, BLOCK_N=128, EVEN_K=True, GROUP_M=8, USE_FAST_ACCUM=True, num_stages=4, num_warps=4
  triton_mm_425 1.4659 ms 99.3% ACC_TYPE='tl.float32', ALLOW_TF32=True, BLOCK_K=32, BLOCK_M=128, BLOCK_N=64, EVEN_K=True, GROUP_M=8, USE_FAST_ACCUM=True, num_stages=4, num_warps=4
  triton_mm_422 1.4712 ms 98.9% ACC_TYPE='tl.float32', ALLOW_TF32=True, BLOCK_K=32, BLOCK_M=256, BLOCK_N=64, EVEN_K=True, GROUP_M=8, USE_FAST_ACCUM=True, num_stages=4, num_warps=4
  triton_mm_521 1.4787 ms 98.4% ACC_TYPE='tl.float32', ALLOW_TF32=True, BLOCK_K=128, BLOCK_M=128, BLOCK_N=128, EVEN_K=True, GROUP_M=8, USE_FAST_ACCUM=True, num_stages=2, num_warps=4
SingleProcess AUTOTUNE benchmarking takes 5.5459 seconds and 8.0463 seconds precompiling for 106 choices
Autotune Choices Stats:
{"num_choices": 106, "num_triton_choices": 105, "best_kernel": "triton_mm_423", "best_kernel_desc": "ACC_TYPE='tl.float32', ALLOW_TF32=True, BLOCK_K=32, BLOCK_M=64, BLOCK_N=256, EVEN_K=True, GROUP_M=8, USE_FAST_ACCUM=True, num_stages=4, num_warps=4", "best_time": 1.4568959474563599, "best_triton_pos": 0}
AUTOTUNE scaled_mm(65536x3072, 3072x1024, , )
strides: [3072, 1], [1, 3072], [], []
dtypes: torch.float8_e4m3fn, torch.float8_e4m3fn, torch.float32, torch.float32
  triton_mm_423 1.4569 ms 100.0% ACC_TYPE='tl.float32', ALLOW_TF32=True, BLOCK_K=32, BLOCK_M=64, BLOCK_N=256, EVEN_K=True, GROUP_M=8, USE_FAST_ACCUM=True, num_stages=4, num_warps=4
  triton_mm_433 1.4603 ms 99.8% ACC_TYPE='tl.float32', ALLOW_TF32=True, BLOCK_K=64, BLOCK_M=128, BLOCK_N=64, EVEN_K=True, GROUP_M=8, USE_FAST_ACCUM=True, num_stages=4, num_warps=4
  triton_mm_425 1.4611 ms 99.7% ACC_TYPE='tl.float32', ALLOW_TF32=True, BLOCK_K=32, BLOCK_M=128, BLOCK_N=64, EVEN_K=True, GROUP_M=8, USE_FAST_ACCUM=True, num_stages=4, num_warps=4
  triton_mm_426 1.4649 ms 99.5% ACC_TYPE='tl.float32', ALLOW_TF32=True, BLOCK_K=32, BLOCK_M=64, BLOCK_N=128, EVEN_K=True, GROUP_M=8, USE_FAST_ACCUM=True, num_stages=4, num_warps=4
  triton_mm_422 1.4685 ms 99.2% ACC_TYPE='tl.float32', ALLOW_TF32=True, BLOCK_K=32, BLOCK_M=256, BLOCK_N=64, EVEN_K=True, GROUP_M=8, USE_FAST_ACCUM=True, num_stages=4, num_warps=4
  triton_mm_519 1.4686 ms 99.2% ACC_TYPE='tl.float32', ALLOW_TF32=True, BLOCK_K=128, BLOCK_M=64, BLOCK_N=128, EVEN_K=True, GROUP_M=8, USE_FAST_ACCUM=True, num_stages=2, num_warps=4
  triton_mm_520 1.4688 ms 99.2% ACC_TYPE='tl.float32', ALLOW_TF32=True, BLOCK_K=128, BLOCK_M=64, BLOCK_N=128, EVEN_K=True, GROUP_M=8, USE_FAST_ACCUM=True, num_stages=3, num_warps=4
  triton_mm_435 1.4696 ms 99.1% ACC_TYPE='tl.float32', ALLOW_TF32=True, BLOCK_K=64, BLOCK_M=128, BLOCK_N=32, EVEN_K=True, GROUP_M=8, USE_FAST_ACCUM=True, num_stages=4, num_warps=4
  triton_mm_434 1.4713 ms 99.0% ACC_TYPE='tl.float32', ALLOW_TF32=True, BLOCK_K=64, BLOCK_M=64, BLOCK_N=128, EVEN_K=True, GROUP_M=8, USE_FAST_ACCUM=True, num_stages=4, num_warps=4
  _scaled_mm 1.4921 ms 97.6% 
SingleProcess AUTOTUNE benchmarking takes 5.5949 seconds and 7.7150 seconds precompiling for 106 choices
Autotune Choices Stats:
{"num_choices": 106, "num_triton_choices": 105, "best_kernel": "triton_mm_520", "best_kernel_desc": "ACC_TYPE='tl.float32', ALLOW_TF32=True, BLOCK_K=128, BLOCK_M=64, BLOCK_N=128, EVEN_K=True, GROUP_M=8, USE_FAST_ACCUM=True, num_stages=3, num_warps=4", "best_time": 1.598080039024353, "best_triton_pos": 0}
AUTOTUNE scaled_mm(65536x3072, 3072x1024, , )
strides: [3072, 1], [1, 3072], [], []
dtypes: torch.float8_e4m3fn, torch.float8_e4m3fn, torch.float32, torch.float32
  triton_mm_520 1.5981 ms 100.0% ACC_TYPE='tl.float32', ALLOW_TF32=True, BLOCK_K=128, BLOCK_M=64, BLOCK_N=128, EVEN_K=True, GROUP_M=8, USE_FAST_ACCUM=True, num_stages=3, num_warps=4
  triton_mm_519 1.5994 ms 99.9% ACC_TYPE='tl.float32', ALLOW_TF32=True, BLOCK_K=128, BLOCK_M=64, BLOCK_N=128, EVEN_K=True, GROUP_M=8, USE_FAST_ACCUM=True, num_stages=2, num_warps=4
  triton_mm_435 1.6001 ms 99.9% ACC_TYPE='tl.float32', ALLOW_TF32=True, BLOCK_K=64, BLOCK_M=128, BLOCK_N=32, EVEN_K=True, GROUP_M=8, USE_FAST_ACCUM=True, num_stages=4, num_warps=4
  triton_mm_434 1.6003 ms 99.9% ACC_TYPE='tl.float32', ALLOW_TF32=True, BLOCK_K=64, BLOCK_M=64, BLOCK_N=128, EVEN_K=True, GROUP_M=8, USE_FAST_ACCUM=True, num_stages=4, num_warps=4
  triton_mm_426 1.6004 ms 99.9% ACC_TYPE='tl.float32', ALLOW_TF32=True, BLOCK_K=32, BLOCK_M=64, BLOCK_N=128, EVEN_K=True, GROUP_M=8, USE_FAST_ACCUM=True, num_stages=4, num_warps=4
  triton_mm_423 1.6011 ms 99.8% ACC_TYPE='tl.float32', ALLOW_TF32=True, BLOCK_K=32, BLOCK_M=64, BLOCK_N=256, EVEN_K=True, GROUP_M=8, USE_FAST_ACCUM=True, num_stages=4, num_warps=4
  triton_mm_433 1.6028 ms 99.7% ACC_TYPE='tl.float32', ALLOW_TF32=True, BLOCK_K=64, BLOCK_M=128, BLOCK_N=64, EVEN_K=True, GROUP_M=8, USE_FAST_ACCUM=True, num_stages=4, num_warps=4
  triton_mm_425 1.6043 ms 99.6% ACC_TYPE='tl.float32', ALLOW_TF32=True, BLOCK_K=32, BLOCK_M=128, BLOCK_N=64, EVEN_K=True, GROUP_M=8, USE_FAST_ACCUM=True, num_stages=4, num_warps=4
  triton_mm_422 1.6143 ms 99.0% ACC_TYPE='tl.float32', ALLOW_TF32=True, BLOCK_K=32, BLOCK_M=256, BLOCK_N=64, EVEN_K=True, GROUP_M=8, USE_FAST_ACCUM=True, num_stages=4, num_warps=4
  triton_mm_521 1.6220 ms 98.5% ACC_TYPE='tl.float32', ALLOW_TF32=True, BLOCK_K=128, BLOCK_M=128, BLOCK_N=128, EVEN_K=True, GROUP_M=8, USE_FAST_ACCUM=True, num_stages=2, num_warps=4
SingleProcess AUTOTUNE benchmarking takes 5.8474 seconds and 7.5487 seconds precompiling for 106 choices
Autotune Choices Stats:
{"num_choices": 106, "num_triton_choices": 105, "best_kernel": "triton_mm_435", "best_kernel_desc": "ACC_TYPE='tl.float32', ALLOW_TF32=True, BLOCK_K=64, BLOCK_M=128, BLOCK_N=32, EVEN_K=True, GROUP_M=8, USE_FAST_ACCUM=True, num_stages=4, num_warps=4", "best_time": 1.4653760194778442, "best_triton_pos": 0}
AUTOTUNE scaled_mm(65536x3072, 3072x1024, , )
strides: [3072, 1], [1, 3072], [], []
dtypes: torch.float8_e4m3fn, torch.float8_e4m3fn, torch.float32, torch.float32
  triton_mm_435 1.4654 ms 100.0% ACC_TYPE='tl.float32', ALLOW_TF32=True, BLOCK_K=64, BLOCK_M=128, BLOCK_N=32, EVEN_K=True, GROUP_M=8, USE_FAST_ACCUM=True, num_stages=4, num_warps=4
  triton_mm_520 1.4654 ms 100.0% ACC_TYPE='tl.float32', ALLOW_TF32=True, BLOCK_K=128, BLOCK_M=64, BLOCK_N=128, EVEN_K=True, GROUP_M=8, USE_FAST_ACCUM=True, num_stages=3, num_warps=4
  triton_mm_519 1.4682 ms 99.8% ACC_TYPE='tl.float32', ALLOW_TF32=True, BLOCK_K=128, BLOCK_M=64, BLOCK_N=128, EVEN_K=True, GROUP_M=8, USE_FAST_ACCUM=True, num_stages=2, num_warps=4
  triton_mm_423 1.4684 ms 99.8% ACC_TYPE='tl.float32', ALLOW_TF32=True, BLOCK_K=32, BLOCK_M=64, BLOCK_N=256, EVEN_K=True, GROUP_M=8, USE_FAST_ACCUM=True, num_stages=4, num_warps=4
  triton_mm_426 1.4686 ms 99.8% ACC_TYPE='tl.float32', ALLOW_TF32=True, BLOCK_K=32, BLOCK_M=64, BLOCK_N=128, EVEN_K=True, GROUP_M=8, USE_FAST_ACCUM=True, num_stages=4, num_warps=4
  triton_mm_425 1.4695 ms 99.7% ACC_TYPE='tl.float32', ALLOW_TF32=True, BLOCK_K=32, BLOCK_M=128, BLOCK_N=64, EVEN_K=True, GROUP_M=8, USE_FAST_ACCUM=True, num_stages=4, num_warps=4
  triton_mm_433 1.4714 ms 99.6% ACC_TYPE='tl.float32', ALLOW_TF32=True, BLOCK_K=64, BLOCK_M=128, BLOCK_N=64, EVEN_K=True, GROUP_M=8, USE_FAST_ACCUM=True, num_stages=4, num_warps=4
  triton_mm_434 1.4714 ms 99.6% ACC_TYPE='tl.float32', ALLOW_TF32=True, BLOCK_K=64, BLOCK_M=64, BLOCK_N=128, EVEN_K=True, GROUP_M=8, USE_FAST_ACCUM=True, num_stages=4, num_warps=4
  triton_mm_422 1.4835 ms 98.8% ACC_TYPE='tl.float32', ALLOW_TF32=True, BLOCK_K=32, BLOCK_M=256, BLOCK_N=64, EVEN_K=True, GROUP_M=8, USE_FAST_ACCUM=True, num_stages=4, num_warps=4
  triton_mm_521 1.4888 ms 98.4% ACC_TYPE='tl.float32', ALLOW_TF32=True, BLOCK_K=128, BLOCK_M=128, BLOCK_N=128, EVEN_K=True, GROUP_M=8, USE_FAST_ACCUM=True, num_stages=2, num_warps=4
SingleProcess AUTOTUNE benchmarking takes 5.5809 seconds and 7.5173 seconds precompiling for 106 choices
/usr/local/lib/python3.12/dist-packages/torch/_inductor/lowering.py:7836: UserWarning: 
Online softmax is disabled on the fly since Inductor decides to
split the reduction. Cut an issue to PyTorch if this is an
important use case and you want to speed it up with online
softmax.

  warnings.warn(
/usr/local/lib/python3.12/dist-packages/torch/_inductor/lowering.py:7836: UserWarning: 
Online softmax is disabled on the fly since Inductor decides to
split the reduction. Cut an issue to PyTorch if this is an
important use case and you want to speed it up with online
softmax.

  warnings.warn(
/usr/local/lib/python3.12/dist-packages/torch/_inductor/lowering.py:7836: UserWarning: 
Online softmax is disabled on the fly since Inductor decides to
split the reduction. Cut an issue to PyTorch if this is an
important use case and you want to speed it up with online
softmax.

  warnings.warn(
/usr/local/lib/python3.12/dist-packages/torch/_inductor/lowering.py:7836: UserWarning: 
Online softmax is disabled on the fly since Inductor decides to
split the reduction. Cut an issue to PyTorch if this is an
important use case and you want to speed it up with online
softmax.

  warnings.warn(
/usr/local/lib/python3.12/dist-packages/torch/_inductor/lowering.py:7836: UserWarning: 
Online softmax is disabled on the fly since Inductor decides to
split the reduction. Cut an issue to PyTorch if this is an
important use case and you want to speed it up with online
softmax.

  warnings.warn(
/usr/local/lib/python3.12/dist-packages/torch/_inductor/lowering.py:7836: UserWarning: 
Online softmax is disabled on the fly since Inductor decides to
split the reduction. Cut an issue to PyTorch if this is an
important use case and you want to speed it up with online
softmax.

  warnings.warn(
/usr/local/lib/python3.12/dist-packages/torch/_inductor/lowering.py:7836: UserWarning: 
Online softmax is disabled on the fly since Inductor decides to
split the reduction. Cut an issue to PyTorch if this is an
important use case and you want to speed it up with online
softmax.

  warnings.warn(
/usr/local/lib/python3.12/dist-packages/torch/_inductor/lowering.py:7836: UserWarning: 
Online softmax is disabled on the fly since Inductor decides to
split the reduction. Cut an issue to PyTorch if this is an
important use case and you want to speed it up with online
softmax.

  warnings.warn(
/usr/local/lib/python3.12/dist-packages/torch/_inductor/lowering.py:7836: UserWarning: 
Online softmax is disabled on the fly since Inductor decides to
split the reduction. Cut an issue to PyTorch if this is an
important use case and you want to speed it up with online
softmax.

  warnings.warn(
/usr/local/lib/python3.12/dist-packages/torch/_inductor/lowering.py:7836: UserWarning: 
Online softmax is disabled on the fly since Inductor decides to
split the reduction. Cut an issue to PyTorch if this is an
important use case and you want to speed it up with online
softmax.

  warnings.warn(
/usr/local/lib/python3.12/dist-packages/torch/_inductor/lowering.py:7836: UserWarning: 
Online softmax is disabled on the fly since Inductor decides to
split the reduction. Cut an issue to PyTorch if this is an
important use case and you want to speed it up with online
softmax.

  warnings.warn(
/usr/local/lib/python3.12/dist-packages/torch/_inductor/lowering.py:7836: UserWarning: 
Online softmax is disabled on the fly since Inductor decides to
split the reduction. Cut an issue to PyTorch if this is an
important use case and you want to speed it up with online
softmax.

  warnings.warn(
/usr/local/lib/python3.12/dist-packages/torch/_inductor/lowering.py:7836: UserWarning: 
Online softmax is disabled on the fly since Inductor decides to
split the reduction. Cut an issue to PyTorch if this is an
important use case and you want to speed it up with online
softmax.

  warnings.warn(
/usr/local/lib/python3.12/dist-packages/torch/_inductor/lowering.py:7836: UserWarning: 
Online softmax is disabled on the fly since Inductor decides to
split the reduction. Cut an issue to PyTorch if this is an
important use case and you want to speed it up with online
softmax.

  warnings.warn(
/usr/local/lib/python3.12/dist-packages/torch/_inductor/lowering.py:7836: UserWarning: 
Online softmax is disabled on the fly since Inductor decides to
split the reduction. Cut an issue to PyTorch if this is an
important use case and you want to speed it up with online
softmax.

  warnings.warn(
/usr/local/lib/python3.12/dist-packages/torch/_inductor/lowering.py:7836: UserWarning: 
Online softmax is disabled on the fly since Inductor decides to
split the reduction. Cut an issue to PyTorch if this is an
important use case and you want to speed it up with online
softmax.

  warnings.warn(
/usr/local/lib/python3.12/dist-packages/torch/_inductor/lowering.py:7836: UserWarning: 
Online softmax is disabled on the fly since Inductor decides to
split the reduction. Cut an issue to PyTorch if this is an
important use case and you want to speed it up with online
softmax.

  warnings.warn(
/usr/local/lib/python3.12/dist-packages/torch/_inductor/lowering.py:7836: UserWarning: 
Online softmax is disabled on the fly since Inductor decides to
split the reduction. Cut an issue to PyTorch if this is an
important use case and you want to speed it up with online
softmax.

  warnings.warn(
/usr/local/lib/python3.12/dist-packages/torch/_inductor/lowering.py:7836: UserWarning: 
Online softmax is disabled on the fly since Inductor decides to
split the reduction. Cut an issue to PyTorch if this is an
important use case and you want to speed it up with online
softmax.

  warnings.warn(
/usr/local/lib/python3.12/dist-packages/torch/_inductor/lowering.py:7836: UserWarning: 
Online softmax is disabled on the fly since Inductor decides to
split the reduction. Cut an issue to PyTorch if this is an
important use case and you want to speed it up with online
softmax.

  warnings.warn(
/usr/local/lib/python3.12/dist-packages/torch/_inductor/lowering.py:7836: UserWarning: 
Online softmax is disabled on the fly since Inductor decides to
split the reduction. Cut an issue to PyTorch if this is an
important use case and you want to speed it up with online
softmax.

  warnings.warn(
/usr/local/lib/python3.12/dist-packages/torch/_inductor/lowering.py:7836: UserWarning: 
Online softmax is disabled on the fly since Inductor decides to
split the reduction. Cut an issue to PyTorch if this is an
important use case and you want to speed it up with online
softmax.

  warnings.warn(
/usr/local/lib/python3.12/dist-packages/torch/_inductor/lowering.py:7836: UserWarning: 
Online softmax is disabled on the fly since Inductor decides to
split the reduction. Cut an issue to PyTorch if this is an
important use case and you want to speed it up with online
softmax.

  warnings.warn(
/usr/local/lib/python3.12/dist-packages/torch/_inductor/lowering.py:7836: UserWarning: 
Online softmax is disabled on the fly since Inductor decides to
split the reduction. Cut an issue to PyTorch if this is an
important use case and you want to speed it up with online
softmax.

  warnings.warn(
/usr/local/lib/python3.12/dist-packages/torch/_inductor/lowering.py:7836: UserWarning: 
Online softmax is disabled on the fly since Inductor decides to
split the reduction. Cut an issue to PyTorch if this is an
important use case and you want to speed it up with online
softmax.

  warnings.warn(
/usr/local/lib/python3.12/dist-packages/torch/_inductor/lowering.py:7836: UserWarning: 
Online softmax is disabled on the fly since Inductor decides to
split the reduction. Cut an issue to PyTorch if this is an
important use case and you want to speed it up with online
softmax.

  warnings.warn(
/usr/local/lib/python3.12/dist-packages/torch/_inductor/lowering.py:7836: UserWarning: 
Online softmax is disabled on the fly since Inductor decides to
split the reduction. Cut an issue to PyTorch if this is an
important use case and you want to speed it up with online
softmax.

  warnings.warn(
/usr/local/lib/python3.12/dist-packages/torch/_inductor/lowering.py:7836: UserWarning: 
Online softmax is disabled on the fly since Inductor decides to
split the reduction. Cut an issue to PyTorch if this is an
important use case and you want to speed it up with online
softmax.

  warnings.warn(
/usr/local/lib/python3.12/dist-packages/torch/_inductor/lowering.py:7836: UserWarning: 
Online softmax is disabled on the fly since Inductor decides to
split the reduction. Cut an issue to PyTorch if this is an
important use case and you want to speed it up with online
softmax.

  warnings.warn(
/usr/local/lib/python3.12/dist-packages/torch/_inductor/lowering.py:7836: UserWarning: 
Online softmax is disabled on the fly since Inductor decides to
split the reduction. Cut an issue to PyTorch if this is an
important use case and you want to speed it up with online
softmax.

  warnings.warn(
/usr/local/lib/python3.12/dist-packages/torch/_inductor/lowering.py:7836: UserWarning: 
Online softmax is disabled on the fly since Inductor decides to
split the reduction. Cut an issue to PyTorch if this is an
important use case and you want to speed it up with online
softmax.

  warnings.warn(
/usr/local/lib/python3.12/dist-packages/torch/_inductor/lowering.py:7836: UserWarning: 
Online softmax is disabled on the fly since Inductor decides to
split the reduction. Cut an issue to PyTorch if this is an
important use case and you want to speed it up with online
softmax.

  warnings.warn(
/usr/local/lib/python3.12/dist-packages/torch/_inductor/lowering.py:7836: UserWarning: 
Online softmax is disabled on the fly since Inductor decides to
split the reduction. Cut an issue to PyTorch if this is an
important use case and you want to speed it up with online
softmax.

  warnings.warn(
/usr/local/lib/python3.12/dist-packages/torch/_inductor/lowering.py:7836: UserWarning: 
Online softmax is disabled on the fly since Inductor decides to
split the reduction. Cut an issue to PyTorch if this is an
important use case and you want to speed it up with online
softmax.

  warnings.warn(
/usr/local/lib/python3.12/dist-packages/torch/_inductor/lowering.py:7836: UserWarning: 
Online softmax is disabled on the fly since Inductor decides to
split the reduction. Cut an issue to PyTorch if this is an
important use case and you want to speed it up with online
softmax.

  warnings.warn(
Autotune Choices Stats:
{"num_choices": 106, "num_triton_choices": 105, "best_kernel": "triton_mm_540", "best_kernel_desc": "ACC_TYPE='tl.float32', ALLOW_TF32=True, BLOCK_K=64, BLOCK_M=128, BLOCK_N=32, EVEN_K=True, GROUP_M=8, USE_FAST_ACCUM=True, num_stages=4, num_warps=4", "best_time": 0.13014400005340576, "best_triton_pos": 0}
AUTOTUNE scaled_mm(65536x1024, 1024x256, , )
strides: [1024, 1], [1, 1024], [], []
dtypes: torch.float8_e4m3fn, torch.float8_e4m3fn, torch.float32, torch.float32
  triton_mm_540 0.1301 ms 100.0% ACC_TYPE='tl.float32', ALLOW_TF32=True, BLOCK_K=64, BLOCK_M=128, BLOCK_N=32, EVEN_K=True, GROUP_M=8, USE_FAST_ACCUM=True, num_stages=4, num_warps=4
  triton_mm_538 0.1311 ms 99.3% ACC_TYPE='tl.float32', ALLOW_TF32=True, BLOCK_K=64, BLOCK_M=128, BLOCK_N=64, EVEN_K=True, GROUP_M=8, USE_FAST_ACCUM=True, num_stages=4, num_warps=4
  triton_mm_625 0.1311 ms 99.3% ACC_TYPE='tl.float32', ALLOW_TF32=True, BLOCK_K=128, BLOCK_M=64, BLOCK_N=128, EVEN_K=True, GROUP_M=8, USE_FAST_ACCUM=True, num_stages=3, num_warps=4
  triton_mm_531 0.1312 ms 99.2% ACC_TYPE='tl.float32', ALLOW_TF32=True, BLOCK_K=32, BLOCK_M=64, BLOCK_N=128, EVEN_K=True, GROUP_M=8, USE_FAST_ACCUM=True, num_stages=4, num_warps=4
  triton_mm_624 0.1315 ms 99.0% ACC_TYPE='tl.float32', ALLOW_TF32=True, BLOCK_K=128, BLOCK_M=64, BLOCK_N=128, EVEN_K=True, GROUP_M=8, USE_FAST_ACCUM=True, num_stages=2, num_warps=4
  triton_mm_539 0.1318 ms 98.7% ACC_TYPE='tl.float32', ALLOW_TF32=True, BLOCK_K=64, BLOCK_M=64, BLOCK_N=128, EVEN_K=True, GROUP_M=8, USE_FAST_ACCUM=True, num_stages=4, num_warps=4
  triton_mm_530 0.1324 ms 98.3% ACC_TYPE='tl.float32', ALLOW_TF32=True, BLOCK_K=32, BLOCK_M=128, BLOCK_N=64, EVEN_K=True, GROUP_M=8, USE_FAST_ACCUM=True, num_stages=4, num_warps=4
  _scaled_mm 0.1359 ms 95.8% 
  triton_mm_528 0.1365 ms 95.3% ACC_TYPE='tl.float32', ALLOW_TF32=True, BLOCK_K=32, BLOCK_M=64, BLOCK_N=256, EVEN_K=True, GROUP_M=8, USE_FAST_ACCUM=True, num_stages=4, num_warps=4
  triton_mm_527 0.1380 ms 94.3% ACC_TYPE='tl.float32', ALLOW_TF32=True, BLOCK_K=32, BLOCK_M=256, BLOCK_N=64, EVEN_K=True, GROUP_M=8, USE_FAST_ACCUM=True, num_stages=4, num_warps=4
SingleProcess AUTOTUNE benchmarking takes 3.9399 seconds and 1.6015 seconds precompiling for 106 choices
Autotune Choices Stats:
{"num_choices": 106, "num_triton_choices": 105, "best_kernel": "triton_mm_540", "best_kernel_desc": "ACC_TYPE='tl.float32', ALLOW_TF32=True, BLOCK_K=64, BLOCK_M=128, BLOCK_N=32, EVEN_K=True, GROUP_M=8, USE_FAST_ACCUM=True, num_stages=4, num_warps=4", "best_time": 0.12969599664211273, "best_triton_pos": 0}
AUTOTUNE scaled_mm(65536x1024, 1024x256, , )
strides: [1024, 1], [1, 1024], [], []
dtypes: torch.float8_e4m3fn, torch.float8_e4m3fn, torch.float32, torch.float32
  triton_mm_540 0.1297 ms 100.0% ACC_TYPE='tl.float32', ALLOW_TF32=True, BLOCK_K=64, BLOCK_M=128, BLOCK_N=32, EVEN_K=True, GROUP_M=8, USE_FAST_ACCUM=True, num_stages=4, num_warps=4
  triton_mm_625 0.1304 ms 99.5% ACC_TYPE='tl.float32', ALLOW_TF32=True, BLOCK_K=128, BLOCK_M=64, BLOCK_N=128, EVEN_K=True, GROUP_M=8, USE_FAST_ACCUM=True, num_stages=3, num_warps=4
  triton_mm_531 0.1307 ms 99.2% ACC_TYPE='tl.float32', ALLOW_TF32=True, BLOCK_K=32, BLOCK_M=64, BLOCK_N=128, EVEN_K=True, GROUP_M=8, USE_FAST_ACCUM=True, num_stages=4, num_warps=4
  triton_mm_624 0.1308 ms 99.2% ACC_TYPE='tl.float32', ALLOW_TF32=True, BLOCK_K=128, BLOCK_M=64, BLOCK_N=128, EVEN_K=True, GROUP_M=8, USE_FAST_ACCUM=True, num_stages=2, num_warps=4
  triton_mm_539 0.1311 ms 98.9% ACC_TYPE='tl.float32', ALLOW_TF32=True, BLOCK_K=64, BLOCK_M=64, BLOCK_N=128, EVEN_K=True, GROUP_M=8, USE_FAST_ACCUM=True, num_stages=4, num_warps=4
  triton_mm_538 0.1313 ms 98.8% ACC_TYPE='tl.float32', ALLOW_TF32=True, BLOCK_K=64, BLOCK_M=128, BLOCK_N=64, EVEN_K=True, GROUP_M=8, USE_FAST_ACCUM=True, num_stages=4, num_warps=4
  triton_mm_530 0.1322 ms 98.1% ACC_TYPE='tl.float32', ALLOW_TF32=True, BLOCK_K=32, BLOCK_M=128, BLOCK_N=64, EVEN_K=True, GROUP_M=8, USE_FAST_ACCUM=True, num_stages=4, num_warps=4
  _scaled_mm 0.1356 ms 95.7% 
  triton_mm_528 0.1360 ms 95.4% ACC_TYPE='tl.float32', ALLOW_TF32=True, BLOCK_K=32, BLOCK_M=64, BLOCK_N=256, EVEN_K=True, GROUP_M=8, USE_FAST_ACCUM=True, num_stages=4, num_warps=4
  triton_mm_527 0.1377 ms 94.2% ACC_TYPE='tl.float32', ALLOW_TF32=True, BLOCK_K=32, BLOCK_M=256, BLOCK_N=64, EVEN_K=True, GROUP_M=8, USE_FAST_ACCUM=True, num_stages=4, num_warps=4
SingleProcess AUTOTUNE benchmarking takes 4.4759 seconds and 1.8069 seconds precompiling for 106 choices
Autotune Choices Stats:
{"num_choices": 106, "num_triton_choices": 105, "best_kernel": "triton_mm_540", "best_kernel_desc": "ACC_TYPE='tl.float32', ALLOW_TF32=True, BLOCK_K=64, BLOCK_M=128, BLOCK_N=32, EVEN_K=True, GROUP_M=8, USE_FAST_ACCUM=True, num_stages=4, num_warps=4", "best_time": 0.13091200590133667, "best_triton_pos": 0}
AUTOTUNE scaled_mm(65536x1024, 1024x256, , )
strides: [1024, 1], [1, 1024], [], []
dtypes: torch.float8_e4m3fn, torch.float8_e4m3fn, torch.float32, torch.float32
  triton_mm_540 0.1309 ms 100.0% ACC_TYPE='tl.float32', ALLOW_TF32=True, BLOCK_K=64, BLOCK_M=128, BLOCK_N=32, EVEN_K=True, GROUP_M=8, USE_FAST_ACCUM=True, num_stages=4, num_warps=4
  triton_mm_531 0.1312 ms 99.8% ACC_TYPE='tl.float32', ALLOW_TF32=True, BLOCK_K=32, BLOCK_M=64, BLOCK_N=128, EVEN_K=True, GROUP_M=8, USE_FAST_ACCUM=True, num_stages=4, num_warps=4
  triton_mm_625 0.1313 ms 99.7% ACC_TYPE='tl.float32', ALLOW_TF32=True, BLOCK_K=128, BLOCK_M=64, BLOCK_N=128, EVEN_K=True, GROUP_M=8, USE_FAST_ACCUM=True, num_stages=3, num_warps=4
  triton_mm_624 0.1316 ms 99.5% ACC_TYPE='tl.float32', ALLOW_TF32=True, BLOCK_K=128, BLOCK_M=64, BLOCK_N=128, EVEN_K=True, GROUP_M=8, USE_FAST_ACCUM=True, num_stages=2, num_warps=4
  triton_mm_538 0.1320 ms 99.2% ACC_TYPE='tl.float32', ALLOW_TF32=True, BLOCK_K=64, BLOCK_M=128, BLOCK_N=64, EVEN_K=True, GROUP_M=8, USE_FAST_ACCUM=True, num_stages=4, num_warps=4
  triton_mm_539 0.1326 ms 98.7% ACC_TYPE='tl.float32', ALLOW_TF32=True, BLOCK_K=64, BLOCK_M=64, BLOCK_N=128, EVEN_K=True, GROUP_M=8, USE_FAST_ACCUM=True, num_stages=4, num_warps=4
  triton_mm_530 0.1327 ms 98.6% ACC_TYPE='tl.float32', ALLOW_TF32=True, BLOCK_K=32, BLOCK_M=128, BLOCK_N=64, EVEN_K=True, GROUP_M=8, USE_FAST_ACCUM=True, num_stages=4, num_warps=4
  _scaled_mm 0.1367 ms 95.8% 
  triton_mm_528 0.1371 ms 95.5% ACC_TYPE='tl.float32', ALLOW_TF32=True, BLOCK_K=32, BLOCK_M=64, BLOCK_N=256, EVEN_K=True, GROUP_M=8, USE_FAST_ACCUM=True, num_stages=4, num_warps=4
  triton_mm_527 0.1386 ms 94.5% ACC_TYPE='tl.float32', ALLOW_TF32=True, BLOCK_K=32, BLOCK_M=256, BLOCK_N=64, EVEN_K=True, GROUP_M=8, USE_FAST_ACCUM=True, num_stages=4, num_warps=4
SingleProcess AUTOTUNE benchmarking takes 4.2570 seconds and 1.7059 seconds precompiling for 106 choices
Autotune Choices Stats:
{"num_choices": 106, "num_triton_choices": 105, "best_kernel": "triton_mm_644", "best_kernel_desc": "ACC_TYPE='tl.float32', ALLOW_TF32=True, BLOCK_K=64, BLOCK_M=64, BLOCK_N=128, EVEN_K=True, GROUP_M=8, USE_FAST_ACCUM=True, num_stages=4, num_warps=4", "best_time": 0.2516480088233948, "best_triton_pos": 0}
AUTOTUNE scaled_mm(65536x256, 256x2048, , )
strides: [256, 1], [1, 256], [], []
dtypes: torch.float8_e4m3fn, torch.float8_e4m3fn, torch.float32, torch.float32
  triton_mm_644 0.2516 ms 100.0% ACC_TYPE='tl.float32', ALLOW_TF32=True, BLOCK_K=64, BLOCK_M=64, BLOCK_N=128, EVEN_K=True, GROUP_M=8, USE_FAST_ACCUM=True, num_stages=4, num_warps=4
  _scaled_mm 0.2546 ms 98.9% 
  triton_mm_729 0.2555 ms 98.5% ACC_TYPE='tl.float32', ALLOW_TF32=True, BLOCK_K=128, BLOCK_M=64, BLOCK_N=128, EVEN_K=True, GROUP_M=8, USE_FAST_ACCUM=True, num_stages=2, num_warps=4
  triton_mm_643 0.2595 ms 97.0% ACC_TYPE='tl.float32', ALLOW_TF32=True, BLOCK_K=64, BLOCK_M=128, BLOCK_N=64, EVEN_K=True, GROUP_M=8, USE_FAST_ACCUM=True, num_stages=4, num_warps=4
  triton_mm_633 0.2666 ms 94.4% ACC_TYPE='tl.float32', ALLOW_TF32=True, BLOCK_K=32, BLOCK_M=64, BLOCK_N=256, EVEN_K=True, GROUP_M=8, USE_FAST_ACCUM=True, num_stages=4, num_warps=4
  triton_mm_730 0.2670 ms 94.2% ACC_TYPE='tl.float32', ALLOW_TF32=True, BLOCK_K=128, BLOCK_M=64, BLOCK_N=128, EVEN_K=True, GROUP_M=8, USE_FAST_ACCUM=True, num_stages=3, num_warps=4
  triton_mm_632 0.2836 ms 88.7% ACC_TYPE='tl.float32', ALLOW_TF32=True, BLOCK_K=32, BLOCK_M=256, BLOCK_N=64, EVEN_K=True, GROUP_M=8, USE_FAST_ACCUM=True, num_stages=4, num_warps=4
  triton_mm_634 0.2955 ms 85.2% ACC_TYPE='tl.float32', ALLOW_TF32=True, BLOCK_K=32, BLOCK_M=128, BLOCK_N=128, EVEN_K=True, GROUP_M=8, USE_FAST_ACCUM=True, num_stages=4, num_warps=4
  triton_mm_635 0.3093 ms 81.3% ACC_TYPE='tl.float32', ALLOW_TF32=True, BLOCK_K=32, BLOCK_M=128, BLOCK_N=64, EVEN_K=True, GROUP_M=8, USE_FAST_ACCUM=True, num_stages=4, num_warps=4
  triton_mm_636 0.3125 ms 80.5% ACC_TYPE='tl.float32', ALLOW_TF32=True, BLOCK_K=32, BLOCK_M=64, BLOCK_N=128, EVEN_K=True, GROUP_M=8, USE_FAST_ACCUM=True, num_stages=4, num_warps=4
SingleProcess AUTOTUNE benchmarking takes 3.8168 seconds and 0.0005 seconds precompiling for 106 choices
Autotune Choices Stats:
{"num_choices": 106, "num_triton_choices": 105, "best_kernel": "triton_mm_540", "best_kernel_desc": "ACC_TYPE='tl.float32', ALLOW_TF32=True, BLOCK_K=64, BLOCK_M=128, BLOCK_N=32, EVEN_K=True, GROUP_M=8, USE_FAST_ACCUM=True, num_stages=4, num_warps=4", "best_time": 0.12972800433635712, "best_triton_pos": 0}
AUTOTUNE scaled_mm(65536x1024, 1024x256, , )
strides: [1024, 1], [1, 1024], [], []
dtypes: torch.float8_e4m3fn, torch.float8_e4m3fn, torch.float32, torch.float32
  triton_mm_540 0.1297 ms 100.0% ACC_TYPE='tl.float32', ALLOW_TF32=True, BLOCK_K=64, BLOCK_M=128, BLOCK_N=32, EVEN_K=True, GROUP_M=8, USE_FAST_ACCUM=True, num_stages=4, num_warps=4
  triton_mm_531 0.1304 ms 99.5% ACC_TYPE='tl.float32', ALLOW_TF32=True, BLOCK_K=32, BLOCK_M=64, BLOCK_N=128, EVEN_K=True, GROUP_M=8, USE_FAST_ACCUM=True, num_stages=4, num_warps=4
  triton_mm_538 0.1308 ms 99.2% ACC_TYPE='tl.float32', ALLOW_TF32=True, BLOCK_K=64, BLOCK_M=128, BLOCK_N=64, EVEN_K=True, GROUP_M=8, USE_FAST_ACCUM=True, num_stages=4, num_warps=4
  triton_mm_625 0.1311 ms 99.0% ACC_TYPE='tl.float32', ALLOW_TF32=True, BLOCK_K=128, BLOCK_M=64, BLOCK_N=128, EVEN_K=True, GROUP_M=8, USE_FAST_ACCUM=True, num_stages=3, num_warps=4
  triton_mm_539 0.1312 ms 98.9% ACC_TYPE='tl.float32', ALLOW_TF32=True, BLOCK_K=64, BLOCK_M=64, BLOCK_N=128, EVEN_K=True, GROUP_M=8, USE_FAST_ACCUM=True, num_stages=4, num_warps=4
  triton_mm_624 0.1316 ms 98.5% ACC_TYPE='tl.float32', ALLOW_TF32=True, BLOCK_K=128, BLOCK_M=64, BLOCK_N=128, EVEN_K=True, GROUP_M=8, USE_FAST_ACCUM=True, num_stages=2, num_warps=4
  triton_mm_530 0.1322 ms 98.1% ACC_TYPE='tl.float32', ALLOW_TF32=True, BLOCK_K=32, BLOCK_M=128, BLOCK_N=64, EVEN_K=True, GROUP_M=8, USE_FAST_ACCUM=True, num_stages=4, num_warps=4
  _scaled_mm 0.1359 ms 95.5% 
  triton_mm_528 0.1359 ms 95.4% ACC_TYPE='tl.float32', ALLOW_TF32=True, BLOCK_K=32, BLOCK_M=64, BLOCK_N=256, EVEN_K=True, GROUP_M=8, USE_FAST_ACCUM=True, num_stages=4, num_warps=4
  triton_mm_527 0.1378 ms 94.1% ACC_TYPE='tl.float32', ALLOW_TF32=True, BLOCK_K=32, BLOCK_M=256, BLOCK_N=64, EVEN_K=True, GROUP_M=8, USE_FAST_ACCUM=True, num_stages=4, num_warps=4
SingleProcess AUTOTUNE benchmarking takes 3.4593 seconds and 1.5028 seconds precompiling for 106 choices
Autotune Choices Stats:
{"num_choices": 106, "num_triton_choices": 105, "best_kernel": "triton_mm_540", "best_kernel_desc": "ACC_TYPE='tl.float32', ALLOW_TF32=True, BLOCK_K=64, BLOCK_M=128, BLOCK_N=32, EVEN_K=True, GROUP_M=8, USE_FAST_ACCUM=True, num_stages=4, num_warps=4", "best_time": 0.1305599957704544, "best_triton_pos": 0}
AUTOTUNE scaled_mm(65536x1024, 1024x256, , )
strides: [1024, 1], [1, 1024], [], []
dtypes: torch.float8_e4m3fn, torch.float8_e4m3fn, torch.float32, torch.float32
  triton_mm_540 0.1306 ms 100.0% ACC_TYPE='tl.float32', ALLOW_TF32=True, BLOCK_K=64, BLOCK_M=128, BLOCK_N=32, EVEN_K=True, GROUP_M=8, USE_FAST_ACCUM=True, num_stages=4, num_warps=4
  triton_mm_625 0.1314 ms 99.4% ACC_TYPE='tl.float32', ALLOW_TF32=True, BLOCK_K=128, BLOCK_M=64, BLOCK_N=128, EVEN_K=True, GROUP_M=8, USE_FAST_ACCUM=True, num_stages=3, num_warps=4
  triton_mm_624 0.1319 ms 99.0% ACC_TYPE='tl.float32', ALLOW_TF32=True, BLOCK_K=128, BLOCK_M=64, BLOCK_N=128, EVEN_K=True, GROUP_M=8, USE_FAST_ACCUM=True, num_stages=2, num_warps=4
  triton_mm_531 0.1321 ms 98.9% ACC_TYPE='tl.float32', ALLOW_TF32=True, BLOCK_K=32, BLOCK_M=64, BLOCK_N=128, EVEN_K=True, GROUP_M=8, USE_FAST_ACCUM=True, num_stages=4, num_warps=4
  triton_mm_538 0.1323 ms 98.7% ACC_TYPE='tl.float32', ALLOW_TF32=True, BLOCK_K=64, BLOCK_M=128, BLOCK_N=64, EVEN_K=True, GROUP_M=8, USE_FAST_ACCUM=True, num_stages=4, num_warps=4
  triton_mm_539 0.1327 ms 98.4% ACC_TYPE='tl.float32', ALLOW_TF32=True, BLOCK_K=64, BLOCK_M=64, BLOCK_N=128, EVEN_K=True, GROUP_M=8, USE_FAST_ACCUM=True, num_stages=4, num_warps=4
  triton_mm_530 0.1335 ms 97.8% ACC_TYPE='tl.float32', ALLOW_TF32=True, BLOCK_K=32, BLOCK_M=128, BLOCK_N=64, EVEN_K=True, GROUP_M=8, USE_FAST_ACCUM=True, num_stages=4, num_warps=4
  _scaled_mm 0.1366 ms 95.6% 
  triton_mm_528 0.1370 ms 95.3% ACC_TYPE='tl.float32', ALLOW_TF32=True, BLOCK_K=32, BLOCK_M=64, BLOCK_N=256, EVEN_K=True, GROUP_M=8, USE_FAST_ACCUM=True, num_stages=4, num_warps=4
  triton_mm_527 0.1387 ms 94.2% ACC_TYPE='tl.float32', ALLOW_TF32=True, BLOCK_K=32, BLOCK_M=256, BLOCK_N=64, EVEN_K=True, GROUP_M=8, USE_FAST_ACCUM=True, num_stages=4, num_warps=4
SingleProcess AUTOTUNE benchmarking takes 4.0556 seconds and 1.6377 seconds precompiling for 106 choices
Autotune Choices Stats:
{"num_choices": 106, "num_triton_choices": 105, "best_kernel": "triton_mm_644", "best_kernel_desc": "ACC_TYPE='tl.float32', ALLOW_TF32=True, BLOCK_K=64, BLOCK_M=64, BLOCK_N=128, EVEN_K=True, GROUP_M=8, USE_FAST_ACCUM=True, num_stages=4, num_warps=4", "best_time": 0.2508479952812195, "best_triton_pos": 0}
AUTOTUNE scaled_mm(65536x256, 256x2048, , )
strides: [256, 1], [1, 256], [], []
dtypes: torch.float8_e4m3fn, torch.float8_e4m3fn, torch.float32, torch.float32
  triton_mm_644 0.2508 ms 100.0% ACC_TYPE='tl.float32', ALLOW_TF32=True, BLOCK_K=64, BLOCK_M=64, BLOCK_N=128, EVEN_K=True, GROUP_M=8, USE_FAST_ACCUM=True, num_stages=4, num_warps=4
  _scaled_mm 0.2535 ms 99.0% 
  triton_mm_729 0.2551 ms 98.3% ACC_TYPE='tl.float32', ALLOW_TF32=True, BLOCK_K=128, BLOCK_M=64, BLOCK_N=128, EVEN_K=True, GROUP_M=8, USE_FAST_ACCUM=True, num_stages=2, num_warps=4
  triton_mm_643 0.2583 ms 97.1% ACC_TYPE='tl.float32', ALLOW_TF32=True, BLOCK_K=64, BLOCK_M=128, BLOCK_N=64, EVEN_K=True, GROUP_M=8, USE_FAST_ACCUM=True, num_stages=4, num_warps=4
  triton_mm_633 0.2650 ms 94.7% ACC_TYPE='tl.float32', ALLOW_TF32=True, BLOCK_K=32, BLOCK_M=64, BLOCK_N=256, EVEN_K=True, GROUP_M=8, USE_FAST_ACCUM=True, num_stages=4, num_warps=4
  triton_mm_730 0.2667 ms 94.1% ACC_TYPE='tl.float32', ALLOW_TF32=True, BLOCK_K=128, BLOCK_M=64, BLOCK_N=128, EVEN_K=True, GROUP_M=8, USE_FAST_ACCUM=True, num_stages=3, num_warps=4
  triton_mm_632 0.2822 ms 88.9% ACC_TYPE='tl.float32', ALLOW_TF32=True, BLOCK_K=32, BLOCK_M=256, BLOCK_N=64, EVEN_K=True, GROUP_M=8, USE_FAST_ACCUM=True, num_stages=4, num_warps=4
  triton_mm_634 0.2922 ms 85.9% ACC_TYPE='tl.float32', ALLOW_TF32=True, BLOCK_K=32, BLOCK_M=128, BLOCK_N=128, EVEN_K=True, GROUP_M=8, USE_FAST_ACCUM=True, num_stages=4, num_warps=4
  triton_mm_635 0.3077 ms 81.5% ACC_TYPE='tl.float32', ALLOW_TF32=True, BLOCK_K=32, BLOCK_M=128, BLOCK_N=64, EVEN_K=True, GROUP_M=8, USE_FAST_ACCUM=True, num_stages=4, num_warps=4
  triton_mm_636 0.3105 ms 80.8% ACC_TYPE='tl.float32', ALLOW_TF32=True, BLOCK_K=32, BLOCK_M=64, BLOCK_N=128, EVEN_K=True, GROUP_M=8, USE_FAST_ACCUM=True, num_stages=4, num_warps=4
SingleProcess AUTOTUNE benchmarking takes 3.7733 seconds and 0.0006 seconds precompiling for 106 choices
Autotune Choices Stats:
{"num_choices": 106, "num_triton_choices": 105, "best_kernel": "triton_mm_540", "best_kernel_desc": "ACC_TYPE='tl.float32', ALLOW_TF32=True, BLOCK_K=64, BLOCK_M=128, BLOCK_N=32, EVEN_K=True, GROUP_M=8, USE_FAST_ACCUM=True, num_stages=4, num_warps=4", "best_time": 0.1297920048236847, "best_triton_pos": 0}
AUTOTUNE scaled_mm(65536x1024, 1024x256, , )
strides: [1024, 1], [1, 1024], [], []
dtypes: torch.float8_e4m3fn, torch.float8_e4m3fn, torch.float32, torch.float32
  triton_mm_540 0.1298 ms 100.0% ACC_TYPE='tl.float32', ALLOW_TF32=True, BLOCK_K=64, BLOCK_M=128, BLOCK_N=32, EVEN_K=True, GROUP_M=8, USE_FAST_ACCUM=True, num_stages=4, num_warps=4
  triton_mm_625 0.1304 ms 99.6% ACC_TYPE='tl.float32', ALLOW_TF32=True, BLOCK_K=128, BLOCK_M=64, BLOCK_N=128, EVEN_K=True, GROUP_M=8, USE_FAST_ACCUM=True, num_stages=3, num_warps=4
  triton_mm_624 0.1309 ms 99.2% ACC_TYPE='tl.float32', ALLOW_TF32=True, BLOCK_K=128, BLOCK_M=64, BLOCK_N=128, EVEN_K=True, GROUP_M=8, USE_FAST_ACCUM=True, num_stages=2, num_warps=4
  triton_mm_538 0.1310 ms 99.1% ACC_TYPE='tl.float32', ALLOW_TF32=True, BLOCK_K=64, BLOCK_M=128, BLOCK_N=64, EVEN_K=True, GROUP_M=8, USE_FAST_ACCUM=True, num_stages=4, num_warps=4
  triton_mm_531 0.1314 ms 98.8% ACC_TYPE='tl.float32', ALLOW_TF32=True, BLOCK_K=32, BLOCK_M=64, BLOCK_N=128, EVEN_K=True, GROUP_M=8, USE_FAST_ACCUM=True, num_stages=4, num_warps=4
  triton_mm_539 0.1316 ms 98.6% ACC_TYPE='tl.float32', ALLOW_TF32=True, BLOCK_K=64, BLOCK_M=64, BLOCK_N=128, EVEN_K=True, GROUP_M=8, USE_FAST_ACCUM=True, num_stages=4, num_warps=4
  triton_mm_530 0.1330 ms 97.6% ACC_TYPE='tl.float32', ALLOW_TF32=True, BLOCK_K=32, BLOCK_M=128, BLOCK_N=64, EVEN_K=True, GROUP_M=8, USE_FAST_ACCUM=True, num_stages=4, num_warps=4
  _scaled_mm 0.1358 ms 95.5% 
  triton_mm_528 0.1368 ms 94.9% ACC_TYPE='tl.float32', ALLOW_TF32=True, BLOCK_K=32, BLOCK_M=64, BLOCK_N=256, EVEN_K=True, GROUP_M=8, USE_FAST_ACCUM=True, num_stages=4, num_warps=4
  triton_mm_527 0.1384 ms 93.8% ACC_TYPE='tl.float32', ALLOW_TF32=True, BLOCK_K=32, BLOCK_M=256, BLOCK_N=64, EVEN_K=True, GROUP_M=8, USE_FAST_ACCUM=True, num_stages=4, num_warps=4
SingleProcess AUTOTUNE benchmarking takes 3.9907 seconds and 1.9293 seconds precompiling for 106 choices
Autotune Choices Stats:
{"num_choices": 106, "num_triton_choices": 105, "best_kernel": "triton_mm_644", "best_kernel_desc": "ACC_TYPE='tl.float32', ALLOW_TF32=True, BLOCK_K=64, BLOCK_M=64, BLOCK_N=128, EVEN_K=True, GROUP_M=8, USE_FAST_ACCUM=True, num_stages=4, num_warps=4", "best_time": 0.2521600127220154, "best_triton_pos": 0}
AUTOTUNE scaled_mm(65536x256, 256x2048, , )
strides: [256, 1], [1, 256], [], []
dtypes: torch.float8_e4m3fn, torch.float8_e4m3fn, torch.float32, torch.float32
  triton_mm_644 0.2522 ms 100.0% ACC_TYPE='tl.float32', ALLOW_TF32=True, BLOCK_K=64, BLOCK_M=64, BLOCK_N=128, EVEN_K=True, GROUP_M=8, USE_FAST_ACCUM=True, num_stages=4, num_warps=4
  _scaled_mm 0.2549 ms 98.9% 
  triton_mm_729 0.2566 ms 98.3% ACC_TYPE='tl.float32', ALLOW_TF32=True, BLOCK_K=128, BLOCK_M=64, BLOCK_N=128, EVEN_K=True, GROUP_M=8, USE_FAST_ACCUM=True, num_stages=2, num_warps=4
  triton_mm_643 0.2592 ms 97.3% ACC_TYPE='tl.float32', ALLOW_TF32=True, BLOCK_K=64, BLOCK_M=128, BLOCK_N=64, EVEN_K=True, GROUP_M=8, USE_FAST_ACCUM=True, num_stages=4, num_warps=4
  triton_mm_633 0.2660 ms 94.8% ACC_TYPE='tl.float32', ALLOW_TF32=True, BLOCK_K=32, BLOCK_M=64, BLOCK_N=256, EVEN_K=True, GROUP_M=8, USE_FAST_ACCUM=True, num_stages=4, num_warps=4
  triton_mm_730 0.2676 ms 94.2% ACC_TYPE='tl.float32', ALLOW_TF32=True, BLOCK_K=128, BLOCK_M=64, BLOCK_N=128, EVEN_K=True, GROUP_M=8, USE_FAST_ACCUM=True, num_stages=3, num_warps=4
  triton_mm_632 0.2834 ms 89.0% ACC_TYPE='tl.float32', ALLOW_TF32=True, BLOCK_K=32, BLOCK_M=256, BLOCK_N=64, EVEN_K=True, GROUP_M=8, USE_FAST_ACCUM=True, num_stages=4, num_warps=4
  triton_mm_634 0.2944 ms 85.7% ACC_TYPE='tl.float32', ALLOW_TF32=True, BLOCK_K=32, BLOCK_M=128, BLOCK_N=128, EVEN_K=True, GROUP_M=8, USE_FAST_ACCUM=True, num_stages=4, num_warps=4
  triton_mm_635 0.3097 ms 81.4% ACC_TYPE='tl.float32', ALLOW_TF32=True, BLOCK_K=32, BLOCK_M=128, BLOCK_N=64, EVEN_K=True, GROUP_M=8, USE_FAST_ACCUM=True, num_stages=4, num_warps=4
  triton_mm_636 0.3132 ms 80.5% ACC_TYPE='tl.float32', ALLOW_TF32=True, BLOCK_K=32, BLOCK_M=64, BLOCK_N=128, EVEN_K=True, GROUP_M=8, USE_FAST_ACCUM=True, num_stages=4, num_warps=4
SingleProcess AUTOTUNE benchmarking takes 3.7688 seconds and 0.0005 seconds precompiling for 106 choices
Autotune Choices Stats:
{"num_choices": 106, "num_triton_choices": 105, "best_kernel": "triton_mm_644", "best_kernel_desc": "ACC_TYPE='tl.float32', ALLOW_TF32=True, BLOCK_K=64, BLOCK_M=64, BLOCK_N=128, EVEN_K=True, GROUP_M=8, USE_FAST_ACCUM=True, num_stages=4, num_warps=4", "best_time": 0.2516160011291504, "best_triton_pos": 0}
AUTOTUNE scaled_mm(65536x256, 256x2048, , )
strides: [256, 1], [1, 256], [], []
dtypes: torch.float8_e4m3fn, torch.float8_e4m3fn, torch.float32, torch.float32
  triton_mm_644 0.2516 ms 100.0% ACC_TYPE='tl.float32', ALLOW_TF32=True, BLOCK_K=64, BLOCK_M=64, BLOCK_N=128, EVEN_K=True, GROUP_M=8, USE_FAST_ACCUM=True, num_stages=4, num_warps=4
  _scaled_mm 0.2543 ms 98.9% 
  triton_mm_729 0.2562 ms 98.2% ACC_TYPE='tl.float32', ALLOW_TF32=True, BLOCK_K=128, BLOCK_M=64, BLOCK_N=128, EVEN_K=True, GROUP_M=8, USE_FAST_ACCUM=True, num_stages=2, num_warps=4
  triton_mm_643 0.2597 ms 96.9% ACC_TYPE='tl.float32', ALLOW_TF32=True, BLOCK_K=64, BLOCK_M=128, BLOCK_N=64, EVEN_K=True, GROUP_M=8, USE_FAST_ACCUM=True, num_stages=4, num_warps=4
  triton_mm_633 0.2669 ms 94.3% ACC_TYPE='tl.float32', ALLOW_TF32=True, BLOCK_K=32, BLOCK_M=64, BLOCK_N=256, EVEN_K=True, GROUP_M=8, USE_FAST_ACCUM=True, num_stages=4, num_warps=4
  triton_mm_730 0.2680 ms 93.9% ACC_TYPE='tl.float32', ALLOW_TF32=True, BLOCK_K=128, BLOCK_M=64, BLOCK_N=128, EVEN_K=True, GROUP_M=8, USE_FAST_ACCUM=True, num_stages=3, num_warps=4
  triton_mm_632 0.2848 ms 88.3% ACC_TYPE='tl.float32', ALLOW_TF32=True, BLOCK_K=32, BLOCK_M=256, BLOCK_N=64, EVEN_K=True, GROUP_M=8, USE_FAST_ACCUM=True, num_stages=4, num_warps=4
  triton_mm_634 0.2910 ms 86.5% ACC_TYPE='tl.float32', ALLOW_TF32=True, BLOCK_K=32, BLOCK_M=128, BLOCK_N=128, EVEN_K=True, GROUP_M=8, USE_FAST_ACCUM=True, num_stages=4, num_warps=4
  triton_mm_635 0.3089 ms 81.4% ACC_TYPE='tl.float32', ALLOW_TF32=True, BLOCK_K=32, BLOCK_M=128, BLOCK_N=64, EVEN_K=True, GROUP_M=8, USE_FAST_ACCUM=True, num_stages=4, num_warps=4
  triton_mm_636 0.3133 ms 80.3% ACC_TYPE='tl.float32', ALLOW_TF32=True, BLOCK_K=32, BLOCK_M=64, BLOCK_N=128, EVEN_K=True, GROUP_M=8, USE_FAST_ACCUM=True, num_stages=4, num_warps=4
SingleProcess AUTOTUNE benchmarking takes 3.8070 seconds and 0.0005 seconds precompiling for 106 choices
Autotune Choices Stats:
{"num_choices": 106, "num_triton_choices": 105, "best_kernel": "triton_mm_540", "best_kernel_desc": "ACC_TYPE='tl.float32', ALLOW_TF32=True, BLOCK_K=64, BLOCK_M=128, BLOCK_N=32, EVEN_K=True, GROUP_M=8, USE_FAST_ACCUM=True, num_stages=4, num_warps=4", "best_time": 0.14185599982738495, "best_triton_pos": 0}
AUTOTUNE scaled_mm(65536x1024, 1024x256, , )
strides: [1024, 1], [1, 1024], [], []
dtypes: torch.float8_e4m3fn, torch.float8_e4m3fn, torch.float32, torch.float32
  triton_mm_540 0.1419 ms 100.0% ACC_TYPE='tl.float32', ALLOW_TF32=True, BLOCK_K=64, BLOCK_M=128, BLOCK_N=32, EVEN_K=True, GROUP_M=8, USE_FAST_ACCUM=True, num_stages=4, num_warps=4
  triton_mm_625 0.1423 ms 99.7% ACC_TYPE='tl.float32', ALLOW_TF32=True, BLOCK_K=128, BLOCK_M=64, BLOCK_N=128, EVEN_K=True, GROUP_M=8, USE_FAST_ACCUM=True, num_stages=3, num_warps=4
  triton_mm_624 0.1423 ms 99.7% ACC_TYPE='tl.float32', ALLOW_TF32=True, BLOCK_K=128, BLOCK_M=64, BLOCK_N=128, EVEN_K=True, GROUP_M=8, USE_FAST_ACCUM=True, num_stages=2, num_warps=4
  triton_mm_531 0.1424 ms 99.6% ACC_TYPE='tl.float32', ALLOW_TF32=True, BLOCK_K=32, BLOCK_M=64, BLOCK_N=128, EVEN_K=True, GROUP_M=8, USE_FAST_ACCUM=True, num_stages=4, num_warps=4
  triton_mm_538 0.1427 ms 99.4% ACC_TYPE='tl.float32', ALLOW_TF32=True, BLOCK_K=64, BLOCK_M=128, BLOCK_N=64, EVEN_K=True, GROUP_M=8, USE_FAST_ACCUM=True, num_stages=4, num_warps=4
  triton_mm_539 0.1435 ms 98.9% ACC_TYPE='tl.float32', ALLOW_TF32=True, BLOCK_K=64, BLOCK_M=64, BLOCK_N=128, EVEN_K=True, GROUP_M=8, USE_FAST_ACCUM=True, num_stages=4, num_warps=4
  triton_mm_530 0.1437 ms 98.7% ACC_TYPE='tl.float32', ALLOW_TF32=True, BLOCK_K=32, BLOCK_M=128, BLOCK_N=64, EVEN_K=True, GROUP_M=8, USE_FAST_ACCUM=True, num_stages=4, num_warps=4
  _scaled_mm 0.1478 ms 96.0% 
  triton_mm_528 0.1488 ms 95.3% ACC_TYPE='tl.float32', ALLOW_TF32=True, BLOCK_K=32, BLOCK_M=64, BLOCK_N=256, EVEN_K=True, GROUP_M=8, USE_FAST_ACCUM=True, num_stages=4, num_warps=4
  triton_mm_527 0.1497 ms 94.7% ACC_TYPE='tl.float32', ALLOW_TF32=True, BLOCK_K=32, BLOCK_M=256, BLOCK_N=64, EVEN_K=True, GROUP_M=8, USE_FAST_ACCUM=True, num_stages=4, num_warps=4
SingleProcess AUTOTUNE benchmarking takes 4.0102 seconds and 1.7073 seconds precompiling for 106 choices
Autotune Choices Stats:
{"num_choices": 106, "num_triton_choices": 105, "best_kernel": "triton_mm_644", "best_kernel_desc": "ACC_TYPE='tl.float32', ALLOW_TF32=True, BLOCK_K=64, BLOCK_M=64, BLOCK_N=128, EVEN_K=True, GROUP_M=8, USE_FAST_ACCUM=True, num_stages=4, num_warps=4", "best_time": 0.25094398856163025, "best_triton_pos": 0}
AUTOTUNE scaled_mm(65536x256, 256x2048, , )
strides: [256, 1], [1, 256], [], []
dtypes: torch.float8_e4m3fn, torch.float8_e4m3fn, torch.float32, torch.float32
  triton_mm_644 0.2509 ms 100.0% ACC_TYPE='tl.float32', ALLOW_TF32=True, BLOCK_K=64, BLOCK_M=64, BLOCK_N=128, EVEN_K=True, GROUP_M=8, USE_FAST_ACCUM=True, num_stages=4, num_warps=4
  _scaled_mm 0.2536 ms 99.0% 
  triton_mm_729 0.2577 ms 97.4% ACC_TYPE='tl.float32', ALLOW_TF32=True, BLOCK_K=128, BLOCK_M=64, BLOCK_N=128, EVEN_K=True, GROUP_M=8, USE_FAST_ACCUM=True, num_stages=2, num_warps=4
  triton_mm_643 0.2587 ms 97.0% ACC_TYPE='tl.float32', ALLOW_TF32=True, BLOCK_K=64, BLOCK_M=128, BLOCK_N=64, EVEN_K=True, GROUP_M=8, USE_FAST_ACCUM=True, num_stages=4, num_warps=4
  triton_mm_633 0.2669 ms 94.0% ACC_TYPE='tl.float32', ALLOW_TF32=True, BLOCK_K=32, BLOCK_M=64, BLOCK_N=256, EVEN_K=True, GROUP_M=8, USE_FAST_ACCUM=True, num_stages=4, num_warps=4
  triton_mm_730 0.2684 ms 93.5% ACC_TYPE='tl.float32', ALLOW_TF32=True, BLOCK_K=128, BLOCK_M=64, BLOCK_N=128, EVEN_K=True, GROUP_M=8, USE_FAST_ACCUM=True, num_stages=3, num_warps=4
  triton_mm_632 0.2837 ms 88.5% ACC_TYPE='tl.float32', ALLOW_TF32=True, BLOCK_K=32, BLOCK_M=256, BLOCK_N=64, EVEN_K=True, GROUP_M=8, USE_FAST_ACCUM=True, num_stages=4, num_warps=4
  triton_mm_634 0.2931 ms 85.6% ACC_TYPE='tl.float32', ALLOW_TF32=True, BLOCK_K=32, BLOCK_M=128, BLOCK_N=128, EVEN_K=True, GROUP_M=8, USE_FAST_ACCUM=True, num_stages=4, num_warps=4
  triton_mm_635 0.3091 ms 81.2% ACC_TYPE='tl.float32', ALLOW_TF32=True, BLOCK_K=32, BLOCK_M=128, BLOCK_N=64, EVEN_K=True, GROUP_M=8, USE_FAST_ACCUM=True, num_stages=4, num_warps=4
  triton_mm_636 0.3127 ms 80.2% ACC_TYPE='tl.float32', ALLOW_TF32=True, BLOCK_K=32, BLOCK_M=64, BLOCK_N=128, EVEN_K=True, GROUP_M=8, USE_FAST_ACCUM=True, num_stages=4, num_warps=4
SingleProcess AUTOTUNE benchmarking takes 3.8293 seconds and 0.0005 seconds precompiling for 106 choices
Autotune Choices Stats:
{"num_choices": 106, "num_triton_choices": 105, "best_kernel": "triton_mm_644", "best_kernel_desc": "ACC_TYPE='tl.float32', ALLOW_TF32=True, BLOCK_K=64, BLOCK_M=64, BLOCK_N=128, EVEN_K=True, GROUP_M=8, USE_FAST_ACCUM=True, num_stages=4, num_warps=4", "best_time": 0.24956800043582916, "best_triton_pos": 0}
AUTOTUNE scaled_mm(65536x256, 256x2048, , )
strides: [256, 1], [1, 256], [], []
dtypes: torch.float8_e4m3fn, torch.float8_e4m3fn, torch.float32, torch.float32
  triton_mm_644 0.2496 ms 100.0% ACC_TYPE='tl.float32', ALLOW_TF32=True, BLOCK_K=64, BLOCK_M=64, BLOCK_N=128, EVEN_K=True, GROUP_M=8, USE_FAST_ACCUM=True, num_stages=4, num_warps=4
  _scaled_mm 0.2519 ms 99.1% 
  triton_mm_729 0.2560 ms 97.5% ACC_TYPE='tl.float32', ALLOW_TF32=True, BLOCK_K=128, BLOCK_M=64, BLOCK_N=128, EVEN_K=True, GROUP_M=8, USE_FAST_ACCUM=True, num_stages=2, num_warps=4
  triton_mm_643 0.2568 ms 97.2% ACC_TYPE='tl.float32', ALLOW_TF32=True, BLOCK_K=64, BLOCK_M=128, BLOCK_N=64, EVEN_K=True, GROUP_M=8, USE_FAST_ACCUM=True, num_stages=4, num_warps=4
  triton_mm_633 0.2645 ms 94.4% ACC_TYPE='tl.float32', ALLOW_TF32=True, BLOCK_K=32, BLOCK_M=64, BLOCK_N=256, EVEN_K=True, GROUP_M=8, USE_FAST_ACCUM=True, num_stages=4, num_warps=4
  triton_mm_730 0.2646 ms 94.3% ACC_TYPE='tl.float32', ALLOW_TF32=True, BLOCK_K=128, BLOCK_M=64, BLOCK_N=128, EVEN_K=True, GROUP_M=8, USE_FAST_ACCUM=True, num_stages=3, num_warps=4
  triton_mm_632 0.2820 ms 88.5% ACC_TYPE='tl.float32', ALLOW_TF32=True, BLOCK_K=32, BLOCK_M=256, BLOCK_N=64, EVEN_K=True, GROUP_M=8, USE_FAST_ACCUM=True, num_stages=4, num_warps=4
  triton_mm_634 0.2907 ms 85.8% ACC_TYPE='tl.float32', ALLOW_TF32=True, BLOCK_K=32, BLOCK_M=128, BLOCK_N=128, EVEN_K=True, GROUP_M=8, USE_FAST_ACCUM=True, num_stages=4, num_warps=4
  triton_mm_635 0.3063 ms 81.5% ACC_TYPE='tl.float32', ALLOW_TF32=True, BLOCK_K=32, BLOCK_M=128, BLOCK_N=64, EVEN_K=True, GROUP_M=8, USE_FAST_ACCUM=True, num_stages=4, num_warps=4
  triton_mm_636 0.3103 ms 80.4% ACC_TYPE='tl.float32', ALLOW_TF32=True, BLOCK_K=32, BLOCK_M=64, BLOCK_N=128, EVEN_K=True, GROUP_M=8, USE_FAST_ACCUM=True, num_stages=4, num_warps=4
SingleProcess AUTOTUNE benchmarking takes 3.9216 seconds and 0.0005 seconds precompiling for 106 choices
Autotune Choices Stats:
{"num_choices": 106, "num_triton_choices": 105, "best_kernel": "triton_mm_644", "best_kernel_desc": "ACC_TYPE='tl.float32', ALLOW_TF32=True, BLOCK_K=64, BLOCK_M=64, BLOCK_N=128, EVEN_K=True, GROUP_M=8, USE_FAST_ACCUM=True, num_stages=4, num_warps=4", "best_time": 0.2728959918022156, "best_triton_pos": 0}
AUTOTUNE scaled_mm(65536x256, 256x2048, , )
strides: [256, 1], [1, 256], [], []
dtypes: torch.float8_e4m3fn, torch.float8_e4m3fn, torch.float32, torch.float32
  triton_mm_644 0.2729 ms 100.0% ACC_TYPE='tl.float32', ALLOW_TF32=True, BLOCK_K=64, BLOCK_M=64, BLOCK_N=128, EVEN_K=True, GROUP_M=8, USE_FAST_ACCUM=True, num_stages=4, num_warps=4
  _scaled_mm 0.2761 ms 98.8% 
  triton_mm_729 0.2788 ms 97.9% ACC_TYPE='tl.float32', ALLOW_TF32=True, BLOCK_K=128, BLOCK_M=64, BLOCK_N=128, EVEN_K=True, GROUP_M=8, USE_FAST_ACCUM=True, num_stages=2, num_warps=4
  triton_mm_643 0.2813 ms 97.0% ACC_TYPE='tl.float32', ALLOW_TF32=True, BLOCK_K=64, BLOCK_M=128, BLOCK_N=64, EVEN_K=True, GROUP_M=8, USE_FAST_ACCUM=True, num_stages=4, num_warps=4
  triton_mm_633 0.2894 ms 94.3% ACC_TYPE='tl.float32', ALLOW_TF32=True, BLOCK_K=32, BLOCK_M=64, BLOCK_N=256, EVEN_K=True, GROUP_M=8, USE_FAST_ACCUM=True, num_stages=4, num_warps=4
  triton_mm_730 0.2900 ms 94.1% ACC_TYPE='tl.float32', ALLOW_TF32=True, BLOCK_K=128, BLOCK_M=64, BLOCK_N=128, EVEN_K=True, GROUP_M=8, USE_FAST_ACCUM=True, num_stages=3, num_warps=4
  triton_mm_632 0.3077 ms 88.7% ACC_TYPE='tl.float32', ALLOW_TF32=True, BLOCK_K=32, BLOCK_M=256, BLOCK_N=64, EVEN_K=True, GROUP_M=8, USE_FAST_ACCUM=True, num_stages=4, num_warps=4
  triton_mm_634 0.3166 ms 86.2% ACC_TYPE='tl.float32', ALLOW_TF32=True, BLOCK_K=32, BLOCK_M=128, BLOCK_N=128, EVEN_K=True, GROUP_M=8, USE_FAST_ACCUM=True, num_stages=4, num_warps=4
  triton_mm_635 0.3347 ms 81.5% ACC_TYPE='tl.float32', ALLOW_TF32=True, BLOCK_K=32, BLOCK_M=128, BLOCK_N=64, EVEN_K=True, GROUP_M=8, USE_FAST_ACCUM=True, num_stages=4, num_warps=4
  triton_mm_636 0.3388 ms 80.5% ACC_TYPE='tl.float32', ALLOW_TF32=True, BLOCK_K=32, BLOCK_M=64, BLOCK_N=128, EVEN_K=True, GROUP_M=8, USE_FAST_ACCUM=True, num_stages=4, num_warps=4
SingleProcess AUTOTUNE benchmarking takes 3.8458 seconds and 0.0005 seconds precompiling for 106 choices
Autotune Choices Stats:
{"num_choices": 106, "num_triton_choices": 105, "best_kernel": "triton_mm_835", "best_kernel_desc": "ACC_TYPE='tl.float32', ALLOW_TF32=True, BLOCK_K=128, BLOCK_M=64, BLOCK_N=128, EVEN_K=True, GROUP_M=8, USE_FAST_ACCUM=True, num_stages=3, num_warps=4", "best_time": 0.9745919704437256, "best_triton_pos": 0}
AUTOTUNE scaled_mm(65536x1024, 1024x2048, , )
strides: [1024, 1], [1, 1024], [], []
dtypes: torch.float8_e4m3fn, torch.float8_e4m3fn, torch.float32, torch.float32
  triton_mm_835 0.9746 ms 100.0% ACC_TYPE='tl.float32', ALLOW_TF32=True, BLOCK_K=128, BLOCK_M=64, BLOCK_N=128, EVEN_K=True, GROUP_M=8, USE_FAST_ACCUM=True, num_stages=3, num_warps=4
  triton_mm_749 0.9754 ms 99.9% ACC_TYPE='tl.float32', ALLOW_TF32=True, BLOCK_K=64, BLOCK_M=64, BLOCK_N=128, EVEN_K=True, GROUP_M=8, USE_FAST_ACCUM=True, num_stages=4, num_warps=4
  triton_mm_741 0.9756 ms 99.9% ACC_TYPE='tl.float32', ALLOW_TF32=True, BLOCK_K=32, BLOCK_M=64, BLOCK_N=128, EVEN_K=True, GROUP_M=8, USE_FAST_ACCUM=True, num_stages=4, num_warps=4
  triton_mm_748 0.9763 ms 99.8% ACC_TYPE='tl.float32', ALLOW_TF32=True, BLOCK_K=64, BLOCK_M=128, BLOCK_N=64, EVEN_K=True, GROUP_M=8, USE_FAST_ACCUM=True, num_stages=4, num_warps=4
  triton_mm_740 0.9771 ms 99.7% ACC_TYPE='tl.float32', ALLOW_TF32=True, BLOCK_K=32, BLOCK_M=128, BLOCK_N=64, EVEN_K=True, GROUP_M=8, USE_FAST_ACCUM=True, num_stages=4, num_warps=4
  triton_mm_834 0.9775 ms 99.7% ACC_TYPE='tl.float32', ALLOW_TF32=True, BLOCK_K=128, BLOCK_M=64, BLOCK_N=128, EVEN_K=True, GROUP_M=8, USE_FAST_ACCUM=True, num_stages=2, num_warps=4
  triton_mm_738 0.9799 ms 99.5% ACC_TYPE='tl.float32', ALLOW_TF32=True, BLOCK_K=32, BLOCK_M=64, BLOCK_N=256, EVEN_K=True, GROUP_M=8, USE_FAST_ACCUM=True, num_stages=4, num_warps=4
  triton_mm_750 0.9835 ms 99.1% ACC_TYPE='tl.float32', ALLOW_TF32=True, BLOCK_K=64, BLOCK_M=128, BLOCK_N=32, EVEN_K=True, GROUP_M=8, USE_FAST_ACCUM=True, num_stages=4, num_warps=4
  _scaled_mm 0.9852 ms 98.9% 
  triton_mm_737 0.9928 ms 98.2% ACC_TYPE='tl.float32', ALLOW_TF32=True, BLOCK_K=32, BLOCK_M=256, BLOCK_N=64, EVEN_K=True, GROUP_M=8, USE_FAST_ACCUM=True, num_stages=4, num_warps=4
SingleProcess AUTOTUNE benchmarking takes 4.8562 seconds and 2.5523 seconds precompiling for 106 choices
Autotune Choices Stats:
{"num_choices": 106, "num_triton_choices": 105, "best_kernel": "triton_mm_835", "best_kernel_desc": "ACC_TYPE='tl.float32', ALLOW_TF32=True, BLOCK_K=128, BLOCK_M=64, BLOCK_N=128, EVEN_K=True, GROUP_M=8, USE_FAST_ACCUM=True, num_stages=3, num_warps=4", "best_time": 0.9688640236854553, "best_triton_pos": 0}
AUTOTUNE scaled_mm(65536x1024, 1024x2048, , )
strides: [1024, 1], [1, 1024], [], []
dtypes: torch.float8_e4m3fn, torch.float8_e4m3fn, torch.float32, torch.float32
  triton_mm_835 0.9689 ms 100.0% ACC_TYPE='tl.float32', ALLOW_TF32=True, BLOCK_K=128, BLOCK_M=64, BLOCK_N=128, EVEN_K=True, GROUP_M=8, USE_FAST_ACCUM=True, num_stages=3, num_warps=4
  triton_mm_741 0.9712 ms 99.8% ACC_TYPE='tl.float32', ALLOW_TF32=True, BLOCK_K=32, BLOCK_M=64, BLOCK_N=128, EVEN_K=True, GROUP_M=8, USE_FAST_ACCUM=True, num_stages=4, num_warps=4
  triton_mm_834 0.9719 ms 99.7% ACC_TYPE='tl.float32', ALLOW_TF32=True, BLOCK_K=128, BLOCK_M=64, BLOCK_N=128, EVEN_K=True, GROUP_M=8, USE_FAST_ACCUM=True, num_stages=2, num_warps=4
  triton_mm_738 0.9724 ms 99.6% ACC_TYPE='tl.float32', ALLOW_TF32=True, BLOCK_K=32, BLOCK_M=64, BLOCK_N=256, EVEN_K=True, GROUP_M=8, USE_FAST_ACCUM=True, num_stages=4, num_warps=4
  triton_mm_740 0.9725 ms 99.6% ACC_TYPE='tl.float32', ALLOW_TF32=True, BLOCK_K=32, BLOCK_M=128, BLOCK_N=64, EVEN_K=True, GROUP_M=8, USE_FAST_ACCUM=True, num_stages=4, num_warps=4
  triton_mm_749 0.9742 ms 99.5% ACC_TYPE='tl.float32', ALLOW_TF32=True, BLOCK_K=64, BLOCK_M=64, BLOCK_N=128, EVEN_K=True, GROUP_M=8, USE_FAST_ACCUM=True, num_stages=4, num_warps=4
  triton_mm_748 0.9755 ms 99.3% ACC_TYPE='tl.float32', ALLOW_TF32=True, BLOCK_K=64, BLOCK_M=128, BLOCK_N=64, EVEN_K=True, GROUP_M=8, USE_FAST_ACCUM=True, num_stages=4, num_warps=4
  triton_mm_750 0.9789 ms 99.0% ACC_TYPE='tl.float32', ALLOW_TF32=True, BLOCK_K=64, BLOCK_M=128, BLOCK_N=32, EVEN_K=True, GROUP_M=8, USE_FAST_ACCUM=True, num_stages=4, num_warps=4
  _scaled_mm 0.9803 ms 98.8% 
  triton_mm_737 0.9866 ms 98.2% ACC_TYPE='tl.float32', ALLOW_TF32=True, BLOCK_K=32, BLOCK_M=256, BLOCK_N=64, EVEN_K=True, GROUP_M=8, USE_FAST_ACCUM=True, num_stages=4, num_warps=4
SingleProcess AUTOTUNE benchmarking takes 4.9173 seconds and 2.6568 seconds precompiling for 106 choices
Autotune Choices Stats:
{"num_choices": 106, "num_triton_choices": 105, "best_kernel": "triton_mm_835", "best_kernel_desc": "ACC_TYPE='tl.float32', ALLOW_TF32=True, BLOCK_K=128, BLOCK_M=64, BLOCK_N=128, EVEN_K=True, GROUP_M=8, USE_FAST_ACCUM=True, num_stages=3, num_warps=4", "best_time": 0.9745280146598816, "best_triton_pos": 0}
AUTOTUNE scaled_mm(65536x1024, 1024x2048, , )
strides: [1024, 1], [1, 1024], [], []
dtypes: torch.float8_e4m3fn, torch.float8_e4m3fn, torch.float32, torch.float32
  triton_mm_835 0.9745 ms 100.0% ACC_TYPE='tl.float32', ALLOW_TF32=True, BLOCK_K=128, BLOCK_M=64, BLOCK_N=128, EVEN_K=True, GROUP_M=8, USE_FAST_ACCUM=True, num_stages=3, num_warps=4
  triton_mm_834 0.9750 ms 99.9% ACC_TYPE='tl.float32', ALLOW_TF32=True, BLOCK_K=128, BLOCK_M=64, BLOCK_N=128, EVEN_K=True, GROUP_M=8, USE_FAST_ACCUM=True, num_stages=2, num_warps=4
  triton_mm_749 0.9766 ms 99.8% ACC_TYPE='tl.float32', ALLOW_TF32=True, BLOCK_K=64, BLOCK_M=64, BLOCK_N=128, EVEN_K=True, GROUP_M=8, USE_FAST_ACCUM=True, num_stages=4, num_warps=4
  triton_mm_741 0.9771 ms 99.7% ACC_TYPE='tl.float32', ALLOW_TF32=True, BLOCK_K=32, BLOCK_M=64, BLOCK_N=128, EVEN_K=True, GROUP_M=8, USE_FAST_ACCUM=True, num_stages=4, num_warps=4
  triton_mm_748 0.9771 ms 99.7% ACC_TYPE='tl.float32', ALLOW_TF32=True, BLOCK_K=64, BLOCK_M=128, BLOCK_N=64, EVEN_K=True, GROUP_M=8, USE_FAST_ACCUM=True, num_stages=4, num_warps=4
  triton_mm_740 0.9790 ms 99.5% ACC_TYPE='tl.float32', ALLOW_TF32=True, BLOCK_K=32, BLOCK_M=128, BLOCK_N=64, EVEN_K=True, GROUP_M=8, USE_FAST_ACCUM=True, num_stages=4, num_warps=4
  triton_mm_738 0.9802 ms 99.4% ACC_TYPE='tl.float32', ALLOW_TF32=True, BLOCK_K=32, BLOCK_M=64, BLOCK_N=256, EVEN_K=True, GROUP_M=8, USE_FAST_ACCUM=True, num_stages=4, num_warps=4
  triton_mm_750 0.9849 ms 98.9% ACC_TYPE='tl.float32', ALLOW_TF32=True, BLOCK_K=64, BLOCK_M=128, BLOCK_N=32, EVEN_K=True, GROUP_M=8, USE_FAST_ACCUM=True, num_stages=4, num_warps=4
  _scaled_mm 0.9886 ms 98.6% 
  triton_mm_737 0.9933 ms 98.1% ACC_TYPE='tl.float32', ALLOW_TF32=True, BLOCK_K=32, BLOCK_M=256, BLOCK_N=64, EVEN_K=True, GROUP_M=8, USE_FAST_ACCUM=True, num_stages=4, num_warps=4
SingleProcess AUTOTUNE benchmarking takes 4.9484 seconds and 2.6797 seconds precompiling for 106 choices
Autotune Choices Stats:
{"num_choices": 106, "num_triton_choices": 105, "best_kernel": "triton_mm_740", "best_kernel_desc": "ACC_TYPE='tl.float32', ALLOW_TF32=True, BLOCK_K=32, BLOCK_M=128, BLOCK_N=64, EVEN_K=True, GROUP_M=8, USE_FAST_ACCUM=True, num_stages=4, num_warps=4", "best_time": 0.9716160297393799, "best_triton_pos": 0}
AUTOTUNE scaled_mm(65536x1024, 1024x2048, , )
strides: [1024, 1], [1, 1024], [], []
dtypes: torch.float8_e4m3fn, torch.float8_e4m3fn, torch.float32, torch.float32
  triton_mm_740 0.9716 ms 100.0% ACC_TYPE='tl.float32', ALLOW_TF32=True, BLOCK_K=32, BLOCK_M=128, BLOCK_N=64, EVEN_K=True, GROUP_M=8, USE_FAST_ACCUM=True, num_stages=4, num_warps=4
  triton_mm_738 0.9718 ms 100.0% ACC_TYPE='tl.float32', ALLOW_TF32=True, BLOCK_K=32, BLOCK_M=64, BLOCK_N=256, EVEN_K=True, GROUP_M=8, USE_FAST_ACCUM=True, num_stages=4, num_warps=4
  triton_mm_741 0.9718 ms 100.0% ACC_TYPE='tl.float32', ALLOW_TF32=True, BLOCK_K=32, BLOCK_M=64, BLOCK_N=128, EVEN_K=True, GROUP_M=8, USE_FAST_ACCUM=True, num_stages=4, num_warps=4
  triton_mm_835 0.9755 ms 99.6% ACC_TYPE='tl.float32', ALLOW_TF32=True, BLOCK_K=128, BLOCK_M=64, BLOCK_N=128, EVEN_K=True, GROUP_M=8, USE_FAST_ACCUM=True, num_stages=3, num_warps=4
  triton_mm_834 0.9767 ms 99.5% ACC_TYPE='tl.float32', ALLOW_TF32=True, BLOCK_K=128, BLOCK_M=64, BLOCK_N=128, EVEN_K=True, GROUP_M=8, USE_FAST_ACCUM=True, num_stages=2, num_warps=4
  triton_mm_749 0.9785 ms 99.3% ACC_TYPE='tl.float32', ALLOW_TF32=True, BLOCK_K=64, BLOCK_M=64, BLOCK_N=128, EVEN_K=True, GROUP_M=8, USE_FAST_ACCUM=True, num_stages=4, num_warps=4
  triton_mm_748 0.9790 ms 99.2% ACC_TYPE='tl.float32', ALLOW_TF32=True, BLOCK_K=64, BLOCK_M=128, BLOCK_N=64, EVEN_K=True, GROUP_M=8, USE_FAST_ACCUM=True, num_stages=4, num_warps=4
  _scaled_mm 0.9799 ms 99.2% 
  triton_mm_737 0.9849 ms 98.7% ACC_TYPE='tl.float32', ALLOW_TF32=True, BLOCK_K=32, BLOCK_M=256, BLOCK_N=64, EVEN_K=True, GROUP_M=8, USE_FAST_ACCUM=True, num_stages=4, num_warps=4
  triton_mm_750 0.9876 ms 98.4% ACC_TYPE='tl.float32', ALLOW_TF32=True, BLOCK_K=64, BLOCK_M=128, BLOCK_N=32, EVEN_K=True, GROUP_M=8, USE_FAST_ACCUM=True, num_stages=4, num_warps=4
SingleProcess AUTOTUNE benchmarking takes 4.8980 seconds and 2.6013 seconds precompiling for 106 choices
Autotune Choices Stats:
{"num_choices": 106, "num_triton_choices": 105, "best_kernel": "triton_mm_835", "best_kernel_desc": "ACC_TYPE='tl.float32', ALLOW_TF32=True, BLOCK_K=128, BLOCK_M=64, BLOCK_N=128, EVEN_K=True, GROUP_M=8, USE_FAST_ACCUM=True, num_stages=3, num_warps=4", "best_time": 0.9738240242004395, "best_triton_pos": 0}
AUTOTUNE scaled_mm(65536x1024, 1024x2048, , )
strides: [1024, 1], [1, 1024], [], []
dtypes: torch.float8_e4m3fn, torch.float8_e4m3fn, torch.float32, torch.float32
  triton_mm_835 0.9738 ms 100.0% ACC_TYPE='tl.float32', ALLOW_TF32=True, BLOCK_K=128, BLOCK_M=64, BLOCK_N=128, EVEN_K=True, GROUP_M=8, USE_FAST_ACCUM=True, num_stages=3, num_warps=4
  triton_mm_741 0.9744 ms 99.9% ACC_TYPE='tl.float32', ALLOW_TF32=True, BLOCK_K=32, BLOCK_M=64, BLOCK_N=128, EVEN_K=True, GROUP_M=8, USE_FAST_ACCUM=True, num_stages=4, num_warps=4
  triton_mm_740 0.9767 ms 99.7% ACC_TYPE='tl.float32', ALLOW_TF32=True, BLOCK_K=32, BLOCK_M=128, BLOCK_N=64, EVEN_K=True, GROUP_M=8, USE_FAST_ACCUM=True, num_stages=4, num_warps=4
  triton_mm_749 0.9776 ms 99.6% ACC_TYPE='tl.float32', ALLOW_TF32=True, BLOCK_K=64, BLOCK_M=64, BLOCK_N=128, EVEN_K=True, GROUP_M=8, USE_FAST_ACCUM=True, num_stages=4, num_warps=4
  triton_mm_748 0.9791 ms 99.5% ACC_TYPE='tl.float32', ALLOW_TF32=True, BLOCK_K=64, BLOCK_M=128, BLOCK_N=64, EVEN_K=True, GROUP_M=8, USE_FAST_ACCUM=True, num_stages=4, num_warps=4
  triton_mm_738 0.9793 ms 99.4% ACC_TYPE='tl.float32', ALLOW_TF32=True, BLOCK_K=32, BLOCK_M=64, BLOCK_N=256, EVEN_K=True, GROUP_M=8, USE_FAST_ACCUM=True, num_stages=4, num_warps=4
  triton_mm_834 0.9803 ms 99.3% ACC_TYPE='tl.float32', ALLOW_TF32=True, BLOCK_K=128, BLOCK_M=64, BLOCK_N=128, EVEN_K=True, GROUP_M=8, USE_FAST_ACCUM=True, num_stages=2, num_warps=4
  triton_mm_750 0.9853 ms 98.8% ACC_TYPE='tl.float32', ALLOW_TF32=True, BLOCK_K=64, BLOCK_M=128, BLOCK_N=32, EVEN_K=True, GROUP_M=8, USE_FAST_ACCUM=True, num_stages=4, num_warps=4
  _scaled_mm 0.9873 ms 98.6% 
  triton_mm_737 0.9940 ms 98.0% ACC_TYPE='tl.float32', ALLOW_TF32=True, BLOCK_K=32, BLOCK_M=256, BLOCK_N=64, EVEN_K=True, GROUP_M=8, USE_FAST_ACCUM=True, num_stages=4, num_warps=4
SingleProcess AUTOTUNE benchmarking takes 4.8584 seconds and 2.7937 seconds precompiling for 106 choices
Autotune Choices Stats:
{"num_choices": 106, "num_triton_choices": 105, "best_kernel": "triton_mm_835", "best_kernel_desc": "ACC_TYPE='tl.float32', ALLOW_TF32=True, BLOCK_K=128, BLOCK_M=64, BLOCK_N=128, EVEN_K=True, GROUP_M=8, USE_FAST_ACCUM=True, num_stages=3, num_warps=4", "best_time": 0.9679359793663025, "best_triton_pos": 0}
AUTOTUNE scaled_mm(65536x1024, 1024x2048, , )
strides: [1024, 1], [1, 1024], [], []
dtypes: torch.float8_e4m3fn, torch.float8_e4m3fn, torch.float32, torch.float32
  triton_mm_835 0.9679 ms 100.0% ACC_TYPE='tl.float32', ALLOW_TF32=True, BLOCK_K=128, BLOCK_M=64, BLOCK_N=128, EVEN_K=True, GROUP_M=8, USE_FAST_ACCUM=True, num_stages=3, num_warps=4
  triton_mm_834 0.9688 ms 99.9% ACC_TYPE='tl.float32', ALLOW_TF32=True, BLOCK_K=128, BLOCK_M=64, BLOCK_N=128, EVEN_K=True, GROUP_M=8, USE_FAST_ACCUM=True, num_stages=2, num_warps=4
  triton_mm_741 0.9696 ms 99.8% ACC_TYPE='tl.float32', ALLOW_TF32=True, BLOCK_K=32, BLOCK_M=64, BLOCK_N=128, EVEN_K=True, GROUP_M=8, USE_FAST_ACCUM=True, num_stages=4, num_warps=4
  triton_mm_749 0.9707 ms 99.7% ACC_TYPE='tl.float32', ALLOW_TF32=True, BLOCK_K=64, BLOCK_M=64, BLOCK_N=128, EVEN_K=True, GROUP_M=8, USE_FAST_ACCUM=True, num_stages=4, num_warps=4
  triton_mm_748 0.9716 ms 99.6% ACC_TYPE='tl.float32', ALLOW_TF32=True, BLOCK_K=64, BLOCK_M=128, BLOCK_N=64, EVEN_K=True, GROUP_M=8, USE_FAST_ACCUM=True, num_stages=4, num_warps=4
  triton_mm_738 0.9727 ms 99.5% ACC_TYPE='tl.float32', ALLOW_TF32=True, BLOCK_K=32, BLOCK_M=64, BLOCK_N=256, EVEN_K=True, GROUP_M=8, USE_FAST_ACCUM=True, num_stages=4, num_warps=4
  triton_mm_740 0.9730 ms 99.5% ACC_TYPE='tl.float32', ALLOW_TF32=True, BLOCK_K=32, BLOCK_M=128, BLOCK_N=64, EVEN_K=True, GROUP_M=8, USE_FAST_ACCUM=True, num_stages=4, num_warps=4
  triton_mm_750 0.9778 ms 99.0% ACC_TYPE='tl.float32', ALLOW_TF32=True, BLOCK_K=64, BLOCK_M=128, BLOCK_N=32, EVEN_K=True, GROUP_M=8, USE_FAST_ACCUM=True, num_stages=4, num_warps=4
  _scaled_mm 0.9817 ms 98.6% 
  triton_mm_737 0.9856 ms 98.2% ACC_TYPE='tl.float32', ALLOW_TF32=True, BLOCK_K=32, BLOCK_M=256, BLOCK_N=64, EVEN_K=True, GROUP_M=8, USE_FAST_ACCUM=True, num_stages=4, num_warps=4
SingleProcess AUTOTUNE benchmarking takes 4.8740 seconds and 2.6648 seconds precompiling for 106 choices
Autotune Choices Stats:
{"num_choices": 106, "num_triton_choices": 105, "best_kernel": "triton_mm_835", "best_kernel_desc": "ACC_TYPE='tl.float32', ALLOW_TF32=True, BLOCK_K=128, BLOCK_M=64, BLOCK_N=128, EVEN_K=True, GROUP_M=8, USE_FAST_ACCUM=True, num_stages=3, num_warps=4", "best_time": 1.0626239776611328, "best_triton_pos": 0}
AUTOTUNE scaled_mm(65536x1024, 1024x2048, , )
strides: [1024, 1], [1, 1024], [], []
dtypes: torch.float8_e4m3fn, torch.float8_e4m3fn, torch.float32, torch.float32
  triton_mm_835 1.0626 ms 100.0% ACC_TYPE='tl.float32', ALLOW_TF32=True, BLOCK_K=128, BLOCK_M=64, BLOCK_N=128, EVEN_K=True, GROUP_M=8, USE_FAST_ACCUM=True, num_stages=3, num_warps=4
  triton_mm_741 1.0627 ms 100.0% ACC_TYPE='tl.float32', ALLOW_TF32=True, BLOCK_K=32, BLOCK_M=64, BLOCK_N=128, EVEN_K=True, GROUP_M=8, USE_FAST_ACCUM=True, num_stages=4, num_warps=4
  triton_mm_834 1.0634 ms 99.9% ACC_TYPE='tl.float32', ALLOW_TF32=True, BLOCK_K=128, BLOCK_M=64, BLOCK_N=128, EVEN_K=True, GROUP_M=8, USE_FAST_ACCUM=True, num_stages=2, num_warps=4
  triton_mm_749 1.0635 ms 99.9% ACC_TYPE='tl.float32', ALLOW_TF32=True, BLOCK_K=64, BLOCK_M=64, BLOCK_N=128, EVEN_K=True, GROUP_M=8, USE_FAST_ACCUM=True, num_stages=4, num_warps=4
  triton_mm_748 1.0653 ms 99.7% ACC_TYPE='tl.float32', ALLOW_TF32=True, BLOCK_K=64, BLOCK_M=128, BLOCK_N=64, EVEN_K=True, GROUP_M=8, USE_FAST_ACCUM=True, num_stages=4, num_warps=4
  triton_mm_740 1.0666 ms 99.6% ACC_TYPE='tl.float32', ALLOW_TF32=True, BLOCK_K=32, BLOCK_M=128, BLOCK_N=64, EVEN_K=True, GROUP_M=8, USE_FAST_ACCUM=True, num_stages=4, num_warps=4
  triton_mm_738 1.0676 ms 99.5% ACC_TYPE='tl.float32', ALLOW_TF32=True, BLOCK_K=32, BLOCK_M=64, BLOCK_N=256, EVEN_K=True, GROUP_M=8, USE_FAST_ACCUM=True, num_stages=4, num_warps=4
  triton_mm_750 1.0718 ms 99.1% ACC_TYPE='tl.float32', ALLOW_TF32=True, BLOCK_K=64, BLOCK_M=128, BLOCK_N=32, EVEN_K=True, GROUP_M=8, USE_FAST_ACCUM=True, num_stages=4, num_warps=4
  _scaled_mm 1.0738 ms 99.0% 
  triton_mm_737 1.0812 ms 98.3% ACC_TYPE='tl.float32', ALLOW_TF32=True, BLOCK_K=32, BLOCK_M=256, BLOCK_N=64, EVEN_K=True, GROUP_M=8, USE_FAST_ACCUM=True, num_stages=4, num_warps=4
SingleProcess AUTOTUNE benchmarking takes 4.9895 seconds and 2.5694 seconds precompiling for 106 choices
/usr/local/lib/python3.12/dist-packages/torch/_dynamo/variables/functions.py:2202: UserWarning: Dynamo detected a call to a `functools.lru_cache`-wrapped function at 'interface.py:424'. Dynamo ignores the cache wrapper and directly traces the wrapped function. Silent incorrectness is only a *potential* risk, not something we have observed. Enable TORCH_LOGS=+dynamo for a DEBUG stack trace.

This call originates from:
  File "/usr/local/lib/python3.12/dist-packages/flash_attn/cute/interface.py", line 424, in torch_dynamo_resume_in__flash_attn_fwd_at_406
    arch = _get_device_arch() if _arch is None else _arch

  torch._dynamo.utils.warn_once(msg)
/usr/local/lib/python3.12/dist-packages/torch/_dynamo/variables/functions.py:2202: UserWarning: Dynamo detected a call to a `functools.lru_cache`-wrapped function at 'interface.py:424'. Dynamo ignores the cache wrapper and directly traces the wrapped function. Silent incorrectness is only a *potential* risk, not something we have observed. Enable TORCH_LOGS=+dynamo for a DEBUG stack trace.

This call originates from:
  File "/usr/local/lib/python3.12/dist-packages/flash_attn/cute/interface.py", line 424, in torch_dynamo_resume_in__flash_attn_fwd_at_406
    arch = _get_device_arch() if _arch is None else _arch

  torch._dynamo.utils.warn_once(msg)
/usr/local/lib/python3.12/dist-packages/torch/_dynamo/variables/functions.py:2082: UserWarning: Dynamo does not know how to trace the builtin `<unknown module>.DLTensorWrapper.__new__.` This function is either a Python builtin (e.g. _warnings.warn) or a third-party C/C++ Python extension (perhaps created with pybind).
If it is a Python builtin, please file an issue on GitHub so the PyTorch team can add support for it and see the next case for a workaround.
If it is a third-party C/C++ Python extension, please either wrap it into a PyTorch-understood custom operator (see https://pytorch.org/tutorials/advanced/custom_ops_landing_page.html for more details) or, if it is traceable, use `torch.compiler.allow_in_graph`.
  torch._dynamo.utils.warn_once(explanation + "\n" + "\n".join(hints))
/usr/local/lib/python3.12/dist-packages/torch/_dynamo/variables/functions.py:2082: UserWarning: Dynamo does not know how to trace the builtin `<unknown module>.DLTensorWrapper.__new__.` This function is either a Python builtin (e.g. _warnings.warn) or a third-party C/C++ Python extension (perhaps created with pybind).
If it is a Python builtin, please file an issue on GitHub so the PyTorch team can add support for it and see the next case for a workaround.
If it is a third-party C/C++ Python extension, please either wrap it into a PyTorch-understood custom operator (see https://pytorch.org/tutorials/advanced/custom_ops_landing_page.html for more details) or, if it is traceable, use `torch.compiler.allow_in_graph`.
  torch._dynamo.utils.warn_once(explanation + "\n" + "\n".join(hints))
/usr/local/lib/python3.12/dist-packages/torch/_dynamo/variables/functions.py:2202: UserWarning: Dynamo detected a call to a `functools.lru_cache`-wrapped function at 'interface.py:424'. Dynamo ignores the cache wrapper and directly traces the wrapped function. Silent incorrectness is only a *potential* risk, not something we have observed. Enable TORCH_LOGS=+dynamo for a DEBUG stack trace.

This call originates from:
  File "/usr/local/lib/python3.12/dist-packages/flash_attn/cute/interface.py", line 424, in torch_dynamo_resume_in__flash_attn_fwd_at_406
    arch = _get_device_arch() if _arch is None else _arch

  torch._dynamo.utils.warn_once(msg)
/usr/local/lib/python3.12/dist-packages/torch/_dynamo/variables/functions.py:2082: UserWarning: Dynamo does not know how to trace the builtin `sys._getframe.` This function is either a Python builtin (e.g. _warnings.warn) or a third-party C/C++ Python extension (perhaps created with pybind).
If it is a Python builtin, please file an issue on GitHub so the PyTorch team can add support for it and see the next case for a workaround.
If it is a third-party C/C++ Python extension, please either wrap it into a PyTorch-understood custom operator (see https://pytorch.org/tutorials/advanced/custom_ops_landing_page.html for more details) or, if it is traceable, use `torch.compiler.allow_in_graph`.
  torch._dynamo.utils.warn_once(explanation + "\n" + "\n".join(hints))
/usr/local/lib/python3.12/dist-packages/torch/_dynamo/variables/functions.py:2082: UserWarning: Dynamo does not know how to trace the builtin `<unknown module>.BF16Type.__new__.` This function is either a Python builtin (e.g. _warnings.warn) or a third-party C/C++ Python extension (perhaps created with pybind).
If it is a Python builtin, please file an issue on GitHub so the PyTorch team can add support for it and see the next case for a workaround.
If it is a third-party C/C++ Python extension, please either wrap it into a PyTorch-understood custom operator (see https://pytorch.org/tutorials/advanced/custom_ops_landing_page.html for more details) or, if it is traceable, use `torch.compiler.allow_in_graph`.
  torch._dynamo.utils.warn_once(explanation + "\n" + "\n".join(hints))
/usr/local/lib/python3.12/dist-packages/torch/_dynamo/variables/functions.py:2082: UserWarning: Dynamo does not know how to trace the builtin `<unknown module>.IntegerType.__new__.` This function is either a Python builtin (e.g. _warnings.warn) or a third-party C/C++ Python extension (perhaps created with pybind).
If it is a Python builtin, please file an issue on GitHub so the PyTorch team can add support for it and see the next case for a workaround.
If it is a third-party C/C++ Python extension, please either wrap it into a PyTorch-understood custom operator (see https://pytorch.org/tutorials/advanced/custom_ops_landing_page.html for more details) or, if it is traceable, use `torch.compiler.allow_in_graph`.
  torch._dynamo.utils.warn_once(explanation + "\n" + "\n".join(hints))
/usr/local/lib/python3.12/dist-packages/torch/_dynamo/variables/functions.py:2082: UserWarning: Dynamo does not know how to trace the builtin `<unknown module>.OpView.__new__.` This function is either a Python builtin (e.g. _warnings.warn) or a third-party C/C++ Python extension (perhaps created with pybind).
If it is a Python builtin, please file an issue on GitHub so the PyTorch team can add support for it and see the next case for a workaround.
If it is a third-party C/C++ Python extension, please either wrap it into a PyTorch-understood custom operator (see https://pytorch.org/tutorials/advanced/custom_ops_landing_page.html for more details) or, if it is traceable, use `torch.compiler.allow_in_graph`.
  torch._dynamo.utils.warn_once(explanation + "\n" + "\n".join(hints))
/usr/local/lib/python3.12/dist-packages/torch/_dynamo/variables/functions.py:2082: UserWarning: Dynamo does not know how to trace the builtin `sys._getframe.` This function is either a Python builtin (e.g. _warnings.warn) or a third-party C/C++ Python extension (perhaps created with pybind).
If it is a Python builtin, please file an issue on GitHub so the PyTorch team can add support for it and see the next case for a workaround.
If it is a third-party C/C++ Python extension, please either wrap it into a PyTorch-understood custom operator (see https://pytorch.org/tutorials/advanced/custom_ops_landing_page.html for more details) or, if it is traceable, use `torch.compiler.allow_in_graph`.
  torch._dynamo.utils.warn_once(explanation + "\n" + "\n".join(hints))
/usr/local/lib/python3.12/dist-packages/torch/_dynamo/variables/functions.py:2082: UserWarning: Dynamo does not know how to trace the builtin `<unknown module>.BF16Type.__new__.` This function is either a Python builtin (e.g. _warnings.warn) or a third-party C/C++ Python extension (perhaps created with pybind).
If it is a Python builtin, please file an issue on GitHub so the PyTorch team can add support for it and see the next case for a workaround.
If it is a third-party C/C++ Python extension, please either wrap it into a PyTorch-understood custom operator (see https://pytorch.org/tutorials/advanced/custom_ops_landing_page.html for more details) or, if it is traceable, use `torch.compiler.allow_in_graph`.
  torch._dynamo.utils.warn_once(explanation + "\n" + "\n".join(hints))
/usr/local/lib/python3.12/dist-packages/torch/_dynamo/variables/functions.py:2082: UserWarning: Dynamo does not know how to trace the builtin `<unknown module>.IntegerType.__new__.` This function is either a Python builtin (e.g. _warnings.warn) or a third-party C/C++ Python extension (perhaps created with pybind).
If it is a Python builtin, please file an issue on GitHub so the PyTorch team can add support for it and see the next case for a workaround.
If it is a third-party C/C++ Python extension, please either wrap it into a PyTorch-understood custom operator (see https://pytorch.org/tutorials/advanced/custom_ops_landing_page.html for more details) or, if it is traceable, use `torch.compiler.allow_in_graph`.
  torch._dynamo.utils.warn_once(explanation + "\n" + "\n".join(hints))
/usr/local/lib/python3.12/dist-packages/torch/_dynamo/variables/functions.py:2082: UserWarning: Dynamo does not know how to trace the builtin `<unknown module>.OpView.__new__.` This function is either a Python builtin (e.g. _warnings.warn) or a third-party C/C++ Python extension (perhaps created with pybind).
If it is a Python builtin, please file an issue on GitHub so the PyTorch team can add support for it and see the next case for a workaround.
If it is a third-party C/C++ Python extension, please either wrap it into a PyTorch-understood custom operator (see https://pytorch.org/tutorials/advanced/custom_ops_landing_page.html for more details) or, if it is traceable, use `torch.compiler.allow_in_graph`.
  torch._dynamo.utils.warn_once(explanation + "\n" + "\n".join(hints))
/usr/local/lib/python3.12/dist-packages/torch/_dynamo/variables/functions.py:2202: UserWarning: Dynamo detected a call to a `functools.lru_cache`-wrapped function at 'interface.py:424'. Dynamo ignores the cache wrapper and directly traces the wrapped function. Silent incorrectness is only a *potential* risk, not something we have observed. Enable TORCH_LOGS=+dynamo for a DEBUG stack trace.

This call originates from:
  File "/usr/local/lib/python3.12/dist-packages/flash_attn/cute/interface.py", line 424, in torch_dynamo_resume_in__flash_attn_fwd_at_406
    arch = _get_device_arch() if _arch is None else _arch

  torch._dynamo.utils.warn_once(msg)
/usr/local/lib/python3.12/dist-packages/torch/_dynamo/variables/functions.py:2202: UserWarning: Dynamo detected a call to a `functools.lru_cache`-wrapped function at 'interface.py:424'. Dynamo ignores the cache wrapper and directly traces the wrapped function. Silent incorrectness is only a *potential* risk, not something we have observed. Enable TORCH_LOGS=+dynamo for a DEBUG stack trace.

This call originates from:
  File "/usr/local/lib/python3.12/dist-packages/flash_attn/cute/interface.py", line 424, in torch_dynamo_resume_in__flash_attn_fwd_at_406
    arch = _get_device_arch() if _arch is None else _arch

  torch._dynamo.utils.warn_once(msg)
/usr/local/lib/python3.12/dist-packages/torch/_dynamo/variables/functions.py:2082: UserWarning: Dynamo does not know how to trace the builtin `<unknown module>.DLTensorWrapper.__new__.` This function is either a Python builtin (e.g. _warnings.warn) or a third-party C/C++ Python extension (perhaps created with pybind).
If it is a Python builtin, please file an issue on GitHub so the PyTorch team can add support for it and see the next case for a workaround.
If it is a third-party C/C++ Python extension, please either wrap it into a PyTorch-understood custom operator (see https://pytorch.org/tutorials/advanced/custom_ops_landing_page.html for more details) or, if it is traceable, use `torch.compiler.allow_in_graph`.
  torch._dynamo.utils.warn_once(explanation + "\n" + "\n".join(hints))
/usr/local/lib/python3.12/dist-packages/torch/_dynamo/variables/functions.py:2082: UserWarning: Dynamo does not know how to trace the builtin `<unknown module>.DLTensorWrapper.__new__.` This function is either a Python builtin (e.g. _warnings.warn) or a third-party C/C++ Python extension (perhaps created with pybind).
If it is a Python builtin, please file an issue on GitHub so the PyTorch team can add support for it and see the next case for a workaround.
If it is a third-party C/C++ Python extension, please either wrap it into a PyTorch-understood custom operator (see https://pytorch.org/tutorials/advanced/custom_ops_landing_page.html for more details) or, if it is traceable, use `torch.compiler.allow_in_graph`.
  torch._dynamo.utils.warn_once(explanation + "\n" + "\n".join(hints))
/usr/local/lib/python3.12/dist-packages/torch/_dynamo/variables/functions.py:2082: UserWarning: Dynamo does not know how to trace the builtin `<unknown module>.DLTensorWrapper.__new__.` This function is either a Python builtin (e.g. _warnings.warn) or a third-party C/C++ Python extension (perhaps created with pybind).
If it is a Python builtin, please file an issue on GitHub so the PyTorch team can add support for it and see the next case for a workaround.
If it is a third-party C/C++ Python extension, please either wrap it into a PyTorch-understood custom operator (see https://pytorch.org/tutorials/advanced/custom_ops_landing_page.html for more details) or, if it is traceable, use `torch.compiler.allow_in_graph`.
  torch._dynamo.utils.warn_once(explanation + "\n" + "\n".join(hints))
/usr/local/lib/python3.12/dist-packages/torch/_dynamo/variables/functions.py:2082: UserWarning: Dynamo does not know how to trace the builtin `sys._getframe.` This function is either a Python builtin (e.g. _warnings.warn) or a third-party C/C++ Python extension (perhaps created with pybind).
If it is a Python builtin, please file an issue on GitHub so the PyTorch team can add support for it and see the next case for a workaround.
If it is a third-party C/C++ Python extension, please either wrap it into a PyTorch-understood custom operator (see https://pytorch.org/tutorials/advanced/custom_ops_landing_page.html for more details) or, if it is traceable, use `torch.compiler.allow_in_graph`.
  torch._dynamo.utils.warn_once(explanation + "\n" + "\n".join(hints))
/usr/local/lib/python3.12/dist-packages/torch/_dynamo/variables/functions.py:2082: UserWarning: Dynamo does not know how to trace the builtin `<unknown module>.BF16Type.__new__.` This function is either a Python builtin (e.g. _warnings.warn) or a third-party C/C++ Python extension (perhaps created with pybind).
If it is a Python builtin, please file an issue on GitHub so the PyTorch team can add support for it and see the next case for a workaround.
If it is a third-party C/C++ Python extension, please either wrap it into a PyTorch-understood custom operator (see https://pytorch.org/tutorials/advanced/custom_ops_landing_page.html for more details) or, if it is traceable, use `torch.compiler.allow_in_graph`.
  torch._dynamo.utils.warn_once(explanation + "\n" + "\n".join(hints))
/usr/local/lib/python3.12/dist-packages/torch/_dynamo/variables/functions.py:2082: UserWarning: Dynamo does not know how to trace the builtin `<unknown module>.IntegerType.__new__.` This function is either a Python builtin (e.g. _warnings.warn) or a third-party C/C++ Python extension (perhaps created with pybind).
If it is a Python builtin, please file an issue on GitHub so the PyTorch team can add support for it and see the next case for a workaround.
If it is a third-party C/C++ Python extension, please either wrap it into a PyTorch-understood custom operator (see https://pytorch.org/tutorials/advanced/custom_ops_landing_page.html for more details) or, if it is traceable, use `torch.compiler.allow_in_graph`.
  torch._dynamo.utils.warn_once(explanation + "\n" + "\n".join(hints))
/usr/local/lib/python3.12/dist-packages/torch/_dynamo/variables/functions.py:2082: UserWarning: Dynamo does not know how to trace the builtin `<unknown module>.OpView.__new__.` This function is either a Python builtin (e.g. _warnings.warn) or a third-party C/C++ Python extension (perhaps created with pybind).
If it is a Python builtin, please file an issue on GitHub so the PyTorch team can add support for it and see the next case for a workaround.
If it is a third-party C/C++ Python extension, please either wrap it into a PyTorch-understood custom operator (see https://pytorch.org/tutorials/advanced/custom_ops_landing_page.html for more details) or, if it is traceable, use `torch.compiler.allow_in_graph`.
  torch._dynamo.utils.warn_once(explanation + "\n" + "\n".join(hints))
/usr/local/lib/python3.12/dist-packages/torch/_dynamo/variables/functions.py:2082: UserWarning: Dynamo does not know how to trace the builtin `sys._getframe.` This function is either a Python builtin (e.g. _warnings.warn) or a third-party C/C++ Python extension (perhaps created with pybind).
If it is a Python builtin, please file an issue on GitHub so the PyTorch team can add support for it and see the next case for a workaround.
If it is a third-party C/C++ Python extension, please either wrap it into a PyTorch-understood custom operator (see https://pytorch.org/tutorials/advanced/custom_ops_landing_page.html for more details) or, if it is traceable, use `torch.compiler.allow_in_graph`.
  torch._dynamo.utils.warn_once(explanation + "\n" + "\n".join(hints))
/usr/local/lib/python3.12/dist-packages/torch/_dynamo/variables/functions.py:2082: UserWarning: Dynamo does not know how to trace the builtin `sys._getframe.` This function is either a Python builtin (e.g. _warnings.warn) or a third-party C/C++ Python extension (perhaps created with pybind).
If it is a Python builtin, please file an issue on GitHub so the PyTorch team can add support for it and see the next case for a workaround.
If it is a third-party C/C++ Python extension, please either wrap it into a PyTorch-understood custom operator (see https://pytorch.org/tutorials/advanced/custom_ops_landing_page.html for more details) or, if it is traceable, use `torch.compiler.allow_in_graph`.
  torch._dynamo.utils.warn_once(explanation + "\n" + "\n".join(hints))
/usr/local/lib/python3.12/dist-packages/torch/_dynamo/variables/functions.py:2082: UserWarning: Dynamo does not know how to trace the builtin `<unknown module>.BF16Type.__new__.` This function is either a Python builtin (e.g. _warnings.warn) or a third-party C/C++ Python extension (perhaps created with pybind).
If it is a Python builtin, please file an issue on GitHub so the PyTorch team can add support for it and see the next case for a workaround.
If it is a third-party C/C++ Python extension, please either wrap it into a PyTorch-understood custom operator (see https://pytorch.org/tutorials/advanced/custom_ops_landing_page.html for more details) or, if it is traceable, use `torch.compiler.allow_in_graph`.
  torch._dynamo.utils.warn_once(explanation + "\n" + "\n".join(hints))
/usr/local/lib/python3.12/dist-packages/torch/_dynamo/variables/functions.py:2082: UserWarning: Dynamo does not know how to trace the builtin `<unknown module>.BF16Type.__new__.` This function is either a Python builtin (e.g. _warnings.warn) or a third-party C/C++ Python extension (perhaps created with pybind).
If it is a Python builtin, please file an issue on GitHub so the PyTorch team can add support for it and see the next case for a workaround.
If it is a third-party C/C++ Python extension, please either wrap it into a PyTorch-understood custom operator (see https://pytorch.org/tutorials/advanced/custom_ops_landing_page.html for more details) or, if it is traceable, use `torch.compiler.allow_in_graph`.
  torch._dynamo.utils.warn_once(explanation + "\n" + "\n".join(hints))
/usr/local/lib/python3.12/dist-packages/torch/_dynamo/variables/functions.py:2202: UserWarning: Dynamo detected a call to a `functools.lru_cache`-wrapped function at 'interface.py:424'. Dynamo ignores the cache wrapper and directly traces the wrapped function. Silent incorrectness is only a *potential* risk, not something we have observed. Enable TORCH_LOGS=+dynamo for a DEBUG stack trace.

This call originates from:
  File "/usr/local/lib/python3.12/dist-packages/flash_attn/cute/interface.py", line 424, in torch_dynamo_resume_in__flash_attn_fwd_at_406
    arch = _get_device_arch() if _arch is None else _arch

  torch._dynamo.utils.warn_once(msg)
/usr/local/lib/python3.12/dist-packages/torch/_dynamo/variables/functions.py:2082: UserWarning: Dynamo does not know how to trace the builtin `<unknown module>.IntegerType.__new__.` This function is either a Python builtin (e.g. _warnings.warn) or a third-party C/C++ Python extension (perhaps created with pybind).
If it is a Python builtin, please file an issue on GitHub so the PyTorch team can add support for it and see the next case for a workaround.
If it is a third-party C/C++ Python extension, please either wrap it into a PyTorch-understood custom operator (see https://pytorch.org/tutorials/advanced/custom_ops_landing_page.html for more details) or, if it is traceable, use `torch.compiler.allow_in_graph`.
  torch._dynamo.utils.warn_once(explanation + "\n" + "\n".join(hints))
/usr/local/lib/python3.12/dist-packages/torch/_dynamo/variables/functions.py:2082: UserWarning: Dynamo does not know how to trace the builtin `<unknown module>.IntegerType.__new__.` This function is either a Python builtin (e.g. _warnings.warn) or a third-party C/C++ Python extension (perhaps created with pybind).
If it is a Python builtin, please file an issue on GitHub so the PyTorch team can add support for it and see the next case for a workaround.
If it is a third-party C/C++ Python extension, please either wrap it into a PyTorch-understood custom operator (see https://pytorch.org/tutorials/advanced/custom_ops_landing_page.html for more details) or, if it is traceable, use `torch.compiler.allow_in_graph`.
  torch._dynamo.utils.warn_once(explanation + "\n" + "\n".join(hints))
/usr/local/lib/python3.12/dist-packages/torch/_dynamo/variables/functions.py:2082: UserWarning: Dynamo does not know how to trace the builtin `<unknown module>.OpView.__new__.` This function is either a Python builtin (e.g. _warnings.warn) or a third-party C/C++ Python extension (perhaps created with pybind).
If it is a Python builtin, please file an issue on GitHub so the PyTorch team can add support for it and see the next case for a workaround.
If it is a third-party C/C++ Python extension, please either wrap it into a PyTorch-understood custom operator (see https://pytorch.org/tutorials/advanced/custom_ops_landing_page.html for more details) or, if it is traceable, use `torch.compiler.allow_in_graph`.
  torch._dynamo.utils.warn_once(explanation + "\n" + "\n".join(hints))
/usr/local/lib/python3.12/dist-packages/torch/_dynamo/variables/functions.py:2082: UserWarning: Dynamo does not know how to trace the builtin `<unknown module>.OpView.__new__.` This function is either a Python builtin (e.g. _warnings.warn) or a third-party C/C++ Python extension (perhaps created with pybind).
If it is a Python builtin, please file an issue on GitHub so the PyTorch team can add support for it and see the next case for a workaround.
If it is a third-party C/C++ Python extension, please either wrap it into a PyTorch-understood custom operator (see https://pytorch.org/tutorials/advanced/custom_ops_landing_page.html for more details) or, if it is traceable, use `torch.compiler.allow_in_graph`.
  torch._dynamo.utils.warn_once(explanation + "\n" + "\n".join(hints))
/usr/local/lib/python3.12/dist-packages/torch/_dynamo/variables/functions.py:2202: UserWarning: Dynamo detected a call to a `functools.lru_cache`-wrapped function at 'interface.py:424'. Dynamo ignores the cache wrapper and directly traces the wrapped function. Silent incorrectness is only a *potential* risk, not something we have observed. Enable TORCH_LOGS=+dynamo for a DEBUG stack trace.

This call originates from:
  File "/usr/local/lib/python3.12/dist-packages/flash_attn/cute/interface.py", line 424, in torch_dynamo_resume_in__flash_attn_fwd_at_406
    arch = _get_device_arch() if _arch is None else _arch

  torch._dynamo.utils.warn_once(msg)
/usr/local/lib/python3.12/dist-packages/torch/_dynamo/variables/functions.py:2082: UserWarning: Dynamo does not know how to trace the builtin `<unknown module>.DLTensorWrapper.__new__.` This function is either a Python builtin (e.g. _warnings.warn) or a third-party C/C++ Python extension (perhaps created with pybind).
If it is a Python builtin, please file an issue on GitHub so the PyTorch team can add support for it and see the next case for a workaround.
If it is a third-party C/C++ Python extension, please either wrap it into a PyTorch-understood custom operator (see https://pytorch.org/tutorials/advanced/custom_ops_landing_page.html for more details) or, if it is traceable, use `torch.compiler.allow_in_graph`.
  torch._dynamo.utils.warn_once(explanation + "\n" + "\n".join(hints))
/usr/local/lib/python3.12/dist-packages/torch/_dynamo/variables/functions.py:2082: UserWarning: Dynamo does not know how to trace the builtin `<unknown module>.DLTensorWrapper.__new__.` This function is either a Python builtin (e.g. _warnings.warn) or a third-party C/C++ Python extension (perhaps created with pybind).
If it is a Python builtin, please file an issue on GitHub so the PyTorch team can add support for it and see the next case for a workaround.
If it is a third-party C/C++ Python extension, please either wrap it into a PyTorch-understood custom operator (see https://pytorch.org/tutorials/advanced/custom_ops_landing_page.html for more details) or, if it is traceable, use `torch.compiler.allow_in_graph`.
  torch._dynamo.utils.warn_once(explanation + "\n" + "\n".join(hints))
/usr/local/lib/python3.12/dist-packages/torch/_dynamo/variables/functions.py:2082: UserWarning: Dynamo does not know how to trace the builtin `sys._getframe.` This function is either a Python builtin (e.g. _warnings.warn) or a third-party C/C++ Python extension (perhaps created with pybind).
If it is a Python builtin, please file an issue on GitHub so the PyTorch team can add support for it and see the next case for a workaround.
If it is a third-party C/C++ Python extension, please either wrap it into a PyTorch-understood custom operator (see https://pytorch.org/tutorials/advanced/custom_ops_landing_page.html for more details) or, if it is traceable, use `torch.compiler.allow_in_graph`.
  torch._dynamo.utils.warn_once(explanation + "\n" + "\n".join(hints))
/usr/local/lib/python3.12/dist-packages/torch/_dynamo/variables/functions.py:2082: UserWarning: Dynamo does not know how to trace the builtin `<unknown module>.BF16Type.__new__.` This function is either a Python builtin (e.g. _warnings.warn) or a third-party C/C++ Python extension (perhaps created with pybind).
If it is a Python builtin, please file an issue on GitHub so the PyTorch team can add support for it and see the next case for a workaround.
If it is a third-party C/C++ Python extension, please either wrap it into a PyTorch-understood custom operator (see https://pytorch.org/tutorials/advanced/custom_ops_landing_page.html for more details) or, if it is traceable, use `torch.compiler.allow_in_graph`.
  torch._dynamo.utils.warn_once(explanation + "\n" + "\n".join(hints))
/usr/local/lib/python3.12/dist-packages/torch/_dynamo/variables/functions.py:2082: UserWarning: Dynamo does not know how to trace the builtin `<unknown module>.IntegerType.__new__.` This function is either a Python builtin (e.g. _warnings.warn) or a third-party C/C++ Python extension (perhaps created with pybind).
If it is a Python builtin, please file an issue on GitHub so the PyTorch team can add support for it and see the next case for a workaround.
If it is a third-party C/C++ Python extension, please either wrap it into a PyTorch-understood custom operator (see https://pytorch.org/tutorials/advanced/custom_ops_landing_page.html for more details) or, if it is traceable, use `torch.compiler.allow_in_graph`.
  torch._dynamo.utils.warn_once(explanation + "\n" + "\n".join(hints))
/usr/local/lib/python3.12/dist-packages/torch/_dynamo/variables/functions.py:2082: UserWarning: Dynamo does not know how to trace the builtin `<unknown module>.OpView.__new__.` This function is either a Python builtin (e.g. _warnings.warn) or a third-party C/C++ Python extension (perhaps created with pybind).
If it is a Python builtin, please file an issue on GitHub so the PyTorch team can add support for it and see the next case for a workaround.
If it is a third-party C/C++ Python extension, please either wrap it into a PyTorch-understood custom operator (see https://pytorch.org/tutorials/advanced/custom_ops_landing_page.html for more details) or, if it is traceable, use `torch.compiler.allow_in_graph`.
  torch._dynamo.utils.warn_once(explanation + "\n" + "\n".join(hints))
/usr/local/lib/python3.12/dist-packages/torch/_dynamo/variables/functions.py:2082: UserWarning: Dynamo does not know how to trace the builtin `sys._getframe.` This function is either a Python builtin (e.g. _warnings.warn) or a third-party C/C++ Python extension (perhaps created with pybind).
If it is a Python builtin, please file an issue on GitHub so the PyTorch team can add support for it and see the next case for a workaround.
If it is a third-party C/C++ Python extension, please either wrap it into a PyTorch-understood custom operator (see https://pytorch.org/tutorials/advanced/custom_ops_landing_page.html for more details) or, if it is traceable, use `torch.compiler.allow_in_graph`.
  torch._dynamo.utils.warn_once(explanation + "\n" + "\n".join(hints))
/usr/local/lib/python3.12/dist-packages/torch/_dynamo/variables/functions.py:2082: UserWarning: Dynamo does not know how to trace the builtin `<unknown module>.BF16Type.__new__.` This function is either a Python builtin (e.g. _warnings.warn) or a third-party C/C++ Python extension (perhaps created with pybind).
If it is a Python builtin, please file an issue on GitHub so the PyTorch team can add support for it and see the next case for a workaround.
If it is a third-party C/C++ Python extension, please either wrap it into a PyTorch-understood custom operator (see https://pytorch.org/tutorials/advanced/custom_ops_landing_page.html for more details) or, if it is traceable, use `torch.compiler.allow_in_graph`.
  torch._dynamo.utils.warn_once(explanation + "\n" + "\n".join(hints))
/usr/local/lib/python3.12/dist-packages/torch/_dynamo/variables/functions.py:2082: UserWarning: Dynamo does not know how to trace the builtin `<unknown module>.IntegerType.__new__.` This function is either a Python builtin (e.g. _warnings.warn) or a third-party C/C++ Python extension (perhaps created with pybind).
If it is a Python builtin, please file an issue on GitHub so the PyTorch team can add support for it and see the next case for a workaround.
If it is a third-party C/C++ Python extension, please either wrap it into a PyTorch-understood custom operator (see https://pytorch.org/tutorials/advanced/custom_ops_landing_page.html for more details) or, if it is traceable, use `torch.compiler.allow_in_graph`.
  torch._dynamo.utils.warn_once(explanation + "\n" + "\n".join(hints))
/usr/local/lib/python3.12/dist-packages/torch/_dynamo/variables/functions.py:2082: UserWarning: Dynamo does not know how to trace the builtin `<unknown module>.OpView.__new__.` This function is either a Python builtin (e.g. _warnings.warn) or a third-party C/C++ Python extension (perhaps created with pybind).
If it is a Python builtin, please file an issue on GitHub so the PyTorch team can add support for it and see the next case for a workaround.
If it is a third-party C/C++ Python extension, please either wrap it into a PyTorch-understood custom operator (see https://pytorch.org/tutorials/advanced/custom_ops_landing_page.html for more details) or, if it is traceable, use `torch.compiler.allow_in_graph`.
  torch._dynamo.utils.warn_once(explanation + "\n" + "\n".join(hints))
Autotune Choices Stats:
{"num_choices": 106, "num_triton_choices": 105, "best_kernel": "triton_mm_940", "best_kernel_desc": "ACC_TYPE='tl.float32', ALLOW_TF32=True, BLOCK_K=128, BLOCK_M=64, BLOCK_N=128, EVEN_K=True, GROUP_M=8, USE_FAST_ACCUM=True, num_stages=3, num_warps=4", "best_time": 0.4928320050239563, "best_triton_pos": 0}
AUTOTUNE scaled_mm(65536x1024, 1024x1024, , )
strides: [1024, 1], [1, 1024], [], []
dtypes: torch.float8_e4m3fn, torch.float8_e4m3fn, torch.float32, torch.float32
  triton_mm_940 0.4928 ms 100.0% ACC_TYPE='tl.float32', ALLOW_TF32=True, BLOCK_K=128, BLOCK_M=64, BLOCK_N=128, EVEN_K=True, GROUP_M=8, USE_FAST_ACCUM=True, num_stages=3, num_warps=4
  triton_mm_846 0.4932 ms 99.9% ACC_TYPE='tl.float32', ALLOW_TF32=True, BLOCK_K=32, BLOCK_M=64, BLOCK_N=128, EVEN_K=True, GROUP_M=8, USE_FAST_ACCUM=True, num_stages=4, num_warps=4
  triton_mm_853 0.4934 ms 99.9% ACC_TYPE='tl.float32', ALLOW_TF32=True, BLOCK_K=64, BLOCK_M=128, BLOCK_N=64, EVEN_K=True, GROUP_M=8, USE_FAST_ACCUM=True, num_stages=4, num_warps=4
  triton_mm_939 0.4943 ms 99.7% ACC_TYPE='tl.float32', ALLOW_TF32=True, BLOCK_K=128, BLOCK_M=64, BLOCK_N=128, EVEN_K=True, GROUP_M=8, USE_FAST_ACCUM=True, num_stages=2, num_warps=4
  triton_mm_854 0.4945 ms 99.7% ACC_TYPE='tl.float32', ALLOW_TF32=True, BLOCK_K=64, BLOCK_M=64, BLOCK_N=128, EVEN_K=True, GROUP_M=8, USE_FAST_ACCUM=True, num_stages=4, num_warps=4
  triton_mm_845 0.4947 ms 99.6% ACC_TYPE='tl.float32', ALLOW_TF32=True, BLOCK_K=32, BLOCK_M=128, BLOCK_N=64, EVEN_K=True, GROUP_M=8, USE_FAST_ACCUM=True, num_stages=4, num_warps=4
  triton_mm_855 0.4952 ms 99.5% ACC_TYPE='tl.float32', ALLOW_TF32=True, BLOCK_K=64, BLOCK_M=128, BLOCK_N=32, EVEN_K=True, GROUP_M=8, USE_FAST_ACCUM=True, num_stages=4, num_warps=4
  triton_mm_843 0.4958 ms 99.4% ACC_TYPE='tl.float32', ALLOW_TF32=True, BLOCK_K=32, BLOCK_M=64, BLOCK_N=256, EVEN_K=True, GROUP_M=8, USE_FAST_ACCUM=True, num_stages=4, num_warps=4
  triton_mm_842 0.5014 ms 98.3% ACC_TYPE='tl.float32', ALLOW_TF32=True, BLOCK_K=32, BLOCK_M=256, BLOCK_N=64, EVEN_K=True, GROUP_M=8, USE_FAST_ACCUM=True, num_stages=4, num_warps=4
  _scaled_mm 0.5064 ms 97.3% 
SingleProcess AUTOTUNE benchmarking takes 3.7462 seconds and 0.0001 seconds precompiling for 106 choices
Autotune Choices Stats:
{"num_choices": 106, "num_triton_choices": 105, "best_kernel": "triton_mm_940", "best_kernel_desc": "ACC_TYPE='tl.float32', ALLOW_TF32=True, BLOCK_K=128, BLOCK_M=64, BLOCK_N=128, EVEN_K=True, GROUP_M=8, USE_FAST_ACCUM=True, num_stages=3, num_warps=4", "best_time": 0.4905279874801636, "best_triton_pos": 0}
AUTOTUNE scaled_mm(65536x1024, 1024x1024, , )
strides: [1024, 1], [1, 1024], [], []
dtypes: torch.float8_e4m3fn, torch.float8_e4m3fn, torch.float32, torch.float32
  triton_mm_940 0.4905 ms 100.0% ACC_TYPE='tl.float32', ALLOW_TF32=True, BLOCK_K=128, BLOCK_M=64, BLOCK_N=128, EVEN_K=True, GROUP_M=8, USE_FAST_ACCUM=True, num_stages=3, num_warps=4
  triton_mm_939 0.4908 ms 99.9% ACC_TYPE='tl.float32', ALLOW_TF32=True, BLOCK_K=128, BLOCK_M=64, BLOCK_N=128, EVEN_K=True, GROUP_M=8, USE_FAST_ACCUM=True, num_stages=2, num_warps=4
  triton_mm_846 0.4912 ms 99.9% ACC_TYPE='tl.float32', ALLOW_TF32=True, BLOCK_K=32, BLOCK_M=64, BLOCK_N=128, EVEN_K=True, GROUP_M=8, USE_FAST_ACCUM=True, num_stages=4, num_warps=4
  triton_mm_853 0.4912 ms 99.9% ACC_TYPE='tl.float32', ALLOW_TF32=True, BLOCK_K=64, BLOCK_M=128, BLOCK_N=64, EVEN_K=True, GROUP_M=8, USE_FAST_ACCUM=True, num_stages=4, num_warps=4
  triton_mm_845 0.4919 ms 99.7% ACC_TYPE='tl.float32', ALLOW_TF32=True, BLOCK_K=32, BLOCK_M=128, BLOCK_N=64, EVEN_K=True, GROUP_M=8, USE_FAST_ACCUM=True, num_stages=4, num_warps=4
  triton_mm_854 0.4921 ms 99.7% ACC_TYPE='tl.float32', ALLOW_TF32=True, BLOCK_K=64, BLOCK_M=64, BLOCK_N=128, EVEN_K=True, GROUP_M=8, USE_FAST_ACCUM=True, num_stages=4, num_warps=4
  triton_mm_843 0.4924 ms 99.6% ACC_TYPE='tl.float32', ALLOW_TF32=True, BLOCK_K=32, BLOCK_M=64, BLOCK_N=256, EVEN_K=True, GROUP_M=8, USE_FAST_ACCUM=True, num_stages=4, num_warps=4
  triton_mm_855 0.4933 ms 99.4% ACC_TYPE='tl.float32', ALLOW_TF32=True, BLOCK_K=64, BLOCK_M=128, BLOCK_N=32, EVEN_K=True, GROUP_M=8, USE_FAST_ACCUM=True, num_stages=4, num_warps=4
  triton_mm_842 0.4995 ms 98.2% ACC_TYPE='tl.float32', ALLOW_TF32=True, BLOCK_K=32, BLOCK_M=256, BLOCK_N=64, EVEN_K=True, GROUP_M=8, USE_FAST_ACCUM=True, num_stages=4, num_warps=4
  _scaled_mm 0.5042 ms 97.3% 
SingleProcess AUTOTUNE benchmarking takes 3.7653 seconds and 0.0001 seconds precompiling for 106 choices
Autotune Choices Stats:
{"num_choices": 106, "num_triton_choices": 105, "best_kernel": "triton_mm_853", "best_kernel_desc": "ACC_TYPE='tl.float32', ALLOW_TF32=True, BLOCK_K=64, BLOCK_M=128, BLOCK_N=64, EVEN_K=True, GROUP_M=8, USE_FAST_ACCUM=True, num_stages=4, num_warps=4", "best_time": 0.4906879961490631, "best_triton_pos": 0}
AUTOTUNE scaled_mm(65536x1024, 1024x1024, , )
strides: [1024, 1], [1, 1024], [], []
dtypes: torch.float8_e4m3fn, torch.float8_e4m3fn, torch.float32, torch.float32
  triton_mm_853 0.4907 ms 100.0% ACC_TYPE='tl.float32', ALLOW_TF32=True, BLOCK_K=64, BLOCK_M=128, BLOCK_N=64, EVEN_K=True, GROUP_M=8, USE_FAST_ACCUM=True, num_stages=4, num_warps=4
  triton_mm_846 0.4908 ms 100.0% ACC_TYPE='tl.float32', ALLOW_TF32=True, BLOCK_K=32, BLOCK_M=64, BLOCK_N=128, EVEN_K=True, GROUP_M=8, USE_FAST_ACCUM=True, num_stages=4, num_warps=4
  triton_mm_845 0.4916 ms 99.8% ACC_TYPE='tl.float32', ALLOW_TF32=True, BLOCK_K=32, BLOCK_M=128, BLOCK_N=64, EVEN_K=True, GROUP_M=8, USE_FAST_ACCUM=True, num_stages=4, num_warps=4
  triton_mm_843 0.4917 ms 99.8% ACC_TYPE='tl.float32', ALLOW_TF32=True, BLOCK_K=32, BLOCK_M=64, BLOCK_N=256, EVEN_K=True, GROUP_M=8, USE_FAST_ACCUM=True, num_stages=4, num_warps=4
  triton_mm_854 0.4917 ms 99.8% ACC_TYPE='tl.float32', ALLOW_TF32=True, BLOCK_K=64, BLOCK_M=64, BLOCK_N=128, EVEN_K=True, GROUP_M=8, USE_FAST_ACCUM=True, num_stages=4, num_warps=4
  triton_mm_855 0.4926 ms 99.6% ACC_TYPE='tl.float32', ALLOW_TF32=True, BLOCK_K=64, BLOCK_M=128, BLOCK_N=32, EVEN_K=True, GROUP_M=8, USE_FAST_ACCUM=True, num_stages=4, num_warps=4
  triton_mm_940 0.4932 ms 99.5% ACC_TYPE='tl.float32', ALLOW_TF32=True, BLOCK_K=128, BLOCK_M=64, BLOCK_N=128, EVEN_K=True, GROUP_M=8, USE_FAST_ACCUM=True, num_stages=3, num_warps=4
  triton_mm_939 0.4937 ms 99.4% ACC_TYPE='tl.float32', ALLOW_TF32=True, BLOCK_K=128, BLOCK_M=64, BLOCK_N=128, EVEN_K=True, GROUP_M=8, USE_FAST_ACCUM=True, num_stages=2, num_warps=4
  triton_mm_842 0.4985 ms 98.4% ACC_TYPE='tl.float32', ALLOW_TF32=True, BLOCK_K=32, BLOCK_M=256, BLOCK_N=64, EVEN_K=True, GROUP_M=8, USE_FAST_ACCUM=True, num_stages=4, num_warps=4
  _scaled_mm 0.5031 ms 97.5% 
SingleProcess AUTOTUNE benchmarking takes 3.7786 seconds and 0.0001 seconds precompiling for 106 choices
Autotune Choices Stats:
{"num_choices": 106, "num_triton_choices": 105, "best_kernel": "triton_mm_940", "best_kernel_desc": "ACC_TYPE='tl.float32', ALLOW_TF32=True, BLOCK_K=128, BLOCK_M=64, BLOCK_N=128, EVEN_K=True, GROUP_M=8, USE_FAST_ACCUM=True, num_stages=3, num_warps=4", "best_time": 0.49327999353408813, "best_triton_pos": 0}
AUTOTUNE scaled_mm(65536x1024, 1024x1024, , )
strides: [1024, 1], [1, 1024], [], []
dtypes: torch.float8_e4m3fn, torch.float8_e4m3fn, torch.float32, torch.float32
  triton_mm_940 0.4933 ms 100.0% ACC_TYPE='tl.float32', ALLOW_TF32=True, BLOCK_K=128, BLOCK_M=64, BLOCK_N=128, EVEN_K=True, GROUP_M=8, USE_FAST_ACCUM=True, num_stages=3, num_warps=4
  triton_mm_939 0.4940 ms 99.9% ACC_TYPE='tl.float32', ALLOW_TF32=True, BLOCK_K=128, BLOCK_M=64, BLOCK_N=128, EVEN_K=True, GROUP_M=8, USE_FAST_ACCUM=True, num_stages=2, num_warps=4
  triton_mm_853 0.4944 ms 99.8% ACC_TYPE='tl.float32', ALLOW_TF32=True, BLOCK_K=64, BLOCK_M=128, BLOCK_N=64, EVEN_K=True, GROUP_M=8, USE_FAST_ACCUM=True, num_stages=4, num_warps=4
  triton_mm_843 0.4946 ms 99.7% ACC_TYPE='tl.float32', ALLOW_TF32=True, BLOCK_K=32, BLOCK_M=64, BLOCK_N=256, EVEN_K=True, GROUP_M=8, USE_FAST_ACCUM=True, num_stages=4, num_warps=4
  triton_mm_846 0.4950 ms 99.7% ACC_TYPE='tl.float32', ALLOW_TF32=True, BLOCK_K=32, BLOCK_M=64, BLOCK_N=128, EVEN_K=True, GROUP_M=8, USE_FAST_ACCUM=True, num_stages=4, num_warps=4
  triton_mm_854 0.4954 ms 99.6% ACC_TYPE='tl.float32', ALLOW_TF32=True, BLOCK_K=64, BLOCK_M=64, BLOCK_N=128, EVEN_K=True, GROUP_M=8, USE_FAST_ACCUM=True, num_stages=4, num_warps=4
  triton_mm_855 0.4964 ms 99.4% ACC_TYPE='tl.float32', ALLOW_TF32=True, BLOCK_K=64, BLOCK_M=128, BLOCK_N=32, EVEN_K=True, GROUP_M=8, USE_FAST_ACCUM=True, num_stages=4, num_warps=4
  triton_mm_845 0.4965 ms 99.3% ACC_TYPE='tl.float32', ALLOW_TF32=True, BLOCK_K=32, BLOCK_M=128, BLOCK_N=64, EVEN_K=True, GROUP_M=8, USE_FAST_ACCUM=True, num_stages=4, num_warps=4
  triton_mm_842 0.5018 ms 98.3% ACC_TYPE='tl.float32', ALLOW_TF32=True, BLOCK_K=32, BLOCK_M=256, BLOCK_N=64, EVEN_K=True, GROUP_M=8, USE_FAST_ACCUM=True, num_stages=4, num_warps=4
  _scaled_mm 0.5085 ms 97.0% 
SingleProcess AUTOTUNE benchmarking takes 3.7672 seconds and 0.0001 seconds precompiling for 106 choices
Autotune Choices Stats:
{"num_choices": 106, "num_triton_choices": 105, "best_kernel": "triton_mm_846", "best_kernel_desc": "ACC_TYPE='tl.float32', ALLOW_TF32=True, BLOCK_K=32, BLOCK_M=64, BLOCK_N=128, EVEN_K=True, GROUP_M=8, USE_FAST_ACCUM=True, num_stages=4, num_warps=4", "best_time": 0.49353599548339844, "best_triton_pos": 0}
AUTOTUNE scaled_mm(65536x1024, 1024x1024, , )
strides: [1024, 1], [1, 1024], [], []
dtypes: torch.float8_e4m3fn, torch.float8_e4m3fn, torch.float32, torch.float32
  triton_mm_846 0.4935 ms 100.0% ACC_TYPE='tl.float32', ALLOW_TF32=True, BLOCK_K=32, BLOCK_M=64, BLOCK_N=128, EVEN_K=True, GROUP_M=8, USE_FAST_ACCUM=True, num_stages=4, num_warps=4
  triton_mm_940 0.4936 ms 100.0% ACC_TYPE='tl.float32', ALLOW_TF32=True, BLOCK_K=128, BLOCK_M=64, BLOCK_N=128, EVEN_K=True, GROUP_M=8, USE_FAST_ACCUM=True, num_stages=3, num_warps=4
  triton_mm_843 0.4942 ms 99.9% ACC_TYPE='tl.float32', ALLOW_TF32=True, BLOCK_K=32, BLOCK_M=64, BLOCK_N=256, EVEN_K=True, GROUP_M=8, USE_FAST_ACCUM=True, num_stages=4, num_warps=4
  triton_mm_854 0.4945 ms 99.8% ACC_TYPE='tl.float32', ALLOW_TF32=True, BLOCK_K=64, BLOCK_M=64, BLOCK_N=128, EVEN_K=True, GROUP_M=8, USE_FAST_ACCUM=True, num_stages=4, num_warps=4
  triton_mm_845 0.4945 ms 99.8% ACC_TYPE='tl.float32', ALLOW_TF32=True, BLOCK_K=32, BLOCK_M=128, BLOCK_N=64, EVEN_K=True, GROUP_M=8, USE_FAST_ACCUM=True, num_stages=4, num_warps=4
  triton_mm_939 0.4946 ms 99.8% ACC_TYPE='tl.float32', ALLOW_TF32=True, BLOCK_K=128, BLOCK_M=64, BLOCK_N=128, EVEN_K=True, GROUP_M=8, USE_FAST_ACCUM=True, num_stages=2, num_warps=4
  triton_mm_853 0.4946 ms 99.8% ACC_TYPE='tl.float32', ALLOW_TF32=True, BLOCK_K=64, BLOCK_M=128, BLOCK_N=64, EVEN_K=True, GROUP_M=8, USE_FAST_ACCUM=True, num_stages=4, num_warps=4
  triton_mm_855 0.4961 ms 99.5% ACC_TYPE='tl.float32', ALLOW_TF32=True, BLOCK_K=64, BLOCK_M=128, BLOCK_N=32, EVEN_K=True, GROUP_M=8, USE_FAST_ACCUM=True, num_stages=4, num_warps=4
  triton_mm_842 0.5030 ms 98.1% ACC_TYPE='tl.float32', ALLOW_TF32=True, BLOCK_K=32, BLOCK_M=256, BLOCK_N=64, EVEN_K=True, GROUP_M=8, USE_FAST_ACCUM=True, num_stages=4, num_warps=4
  _scaled_mm 0.5074 ms 97.3% 
SingleProcess AUTOTUNE benchmarking takes 3.7492 seconds and 0.0001 seconds precompiling for 106 choices
Autotune Choices Stats:
{"num_choices": 106, "num_triton_choices": 105, "best_kernel": "triton_mm_940", "best_kernel_desc": "ACC_TYPE='tl.float32', ALLOW_TF32=True, BLOCK_K=128, BLOCK_M=64, BLOCK_N=128, EVEN_K=True, GROUP_M=8, USE_FAST_ACCUM=True, num_stages=3, num_warps=4", "best_time": 0.537056028842926, "best_triton_pos": 0}
AUTOTUNE scaled_mm(65536x1024, 1024x1024, , )
strides: [1024, 1], [1, 1024], [], []
dtypes: torch.float8_e4m3fn, torch.float8_e4m3fn, torch.float32, torch.float32
  triton_mm_940 0.5371 ms 100.0% ACC_TYPE='tl.float32', ALLOW_TF32=True, BLOCK_K=128, BLOCK_M=64, BLOCK_N=128, EVEN_K=True, GROUP_M=8, USE_FAST_ACCUM=True, num_stages=3, num_warps=4
  triton_mm_846 0.5372 ms 100.0% ACC_TYPE='tl.float32', ALLOW_TF32=True, BLOCK_K=32, BLOCK_M=64, BLOCK_N=128, EVEN_K=True, GROUP_M=8, USE_FAST_ACCUM=True, num_stages=4, num_warps=4
  triton_mm_939 0.5376 ms 99.9% ACC_TYPE='tl.float32', ALLOW_TF32=True, BLOCK_K=128, BLOCK_M=64, BLOCK_N=128, EVEN_K=True, GROUP_M=8, USE_FAST_ACCUM=True, num_stages=2, num_warps=4
  triton_mm_854 0.5384 ms 99.7% ACC_TYPE='tl.float32', ALLOW_TF32=True, BLOCK_K=64, BLOCK_M=64, BLOCK_N=128, EVEN_K=True, GROUP_M=8, USE_FAST_ACCUM=True, num_stages=4, num_warps=4
  triton_mm_853 0.5385 ms 99.7% ACC_TYPE='tl.float32', ALLOW_TF32=True, BLOCK_K=64, BLOCK_M=128, BLOCK_N=64, EVEN_K=True, GROUP_M=8, USE_FAST_ACCUM=True, num_stages=4, num_warps=4
  triton_mm_843 0.5388 ms 99.7% ACC_TYPE='tl.float32', ALLOW_TF32=True, BLOCK_K=32, BLOCK_M=64, BLOCK_N=256, EVEN_K=True, GROUP_M=8, USE_FAST_ACCUM=True, num_stages=4, num_warps=4
  triton_mm_845 0.5395 ms 99.5% ACC_TYPE='tl.float32', ALLOW_TF32=True, BLOCK_K=32, BLOCK_M=128, BLOCK_N=64, EVEN_K=True, GROUP_M=8, USE_FAST_ACCUM=True, num_stages=4, num_warps=4
  triton_mm_855 0.5401 ms 99.4% ACC_TYPE='tl.float32', ALLOW_TF32=True, BLOCK_K=64, BLOCK_M=128, BLOCK_N=32, EVEN_K=True, GROUP_M=8, USE_FAST_ACCUM=True, num_stages=4, num_warps=4
  triton_mm_842 0.5465 ms 98.3% ACC_TYPE='tl.float32', ALLOW_TF32=True, BLOCK_K=32, BLOCK_M=256, BLOCK_N=64, EVEN_K=True, GROUP_M=8, USE_FAST_ACCUM=True, num_stages=4, num_warps=4
  _scaled_mm 0.5521 ms 97.3% 
SingleProcess AUTOTUNE benchmarking takes 3.8344 seconds and 0.0001 seconds precompiling for 106 choices
Autotune Choices Stats:
{"num_choices": 106, "num_triton_choices": 105, "best_kernel": "_scaled_mm", "best_time": 1.4705599546432495, "best_triton_pos": 1, "best_triton_time": 1.4716160297393799, "best_triton_kernel": "triton_mm_1045", "best_triton_kernel_desc": "ACC_TYPE='tl.float32', ALLOW_TF32=True, BLOCK_K=128, BLOCK_M=64, BLOCK_N=128, EVEN_K=True, GROUP_M=8, USE_FAST_ACCUM=False, num_stages=3, num_warps=4"}
AUTOTUNE scaled_mm(65536x1024, 1024x3072, , )
strides: [1024, 1], [1, 1024], [], []
dtypes: torch.float8_e4m3fn, torch.float8_e4m3fn, torch.float32, torch.float32
  _scaled_mm 1.4706 ms 100.0% 
  triton_mm_1045 1.4716 ms 99.9% ACC_TYPE='tl.float32', ALLOW_TF32=True, BLOCK_K=128, BLOCK_M=64, BLOCK_N=128, EVEN_K=True, GROUP_M=8, USE_FAST_ACCUM=False, num_stages=3, num_warps=4
  triton_mm_959 1.4991 ms 98.1% ACC_TYPE='tl.float32', ALLOW_TF32=True, BLOCK_K=64, BLOCK_M=64, BLOCK_N=128, EVEN_K=True, GROUP_M=8, USE_FAST_ACCUM=False, num_stages=4, num_warps=4
  triton_mm_1044 1.5162 ms 97.0% ACC_TYPE='tl.float32', ALLOW_TF32=True, BLOCK_K=128, BLOCK_M=64, BLOCK_N=128, EVEN_K=True, GROUP_M=8, USE_FAST_ACCUM=False, num_stages=2, num_warps=4
  triton_mm_958 1.5557 ms 94.5% ACC_TYPE='tl.float32', ALLOW_TF32=True, BLOCK_K=64, BLOCK_M=128, BLOCK_N=64, EVEN_K=True, GROUP_M=8, USE_FAST_ACCUM=False, num_stages=4, num_warps=4
  triton_mm_960 1.5656 ms 93.9% ACC_TYPE='tl.float32', ALLOW_TF32=True, BLOCK_K=64, BLOCK_M=128, BLOCK_N=32, EVEN_K=True, GROUP_M=8, USE_FAST_ACCUM=False, num_stages=4, num_warps=4
  triton_mm_951 1.6150 ms 91.1% ACC_TYPE='tl.float32', ALLOW_TF32=True, BLOCK_K=32, BLOCK_M=64, BLOCK_N=128, EVEN_K=True, GROUP_M=8, USE_FAST_ACCUM=False, num_stages=4, num_warps=4
  triton_mm_950 1.6723 ms 87.9% ACC_TYPE='tl.float32', ALLOW_TF32=True, BLOCK_K=32, BLOCK_M=128, BLOCK_N=64, EVEN_K=True, GROUP_M=8, USE_FAST_ACCUM=False, num_stages=4, num_warps=4
  triton_mm_949 1.8814 ms 78.2% ACC_TYPE='tl.float32', ALLOW_TF32=True, BLOCK_K=32, BLOCK_M=128, BLOCK_N=128, EVEN_K=True, GROUP_M=8, USE_FAST_ACCUM=False, num_stages=4, num_warps=4
  triton_mm_1046 1.9292 ms 76.2% ACC_TYPE='tl.float32', ALLOW_TF32=True, BLOCK_K=128, BLOCK_M=128, BLOCK_N=128, EVEN_K=True, GROUP_M=8, USE_FAST_ACCUM=False, num_stages=2, num_warps=4
SingleProcess AUTOTUNE benchmarking takes 5.8452 seconds and 0.4098 seconds precompiling for 106 choices
Autotune Choices Stats:
{"num_choices": 106, "num_triton_choices": 105, "best_kernel": "_scaled_mm", "best_time": 1.462272047996521, "best_triton_pos": 1, "best_triton_time": 1.47324800491333, "best_triton_kernel": "triton_mm_1045", "best_triton_kernel_desc": "ACC_TYPE='tl.float32', ALLOW_TF32=True, BLOCK_K=128, BLOCK_M=64, BLOCK_N=128, EVEN_K=True, GROUP_M=8, USE_FAST_ACCUM=False, num_stages=3, num_warps=4"}
AUTOTUNE scaled_mm(65536x1024, 1024x3072, , )
strides: [1024, 1], [1, 1024], [], []
dtypes: torch.float8_e4m3fn, torch.float8_e4m3fn, torch.float32, torch.float32
  _scaled_mm 1.4623 ms 100.0% 
  triton_mm_1045 1.4732 ms 99.3% ACC_TYPE='tl.float32', ALLOW_TF32=True, BLOCK_K=128, BLOCK_M=64, BLOCK_N=128, EVEN_K=True, GROUP_M=8, USE_FAST_ACCUM=False, num_stages=3, num_warps=4
  triton_mm_959 1.4925 ms 98.0% ACC_TYPE='tl.float32', ALLOW_TF32=True, BLOCK_K=64, BLOCK_M=64, BLOCK_N=128, EVEN_K=True, GROUP_M=8, USE_FAST_ACCUM=False, num_stages=4, num_warps=4
  triton_mm_1044 1.5161 ms 96.4% ACC_TYPE='tl.float32', ALLOW_TF32=True, BLOCK_K=128, BLOCK_M=64, BLOCK_N=128, EVEN_K=True, GROUP_M=8, USE_FAST_ACCUM=False, num_stages=2, num_warps=4
  triton_mm_958 1.5507 ms 94.3% ACC_TYPE='tl.float32', ALLOW_TF32=True, BLOCK_K=64, BLOCK_M=128, BLOCK_N=64, EVEN_K=True, GROUP_M=8, USE_FAST_ACCUM=False, num_stages=4, num_warps=4
  triton_mm_960 1.5625 ms 93.6% ACC_TYPE='tl.float32', ALLOW_TF32=True, BLOCK_K=64, BLOCK_M=128, BLOCK_N=32, EVEN_K=True, GROUP_M=8, USE_FAST_ACCUM=False, num_stages=4, num_warps=4
  triton_mm_951 1.6148 ms 90.6% ACC_TYPE='tl.float32', ALLOW_TF32=True, BLOCK_K=32, BLOCK_M=64, BLOCK_N=128, EVEN_K=True, GROUP_M=8, USE_FAST_ACCUM=False, num_stages=4, num_warps=4
  triton_mm_950 1.6735 ms 87.4% ACC_TYPE='tl.float32', ALLOW_TF32=True, BLOCK_K=32, BLOCK_M=128, BLOCK_N=64, EVEN_K=True, GROUP_M=8, USE_FAST_ACCUM=False, num_stages=4, num_warps=4
  triton_mm_949 1.8862 ms 77.5% ACC_TYPE='tl.float32', ALLOW_TF32=True, BLOCK_K=32, BLOCK_M=128, BLOCK_N=128, EVEN_K=True, GROUP_M=8, USE_FAST_ACCUM=False, num_stages=4, num_warps=4
  triton_mm_1046 1.9331 ms 75.6% ACC_TYPE='tl.float32', ALLOW_TF32=True, BLOCK_K=128, BLOCK_M=128, BLOCK_N=128, EVEN_K=True, GROUP_M=8, USE_FAST_ACCUM=False, num_stages=2, num_warps=4
SingleProcess AUTOTUNE benchmarking takes 5.8337 seconds and 0.4079 seconds precompiling for 106 choices
Autotune Choices Stats:
{"num_choices": 106, "num_triton_choices": 105, "best_kernel": "triton_mm_1065", "best_kernel_desc": "ACC_TYPE='tl.float32', ALLOW_TF32=True, BLOCK_K=64, BLOCK_M=128, BLOCK_N=32, EVEN_K=True, GROUP_M=8, USE_FAST_ACCUM=False, num_stages=4, num_warps=4", "best_time": 1.5152640342712402, "best_triton_pos": 0}
AUTOTUNE scaled_mm(1024x65536, 65536x3072, , )
strides: [65536, 1], [1, 65536], [], []
dtypes: torch.float8_e4m3fn, torch.float8_e4m3fn, torch.float32, torch.float32
  triton_mm_1065 1.5153 ms 100.0% ACC_TYPE='tl.float32', ALLOW_TF32=True, BLOCK_K=64, BLOCK_M=128, BLOCK_N=32, EVEN_K=True, GROUP_M=8, USE_FAST_ACCUM=False, num_stages=4, num_warps=4
  _scaled_mm 1.5458 ms 98.0% 
  triton_mm_1056 1.7604 ms 86.1% ACC_TYPE='tl.float32', ALLOW_TF32=True, BLOCK_K=32, BLOCK_M=64, BLOCK_N=128, EVEN_K=True, GROUP_M=8, USE_FAST_ACCUM=False, num_stages=4, num_warps=4
  triton_mm_1064 1.7670 ms 85.8% ACC_TYPE='tl.float32', ALLOW_TF32=True, BLOCK_K=64, BLOCK_M=64, BLOCK_N=128, EVEN_K=True, GROUP_M=8, USE_FAST_ACCUM=False, num_stages=4, num_warps=4
  triton_mm_1063 1.7711 ms 85.6% ACC_TYPE='tl.float32', ALLOW_TF32=True, BLOCK_K=64, BLOCK_M=128, BLOCK_N=64, EVEN_K=True, GROUP_M=8, USE_FAST_ACCUM=False, num_stages=4, num_warps=4
  triton_mm_1150 1.7732 ms 85.5% ACC_TYPE='tl.float32', ALLOW_TF32=True, BLOCK_K=128, BLOCK_M=64, BLOCK_N=128, EVEN_K=True, GROUP_M=8, USE_FAST_ACCUM=False, num_stages=3, num_warps=4
  triton_mm_1149 1.7796 ms 85.1% ACC_TYPE='tl.float32', ALLOW_TF32=True, BLOCK_K=128, BLOCK_M=64, BLOCK_N=128, EVEN_K=True, GROUP_M=8, USE_FAST_ACCUM=False, num_stages=2, num_warps=4
  triton_mm_1055 1.8305 ms 82.8% ACC_TYPE='tl.float32', ALLOW_TF32=True, BLOCK_K=32, BLOCK_M=128, BLOCK_N=64, EVEN_K=True, GROUP_M=8, USE_FAST_ACCUM=False, num_stages=4, num_warps=4
  triton_mm_1057 1.9077 ms 79.4% ACC_TYPE='tl.float32', ALLOW_TF32=True, BLOCK_K=32, BLOCK_M=128, BLOCK_N=32, EVEN_K=True, GROUP_M=8, USE_FAST_ACCUM=False, num_stages=4, num_warps=4
  triton_mm_1147 1.9730 ms 76.8% ACC_TYPE='tl.float32', ALLOW_TF32=True, BLOCK_K=256, BLOCK_M=64, BLOCK_N=16, EVEN_K=True, GROUP_M=8, USE_FAST_ACCUM=False, num_stages=5, num_warps=4
SingleProcess AUTOTUNE benchmarking takes 6.0598 seconds and 0.0005 seconds precompiling for 106 choices
Autotune Choices Stats:
{"num_choices": 106, "num_triton_choices": 105, "best_kernel": "_scaled_mm", "best_time": 1.4763519763946533, "best_triton_pos": 1, "best_triton_time": 1.4807039499282837, "best_triton_kernel": "triton_mm_1045", "best_triton_kernel_desc": "ACC_TYPE='tl.float32', ALLOW_TF32=True, BLOCK_K=128, BLOCK_M=64, BLOCK_N=128, EVEN_K=True, GROUP_M=8, USE_FAST_ACCUM=False, num_stages=3, num_warps=4"}
AUTOTUNE scaled_mm(65536x1024, 1024x3072, , )
strides: [1024, 1], [1, 1024], [], []
dtypes: torch.float8_e4m3fn, torch.float8_e4m3fn, torch.float32, torch.float32
  _scaled_mm 1.4764 ms 100.0% 
  triton_mm_1045 1.4807 ms 99.7% ACC_TYPE='tl.float32', ALLOW_TF32=True, BLOCK_K=128, BLOCK_M=64, BLOCK_N=128, EVEN_K=True, GROUP_M=8, USE_FAST_ACCUM=False, num_stages=3, num_warps=4
  triton_mm_959 1.5003 ms 98.4% ACC_TYPE='tl.float32', ALLOW_TF32=True, BLOCK_K=64, BLOCK_M=64, BLOCK_N=128, EVEN_K=True, GROUP_M=8, USE_FAST_ACCUM=False, num_stages=4, num_warps=4
  triton_mm_1044 1.5273 ms 96.7% ACC_TYPE='tl.float32', ALLOW_TF32=True, BLOCK_K=128, BLOCK_M=64, BLOCK_N=128, EVEN_K=True, GROUP_M=8, USE_FAST_ACCUM=False, num_stages=2, num_warps=4
  triton_mm_958 1.5589 ms 94.7% ACC_TYPE='tl.float32', ALLOW_TF32=True, BLOCK_K=64, BLOCK_M=128, BLOCK_N=64, EVEN_K=True, GROUP_M=8, USE_FAST_ACCUM=False, num_stages=4, num_warps=4
  triton_mm_960 1.5746 ms 93.8% ACC_TYPE='tl.float32', ALLOW_TF32=True, BLOCK_K=64, BLOCK_M=128, BLOCK_N=32, EVEN_K=True, GROUP_M=8, USE_FAST_ACCUM=False, num_stages=4, num_warps=4
  triton_mm_951 1.6233 ms 90.9% ACC_TYPE='tl.float32', ALLOW_TF32=True, BLOCK_K=32, BLOCK_M=64, BLOCK_N=128, EVEN_K=True, GROUP_M=8, USE_FAST_ACCUM=False, num_stages=4, num_warps=4
  triton_mm_950 1.6804 ms 87.9% ACC_TYPE='tl.float32', ALLOW_TF32=True, BLOCK_K=32, BLOCK_M=128, BLOCK_N=64, EVEN_K=True, GROUP_M=8, USE_FAST_ACCUM=False, num_stages=4, num_warps=4
  triton_mm_949 1.8940 ms 78.0% ACC_TYPE='tl.float32', ALLOW_TF32=True, BLOCK_K=32, BLOCK_M=128, BLOCK_N=128, EVEN_K=True, GROUP_M=8, USE_FAST_ACCUM=False, num_stages=4, num_warps=4
  triton_mm_1046 1.9380 ms 76.2% ACC_TYPE='tl.float32', ALLOW_TF32=True, BLOCK_K=128, BLOCK_M=128, BLOCK_N=128, EVEN_K=True, GROUP_M=8, USE_FAST_ACCUM=False, num_stages=2, num_warps=4
SingleProcess AUTOTUNE benchmarking takes 5.8641 seconds and 0.2141 seconds precompiling for 106 choices
Autotune Choices Stats:
{"num_choices": 106, "num_triton_choices": 105, "best_kernel": "_scaled_mm", "best_time": 1.473088026046753, "best_triton_pos": 1, "best_triton_time": 1.484063982963562, "best_triton_kernel": "triton_mm_1045", "best_triton_kernel_desc": "ACC_TYPE='tl.float32', ALLOW_TF32=True, BLOCK_K=128, BLOCK_M=64, BLOCK_N=128, EVEN_K=True, GROUP_M=8, USE_FAST_ACCUM=False, num_stages=3, num_warps=4"}
AUTOTUNE scaled_mm(65536x1024, 1024x3072, , )
strides: [1024, 1], [1, 1024], [], []
dtypes: torch.float8_e4m3fn, torch.float8_e4m3fn, torch.float32, torch.float32
  _scaled_mm 1.4731 ms 100.0% 
  triton_mm_1045 1.4841 ms 99.3% ACC_TYPE='tl.float32', ALLOW_TF32=True, BLOCK_K=128, BLOCK_M=64, BLOCK_N=128, EVEN_K=True, GROUP_M=8, USE_FAST_ACCUM=False, num_stages=3, num_warps=4
  triton_mm_959 1.5025 ms 98.0% ACC_TYPE='tl.float32', ALLOW_TF32=True, BLOCK_K=64, BLOCK_M=64, BLOCK_N=128, EVEN_K=True, GROUP_M=8, USE_FAST_ACCUM=False, num_stages=4, num_warps=4
  triton_mm_1044 1.5266 ms 96.5% ACC_TYPE='tl.float32', ALLOW_TF32=True, BLOCK_K=128, BLOCK_M=64, BLOCK_N=128, EVEN_K=True, GROUP_M=8, USE_FAST_ACCUM=False, num_stages=2, num_warps=4
  triton_mm_958 1.5641 ms 94.2% ACC_TYPE='tl.float32', ALLOW_TF32=True, BLOCK_K=64, BLOCK_M=128, BLOCK_N=64, EVEN_K=True, GROUP_M=8, USE_FAST_ACCUM=False, num_stages=4, num_warps=4
  triton_mm_960 1.5780 ms 93.4% ACC_TYPE='tl.float32', ALLOW_TF32=True, BLOCK_K=64, BLOCK_M=128, BLOCK_N=32, EVEN_K=True, GROUP_M=8, USE_FAST_ACCUM=False, num_stages=4, num_warps=4
  triton_mm_951 1.6135 ms 91.3% ACC_TYPE='tl.float32', ALLOW_TF32=True, BLOCK_K=32, BLOCK_M=64, BLOCK_N=128, EVEN_K=True, GROUP_M=8, USE_FAST_ACCUM=False, num_stages=4, num_warps=4
  triton_mm_950 1.6707 ms 88.2% ACC_TYPE='tl.float32', ALLOW_TF32=True, BLOCK_K=32, BLOCK_M=128, BLOCK_N=64, EVEN_K=True, GROUP_M=8, USE_FAST_ACCUM=False, num_stages=4, num_warps=4
  triton_mm_949 1.8833 ms 78.2% ACC_TYPE='tl.float32', ALLOW_TF32=True, BLOCK_K=32, BLOCK_M=128, BLOCK_N=128, EVEN_K=True, GROUP_M=8, USE_FAST_ACCUM=False, num_stages=4, num_warps=4
  triton_mm_1046 1.9492 ms 75.6% ACC_TYPE='tl.float32', ALLOW_TF32=True, BLOCK_K=128, BLOCK_M=128, BLOCK_N=128, EVEN_K=True, GROUP_M=8, USE_FAST_ACCUM=False, num_stages=2, num_warps=4
SingleProcess AUTOTUNE benchmarking takes 5.8821 seconds and 0.7650 seconds precompiling for 106 choices
Autotune Choices Stats:
{"num_choices": 106, "num_triton_choices": 105, "best_kernel": "triton_mm_1065", "best_kernel_desc": "ACC_TYPE='tl.float32', ALLOW_TF32=True, BLOCK_K=64, BLOCK_M=128, BLOCK_N=32, EVEN_K=True, GROUP_M=8, USE_FAST_ACCUM=False, num_stages=4, num_warps=4", "best_time": 1.5160959959030151, "best_triton_pos": 0}
AUTOTUNE scaled_mm(1024x65536, 65536x3072, , )
strides: [65536, 1], [1, 65536], [], []
dtypes: torch.float8_e4m3fn, torch.float8_e4m3fn, torch.float32, torch.float32
  triton_mm_1065 1.5161 ms 100.0% ACC_TYPE='tl.float32', ALLOW_TF32=True, BLOCK_K=64, BLOCK_M=128, BLOCK_N=32, EVEN_K=True, GROUP_M=8, USE_FAST_ACCUM=False, num_stages=4, num_warps=4
  _scaled_mm 1.5464 ms 98.0% 
  triton_mm_1056 1.7622 ms 86.0% ACC_TYPE='tl.float32', ALLOW_TF32=True, BLOCK_K=32, BLOCK_M=64, BLOCK_N=128, EVEN_K=True, GROUP_M=8, USE_FAST_ACCUM=False, num_stages=4, num_warps=4
  triton_mm_1064 1.7646 ms 85.9% ACC_TYPE='tl.float32', ALLOW_TF32=True, BLOCK_K=64, BLOCK_M=64, BLOCK_N=128, EVEN_K=True, GROUP_M=8, USE_FAST_ACCUM=False, num_stages=4, num_warps=4
  triton_mm_1150 1.7740 ms 85.5% ACC_TYPE='tl.float32', ALLOW_TF32=True, BLOCK_K=128, BLOCK_M=64, BLOCK_N=128, EVEN_K=True, GROUP_M=8, USE_FAST_ACCUM=False, num_stages=3, num_warps=4
  triton_mm_1063 1.7824 ms 85.1% ACC_TYPE='tl.float32', ALLOW_TF32=True, BLOCK_K=64, BLOCK_M=128, BLOCK_N=64, EVEN_K=True, GROUP_M=8, USE_FAST_ACCUM=False, num_stages=4, num_warps=4
  triton_mm_1149 1.8076 ms 83.9% ACC_TYPE='tl.float32', ALLOW_TF32=True, BLOCK_K=128, BLOCK_M=64, BLOCK_N=128, EVEN_K=True, GROUP_M=8, USE_FAST_ACCUM=False, num_stages=2, num_warps=4
  triton_mm_1055 1.8332 ms 82.7% ACC_TYPE='tl.float32', ALLOW_TF32=True, BLOCK_K=32, BLOCK_M=128, BLOCK_N=64, EVEN_K=True, GROUP_M=8, USE_FAST_ACCUM=False, num_stages=4, num_warps=4
  triton_mm_1057 1.9263 ms 78.7% ACC_TYPE='tl.float32', ALLOW_TF32=True, BLOCK_K=32, BLOCK_M=128, BLOCK_N=32, EVEN_K=True, GROUP_M=8, USE_FAST_ACCUM=False, num_stages=4, num_warps=4
  triton_mm_1147 1.9925 ms 76.1% ACC_TYPE='tl.float32', ALLOW_TF32=True, BLOCK_K=256, BLOCK_M=64, BLOCK_N=16, EVEN_K=True, GROUP_M=8, USE_FAST_ACCUM=False, num_stages=5, num_warps=4
SingleProcess AUTOTUNE benchmarking takes 5.9650 seconds and 0.0006 seconds precompiling for 106 choices
Autotune Choices Stats:
{"num_choices": 106, "num_triton_choices": 105, "best_kernel": "_scaled_mm", "best_time": 1.4703999757766724, "best_triton_pos": 1, "best_triton_time": 1.4888960123062134, "best_triton_kernel": "triton_mm_1045", "best_triton_kernel_desc": "ACC_TYPE='tl.float32', ALLOW_TF32=True, BLOCK_K=128, BLOCK_M=64, BLOCK_N=128, EVEN_K=True, GROUP_M=8, USE_FAST_ACCUM=False, num_stages=3, num_warps=4"}
AUTOTUNE scaled_mm(65536x1024, 1024x3072, , )
strides: [1024, 1], [1, 1024], [], []
dtypes: torch.float8_e4m3fn, torch.float8_e4m3fn, torch.float32, torch.float32
  _scaled_mm 1.4704 ms 100.0% 
  triton_mm_1045 1.4889 ms 98.8% ACC_TYPE='tl.float32', ALLOW_TF32=True, BLOCK_K=128, BLOCK_M=64, BLOCK_N=128, EVEN_K=True, GROUP_M=8, USE_FAST_ACCUM=False, num_stages=3, num_warps=4
  triton_mm_959 1.4914 ms 98.6% ACC_TYPE='tl.float32', ALLOW_TF32=True, BLOCK_K=64, BLOCK_M=64, BLOCK_N=128, EVEN_K=True, GROUP_M=8, USE_FAST_ACCUM=False, num_stages=4, num_warps=4
  triton_mm_1044 1.5294 ms 96.1% ACC_TYPE='tl.float32', ALLOW_TF32=True, BLOCK_K=128, BLOCK_M=64, BLOCK_N=128, EVEN_K=True, GROUP_M=8, USE_FAST_ACCUM=False, num_stages=2, num_warps=4
  triton_mm_958 1.5479 ms 95.0% ACC_TYPE='tl.float32', ALLOW_TF32=True, BLOCK_K=64, BLOCK_M=128, BLOCK_N=64, EVEN_K=True, GROUP_M=8, USE_FAST_ACCUM=False, num_stages=4, num_warps=4
  triton_mm_960 1.5644 ms 94.0% ACC_TYPE='tl.float32', ALLOW_TF32=True, BLOCK_K=64, BLOCK_M=128, BLOCK_N=32, EVEN_K=True, GROUP_M=8, USE_FAST_ACCUM=False, num_stages=4, num_warps=4
  triton_mm_951 1.6110 ms 91.3% ACC_TYPE='tl.float32', ALLOW_TF32=True, BLOCK_K=32, BLOCK_M=64, BLOCK_N=128, EVEN_K=True, GROUP_M=8, USE_FAST_ACCUM=False, num_stages=4, num_warps=4
  triton_mm_950 1.6745 ms 87.8% ACC_TYPE='tl.float32', ALLOW_TF32=True, BLOCK_K=32, BLOCK_M=128, BLOCK_N=64, EVEN_K=True, GROUP_M=8, USE_FAST_ACCUM=False, num_stages=4, num_warps=4
  triton_mm_949 1.8817 ms 78.1% ACC_TYPE='tl.float32', ALLOW_TF32=True, BLOCK_K=32, BLOCK_M=128, BLOCK_N=128, EVEN_K=True, GROUP_M=8, USE_FAST_ACCUM=False, num_stages=4, num_warps=4
  triton_mm_1046 1.9404 ms 75.8% ACC_TYPE='tl.float32', ALLOW_TF32=True, BLOCK_K=128, BLOCK_M=128, BLOCK_N=128, EVEN_K=True, GROUP_M=8, USE_FAST_ACCUM=False, num_stages=2, num_warps=4
SingleProcess AUTOTUNE benchmarking takes 5.8542 seconds and 0.4311 seconds precompiling for 106 choices
Autotune Choices Stats:
{"num_choices": 106, "num_triton_choices": 105, "best_kernel": "triton_mm_1065", "best_kernel_desc": "ACC_TYPE='tl.float32', ALLOW_TF32=True, BLOCK_K=64, BLOCK_M=128, BLOCK_N=32, EVEN_K=True, GROUP_M=8, USE_FAST_ACCUM=False, num_stages=4, num_warps=4", "best_time": 1.525215983390808, "best_triton_pos": 0}
AUTOTUNE scaled_mm(1024x65536, 65536x3072, , )
strides: [65536, 1], [1, 65536], [], []
dtypes: torch.float8_e4m3fn, torch.float8_e4m3fn, torch.float32, torch.float32
  triton_mm_1065 1.5252 ms 100.0% ACC_TYPE='tl.float32', ALLOW_TF32=True, BLOCK_K=64, BLOCK_M=128, BLOCK_N=32, EVEN_K=True, GROUP_M=8, USE_FAST_ACCUM=False, num_stages=4, num_warps=4
  _scaled_mm 1.5572 ms 97.9% 
  triton_mm_1056 1.7722 ms 86.1% ACC_TYPE='tl.float32', ALLOW_TF32=True, BLOCK_K=32, BLOCK_M=64, BLOCK_N=128, EVEN_K=True, GROUP_M=8, USE_FAST_ACCUM=False, num_stages=4, num_warps=4
  triton_mm_1064 1.7759 ms 85.9% ACC_TYPE='tl.float32', ALLOW_TF32=True, BLOCK_K=64, BLOCK_M=64, BLOCK_N=128, EVEN_K=True, GROUP_M=8, USE_FAST_ACCUM=False, num_stages=4, num_warps=4
  triton_mm_1063 1.7800 ms 85.7% ACC_TYPE='tl.float32', ALLOW_TF32=True, BLOCK_K=64, BLOCK_M=128, BLOCK_N=64, EVEN_K=True, GROUP_M=8, USE_FAST_ACCUM=False, num_stages=4, num_warps=4
  triton_mm_1150 1.7895 ms 85.2% ACC_TYPE='tl.float32', ALLOW_TF32=True, BLOCK_K=128, BLOCK_M=64, BLOCK_N=128, EVEN_K=True, GROUP_M=8, USE_FAST_ACCUM=False, num_stages=3, num_warps=4
  triton_mm_1149 1.8136 ms 84.1% ACC_TYPE='tl.float32', ALLOW_TF32=True, BLOCK_K=128, BLOCK_M=64, BLOCK_N=128, EVEN_K=True, GROUP_M=8, USE_FAST_ACCUM=False, num_stages=2, num_warps=4
  triton_mm_1055 1.8387 ms 83.0% ACC_TYPE='tl.float32', ALLOW_TF32=True, BLOCK_K=32, BLOCK_M=128, BLOCK_N=64, EVEN_K=True, GROUP_M=8, USE_FAST_ACCUM=False, num_stages=4, num_warps=4
  triton_mm_1057 1.9318 ms 79.0% ACC_TYPE='tl.float32', ALLOW_TF32=True, BLOCK_K=32, BLOCK_M=128, BLOCK_N=32, EVEN_K=True, GROUP_M=8, USE_FAST_ACCUM=False, num_stages=4, num_warps=4
  triton_mm_1147 1.9944 ms 76.5% ACC_TYPE='tl.float32', ALLOW_TF32=True, BLOCK_K=256, BLOCK_M=64, BLOCK_N=16, EVEN_K=True, GROUP_M=8, USE_FAST_ACCUM=False, num_stages=5, num_warps=4
SingleProcess AUTOTUNE benchmarking takes 5.9615 seconds and 0.0005 seconds precompiling for 106 choices
Autotune Choices Stats:
{"num_choices": 106, "num_triton_choices": 105, "best_kernel": "triton_mm_1065", "best_kernel_desc": "ACC_TYPE='tl.float32', ALLOW_TF32=True, BLOCK_K=64, BLOCK_M=128, BLOCK_N=32, EVEN_K=True, GROUP_M=8, USE_FAST_ACCUM=False, num_stages=4, num_warps=4", "best_time": 1.5229439735412598, "best_triton_pos": 0}
AUTOTUNE scaled_mm(1024x65536, 65536x3072, , )
strides: [65536, 1], [1, 65536], [], []
dtypes: torch.float8_e4m3fn, torch.float8_e4m3fn, torch.float32, torch.float32
  triton_mm_1065 1.5229 ms 100.0% ACC_TYPE='tl.float32', ALLOW_TF32=True, BLOCK_K=64, BLOCK_M=128, BLOCK_N=32, EVEN_K=True, GROUP_M=8, USE_FAST_ACCUM=False, num_stages=4, num_warps=4
  _scaled_mm 1.5575 ms 97.8% 
  triton_mm_1056 1.7775 ms 85.7% ACC_TYPE='tl.float32', ALLOW_TF32=True, BLOCK_K=32, BLOCK_M=64, BLOCK_N=128, EVEN_K=True, GROUP_M=8, USE_FAST_ACCUM=False, num_stages=4, num_warps=4
  triton_mm_1064 1.7807 ms 85.5% ACC_TYPE='tl.float32', ALLOW_TF32=True, BLOCK_K=64, BLOCK_M=64, BLOCK_N=128, EVEN_K=True, GROUP_M=8, USE_FAST_ACCUM=False, num_stages=4, num_warps=4
  triton_mm_1063 1.7865 ms 85.2% ACC_TYPE='tl.float32', ALLOW_TF32=True, BLOCK_K=64, BLOCK_M=128, BLOCK_N=64, EVEN_K=True, GROUP_M=8, USE_FAST_ACCUM=False, num_stages=4, num_warps=4
  triton_mm_1150 1.7947 ms 84.9% ACC_TYPE='tl.float32', ALLOW_TF32=True, BLOCK_K=128, BLOCK_M=64, BLOCK_N=128, EVEN_K=True, GROUP_M=8, USE_FAST_ACCUM=False, num_stages=3, num_warps=4
  triton_mm_1149 1.8132 ms 84.0% ACC_TYPE='tl.float32', ALLOW_TF32=True, BLOCK_K=128, BLOCK_M=64, BLOCK_N=128, EVEN_K=True, GROUP_M=8, USE_FAST_ACCUM=False, num_stages=2, num_warps=4
  triton_mm_1055 1.8521 ms 82.2% ACC_TYPE='tl.float32', ALLOW_TF32=True, BLOCK_K=32, BLOCK_M=128, BLOCK_N=64, EVEN_K=True, GROUP_M=8, USE_FAST_ACCUM=False, num_stages=4, num_warps=4
  triton_mm_1057 1.9211 ms 79.3% ACC_TYPE='tl.float32', ALLOW_TF32=True, BLOCK_K=32, BLOCK_M=128, BLOCK_N=32, EVEN_K=True, GROUP_M=8, USE_FAST_ACCUM=False, num_stages=4, num_warps=4
  triton_mm_1147 1.9951 ms 76.3% ACC_TYPE='tl.float32', ALLOW_TF32=True, BLOCK_K=256, BLOCK_M=64, BLOCK_N=16, EVEN_K=True, GROUP_M=8, USE_FAST_ACCUM=False, num_stages=5, num_warps=4
SingleProcess AUTOTUNE benchmarking takes 5.9491 seconds and 0.0005 seconds precompiling for 106 choices
Autotune Choices Stats:
{"num_choices": 106, "num_triton_choices": 105, "best_kernel": "_scaled_mm", "best_time": 1.6120959520339966, "best_triton_pos": 1, "best_triton_time": 1.614848017692566, "best_triton_kernel": "triton_mm_1045", "best_triton_kernel_desc": "ACC_TYPE='tl.float32', ALLOW_TF32=True, BLOCK_K=128, BLOCK_M=64, BLOCK_N=128, EVEN_K=True, GROUP_M=8, USE_FAST_ACCUM=False, num_stages=3, num_warps=4"}
AUTOTUNE scaled_mm(65536x1024, 1024x3072, , )
strides: [1024, 1], [1, 1024], [], []
dtypes: torch.float8_e4m3fn, torch.float8_e4m3fn, torch.float32, torch.float32
  _scaled_mm 1.6121 ms 100.0% 
  triton_mm_1045 1.6148 ms 99.8% ACC_TYPE='tl.float32', ALLOW_TF32=True, BLOCK_K=128, BLOCK_M=64, BLOCK_N=128, EVEN_K=True, GROUP_M=8, USE_FAST_ACCUM=False, num_stages=3, num_warps=4
  triton_mm_959 1.6378 ms 98.4% ACC_TYPE='tl.float32', ALLOW_TF32=True, BLOCK_K=64, BLOCK_M=64, BLOCK_N=128, EVEN_K=True, GROUP_M=8, USE_FAST_ACCUM=False, num_stages=4, num_warps=4
  triton_mm_1044 1.6617 ms 97.0% ACC_TYPE='tl.float32', ALLOW_TF32=True, BLOCK_K=128, BLOCK_M=64, BLOCK_N=128, EVEN_K=True, GROUP_M=8, USE_FAST_ACCUM=False, num_stages=2, num_warps=4
  triton_mm_958 1.6995 ms 94.9% ACC_TYPE='tl.float32', ALLOW_TF32=True, BLOCK_K=64, BLOCK_M=128, BLOCK_N=64, EVEN_K=True, GROUP_M=8, USE_FAST_ACCUM=False, num_stages=4, num_warps=4
  triton_mm_960 1.7173 ms 93.9% ACC_TYPE='tl.float32', ALLOW_TF32=True, BLOCK_K=64, BLOCK_M=128, BLOCK_N=32, EVEN_K=True, GROUP_M=8, USE_FAST_ACCUM=False, num_stages=4, num_warps=4
  triton_mm_951 1.7696 ms 91.1% ACC_TYPE='tl.float32', ALLOW_TF32=True, BLOCK_K=32, BLOCK_M=64, BLOCK_N=128, EVEN_K=True, GROUP_M=8, USE_FAST_ACCUM=False, num_stages=4, num_warps=4
  triton_mm_950 1.8295 ms 88.1% ACC_TYPE='tl.float32', ALLOW_TF32=True, BLOCK_K=32, BLOCK_M=128, BLOCK_N=64, EVEN_K=True, GROUP_M=8, USE_FAST_ACCUM=False, num_stages=4, num_warps=4
  triton_mm_949 2.0639 ms 78.1% ACC_TYPE='tl.float32', ALLOW_TF32=True, BLOCK_K=32, BLOCK_M=128, BLOCK_N=128, EVEN_K=True, GROUP_M=8, USE_FAST_ACCUM=False, num_stages=4, num_warps=4
  triton_mm_1046 2.1046 ms 76.6% ACC_TYPE='tl.float32', ALLOW_TF32=True, BLOCK_K=128, BLOCK_M=128, BLOCK_N=128, EVEN_K=True, GROUP_M=8, USE_FAST_ACCUM=False, num_stages=2, num_warps=4
SingleProcess AUTOTUNE benchmarking takes 5.9014 seconds and 0.3682 seconds precompiling for 106 choices
Autotune Choices Stats:
{"num_choices": 106, "num_triton_choices": 105, "best_kernel": "triton_mm_1065", "best_kernel_desc": "ACC_TYPE='tl.float32', ALLOW_TF32=True, BLOCK_K=64, BLOCK_M=128, BLOCK_N=32, EVEN_K=True, GROUP_M=8, USE_FAST_ACCUM=False, num_stages=4, num_warps=4", "best_time": 1.5268479585647583, "best_triton_pos": 0}
AUTOTUNE scaled_mm(1024x65536, 65536x3072, , )
strides: [65536, 1], [1, 65536], [], []
dtypes: torch.float8_e4m3fn, torch.float8_e4m3fn, torch.float32, torch.float32
  triton_mm_1065 1.5268 ms 100.0% ACC_TYPE='tl.float32', ALLOW_TF32=True, BLOCK_K=64, BLOCK_M=128, BLOCK_N=32, EVEN_K=True, GROUP_M=8, USE_FAST_ACCUM=False, num_stages=4, num_warps=4
  _scaled_mm 1.5582 ms 98.0% 
  triton_mm_1056 1.7733 ms 86.1% ACC_TYPE='tl.float32', ALLOW_TF32=True, BLOCK_K=32, BLOCK_M=64, BLOCK_N=128, EVEN_K=True, GROUP_M=8, USE_FAST_ACCUM=False, num_stages=4, num_warps=4
  triton_mm_1064 1.7753 ms 86.0% ACC_TYPE='tl.float32', ALLOW_TF32=True, BLOCK_K=64, BLOCK_M=64, BLOCK_N=128, EVEN_K=True, GROUP_M=8, USE_FAST_ACCUM=False, num_stages=4, num_warps=4
  triton_mm_1063 1.7806 ms 85.8% ACC_TYPE='tl.float32', ALLOW_TF32=True, BLOCK_K=64, BLOCK_M=128, BLOCK_N=64, EVEN_K=True, GROUP_M=8, USE_FAST_ACCUM=False, num_stages=4, num_warps=4
  triton_mm_1150 1.7946 ms 85.1% ACC_TYPE='tl.float32', ALLOW_TF32=True, BLOCK_K=128, BLOCK_M=64, BLOCK_N=128, EVEN_K=True, GROUP_M=8, USE_FAST_ACCUM=False, num_stages=3, num_warps=4
  triton_mm_1149 1.8059 ms 84.5% ACC_TYPE='tl.float32', ALLOW_TF32=True, BLOCK_K=128, BLOCK_M=64, BLOCK_N=128, EVEN_K=True, GROUP_M=8, USE_FAST_ACCUM=False, num_stages=2, num_warps=4
  triton_mm_1055 1.8461 ms 82.7% ACC_TYPE='tl.float32', ALLOW_TF32=True, BLOCK_K=32, BLOCK_M=128, BLOCK_N=64, EVEN_K=True, GROUP_M=8, USE_FAST_ACCUM=False, num_stages=4, num_warps=4
  triton_mm_1057 1.9330 ms 79.0% ACC_TYPE='tl.float32', ALLOW_TF32=True, BLOCK_K=32, BLOCK_M=128, BLOCK_N=32, EVEN_K=True, GROUP_M=8, USE_FAST_ACCUM=False, num_stages=4, num_warps=4
  triton_mm_1147 2.0016 ms 76.3% ACC_TYPE='tl.float32', ALLOW_TF32=True, BLOCK_K=256, BLOCK_M=64, BLOCK_N=16, EVEN_K=True, GROUP_M=8, USE_FAST_ACCUM=False, num_stages=5, num_warps=4
SingleProcess AUTOTUNE benchmarking takes 6.0193 seconds and 0.0006 seconds precompiling for 106 choices
Autotune Choices Stats:
{"num_choices": 106, "num_triton_choices": 105, "best_kernel": "triton_mm_1065", "best_kernel_desc": "ACC_TYPE='tl.float32', ALLOW_TF32=True, BLOCK_K=64, BLOCK_M=128, BLOCK_N=32, EVEN_K=True, GROUP_M=8, USE_FAST_ACCUM=False, num_stages=4, num_warps=4", "best_time": 1.660863995552063, "best_triton_pos": 0}
AUTOTUNE scaled_mm(1024x65536, 65536x3072, , )
strides: [65536, 1], [1, 65536], [], []
dtypes: torch.float8_e4m3fn, torch.float8_e4m3fn, torch.float32, torch.float32
  triton_mm_1065 1.6609 ms 100.0% ACC_TYPE='tl.float32', ALLOW_TF32=True, BLOCK_K=64, BLOCK_M=128, BLOCK_N=32, EVEN_K=True, GROUP_M=8, USE_FAST_ACCUM=False, num_stages=4, num_warps=4
  _scaled_mm 1.6942 ms 98.0% 
  triton_mm_1064 1.9332 ms 85.9% ACC_TYPE='tl.float32', ALLOW_TF32=True, BLOCK_K=64, BLOCK_M=64, BLOCK_N=128, EVEN_K=True, GROUP_M=8, USE_FAST_ACCUM=False, num_stages=4, num_warps=4
  triton_mm_1056 1.9359 ms 85.8% ACC_TYPE='tl.float32', ALLOW_TF32=True, BLOCK_K=32, BLOCK_M=64, BLOCK_N=128, EVEN_K=True, GROUP_M=8, USE_FAST_ACCUM=False, num_stages=4, num_warps=4
  triton_mm_1063 1.9379 ms 85.7% ACC_TYPE='tl.float32', ALLOW_TF32=True, BLOCK_K=64, BLOCK_M=128, BLOCK_N=64, EVEN_K=True, GROUP_M=8, USE_FAST_ACCUM=False, num_stages=4, num_warps=4
  triton_mm_1149 1.9390 ms 85.7% ACC_TYPE='tl.float32', ALLOW_TF32=True, BLOCK_K=128, BLOCK_M=64, BLOCK_N=128, EVEN_K=True, GROUP_M=8, USE_FAST_ACCUM=False, num_stages=2, num_warps=4
  triton_mm_1150 1.9398 ms 85.6% ACC_TYPE='tl.float32', ALLOW_TF32=True, BLOCK_K=128, BLOCK_M=64, BLOCK_N=128, EVEN_K=True, GROUP_M=8, USE_FAST_ACCUM=False, num_stages=3, num_warps=4
  triton_mm_1055 2.0102 ms 82.6% ACC_TYPE='tl.float32', ALLOW_TF32=True, BLOCK_K=32, BLOCK_M=128, BLOCK_N=64, EVEN_K=True, GROUP_M=8, USE_FAST_ACCUM=False, num_stages=4, num_warps=4
  triton_mm_1147 2.0890 ms 79.5% ACC_TYPE='tl.float32', ALLOW_TF32=True, BLOCK_K=256, BLOCK_M=64, BLOCK_N=16, EVEN_K=True, GROUP_M=8, USE_FAST_ACCUM=False, num_stages=5, num_warps=4
  triton_mm_1057 2.1111 ms 78.7% ACC_TYPE='tl.float32', ALLOW_TF32=True, BLOCK_K=32, BLOCK_M=128, BLOCK_N=32, EVEN_K=True, GROUP_M=8, USE_FAST_ACCUM=False, num_stages=4, num_warps=4
SingleProcess AUTOTUNE benchmarking takes 6.0845 seconds and 0.0005 seconds precompiling for 106 choices
Autotune Choices Stats:
{"num_choices": 106, "num_triton_choices": 105, "best_kernel": "_scaled_mm", "best_time": 1.4800000190734863, "best_triton_pos": 1, "best_triton_time": 1.4841920137405396, "best_triton_kernel": "triton_mm_1045", "best_triton_kernel_desc": "ACC_TYPE='tl.float32', ALLOW_TF32=True, BLOCK_K=128, BLOCK_M=64, BLOCK_N=128, EVEN_K=True, GROUP_M=8, USE_FAST_ACCUM=False, num_stages=3, num_warps=4"}
AUTOTUNE scaled_mm(65536x1024, 1024x3072, , )
strides: [1024, 1], [1, 1024], [], []
dtypes: torch.float8_e4m3fn, torch.float8_e4m3fn, torch.float32, torch.float32
  _scaled_mm 1.4800 ms 100.0% 
  triton_mm_1045 1.4842 ms 99.7% ACC_TYPE='tl.float32', ALLOW_TF32=True, BLOCK_K=128, BLOCK_M=64, BLOCK_N=128, EVEN_K=True, GROUP_M=8, USE_FAST_ACCUM=False, num_stages=3, num_warps=4
  triton_mm_959 1.4988 ms 98.7% ACC_TYPE='tl.float32', ALLOW_TF32=True, BLOCK_K=64, BLOCK_M=64, BLOCK_N=128, EVEN_K=True, GROUP_M=8, USE_FAST_ACCUM=False, num_stages=4, num_warps=4
  triton_mm_1044 1.5270 ms 96.9% ACC_TYPE='tl.float32', ALLOW_TF32=True, BLOCK_K=128, BLOCK_M=64, BLOCK_N=128, EVEN_K=True, GROUP_M=8, USE_FAST_ACCUM=False, num_stages=2, num_warps=4
  triton_mm_958 1.5635 ms 94.7% ACC_TYPE='tl.float32', ALLOW_TF32=True, BLOCK_K=64, BLOCK_M=128, BLOCK_N=64, EVEN_K=True, GROUP_M=8, USE_FAST_ACCUM=False, num_stages=4, num_warps=4
  triton_mm_960 1.5730 ms 94.1% ACC_TYPE='tl.float32', ALLOW_TF32=True, BLOCK_K=64, BLOCK_M=128, BLOCK_N=32, EVEN_K=True, GROUP_M=8, USE_FAST_ACCUM=False, num_stages=4, num_warps=4
  triton_mm_951 1.6225 ms 91.2% ACC_TYPE='tl.float32', ALLOW_TF32=True, BLOCK_K=32, BLOCK_M=64, BLOCK_N=128, EVEN_K=True, GROUP_M=8, USE_FAST_ACCUM=False, num_stages=4, num_warps=4
  triton_mm_950 1.6861 ms 87.8% ACC_TYPE='tl.float32', ALLOW_TF32=True, BLOCK_K=32, BLOCK_M=128, BLOCK_N=64, EVEN_K=True, GROUP_M=8, USE_FAST_ACCUM=False, num_stages=4, num_warps=4
  triton_mm_949 1.8995 ms 77.9% ACC_TYPE='tl.float32', ALLOW_TF32=True, BLOCK_K=32, BLOCK_M=128, BLOCK_N=128, EVEN_K=True, GROUP_M=8, USE_FAST_ACCUM=False, num_stages=4, num_warps=4
  triton_mm_1046 1.9372 ms 76.4% ACC_TYPE='tl.float32', ALLOW_TF32=True, BLOCK_K=128, BLOCK_M=128, BLOCK_N=128, EVEN_K=True, GROUP_M=8, USE_FAST_ACCUM=False, num_stages=2, num_warps=4
SingleProcess AUTOTUNE benchmarking takes 5.8255 seconds and 0.4090 seconds precompiling for 106 choices
Autotune Choices Stats:
{"num_choices": 106, "num_triton_choices": 105, "best_kernel": "triton_mm_1169", "best_kernel_desc": "ACC_TYPE='tl.float32', ALLOW_TF32=True, BLOCK_K=64, BLOCK_M=64, BLOCK_N=128, EVEN_K=True, GROUP_M=8, USE_FAST_ACCUM=False, num_stages=4, num_warps=4", "best_time": 2.920639991760254, "best_triton_pos": 0}
AUTOTUNE scaled_mm(65536x6144, 6144x1024, , )
strides: [6144, 1], [1, 6144], [], []
dtypes: torch.float8_e4m3fn, torch.float8_e4m3fn, torch.float32, torch.float32
  triton_mm_1169 2.9206 ms 100.0% ACC_TYPE='tl.float32', ALLOW_TF32=True, BLOCK_K=64, BLOCK_M=64, BLOCK_N=128, EVEN_K=True, GROUP_M=8, USE_FAST_ACCUM=False, num_stages=4, num_warps=4
  triton_mm_1161 2.9358 ms 99.5% ACC_TYPE='tl.float32', ALLOW_TF32=True, BLOCK_K=32, BLOCK_M=64, BLOCK_N=128, EVEN_K=True, GROUP_M=8, USE_FAST_ACCUM=False, num_stages=4, num_warps=4
  triton_mm_1170 2.9389 ms 99.4% ACC_TYPE='tl.float32', ALLOW_TF32=True, BLOCK_K=64, BLOCK_M=128, BLOCK_N=32, EVEN_K=True, GROUP_M=8, USE_FAST_ACCUM=False, num_stages=4, num_warps=4
  triton_mm_1168 2.9476 ms 99.1% ACC_TYPE='tl.float32', ALLOW_TF32=True, BLOCK_K=64, BLOCK_M=128, BLOCK_N=64, EVEN_K=True, GROUP_M=8, USE_FAST_ACCUM=False, num_stages=4, num_warps=4
  _scaled_mm 2.9566 ms 98.8% 
  triton_mm_1255 2.9586 ms 98.7% ACC_TYPE='tl.float32', ALLOW_TF32=True, BLOCK_K=128, BLOCK_M=64, BLOCK_N=128, EVEN_K=True, GROUP_M=8, USE_FAST_ACCUM=False, num_stages=3, num_warps=4
  triton_mm_1254 2.9697 ms 98.3% ACC_TYPE='tl.float32', ALLOW_TF32=True, BLOCK_K=128, BLOCK_M=64, BLOCK_N=128, EVEN_K=True, GROUP_M=8, USE_FAST_ACCUM=False, num_stages=2, num_warps=4
  triton_mm_1160 3.0143 ms 96.9% ACC_TYPE='tl.float32', ALLOW_TF32=True, BLOCK_K=32, BLOCK_M=128, BLOCK_N=64, EVEN_K=True, GROUP_M=8, USE_FAST_ACCUM=False, num_stages=4, num_warps=4
  triton_mm_1158 3.2617 ms 89.5% ACC_TYPE='tl.float32', ALLOW_TF32=True, BLOCK_K=32, BLOCK_M=64, BLOCK_N=256, EVEN_K=True, GROUP_M=8, USE_FAST_ACCUM=False, num_stages=4, num_warps=4
  triton_mm_1166 3.4312 ms 85.1% ACC_TYPE='tl.float32', ALLOW_TF32=True, BLOCK_K=128, BLOCK_M=64, BLOCK_N=256, EVEN_K=True, GROUP_M=8, USE_FAST_ACCUM=False, num_stages=4, num_warps=4
SingleProcess AUTOTUNE benchmarking takes 7.9343 seconds and 0.1358 seconds precompiling for 106 choices
Autotune Choices Stats:
{"num_choices": 106, "num_triton_choices": 105, "best_kernel": "triton_mm_1065", "best_kernel_desc": "ACC_TYPE='tl.float32', ALLOW_TF32=True, BLOCK_K=64, BLOCK_M=128, BLOCK_N=32, EVEN_K=True, GROUP_M=8, USE_FAST_ACCUM=False, num_stages=4, num_warps=4", "best_time": 1.5257600545883179, "best_triton_pos": 0}
AUTOTUNE scaled_mm(1024x65536, 65536x3072, , )
strides: [65536, 1], [1, 65536], [], []
dtypes: torch.float8_e4m3fn, torch.float8_e4m3fn, torch.float32, torch.float32
  triton_mm_1065 1.5258 ms 100.0% ACC_TYPE='tl.float32', ALLOW_TF32=True, BLOCK_K=64, BLOCK_M=128, BLOCK_N=32, EVEN_K=True, GROUP_M=8, USE_FAST_ACCUM=False, num_stages=4, num_warps=4
  _scaled_mm 1.5594 ms 97.8% 
  triton_mm_1064 1.7725 ms 86.1% ACC_TYPE='tl.float32', ALLOW_TF32=True, BLOCK_K=64, BLOCK_M=64, BLOCK_N=128, EVEN_K=True, GROUP_M=8, USE_FAST_ACCUM=False, num_stages=4, num_warps=4
  triton_mm_1063 1.7765 ms 85.9% ACC_TYPE='tl.float32', ALLOW_TF32=True, BLOCK_K=64, BLOCK_M=128, BLOCK_N=64, EVEN_K=True, GROUP_M=8, USE_FAST_ACCUM=False, num_stages=4, num_warps=4
  triton_mm_1056 1.7784 ms 85.8% ACC_TYPE='tl.float32', ALLOW_TF32=True, BLOCK_K=32, BLOCK_M=64, BLOCK_N=128, EVEN_K=True, GROUP_M=8, USE_FAST_ACCUM=False, num_stages=4, num_warps=4
  triton_mm_1150 1.7899 ms 85.2% ACC_TYPE='tl.float32', ALLOW_TF32=True, BLOCK_K=128, BLOCK_M=64, BLOCK_N=128, EVEN_K=True, GROUP_M=8, USE_FAST_ACCUM=False, num_stages=3, num_warps=4
  triton_mm_1149 1.8104 ms 84.3% ACC_TYPE='tl.float32', ALLOW_TF32=True, BLOCK_K=128, BLOCK_M=64, BLOCK_N=128, EVEN_K=True, GROUP_M=8, USE_FAST_ACCUM=False, num_stages=2, num_warps=4
  triton_mm_1055 1.8509 ms 82.4% ACC_TYPE='tl.float32', ALLOW_TF32=True, BLOCK_K=32, BLOCK_M=128, BLOCK_N=64, EVEN_K=True, GROUP_M=8, USE_FAST_ACCUM=False, num_stages=4, num_warps=4
  triton_mm_1057 1.9478 ms 78.3% ACC_TYPE='tl.float32', ALLOW_TF32=True, BLOCK_K=32, BLOCK_M=128, BLOCK_N=32, EVEN_K=True, GROUP_M=8, USE_FAST_ACCUM=False, num_stages=4, num_warps=4
  triton_mm_1147 1.9642 ms 77.7% ACC_TYPE='tl.float32', ALLOW_TF32=True, BLOCK_K=256, BLOCK_M=64, BLOCK_N=16, EVEN_K=True, GROUP_M=8, USE_FAST_ACCUM=False, num_stages=5, num_warps=4
SingleProcess AUTOTUNE benchmarking takes 5.9559 seconds and 0.0005 seconds precompiling for 106 choices
Autotune Choices Stats:
{"num_choices": 106, "num_triton_choices": 105, "best_kernel": "_scaled_mm", "best_time": 2.941728115081787, "best_triton_pos": 1, "best_triton_time": 2.990112066268921, "best_triton_kernel": "triton_mm_1275", "best_triton_kernel_desc": "ACC_TYPE='tl.float32', ALLOW_TF32=True, BLOCK_K=64, BLOCK_M=128, BLOCK_N=32, EVEN_K=True, GROUP_M=8, USE_FAST_ACCUM=False, num_stages=4, num_warps=4"}
AUTOTUNE scaled_mm(6144x65536, 65536x1024, , )
strides: [65536, 1], [1, 65536], [], []
dtypes: torch.float8_e4m3fn, torch.float8_e4m3fn, torch.float32, torch.float32
  _scaled_mm 2.9417 ms 100.0% 
  triton_mm_1275 2.9901 ms 98.4% ACC_TYPE='tl.float32', ALLOW_TF32=True, BLOCK_K=64, BLOCK_M=128, BLOCK_N=32, EVEN_K=True, GROUP_M=8, USE_FAST_ACCUM=False, num_stages=4, num_warps=4
  triton_mm_1266 3.2390 ms 90.8% ACC_TYPE='tl.float32', ALLOW_TF32=True, BLOCK_K=32, BLOCK_M=64, BLOCK_N=128, EVEN_K=True, GROUP_M=8, USE_FAST_ACCUM=False, num_stages=4, num_warps=4
  triton_mm_1271 3.3124 ms 88.8% ACC_TYPE='tl.float32', ALLOW_TF32=True, BLOCK_K=128, BLOCK_M=64, BLOCK_N=256, EVEN_K=True, GROUP_M=8, USE_FAST_ACCUM=False, num_stages=4, num_warps=4
  triton_mm_1359 3.4061 ms 86.4% ACC_TYPE='tl.float32', ALLOW_TF32=True, BLOCK_K=128, BLOCK_M=64, BLOCK_N=128, EVEN_K=True, GROUP_M=8, USE_FAST_ACCUM=False, num_stages=2, num_warps=4
  triton_mm_1274 3.5126 ms 83.7% ACC_TYPE='tl.float32', ALLOW_TF32=True, BLOCK_K=64, BLOCK_M=64, BLOCK_N=128, EVEN_K=True, GROUP_M=8, USE_FAST_ACCUM=False, num_stages=4, num_warps=4
  triton_mm_1273 3.5322 ms 83.3% ACC_TYPE='tl.float32', ALLOW_TF32=True, BLOCK_K=64, BLOCK_M=128, BLOCK_N=64, EVEN_K=True, GROUP_M=8, USE_FAST_ACCUM=False, num_stages=4, num_warps=4
  triton_mm_1360 3.5485 ms 82.9% ACC_TYPE='tl.float32', ALLOW_TF32=True, BLOCK_K=128, BLOCK_M=64, BLOCK_N=128, EVEN_K=True, GROUP_M=8, USE_FAST_ACCUM=False, num_stages=3, num_warps=4
  triton_mm_1265 3.5886 ms 82.0% ACC_TYPE='tl.float32', ALLOW_TF32=True, BLOCK_K=32, BLOCK_M=128, BLOCK_N=64, EVEN_K=True, GROUP_M=8, USE_FAST_ACCUM=False, num_stages=4, num_warps=4
  triton_mm_1263 3.7794 ms 77.8% ACC_TYPE='tl.float32', ALLOW_TF32=True, BLOCK_K=32, BLOCK_M=64, BLOCK_N=256, EVEN_K=True, GROUP_M=8, USE_FAST_ACCUM=False, num_stages=4, num_warps=4
SingleProcess AUTOTUNE benchmarking takes 8.3220 seconds and 0.0005 seconds precompiling for 106 choices
Autotune Choices Stats:
{"num_choices": 106, "num_triton_choices": 105, "best_kernel": "triton_mm_1169", "best_kernel_desc": "ACC_TYPE='tl.float32', ALLOW_TF32=True, BLOCK_K=64, BLOCK_M=64, BLOCK_N=128, EVEN_K=True, GROUP_M=8, USE_FAST_ACCUM=False, num_stages=4, num_warps=4", "best_time": 2.918720006942749, "best_triton_pos": 0}
AUTOTUNE scaled_mm(65536x6144, 6144x1024, , )
strides: [6144, 1], [1, 6144], [], []
dtypes: torch.float8_e4m3fn, torch.float8_e4m3fn, torch.float32, torch.float32
  triton_mm_1169 2.9187 ms 100.0% ACC_TYPE='tl.float32', ALLOW_TF32=True, BLOCK_K=64, BLOCK_M=64, BLOCK_N=128, EVEN_K=True, GROUP_M=8, USE_FAST_ACCUM=False, num_stages=4, num_warps=4
  triton_mm_1170 2.9327 ms 99.5% ACC_TYPE='tl.float32', ALLOW_TF32=True, BLOCK_K=64, BLOCK_M=128, BLOCK_N=32, EVEN_K=True, GROUP_M=8, USE_FAST_ACCUM=False, num_stages=4, num_warps=4
  triton_mm_1161 2.9348 ms 99.5% ACC_TYPE='tl.float32', ALLOW_TF32=True, BLOCK_K=32, BLOCK_M=64, BLOCK_N=128, EVEN_K=True, GROUP_M=8, USE_FAST_ACCUM=False, num_stages=4, num_warps=4
  _scaled_mm 2.9467 ms 99.1% 
  triton_mm_1168 2.9472 ms 99.0% ACC_TYPE='tl.float32', ALLOW_TF32=True, BLOCK_K=64, BLOCK_M=128, BLOCK_N=64, EVEN_K=True, GROUP_M=8, USE_FAST_ACCUM=False, num_stages=4, num_warps=4
  triton_mm_1255 2.9561 ms 98.7% ACC_TYPE='tl.float32', ALLOW_TF32=True, BLOCK_K=128, BLOCK_M=64, BLOCK_N=128, EVEN_K=True, GROUP_M=8, USE_FAST_ACCUM=False, num_stages=3, num_warps=4
  triton_mm_1254 2.9686 ms 98.3% ACC_TYPE='tl.float32', ALLOW_TF32=True, BLOCK_K=128, BLOCK_M=64, BLOCK_N=128, EVEN_K=True, GROUP_M=8, USE_FAST_ACCUM=False, num_stages=2, num_warps=4
  triton_mm_1160 3.0282 ms 96.4% ACC_TYPE='tl.float32', ALLOW_TF32=True, BLOCK_K=32, BLOCK_M=128, BLOCK_N=64, EVEN_K=True, GROUP_M=8, USE_FAST_ACCUM=False, num_stages=4, num_warps=4
  triton_mm_1158 3.2570 ms 89.6% ACC_TYPE='tl.float32', ALLOW_TF32=True, BLOCK_K=32, BLOCK_M=64, BLOCK_N=256, EVEN_K=True, GROUP_M=8, USE_FAST_ACCUM=False, num_stages=4, num_warps=4
  triton_mm_1166 3.4285 ms 85.1% ACC_TYPE='tl.float32', ALLOW_TF32=True, BLOCK_K=128, BLOCK_M=64, BLOCK_N=256, EVEN_K=True, GROUP_M=8, USE_FAST_ACCUM=False, num_stages=4, num_warps=4
SingleProcess AUTOTUNE benchmarking takes 8.0414 seconds and 0.1871 seconds precompiling for 106 choices
Autotune Choices Stats:
{"num_choices": 106, "num_triton_choices": 105, "best_kernel": "triton_mm_1169", "best_kernel_desc": "ACC_TYPE='tl.float32', ALLOW_TF32=True, BLOCK_K=64, BLOCK_M=64, BLOCK_N=128, EVEN_K=True, GROUP_M=8, USE_FAST_ACCUM=False, num_stages=4, num_warps=4", "best_time": 2.941632032394409, "best_triton_pos": 0}
AUTOTUNE scaled_mm(65536x6144, 6144x1024, , )
strides: [6144, 1], [1, 6144], [], []
dtypes: torch.float8_e4m3fn, torch.float8_e4m3fn, torch.float32, torch.float32
  triton_mm_1169 2.9416 ms 100.0% ACC_TYPE='tl.float32', ALLOW_TF32=True, BLOCK_K=64, BLOCK_M=64, BLOCK_N=128, EVEN_K=True, GROUP_M=8, USE_FAST_ACCUM=False, num_stages=4, num_warps=4
  triton_mm_1170 2.9531 ms 99.6% ACC_TYPE='tl.float32', ALLOW_TF32=True, BLOCK_K=64, BLOCK_M=128, BLOCK_N=32, EVEN_K=True, GROUP_M=8, USE_FAST_ACCUM=False, num_stages=4, num_warps=4
  triton_mm_1161 2.9533 ms 99.6% ACC_TYPE='tl.float32', ALLOW_TF32=True, BLOCK_K=32, BLOCK_M=64, BLOCK_N=128, EVEN_K=True, GROUP_M=8, USE_FAST_ACCUM=False, num_stages=4, num_warps=4
  triton_mm_1168 2.9644 ms 99.2% ACC_TYPE='tl.float32', ALLOW_TF32=True, BLOCK_K=64, BLOCK_M=128, BLOCK_N=64, EVEN_K=True, GROUP_M=8, USE_FAST_ACCUM=False, num_stages=4, num_warps=4
  _scaled_mm 2.9665 ms 99.2% 
  triton_mm_1255 2.9831 ms 98.6% ACC_TYPE='tl.float32', ALLOW_TF32=True, BLOCK_K=128, BLOCK_M=64, BLOCK_N=128, EVEN_K=True, GROUP_M=8, USE_FAST_ACCUM=False, num_stages=3, num_warps=4
  triton_mm_1254 2.9892 ms 98.4% ACC_TYPE='tl.float32', ALLOW_TF32=True, BLOCK_K=128, BLOCK_M=64, BLOCK_N=128, EVEN_K=True, GROUP_M=8, USE_FAST_ACCUM=False, num_stages=2, num_warps=4
  triton_mm_1160 3.0329 ms 97.0% ACC_TYPE='tl.float32', ALLOW_TF32=True, BLOCK_K=32, BLOCK_M=128, BLOCK_N=64, EVEN_K=True, GROUP_M=8, USE_FAST_ACCUM=False, num_stages=4, num_warps=4
  triton_mm_1158 3.2792 ms 89.7% ACC_TYPE='tl.float32', ALLOW_TF32=True, BLOCK_K=32, BLOCK_M=64, BLOCK_N=256, EVEN_K=True, GROUP_M=8, USE_FAST_ACCUM=False, num_stages=4, num_warps=4
  triton_mm_1166 3.4229 ms 85.9% ACC_TYPE='tl.float32', ALLOW_TF32=True, BLOCK_K=128, BLOCK_M=64, BLOCK_N=256, EVEN_K=True, GROUP_M=8, USE_FAST_ACCUM=False, num_stages=4, num_warps=4
SingleProcess AUTOTUNE benchmarking takes 8.0056 seconds and 0.1361 seconds precompiling for 106 choices
Autotune Choices Stats:
{"num_choices": 106, "num_triton_choices": 105, "best_kernel": "triton_mm_1161", "best_kernel_desc": "ACC_TYPE='tl.float32', ALLOW_TF32=True, BLOCK_K=32, BLOCK_M=64, BLOCK_N=128, EVEN_K=True, GROUP_M=8, USE_FAST_ACCUM=False, num_stages=4, num_warps=4", "best_time": 2.929311990737915, "best_triton_pos": 0}
AUTOTUNE scaled_mm(65536x6144, 6144x1024, , )
strides: [6144, 1], [1, 6144], [], []
dtypes: torch.float8_e4m3fn, torch.float8_e4m3fn, torch.float32, torch.float32
  triton_mm_1161 2.9293 ms 100.0% ACC_TYPE='tl.float32', ALLOW_TF32=True, BLOCK_K=32, BLOCK_M=64, BLOCK_N=128, EVEN_K=True, GROUP_M=8, USE_FAST_ACCUM=False, num_stages=4, num_warps=4
  triton_mm_1169 2.9513 ms 99.3% ACC_TYPE='tl.float32', ALLOW_TF32=True, BLOCK_K=64, BLOCK_M=64, BLOCK_N=128, EVEN_K=True, GROUP_M=8, USE_FAST_ACCUM=False, num_stages=4, num_warps=4
  _scaled_mm 2.9522 ms 99.2% 
  triton_mm_1170 2.9554 ms 99.1% ACC_TYPE='tl.float32', ALLOW_TF32=True, BLOCK_K=64, BLOCK_M=128, BLOCK_N=32, EVEN_K=True, GROUP_M=8, USE_FAST_ACCUM=False, num_stages=4, num_warps=4
  triton_mm_1168 2.9711 ms 98.6% ACC_TYPE='tl.float32', ALLOW_TF32=True, BLOCK_K=64, BLOCK_M=128, BLOCK_N=64, EVEN_K=True, GROUP_M=8, USE_FAST_ACCUM=False, num_stages=4, num_warps=4
  triton_mm_1255 2.9866 ms 98.1% ACC_TYPE='tl.float32', ALLOW_TF32=True, BLOCK_K=128, BLOCK_M=64, BLOCK_N=128, EVEN_K=True, GROUP_M=8, USE_FAST_ACCUM=False, num_stages=3, num_warps=4
  triton_mm_1254 2.9943 ms 97.8% ACC_TYPE='tl.float32', ALLOW_TF32=True, BLOCK_K=128, BLOCK_M=64, BLOCK_N=128, EVEN_K=True, GROUP_M=8, USE_FAST_ACCUM=False, num_stages=2, num_warps=4
  triton_mm_1160 3.0073 ms 97.4% ACC_TYPE='tl.float32', ALLOW_TF32=True, BLOCK_K=32, BLOCK_M=128, BLOCK_N=64, EVEN_K=True, GROUP_M=8, USE_FAST_ACCUM=False, num_stages=4, num_warps=4
  triton_mm_1158 3.2598 ms 89.9% ACC_TYPE='tl.float32', ALLOW_TF32=True, BLOCK_K=32, BLOCK_M=64, BLOCK_N=256, EVEN_K=True, GROUP_M=8, USE_FAST_ACCUM=False, num_stages=4, num_warps=4
  triton_mm_1166 3.4271 ms 85.5% ACC_TYPE='tl.float32', ALLOW_TF32=True, BLOCK_K=128, BLOCK_M=64, BLOCK_N=256, EVEN_K=True, GROUP_M=8, USE_FAST_ACCUM=False, num_stages=4, num_warps=4
SingleProcess AUTOTUNE benchmarking takes 7.9620 seconds and 0.1547 seconds precompiling for 106 choices
Autotune Choices Stats:
{"num_choices": 106, "num_triton_choices": 105, "best_kernel": "triton_mm_1169", "best_kernel_desc": "ACC_TYPE='tl.float32', ALLOW_TF32=True, BLOCK_K=64, BLOCK_M=64, BLOCK_N=128, EVEN_K=True, GROUP_M=8, USE_FAST_ACCUM=False, num_stages=4, num_warps=4", "best_time": 3.2103679180145264, "best_triton_pos": 0}
AUTOTUNE scaled_mm(65536x6144, 6144x1024, , )
strides: [6144, 1], [1, 6144], [], []
dtypes: torch.float8_e4m3fn, torch.float8_e4m3fn, torch.float32, torch.float32
  triton_mm_1169 3.2104 ms 100.0% ACC_TYPE='tl.float32', ALLOW_TF32=True, BLOCK_K=64, BLOCK_M=64, BLOCK_N=128, EVEN_K=True, GROUP_M=8, USE_FAST_ACCUM=False, num_stages=4, num_warps=4
  triton_mm_1161 3.2226 ms 99.6% ACC_TYPE='tl.float32', ALLOW_TF32=True, BLOCK_K=32, BLOCK_M=64, BLOCK_N=128, EVEN_K=True, GROUP_M=8, USE_FAST_ACCUM=False, num_stages=4, num_warps=4
  triton_mm_1170 3.2229 ms 99.6% ACC_TYPE='tl.float32', ALLOW_TF32=True, BLOCK_K=64, BLOCK_M=128, BLOCK_N=32, EVEN_K=True, GROUP_M=8, USE_FAST_ACCUM=False, num_stages=4, num_warps=4
  triton_mm_1255 3.2236 ms 99.6% ACC_TYPE='tl.float32', ALLOW_TF32=True, BLOCK_K=128, BLOCK_M=64, BLOCK_N=128, EVEN_K=True, GROUP_M=8, USE_FAST_ACCUM=False, num_stages=3, num_warps=4
  triton_mm_1254 3.2288 ms 99.4% ACC_TYPE='tl.float32', ALLOW_TF32=True, BLOCK_K=128, BLOCK_M=64, BLOCK_N=128, EVEN_K=True, GROUP_M=8, USE_FAST_ACCUM=False, num_stages=2, num_warps=4
  triton_mm_1168 3.2335 ms 99.3% ACC_TYPE='tl.float32', ALLOW_TF32=True, BLOCK_K=64, BLOCK_M=128, BLOCK_N=64, EVEN_K=True, GROUP_M=8, USE_FAST_ACCUM=False, num_stages=4, num_warps=4
  _scaled_mm 3.2381 ms 99.1% 
  triton_mm_1160 3.3148 ms 96.9% ACC_TYPE='tl.float32', ALLOW_TF32=True, BLOCK_K=32, BLOCK_M=128, BLOCK_N=64, EVEN_K=True, GROUP_M=8, USE_FAST_ACCUM=False, num_stages=4, num_warps=4
  triton_mm_1158 3.5733 ms 89.8% ACC_TYPE='tl.float32', ALLOW_TF32=True, BLOCK_K=32, BLOCK_M=64, BLOCK_N=256, EVEN_K=True, GROUP_M=8, USE_FAST_ACCUM=False, num_stages=4, num_warps=4
  triton_mm_1166 3.7299 ms 86.1% ACC_TYPE='tl.float32', ALLOW_TF32=True, BLOCK_K=128, BLOCK_M=64, BLOCK_N=256, EVEN_K=True, GROUP_M=8, USE_FAST_ACCUM=False, num_stages=4, num_warps=4
SingleProcess AUTOTUNE benchmarking takes 8.5747 seconds and 0.3005 seconds precompiling for 106 choices
Autotune Choices Stats:
{"num_choices": 106, "num_triton_choices": 105, "best_kernel": "triton_mm_1161", "best_kernel_desc": "ACC_TYPE='tl.float32', ALLOW_TF32=True, BLOCK_K=32, BLOCK_M=64, BLOCK_N=128, EVEN_K=True, GROUP_M=8, USE_FAST_ACCUM=False, num_stages=4, num_warps=4", "best_time": 2.935487985610962, "best_triton_pos": 0}
AUTOTUNE scaled_mm(65536x6144, 6144x1024, , )
strides: [6144, 1], [1, 6144], [], []
dtypes: torch.float8_e4m3fn, torch.float8_e4m3fn, torch.float32, torch.float32
  triton_mm_1161 2.9355 ms 100.0% ACC_TYPE='tl.float32', ALLOW_TF32=True, BLOCK_K=32, BLOCK_M=64, BLOCK_N=128, EVEN_K=True, GROUP_M=8, USE_FAST_ACCUM=False, num_stages=4, num_warps=4
  triton_mm_1169 2.9419 ms 99.8% ACC_TYPE='tl.float32', ALLOW_TF32=True, BLOCK_K=64, BLOCK_M=64, BLOCK_N=128, EVEN_K=True, GROUP_M=8, USE_FAST_ACCUM=False, num_stages=4, num_warps=4
  _scaled_mm 2.9459 ms 99.6% 
  triton_mm_1170 2.9579 ms 99.2% ACC_TYPE='tl.float32', ALLOW_TF32=True, BLOCK_K=64, BLOCK_M=128, BLOCK_N=32, EVEN_K=True, GROUP_M=8, USE_FAST_ACCUM=False, num_stages=4, num_warps=4
  triton_mm_1168 2.9708 ms 98.8% ACC_TYPE='tl.float32', ALLOW_TF32=True, BLOCK_K=64, BLOCK_M=128, BLOCK_N=64, EVEN_K=True, GROUP_M=8, USE_FAST_ACCUM=False, num_stages=4, num_warps=4
  triton_mm_1255 2.9781 ms 98.6% ACC_TYPE='tl.float32', ALLOW_TF32=True, BLOCK_K=128, BLOCK_M=64, BLOCK_N=128, EVEN_K=True, GROUP_M=8, USE_FAST_ACCUM=False, num_stages=3, num_warps=4
  triton_mm_1254 2.9946 ms 98.0% ACC_TYPE='tl.float32', ALLOW_TF32=True, BLOCK_K=128, BLOCK_M=64, BLOCK_N=128, EVEN_K=True, GROUP_M=8, USE_FAST_ACCUM=False, num_stages=2, num_warps=4
  triton_mm_1160 3.0207 ms 97.2% ACC_TYPE='tl.float32', ALLOW_TF32=True, BLOCK_K=32, BLOCK_M=128, BLOCK_N=64, EVEN_K=True, GROUP_M=8, USE_FAST_ACCUM=False, num_stages=4, num_warps=4
  triton_mm_1158 3.2519 ms 90.3% ACC_TYPE='tl.float32', ALLOW_TF32=True, BLOCK_K=32, BLOCK_M=64, BLOCK_N=256, EVEN_K=True, GROUP_M=8, USE_FAST_ACCUM=False, num_stages=4, num_warps=4
  triton_mm_1166 3.4271 ms 85.7% ACC_TYPE='tl.float32', ALLOW_TF32=True, BLOCK_K=128, BLOCK_M=64, BLOCK_N=256, EVEN_K=True, GROUP_M=8, USE_FAST_ACCUM=False, num_stages=4, num_warps=4
SingleProcess AUTOTUNE benchmarking takes 7.9929 seconds and 0.0939 seconds precompiling for 106 choices
Autotune Choices Stats:
{"num_choices": 106, "num_triton_choices": 105, "best_kernel": "_scaled_mm", "best_time": 2.9360640048980713, "best_triton_pos": 1, "best_triton_time": 3.0043840408325195, "best_triton_kernel": "triton_mm_1275", "best_triton_kernel_desc": "ACC_TYPE='tl.float32', ALLOW_TF32=True, BLOCK_K=64, BLOCK_M=128, BLOCK_N=32, EVEN_K=True, GROUP_M=8, USE_FAST_ACCUM=False, num_stages=4, num_warps=4"}
AUTOTUNE scaled_mm(6144x65536, 65536x1024, , )
strides: [65536, 1], [1, 65536], [], []
dtypes: torch.float8_e4m3fn, torch.float8_e4m3fn, torch.float32, torch.float32
  _scaled_mm 2.9361 ms 100.0% 
  triton_mm_1275 3.0044 ms 97.7% ACC_TYPE='tl.float32', ALLOW_TF32=True, BLOCK_K=64, BLOCK_M=128, BLOCK_N=32, EVEN_K=True, GROUP_M=8, USE_FAST_ACCUM=False, num_stages=4, num_warps=4
  triton_mm_1271 3.2993 ms 89.0% ACC_TYPE='tl.float32', ALLOW_TF32=True, BLOCK_K=128, BLOCK_M=64, BLOCK_N=256, EVEN_K=True, GROUP_M=8, USE_FAST_ACCUM=False, num_stages=4, num_warps=4
  triton_mm_1274 3.5098 ms 83.7% ACC_TYPE='tl.float32', ALLOW_TF32=True, BLOCK_K=64, BLOCK_M=64, BLOCK_N=128, EVEN_K=True, GROUP_M=8, USE_FAST_ACCUM=False, num_stages=4, num_warps=4
  triton_mm_1266 3.5194 ms 83.4% ACC_TYPE='tl.float32', ALLOW_TF32=True, BLOCK_K=32, BLOCK_M=64, BLOCK_N=128, EVEN_K=True, GROUP_M=8, USE_FAST_ACCUM=False, num_stages=4, num_warps=4
  triton_mm_1273 3.5253 ms 83.3% ACC_TYPE='tl.float32', ALLOW_TF32=True, BLOCK_K=64, BLOCK_M=128, BLOCK_N=64, EVEN_K=True, GROUP_M=8, USE_FAST_ACCUM=False, num_stages=4, num_warps=4
  triton_mm_1360 3.5371 ms 83.0% ACC_TYPE='tl.float32', ALLOW_TF32=True, BLOCK_K=128, BLOCK_M=64, BLOCK_N=128, EVEN_K=True, GROUP_M=8, USE_FAST_ACCUM=False, num_stages=3, num_warps=4
  triton_mm_1359 3.5889 ms 81.8% ACC_TYPE='tl.float32', ALLOW_TF32=True, BLOCK_K=128, BLOCK_M=64, BLOCK_N=128, EVEN_K=True, GROUP_M=8, USE_FAST_ACCUM=False, num_stages=2, num_warps=4
  triton_mm_1265 3.6113 ms 81.3% ACC_TYPE='tl.float32', ALLOW_TF32=True, BLOCK_K=32, BLOCK_M=128, BLOCK_N=64, EVEN_K=True, GROUP_M=8, USE_FAST_ACCUM=False, num_stages=4, num_warps=4
  triton_mm_1263 3.7836 ms 77.6% ACC_TYPE='tl.float32', ALLOW_TF32=True, BLOCK_K=32, BLOCK_M=64, BLOCK_N=256, EVEN_K=True, GROUP_M=8, USE_FAST_ACCUM=False, num_stages=4, num_warps=4
SingleProcess AUTOTUNE benchmarking takes 8.2141 seconds and 0.0005 seconds precompiling for 106 choices
Autotune Choices Stats:
{"num_choices": 106, "num_triton_choices": 105, "best_kernel": "_scaled_mm", "best_time": 2.957024097442627, "best_triton_pos": 1, "best_triton_time": 3.0155200958251953, "best_triton_kernel": "triton_mm_1275", "best_triton_kernel_desc": "ACC_TYPE='tl.float32', ALLOW_TF32=True, BLOCK_K=64, BLOCK_M=128, BLOCK_N=32, EVEN_K=True, GROUP_M=8, USE_FAST_ACCUM=False, num_stages=4, num_warps=4"}
AUTOTUNE scaled_mm(6144x65536, 65536x1024, , )
strides: [65536, 1], [1, 65536], [], []
dtypes: torch.float8_e4m3fn, torch.float8_e4m3fn, torch.float32, torch.float32
  _scaled_mm 2.9570 ms 100.0% 
  triton_mm_1275 3.0155 ms 98.1% ACC_TYPE='tl.float32', ALLOW_TF32=True, BLOCK_K=64, BLOCK_M=128, BLOCK_N=32, EVEN_K=True, GROUP_M=8, USE_FAST_ACCUM=False, num_stages=4, num_warps=4
  triton_mm_1271 3.3316 ms 88.8% ACC_TYPE='tl.float32', ALLOW_TF32=True, BLOCK_K=128, BLOCK_M=64, BLOCK_N=256, EVEN_K=True, GROUP_M=8, USE_FAST_ACCUM=False, num_stages=4, num_warps=4
  triton_mm_1266 3.5338 ms 83.7% ACC_TYPE='tl.float32', ALLOW_TF32=True, BLOCK_K=32, BLOCK_M=64, BLOCK_N=128, EVEN_K=True, GROUP_M=8, USE_FAST_ACCUM=False, num_stages=4, num_warps=4
  triton_mm_1274 3.5363 ms 83.6% ACC_TYPE='tl.float32', ALLOW_TF32=True, BLOCK_K=64, BLOCK_M=64, BLOCK_N=128, EVEN_K=True, GROUP_M=8, USE_FAST_ACCUM=False, num_stages=4, num_warps=4
  triton_mm_1273 3.5455 ms 83.4% ACC_TYPE='tl.float32', ALLOW_TF32=True, BLOCK_K=64, BLOCK_M=128, BLOCK_N=64, EVEN_K=True, GROUP_M=8, USE_FAST_ACCUM=False, num_stages=4, num_warps=4
  triton_mm_1360 3.5656 ms 82.9% ACC_TYPE='tl.float32', ALLOW_TF32=True, BLOCK_K=128, BLOCK_M=64, BLOCK_N=128, EVEN_K=True, GROUP_M=8, USE_FAST_ACCUM=False, num_stages=3, num_warps=4
  triton_mm_1359 3.6162 ms 81.8% ACC_TYPE='tl.float32', ALLOW_TF32=True, BLOCK_K=128, BLOCK_M=64, BLOCK_N=128, EVEN_K=True, GROUP_M=8, USE_FAST_ACCUM=False, num_stages=2, num_warps=4
  triton_mm_1265 3.6295 ms 81.5% ACC_TYPE='tl.float32', ALLOW_TF32=True, BLOCK_K=32, BLOCK_M=128, BLOCK_N=64, EVEN_K=True, GROUP_M=8, USE_FAST_ACCUM=False, num_stages=4, num_warps=4
  triton_mm_1263 3.8070 ms 77.7% ACC_TYPE='tl.float32', ALLOW_TF32=True, BLOCK_K=32, BLOCK_M=64, BLOCK_N=256, EVEN_K=True, GROUP_M=8, USE_FAST_ACCUM=False, num_stages=4, num_warps=4
SingleProcess AUTOTUNE benchmarking takes 8.2961 seconds and 0.0005 seconds precompiling for 106 choices
Autotune Choices Stats:
{"num_choices": 106, "num_triton_choices": 105, "best_kernel": "_scaled_mm", "best_time": 2.9507200717926025, "best_triton_pos": 1, "best_triton_time": 3.010688066482544, "best_triton_kernel": "triton_mm_1275", "best_triton_kernel_desc": "ACC_TYPE='tl.float32', ALLOW_TF32=True, BLOCK_K=64, BLOCK_M=128, BLOCK_N=32, EVEN_K=True, GROUP_M=8, USE_FAST_ACCUM=False, num_stages=4, num_warps=4"}
AUTOTUNE scaled_mm(6144x65536, 65536x1024, , )
strides: [65536, 1], [1, 65536], [], []
dtypes: torch.float8_e4m3fn, torch.float8_e4m3fn, torch.float32, torch.float32
  _scaled_mm 2.9507 ms 100.0% 
  triton_mm_1275 3.0107 ms 98.0% ACC_TYPE='tl.float32', ALLOW_TF32=True, BLOCK_K=64, BLOCK_M=128, BLOCK_N=32, EVEN_K=True, GROUP_M=8, USE_FAST_ACCUM=False, num_stages=4, num_warps=4
  triton_mm_1271 3.3386 ms 88.4% ACC_TYPE='tl.float32', ALLOW_TF32=True, BLOCK_K=128, BLOCK_M=64, BLOCK_N=256, EVEN_K=True, GROUP_M=8, USE_FAST_ACCUM=False, num_stages=4, num_warps=4
  triton_mm_1266 3.5320 ms 83.5% ACC_TYPE='tl.float32', ALLOW_TF32=True, BLOCK_K=32, BLOCK_M=64, BLOCK_N=128, EVEN_K=True, GROUP_M=8, USE_FAST_ACCUM=False, num_stages=4, num_warps=4
  triton_mm_1274 3.5448 ms 83.2% ACC_TYPE='tl.float32', ALLOW_TF32=True, BLOCK_K=64, BLOCK_M=64, BLOCK_N=128, EVEN_K=True, GROUP_M=8, USE_FAST_ACCUM=False, num_stages=4, num_warps=4
  triton_mm_1273 3.5512 ms 83.1% ACC_TYPE='tl.float32', ALLOW_TF32=True, BLOCK_K=64, BLOCK_M=128, BLOCK_N=64, EVEN_K=True, GROUP_M=8, USE_FAST_ACCUM=False, num_stages=4, num_warps=4
  triton_mm_1360 3.5753 ms 82.5% ACC_TYPE='tl.float32', ALLOW_TF32=True, BLOCK_K=128, BLOCK_M=64, BLOCK_N=128, EVEN_K=True, GROUP_M=8, USE_FAST_ACCUM=False, num_stages=3, num_warps=4
  triton_mm_1265 3.6197 ms 81.5% ACC_TYPE='tl.float32', ALLOW_TF32=True, BLOCK_K=32, BLOCK_M=128, BLOCK_N=64, EVEN_K=True, GROUP_M=8, USE_FAST_ACCUM=False, num_stages=4, num_warps=4
  triton_mm_1359 3.6266 ms 81.4% ACC_TYPE='tl.float32', ALLOW_TF32=True, BLOCK_K=128, BLOCK_M=64, BLOCK_N=128, EVEN_K=True, GROUP_M=8, USE_FAST_ACCUM=False, num_stages=2, num_warps=4
  triton_mm_1263 3.8113 ms 77.4% ACC_TYPE='tl.float32', ALLOW_TF32=True, BLOCK_K=32, BLOCK_M=64, BLOCK_N=256, EVEN_K=True, GROUP_M=8, USE_FAST_ACCUM=False, num_stages=4, num_warps=4
SingleProcess AUTOTUNE benchmarking takes 8.3482 seconds and 0.0005 seconds precompiling for 106 choices
Autotune Choices Stats:
{"num_choices": 106, "num_triton_choices": 105, "best_kernel": "_scaled_mm", "best_time": 3.216991901397705, "best_triton_pos": 1, "best_triton_time": 3.2723519802093506, "best_triton_kernel": "triton_mm_1275", "best_triton_kernel_desc": "ACC_TYPE='tl.float32', ALLOW_TF32=True, BLOCK_K=64, BLOCK_M=128, BLOCK_N=32, EVEN_K=True, GROUP_M=8, USE_FAST_ACCUM=False, num_stages=4, num_warps=4"}
AUTOTUNE scaled_mm(6144x65536, 65536x1024, , )
strides: [65536, 1], [1, 65536], [], []
dtypes: torch.float8_e4m3fn, torch.float8_e4m3fn, torch.float32, torch.float32
  _scaled_mm 3.2170 ms 100.0% 
  triton_mm_1275 3.2724 ms 98.3% ACC_TYPE='tl.float32', ALLOW_TF32=True, BLOCK_K=64, BLOCK_M=128, BLOCK_N=32, EVEN_K=True, GROUP_M=8, USE_FAST_ACCUM=False, num_stages=4, num_warps=4
  triton_mm_1271 3.5968 ms 89.4% ACC_TYPE='tl.float32', ALLOW_TF32=True, BLOCK_K=128, BLOCK_M=64, BLOCK_N=256, EVEN_K=True, GROUP_M=8, USE_FAST_ACCUM=False, num_stages=4, num_warps=4
  triton_mm_1274 3.8540 ms 83.5% ACC_TYPE='tl.float32', ALLOW_TF32=True, BLOCK_K=64, BLOCK_M=64, BLOCK_N=128, EVEN_K=True, GROUP_M=8, USE_FAST_ACCUM=False, num_stages=4, num_warps=4
  triton_mm_1360 3.8560 ms 83.4% ACC_TYPE='tl.float32', ALLOW_TF32=True, BLOCK_K=128, BLOCK_M=64, BLOCK_N=128, EVEN_K=True, GROUP_M=8, USE_FAST_ACCUM=False, num_stages=3, num_warps=4
  triton_mm_1266 3.8632 ms 83.3% ACC_TYPE='tl.float32', ALLOW_TF32=True, BLOCK_K=32, BLOCK_M=64, BLOCK_N=128, EVEN_K=True, GROUP_M=8, USE_FAST_ACCUM=False, num_stages=4, num_warps=4
  triton_mm_1273 3.8681 ms 83.2% ACC_TYPE='tl.float32', ALLOW_TF32=True, BLOCK_K=64, BLOCK_M=128, BLOCK_N=64, EVEN_K=True, GROUP_M=8, USE_FAST_ACCUM=False, num_stages=4, num_warps=4
  triton_mm_1359 3.8948 ms 82.6% ACC_TYPE='tl.float32', ALLOW_TF32=True, BLOCK_K=128, BLOCK_M=64, BLOCK_N=128, EVEN_K=True, GROUP_M=8, USE_FAST_ACCUM=False, num_stages=2, num_warps=4
  triton_mm_1265 3.9590 ms 81.3% ACC_TYPE='tl.float32', ALLOW_TF32=True, BLOCK_K=32, BLOCK_M=128, BLOCK_N=64, EVEN_K=True, GROUP_M=8, USE_FAST_ACCUM=False, num_stages=4, num_warps=4
  triton_mm_1263 4.1496 ms 77.5% ACC_TYPE='tl.float32', ALLOW_TF32=True, BLOCK_K=32, BLOCK_M=64, BLOCK_N=256, EVEN_K=True, GROUP_M=8, USE_FAST_ACCUM=False, num_stages=4, num_warps=4
SingleProcess AUTOTUNE benchmarking takes 8.8553 seconds and 0.0004 seconds precompiling for 106 choices
Autotune Choices Stats:
{"num_choices": 106, "num_triton_choices": 105, "best_kernel": "_scaled_mm", "best_time": 2.9581758975982666, "best_triton_pos": 1, "best_triton_time": 3.0068159103393555, "best_triton_kernel": "triton_mm_1275", "best_triton_kernel_desc": "ACC_TYPE='tl.float32', ALLOW_TF32=True, BLOCK_K=64, BLOCK_M=128, BLOCK_N=32, EVEN_K=True, GROUP_M=8, USE_FAST_ACCUM=False, num_stages=4, num_warps=4"}
AUTOTUNE scaled_mm(6144x65536, 65536x1024, , )
strides: [65536, 1], [1, 65536], [], []
dtypes: torch.float8_e4m3fn, torch.float8_e4m3fn, torch.float32, torch.float32
  _scaled_mm 2.9582 ms 100.0% 
  triton_mm_1275 3.0068 ms 98.4% ACC_TYPE='tl.float32', ALLOW_TF32=True, BLOCK_K=64, BLOCK_M=128, BLOCK_N=32, EVEN_K=True, GROUP_M=8, USE_FAST_ACCUM=False, num_stages=4, num_warps=4
  triton_mm_1271 3.3296 ms 88.8% ACC_TYPE='tl.float32', ALLOW_TF32=True, BLOCK_K=128, BLOCK_M=64, BLOCK_N=256, EVEN_K=True, GROUP_M=8, USE_FAST_ACCUM=False, num_stages=4, num_warps=4
  triton_mm_1266 3.5357 ms 83.7% ACC_TYPE='tl.float32', ALLOW_TF32=True, BLOCK_K=32, BLOCK_M=64, BLOCK_N=128, EVEN_K=True, GROUP_M=8, USE_FAST_ACCUM=False, num_stages=4, num_warps=4
  triton_mm_1274 3.5400 ms 83.6% ACC_TYPE='tl.float32', ALLOW_TF32=True, BLOCK_K=64, BLOCK_M=64, BLOCK_N=128, EVEN_K=True, GROUP_M=8, USE_FAST_ACCUM=False, num_stages=4, num_warps=4
  triton_mm_1273 3.5521 ms 83.3% ACC_TYPE='tl.float32', ALLOW_TF32=True, BLOCK_K=64, BLOCK_M=128, BLOCK_N=64, EVEN_K=True, GROUP_M=8, USE_FAST_ACCUM=False, num_stages=4, num_warps=4
  triton_mm_1360 3.5685 ms 82.9% ACC_TYPE='tl.float32', ALLOW_TF32=True, BLOCK_K=128, BLOCK_M=64, BLOCK_N=128, EVEN_K=True, GROUP_M=8, USE_FAST_ACCUM=False, num_stages=3, num_warps=4
  triton_mm_1359 3.5895 ms 82.4% ACC_TYPE='tl.float32', ALLOW_TF32=True, BLOCK_K=128, BLOCK_M=64, BLOCK_N=128, EVEN_K=True, GROUP_M=8, USE_FAST_ACCUM=False, num_stages=2, num_warps=4
  triton_mm_1265 3.6261 ms 81.6% ACC_TYPE='tl.float32', ALLOW_TF32=True, BLOCK_K=32, BLOCK_M=128, BLOCK_N=64, EVEN_K=True, GROUP_M=8, USE_FAST_ACCUM=False, num_stages=4, num_warps=4
  triton_mm_1263 3.8097 ms 77.6% ACC_TYPE='tl.float32', ALLOW_TF32=True, BLOCK_K=32, BLOCK_M=64, BLOCK_N=256, EVEN_K=True, GROUP_M=8, USE_FAST_ACCUM=False, num_stages=4, num_warps=4
SingleProcess AUTOTUNE benchmarking takes 8.2856 seconds and 0.0005 seconds precompiling for 106 choices
Autotune Choices Stats:
{"num_choices": 106, "num_triton_choices": 105, "best_kernel": "triton_mm_1169", "best_kernel_desc": "ACC_TYPE='tl.float32', ALLOW_TF32=True, BLOCK_K=64, BLOCK_M=64, BLOCK_N=128, EVEN_K=True, GROUP_M=8, USE_FAST_ACCUM=False, num_stages=4, num_warps=4", "best_time": 2.9473280906677246, "best_triton_pos": 0}
AUTOTUNE scaled_mm(65536x6144, 6144x1024, , )
strides: [6144, 1], [1, 6144], [], []
dtypes: torch.float8_e4m3fn, torch.float8_e4m3fn, torch.float32, torch.float32
  triton_mm_1169 2.9473 ms 100.0% ACC_TYPE='tl.float32', ALLOW_TF32=True, BLOCK_K=64, BLOCK_M=64, BLOCK_N=128, EVEN_K=True, GROUP_M=8, USE_FAST_ACCUM=False, num_stages=4, num_warps=4
  triton_mm_1161 2.9528 ms 99.8% ACC_TYPE='tl.float32', ALLOW_TF32=True, BLOCK_K=32, BLOCK_M=64, BLOCK_N=128, EVEN_K=True, GROUP_M=8, USE_FAST_ACCUM=False, num_stages=4, num_warps=4
  triton_mm_1170 2.9551 ms 99.7% ACC_TYPE='tl.float32', ALLOW_TF32=True, BLOCK_K=64, BLOCK_M=128, BLOCK_N=32, EVEN_K=True, GROUP_M=8, USE_FAST_ACCUM=False, num_stages=4, num_warps=4
  _scaled_mm 2.9706 ms 99.2% 
  triton_mm_1168 2.9742 ms 99.1% ACC_TYPE='tl.float32', ALLOW_TF32=True, BLOCK_K=64, BLOCK_M=128, BLOCK_N=64, EVEN_K=True, GROUP_M=8, USE_FAST_ACCUM=False, num_stages=4, num_warps=4
  triton_mm_1254 3.0015 ms 98.2% ACC_TYPE='tl.float32', ALLOW_TF32=True, BLOCK_K=128, BLOCK_M=64, BLOCK_N=128, EVEN_K=True, GROUP_M=8, USE_FAST_ACCUM=False, num_stages=2, num_warps=4
  triton_mm_1255 3.0023 ms 98.2% ACC_TYPE='tl.float32', ALLOW_TF32=True, BLOCK_K=128, BLOCK_M=64, BLOCK_N=128, EVEN_K=True, GROUP_M=8, USE_FAST_ACCUM=False, num_stages=3, num_warps=4
  triton_mm_1160 3.0435 ms 96.8% ACC_TYPE='tl.float32', ALLOW_TF32=True, BLOCK_K=32, BLOCK_M=128, BLOCK_N=64, EVEN_K=True, GROUP_M=8, USE_FAST_ACCUM=False, num_stages=4, num_warps=4
  triton_mm_1158 3.2760 ms 90.0% ACC_TYPE='tl.float32', ALLOW_TF32=True, BLOCK_K=32, BLOCK_M=64, BLOCK_N=256, EVEN_K=True, GROUP_M=8, USE_FAST_ACCUM=False, num_stages=4, num_warps=4
  triton_mm_1166 3.4283 ms 86.0% ACC_TYPE='tl.float32', ALLOW_TF32=True, BLOCK_K=128, BLOCK_M=64, BLOCK_N=256, EVEN_K=True, GROUP_M=8, USE_FAST_ACCUM=False, num_stages=4, num_warps=4
SingleProcess AUTOTUNE benchmarking takes 7.9757 seconds and 0.1971 seconds precompiling for 106 choices
Autotune Choices Stats:
{"num_choices": 106, "num_triton_choices": 105, "best_kernel": "_scaled_mm", "best_time": 2.9535999298095703, "best_triton_pos": 1, "best_triton_time": 3.0030078887939453, "best_triton_kernel": "triton_mm_1275", "best_triton_kernel_desc": "ACC_TYPE='tl.float32', ALLOW_TF32=True, BLOCK_K=64, BLOCK_M=128, BLOCK_N=32, EVEN_K=True, GROUP_M=8, USE_FAST_ACCUM=False, num_stages=4, num_warps=4"}
AUTOTUNE scaled_mm(6144x65536, 65536x1024, , )
strides: [65536, 1], [1, 65536], [], []
dtypes: torch.float8_e4m3fn, torch.float8_e4m3fn, torch.float32, torch.float32
  _scaled_mm 2.9536 ms 100.0% 
  triton_mm_1275 3.0030 ms 98.4% ACC_TYPE='tl.float32', ALLOW_TF32=True, BLOCK_K=64, BLOCK_M=128, BLOCK_N=32, EVEN_K=True, GROUP_M=8, USE_FAST_ACCUM=False, num_stages=4, num_warps=4
  triton_mm_1271 3.3318 ms 88.6% ACC_TYPE='tl.float32', ALLOW_TF32=True, BLOCK_K=128, BLOCK_M=64, BLOCK_N=256, EVEN_K=True, GROUP_M=8, USE_FAST_ACCUM=False, num_stages=4, num_warps=4
  triton_mm_1359 3.4783 ms 84.9% ACC_TYPE='tl.float32', ALLOW_TF32=True, BLOCK_K=128, BLOCK_M=64, BLOCK_N=128, EVEN_K=True, GROUP_M=8, USE_FAST_ACCUM=False, num_stages=2, num_warps=4
  triton_mm_1266 3.5319 ms 83.6% ACC_TYPE='tl.float32', ALLOW_TF32=True, BLOCK_K=32, BLOCK_M=64, BLOCK_N=128, EVEN_K=True, GROUP_M=8, USE_FAST_ACCUM=False, num_stages=4, num_warps=4
  triton_mm_1274 3.5325 ms 83.6% ACC_TYPE='tl.float32', ALLOW_TF32=True, BLOCK_K=64, BLOCK_M=64, BLOCK_N=128, EVEN_K=True, GROUP_M=8, USE_FAST_ACCUM=False, num_stages=4, num_warps=4
  triton_mm_1273 3.5421 ms 83.4% ACC_TYPE='tl.float32', ALLOW_TF32=True, BLOCK_K=64, BLOCK_M=128, BLOCK_N=64, EVEN_K=True, GROUP_M=8, USE_FAST_ACCUM=False, num_stages=4, num_warps=4
  triton_mm_1360 3.5725 ms 82.7% ACC_TYPE='tl.float32', ALLOW_TF32=True, BLOCK_K=128, BLOCK_M=64, BLOCK_N=128, EVEN_K=True, GROUP_M=8, USE_FAST_ACCUM=False, num_stages=3, num_warps=4
  triton_mm_1265 3.6330 ms 81.3% ACC_TYPE='tl.float32', ALLOW_TF32=True, BLOCK_K=32, BLOCK_M=128, BLOCK_N=64, EVEN_K=True, GROUP_M=8, USE_FAST_ACCUM=False, num_stages=4, num_warps=4
  triton_mm_1263 3.8172 ms 77.4% ACC_TYPE='tl.float32', ALLOW_TF32=True, BLOCK_K=32, BLOCK_M=64, BLOCK_N=256, EVEN_K=True, GROUP_M=8, USE_FAST_ACCUM=False, num_stages=4, num_warps=4
SingleProcess AUTOTUNE benchmarking takes 8.2444 seconds and 0.0005 seconds precompiling for 106 choices
Autotune Choices Stats:
{"num_choices": 106, "num_triton_choices": 105, "best_kernel": "_scaled_mm", "best_time": 0.5052480101585388, "best_triton_pos": 1, "best_triton_time": 0.506879985332489, "best_triton_kernel": "triton_mm_1465", "best_triton_kernel_desc": "ACC_TYPE='tl.float32', ALLOW_TF32=True, BLOCK_K=128, BLOCK_M=64, BLOCK_N=128, EVEN_K=True, GROUP_M=8, USE_FAST_ACCUM=False, num_stages=3, num_warps=4"}
AUTOTUNE scaled_mm(65536x1024, 1024x1024, , )
strides: [1024, 1], [1, 1024], [], []
dtypes: torch.float8_e4m3fn, torch.float8_e4m3fn, torch.float32, torch.float32
  _scaled_mm 0.5052 ms 100.0% 
  triton_mm_1465 0.5069 ms 99.7% ACC_TYPE='tl.float32', ALLOW_TF32=True, BLOCK_K=128, BLOCK_M=64, BLOCK_N=128, EVEN_K=True, GROUP_M=8, USE_FAST_ACCUM=False, num_stages=3, num_warps=4
  triton_mm_1379 0.5090 ms 99.3% ACC_TYPE='tl.float32', ALLOW_TF32=True, BLOCK_K=64, BLOCK_M=64, BLOCK_N=128, EVEN_K=True, GROUP_M=8, USE_FAST_ACCUM=False, num_stages=4, num_warps=4
  triton_mm_1464 0.5231 ms 96.6% ACC_TYPE='tl.float32', ALLOW_TF32=True, BLOCK_K=128, BLOCK_M=64, BLOCK_N=128, EVEN_K=True, GROUP_M=8, USE_FAST_ACCUM=False, num_stages=2, num_warps=4
  triton_mm_1378 0.5289 ms 95.5% ACC_TYPE='tl.float32', ALLOW_TF32=True, BLOCK_K=64, BLOCK_M=128, BLOCK_N=64, EVEN_K=True, GROUP_M=8, USE_FAST_ACCUM=False, num_stages=4, num_warps=4
  triton_mm_1380 0.5300 ms 95.3% ACC_TYPE='tl.float32', ALLOW_TF32=True, BLOCK_K=64, BLOCK_M=128, BLOCK_N=32, EVEN_K=True, GROUP_M=8, USE_FAST_ACCUM=False, num_stages=4, num_warps=4
  triton_mm_1371 0.5301 ms 95.3% ACC_TYPE='tl.float32', ALLOW_TF32=True, BLOCK_K=32, BLOCK_M=64, BLOCK_N=128, EVEN_K=True, GROUP_M=8, USE_FAST_ACCUM=False, num_stages=4, num_warps=4
  triton_mm_1370 0.5674 ms 89.0% ACC_TYPE='tl.float32', ALLOW_TF32=True, BLOCK_K=32, BLOCK_M=128, BLOCK_N=64, EVEN_K=True, GROUP_M=8, USE_FAST_ACCUM=False, num_stages=4, num_warps=4
  triton_mm_1368 0.6136 ms 82.3% ACC_TYPE='tl.float32', ALLOW_TF32=True, BLOCK_K=32, BLOCK_M=64, BLOCK_N=256, EVEN_K=True, GROUP_M=8, USE_FAST_ACCUM=False, num_stages=4, num_warps=4
  triton_mm_1369 0.6562 ms 77.0% ACC_TYPE='tl.float32', ALLOW_TF32=True, BLOCK_K=32, BLOCK_M=128, BLOCK_N=128, EVEN_K=True, GROUP_M=8, USE_FAST_ACCUM=False, num_stages=4, num_warps=4
SingleProcess AUTOTUNE benchmarking takes 5.3121 seconds and 0.4331 seconds precompiling for 106 choices
Autotune Choices Stats:
{"num_choices": 106, "num_triton_choices": 105, "best_kernel": "_scaled_mm", "best_time": 0.5920640230178833, "best_triton_pos": 1, "best_triton_time": 0.5947840213775635, "best_triton_kernel": "triton_mm_1484", "best_triton_kernel_desc": "ACC_TYPE='tl.float32', ALLOW_TF32=True, BLOCK_K=64, BLOCK_M=64, BLOCK_N=128, EVEN_K=True, GROUP_M=8, USE_FAST_ACCUM=False, num_stages=4, num_warps=4"}
AUTOTUNE scaled_mm(1024x65536, 65536x1024, , )
strides: [65536, 1], [1, 65536], [], []
dtypes: torch.float8_e4m3fn, torch.float8_e4m3fn, torch.float32, torch.float32
  _scaled_mm 0.5921 ms 100.0% 
  triton_mm_1484 0.5948 ms 99.5% ACC_TYPE='tl.float32', ALLOW_TF32=True, BLOCK_K=64, BLOCK_M=64, BLOCK_N=128, EVEN_K=True, GROUP_M=8, USE_FAST_ACCUM=False, num_stages=4, num_warps=4
  triton_mm_1485 0.5950 ms 99.5% ACC_TYPE='tl.float32', ALLOW_TF32=True, BLOCK_K=64, BLOCK_M=128, BLOCK_N=32, EVEN_K=True, GROUP_M=8, USE_FAST_ACCUM=False, num_stages=4, num_warps=4
  triton_mm_1476 0.5965 ms 99.3% ACC_TYPE='tl.float32', ALLOW_TF32=True, BLOCK_K=32, BLOCK_M=64, BLOCK_N=128, EVEN_K=True, GROUP_M=8, USE_FAST_ACCUM=False, num_stages=4, num_warps=4
  triton_mm_1570 0.6043 ms 98.0% ACC_TYPE='tl.float32', ALLOW_TF32=True, BLOCK_K=128, BLOCK_M=64, BLOCK_N=128, EVEN_K=True, GROUP_M=8, USE_FAST_ACCUM=False, num_stages=3, num_warps=4
  triton_mm_1483 0.6121 ms 96.7% ACC_TYPE='tl.float32', ALLOW_TF32=True, BLOCK_K=64, BLOCK_M=128, BLOCK_N=64, EVEN_K=True, GROUP_M=8, USE_FAST_ACCUM=False, num_stages=4, num_warps=4
  triton_mm_1569 0.6260 ms 94.6% ACC_TYPE='tl.float32', ALLOW_TF32=True, BLOCK_K=128, BLOCK_M=64, BLOCK_N=128, EVEN_K=True, GROUP_M=8, USE_FAST_ACCUM=False, num_stages=2, num_warps=4
  triton_mm_1481 0.6611 ms 89.6% ACC_TYPE='tl.float32', ALLOW_TF32=True, BLOCK_K=128, BLOCK_M=64, BLOCK_N=256, EVEN_K=True, GROUP_M=8, USE_FAST_ACCUM=False, num_stages=4, num_warps=4
  triton_mm_1475 0.6715 ms 88.2% ACC_TYPE='tl.float32', ALLOW_TF32=True, BLOCK_K=32, BLOCK_M=128, BLOCK_N=64, EVEN_K=True, GROUP_M=8, USE_FAST_ACCUM=False, num_stages=4, num_warps=4
  triton_mm_1567 0.7120 ms 83.2% ACC_TYPE='tl.float32', ALLOW_TF32=True, BLOCK_K=256, BLOCK_M=64, BLOCK_N=16, EVEN_K=True, GROUP_M=8, USE_FAST_ACCUM=False, num_stages=5, num_warps=4
SingleProcess AUTOTUNE benchmarking takes 4.3218 seconds and 0.0005 seconds precompiling for 106 choices
Autotune Choices Stats:
{"num_choices": 106, "num_triton_choices": 105, "best_kernel": "_scaled_mm", "best_time": 0.4999679923057556, "best_triton_pos": 1, "best_triton_time": 0.5055680274963379, "best_triton_kernel": "triton_mm_1465", "best_triton_kernel_desc": "ACC_TYPE='tl.float32', ALLOW_TF32=True, BLOCK_K=128, BLOCK_M=64, BLOCK_N=128, EVEN_K=True, GROUP_M=8, USE_FAST_ACCUM=False, num_stages=3, num_warps=4"}
AUTOTUNE scaled_mm(65536x1024, 1024x1024, , )
strides: [1024, 1], [1, 1024], [], []
dtypes: torch.float8_e4m3fn, torch.float8_e4m3fn, torch.float32, torch.float32
  _scaled_mm 0.5000 ms 100.0% 
  triton_mm_1465 0.5056 ms 98.9% ACC_TYPE='tl.float32', ALLOW_TF32=True, BLOCK_K=128, BLOCK_M=64, BLOCK_N=128, EVEN_K=True, GROUP_M=8, USE_FAST_ACCUM=False, num_stages=3, num_warps=4
  triton_mm_1379 0.5061 ms 98.8% ACC_TYPE='tl.float32', ALLOW_TF32=True, BLOCK_K=64, BLOCK_M=64, BLOCK_N=128, EVEN_K=True, GROUP_M=8, USE_FAST_ACCUM=False, num_stages=4, num_warps=4
  triton_mm_1464 0.5230 ms 95.6% ACC_TYPE='tl.float32', ALLOW_TF32=True, BLOCK_K=128, BLOCK_M=64, BLOCK_N=128, EVEN_K=True, GROUP_M=8, USE_FAST_ACCUM=False, num_stages=2, num_warps=4
  triton_mm_1378 0.5255 ms 95.1% ACC_TYPE='tl.float32', ALLOW_TF32=True, BLOCK_K=64, BLOCK_M=128, BLOCK_N=64, EVEN_K=True, GROUP_M=8, USE_FAST_ACCUM=False, num_stages=4, num_warps=4
  triton_mm_1371 0.5263 ms 95.0% ACC_TYPE='tl.float32', ALLOW_TF32=True, BLOCK_K=32, BLOCK_M=64, BLOCK_N=128, EVEN_K=True, GROUP_M=8, USE_FAST_ACCUM=False, num_stages=4, num_warps=4
  triton_mm_1380 0.5286 ms 94.6% ACC_TYPE='tl.float32', ALLOW_TF32=True, BLOCK_K=64, BLOCK_M=128, BLOCK_N=32, EVEN_K=True, GROUP_M=8, USE_FAST_ACCUM=False, num_stages=4, num_warps=4
  triton_mm_1370 0.5663 ms 88.3% ACC_TYPE='tl.float32', ALLOW_TF32=True, BLOCK_K=32, BLOCK_M=128, BLOCK_N=64, EVEN_K=True, GROUP_M=8, USE_FAST_ACCUM=False, num_stages=4, num_warps=4
  triton_mm_1368 0.6100 ms 82.0% ACC_TYPE='tl.float32', ALLOW_TF32=True, BLOCK_K=32, BLOCK_M=64, BLOCK_N=256, EVEN_K=True, GROUP_M=8, USE_FAST_ACCUM=False, num_stages=4, num_warps=4
  triton_mm_1369 0.6550 ms 76.3% ACC_TYPE='tl.float32', ALLOW_TF32=True, BLOCK_K=32, BLOCK_M=128, BLOCK_N=128, EVEN_K=True, GROUP_M=8, USE_FAST_ACCUM=False, num_stages=4, num_warps=4
SingleProcess AUTOTUNE benchmarking takes 5.5681 seconds and 0.3634 seconds precompiling for 106 choices
Autotune Choices Stats:
{"num_choices": 106, "num_triton_choices": 105, "best_kernel": "_scaled_mm", "best_time": 0.5927680134773254, "best_triton_pos": 1, "best_triton_time": 0.5953599810600281, "best_triton_kernel": "triton_mm_1485", "best_triton_kernel_desc": "ACC_TYPE='tl.float32', ALLOW_TF32=True, BLOCK_K=64, BLOCK_M=128, BLOCK_N=32, EVEN_K=True, GROUP_M=8, USE_FAST_ACCUM=False, num_stages=4, num_warps=4"}
AUTOTUNE scaled_mm(1024x65536, 65536x1024, , )
strides: [65536, 1], [1, 65536], [], []
dtypes: torch.float8_e4m3fn, torch.float8_e4m3fn, torch.float32, torch.float32
  _scaled_mm 0.5928 ms 100.0% 
  triton_mm_1485 0.5954 ms 99.6% ACC_TYPE='tl.float32', ALLOW_TF32=True, BLOCK_K=64, BLOCK_M=128, BLOCK_N=32, EVEN_K=True, GROUP_M=8, USE_FAST_ACCUM=False, num_stages=4, num_warps=4
  triton_mm_1484 0.5955 ms 99.5% ACC_TYPE='tl.float32', ALLOW_TF32=True, BLOCK_K=64, BLOCK_M=64, BLOCK_N=128, EVEN_K=True, GROUP_M=8, USE_FAST_ACCUM=False, num_stages=4, num_warps=4
  triton_mm_1476 0.5972 ms 99.3% ACC_TYPE='tl.float32', ALLOW_TF32=True, BLOCK_K=32, BLOCK_M=64, BLOCK_N=128, EVEN_K=True, GROUP_M=8, USE_FAST_ACCUM=False, num_stages=4, num_warps=4
  triton_mm_1570 0.5991 ms 98.9% ACC_TYPE='tl.float32', ALLOW_TF32=True, BLOCK_K=128, BLOCK_M=64, BLOCK_N=128, EVEN_K=True, GROUP_M=8, USE_FAST_ACCUM=False, num_stages=3, num_warps=4
  triton_mm_1483 0.6108 ms 97.1% ACC_TYPE='tl.float32', ALLOW_TF32=True, BLOCK_K=64, BLOCK_M=128, BLOCK_N=64, EVEN_K=True, GROUP_M=8, USE_FAST_ACCUM=False, num_stages=4, num_warps=4
  triton_mm_1569 0.6228 ms 95.2% ACC_TYPE='tl.float32', ALLOW_TF32=True, BLOCK_K=128, BLOCK_M=64, BLOCK_N=128, EVEN_K=True, GROUP_M=8, USE_FAST_ACCUM=False, num_stages=2, num_warps=4
  triton_mm_1481 0.6595 ms 89.9% ACC_TYPE='tl.float32', ALLOW_TF32=True, BLOCK_K=128, BLOCK_M=64, BLOCK_N=256, EVEN_K=True, GROUP_M=8, USE_FAST_ACCUM=False, num_stages=4, num_warps=4
  triton_mm_1475 0.6691 ms 88.6% ACC_TYPE='tl.float32', ALLOW_TF32=True, BLOCK_K=32, BLOCK_M=128, BLOCK_N=64, EVEN_K=True, GROUP_M=8, USE_FAST_ACCUM=False, num_stages=4, num_warps=4
  triton_mm_1567 0.7233 ms 82.0% ACC_TYPE='tl.float32', ALLOW_TF32=True, BLOCK_K=256, BLOCK_M=64, BLOCK_N=16, EVEN_K=True, GROUP_M=8, USE_FAST_ACCUM=False, num_stages=5, num_warps=4
SingleProcess AUTOTUNE benchmarking takes 4.3528 seconds and 0.0005 seconds precompiling for 106 choices
Autotune Choices Stats:
{"num_choices": 106, "num_triton_choices": 105, "best_kernel": "_scaled_mm", "best_time": 0.5048320293426514, "best_triton_pos": 1, "best_triton_time": 0.5082880258560181, "best_triton_kernel": "triton_mm_1379", "best_triton_kernel_desc": "ACC_TYPE='tl.float32', ALLOW_TF32=True, BLOCK_K=64, BLOCK_M=64, BLOCK_N=128, EVEN_K=True, GROUP_M=8, USE_FAST_ACCUM=False, num_stages=4, num_warps=4"}
AUTOTUNE scaled_mm(65536x1024, 1024x1024, , )
strides: [1024, 1], [1, 1024], [], []
dtypes: torch.float8_e4m3fn, torch.float8_e4m3fn, torch.float32, torch.float32
  _scaled_mm 0.5048 ms 100.0% 
  triton_mm_1379 0.5083 ms 99.3% ACC_TYPE='tl.float32', ALLOW_TF32=True, BLOCK_K=64, BLOCK_M=64, BLOCK_N=128, EVEN_K=True, GROUP_M=8, USE_FAST_ACCUM=False, num_stages=4, num_warps=4
  triton_mm_1465 0.5095 ms 99.1% ACC_TYPE='tl.float32', ALLOW_TF32=True, BLOCK_K=128, BLOCK_M=64, BLOCK_N=128, EVEN_K=True, GROUP_M=8, USE_FAST_ACCUM=False, num_stages=3, num_warps=4
  triton_mm_1464 0.5270 ms 95.8% ACC_TYPE='tl.float32', ALLOW_TF32=True, BLOCK_K=128, BLOCK_M=64, BLOCK_N=128, EVEN_K=True, GROUP_M=8, USE_FAST_ACCUM=False, num_stages=2, num_warps=4
  triton_mm_1378 0.5285 ms 95.5% ACC_TYPE='tl.float32', ALLOW_TF32=True, BLOCK_K=64, BLOCK_M=128, BLOCK_N=64, EVEN_K=True, GROUP_M=8, USE_FAST_ACCUM=False, num_stages=4, num_warps=4
  triton_mm_1380 0.5291 ms 95.4% ACC_TYPE='tl.float32', ALLOW_TF32=True, BLOCK_K=64, BLOCK_M=128, BLOCK_N=32, EVEN_K=True, GROUP_M=8, USE_FAST_ACCUM=False, num_stages=4, num_warps=4
  triton_mm_1371 0.5292 ms 95.4% ACC_TYPE='tl.float32', ALLOW_TF32=True, BLOCK_K=32, BLOCK_M=64, BLOCK_N=128, EVEN_K=True, GROUP_M=8, USE_FAST_ACCUM=False, num_stages=4, num_warps=4
  triton_mm_1370 0.5664 ms 89.1% ACC_TYPE='tl.float32', ALLOW_TF32=True, BLOCK_K=32, BLOCK_M=128, BLOCK_N=64, EVEN_K=True, GROUP_M=8, USE_FAST_ACCUM=False, num_stages=4, num_warps=4
  triton_mm_1368 0.6111 ms 82.6% ACC_TYPE='tl.float32', ALLOW_TF32=True, BLOCK_K=32, BLOCK_M=64, BLOCK_N=256, EVEN_K=True, GROUP_M=8, USE_FAST_ACCUM=False, num_stages=4, num_warps=4
  triton_mm_1369 0.6552 ms 77.1% ACC_TYPE='tl.float32', ALLOW_TF32=True, BLOCK_K=32, BLOCK_M=128, BLOCK_N=128, EVEN_K=True, GROUP_M=8, USE_FAST_ACCUM=False, num_stages=4, num_warps=4
SingleProcess AUTOTUNE benchmarking takes 4.2915 seconds and 1.6682 seconds precompiling for 106 choices
Autotune Choices Stats:
{"num_choices": 106, "num_triton_choices": 105, "best_kernel": "_scaled_mm", "best_time": 0.5040640234947205, "best_triton_pos": 1, "best_triton_time": 0.5083199739456177, "best_triton_kernel": "triton_mm_1379", "best_triton_kernel_desc": "ACC_TYPE='tl.float32', ALLOW_TF32=True, BLOCK_K=64, BLOCK_M=64, BLOCK_N=128, EVEN_K=True, GROUP_M=8, USE_FAST_ACCUM=False, num_stages=4, num_warps=4"}
AUTOTUNE scaled_mm(65536x1024, 1024x1024, , )
strides: [1024, 1], [1, 1024], [], []
dtypes: torch.float8_e4m3fn, torch.float8_e4m3fn, torch.float32, torch.float32
  _scaled_mm 0.5041 ms 100.0% 
  triton_mm_1379 0.5083 ms 99.2% ACC_TYPE='tl.float32', ALLOW_TF32=True, BLOCK_K=64, BLOCK_M=64, BLOCK_N=128, EVEN_K=True, GROUP_M=8, USE_FAST_ACCUM=False, num_stages=4, num_warps=4
  triton_mm_1465 0.5089 ms 99.1% ACC_TYPE='tl.float32', ALLOW_TF32=True, BLOCK_K=128, BLOCK_M=64, BLOCK_N=128, EVEN_K=True, GROUP_M=8, USE_FAST_ACCUM=False, num_stages=3, num_warps=4
  triton_mm_1464 0.5265 ms 95.7% ACC_TYPE='tl.float32', ALLOW_TF32=True, BLOCK_K=128, BLOCK_M=64, BLOCK_N=128, EVEN_K=True, GROUP_M=8, USE_FAST_ACCUM=False, num_stages=2, num_warps=4
  triton_mm_1378 0.5280 ms 95.5% ACC_TYPE='tl.float32', ALLOW_TF32=True, BLOCK_K=64, BLOCK_M=128, BLOCK_N=64, EVEN_K=True, GROUP_M=8, USE_FAST_ACCUM=False, num_stages=4, num_warps=4
  triton_mm_1371 0.5286 ms 95.4% ACC_TYPE='tl.float32', ALLOW_TF32=True, BLOCK_K=32, BLOCK_M=64, BLOCK_N=128, EVEN_K=True, GROUP_M=8, USE_FAST_ACCUM=False, num_stages=4, num_warps=4
  triton_mm_1380 0.5287 ms 95.3% ACC_TYPE='tl.float32', ALLOW_TF32=True, BLOCK_K=64, BLOCK_M=128, BLOCK_N=32, EVEN_K=True, GROUP_M=8, USE_FAST_ACCUM=False, num_stages=4, num_warps=4
  triton_mm_1370 0.5671 ms 88.9% ACC_TYPE='tl.float32', ALLOW_TF32=True, BLOCK_K=32, BLOCK_M=128, BLOCK_N=64, EVEN_K=True, GROUP_M=8, USE_FAST_ACCUM=False, num_stages=4, num_warps=4
  triton_mm_1368 0.6115 ms 82.4% ACC_TYPE='tl.float32', ALLOW_TF32=True, BLOCK_K=32, BLOCK_M=64, BLOCK_N=256, EVEN_K=True, GROUP_M=8, USE_FAST_ACCUM=False, num_stages=4, num_warps=4
  triton_mm_1369 0.6559 ms 76.8% ACC_TYPE='tl.float32', ALLOW_TF32=True, BLOCK_K=32, BLOCK_M=128, BLOCK_N=128, EVEN_K=True, GROUP_M=8, USE_FAST_ACCUM=False, num_stages=4, num_warps=4
SingleProcess AUTOTUNE benchmarking takes 4.2017 seconds and 0.0008 seconds precompiling for 106 choices
Autotune Choices Stats:
{"num_choices": 106, "num_triton_choices": 105, "best_kernel": "_scaled_mm", "best_time": 0.5037760138511658, "best_triton_pos": 1, "best_triton_time": 0.5101119875907898, "best_triton_kernel": "triton_mm_1379", "best_triton_kernel_desc": "ACC_TYPE='tl.float32', ALLOW_TF32=True, BLOCK_K=64, BLOCK_M=64, BLOCK_N=128, EVEN_K=True, GROUP_M=8, USE_FAST_ACCUM=False, num_stages=4, num_warps=4"}
AUTOTUNE scaled_mm(65536x1024, 1024x1024, , )
strides: [1024, 1], [1, 1024], [], []
dtypes: torch.float8_e4m3fn, torch.float8_e4m3fn, torch.float32, torch.float32
  _scaled_mm 0.5038 ms 100.0% 
  triton_mm_1379 0.5101 ms 98.8% ACC_TYPE='tl.float32', ALLOW_TF32=True, BLOCK_K=64, BLOCK_M=64, BLOCK_N=128, EVEN_K=True, GROUP_M=8, USE_FAST_ACCUM=False, num_stages=4, num_warps=4
  triton_mm_1465 0.5105 ms 98.7% ACC_TYPE='tl.float32', ALLOW_TF32=True, BLOCK_K=128, BLOCK_M=64, BLOCK_N=128, EVEN_K=True, GROUP_M=8, USE_FAST_ACCUM=False, num_stages=3, num_warps=4
  triton_mm_1464 0.5264 ms 95.7% ACC_TYPE='tl.float32', ALLOW_TF32=True, BLOCK_K=128, BLOCK_M=64, BLOCK_N=128, EVEN_K=True, GROUP_M=8, USE_FAST_ACCUM=False, num_stages=2, num_warps=4
  triton_mm_1378 0.5290 ms 95.2% ACC_TYPE='tl.float32', ALLOW_TF32=True, BLOCK_K=64, BLOCK_M=128, BLOCK_N=64, EVEN_K=True, GROUP_M=8, USE_FAST_ACCUM=False, num_stages=4, num_warps=4
  triton_mm_1380 0.5303 ms 95.0% ACC_TYPE='tl.float32', ALLOW_TF32=True, BLOCK_K=64, BLOCK_M=128, BLOCK_N=32, EVEN_K=True, GROUP_M=8, USE_FAST_ACCUM=False, num_stages=4, num_warps=4
  triton_mm_1371 0.5304 ms 95.0% ACC_TYPE='tl.float32', ALLOW_TF32=True, BLOCK_K=32, BLOCK_M=64, BLOCK_N=128, EVEN_K=True, GROUP_M=8, USE_FAST_ACCUM=False, num_stages=4, num_warps=4
  triton_mm_1370 0.5672 ms 88.8% ACC_TYPE='tl.float32', ALLOW_TF32=True, BLOCK_K=32, BLOCK_M=128, BLOCK_N=64, EVEN_K=True, GROUP_M=8, USE_FAST_ACCUM=False, num_stages=4, num_warps=4
  triton_mm_1368 0.6124 ms 82.3% ACC_TYPE='tl.float32', ALLOW_TF32=True, BLOCK_K=32, BLOCK_M=64, BLOCK_N=256, EVEN_K=True, GROUP_M=8, USE_FAST_ACCUM=False, num_stages=4, num_warps=4
  triton_mm_1369 0.6563 ms 76.8% ACC_TYPE='tl.float32', ALLOW_TF32=True, BLOCK_K=32, BLOCK_M=128, BLOCK_N=128, EVEN_K=True, GROUP_M=8, USE_FAST_ACCUM=False, num_stages=4, num_warps=4
SingleProcess AUTOTUNE benchmarking takes 5.5471 seconds and 0.1708 seconds precompiling for 106 choices
Autotune Choices Stats:
{"num_choices": 106, "num_triton_choices": 105, "best_kernel": "_scaled_mm", "best_time": 0.5487679839134216, "best_triton_pos": 1, "best_triton_time": 0.5551040172576904, "best_triton_kernel": "triton_mm_1379", "best_triton_kernel_desc": "ACC_TYPE='tl.float32', ALLOW_TF32=True, BLOCK_K=64, BLOCK_M=64, BLOCK_N=128, EVEN_K=True, GROUP_M=8, USE_FAST_ACCUM=False, num_stages=4, num_warps=4"}
AUTOTUNE scaled_mm(65536x1024, 1024x1024, , )
strides: [1024, 1], [1, 1024], [], []
dtypes: torch.float8_e4m3fn, torch.float8_e4m3fn, torch.float32, torch.float32
  _scaled_mm 0.5488 ms 100.0% 
  triton_mm_1379 0.5551 ms 98.9% ACC_TYPE='tl.float32', ALLOW_TF32=True, BLOCK_K=64, BLOCK_M=64, BLOCK_N=128, EVEN_K=True, GROUP_M=8, USE_FAST_ACCUM=False, num_stages=4, num_warps=4
  triton_mm_1465 0.5570 ms 98.5% ACC_TYPE='tl.float32', ALLOW_TF32=True, BLOCK_K=128, BLOCK_M=64, BLOCK_N=128, EVEN_K=True, GROUP_M=8, USE_FAST_ACCUM=False, num_stages=3, num_warps=4
  triton_mm_1464 0.5726 ms 95.8% ACC_TYPE='tl.float32', ALLOW_TF32=True, BLOCK_K=128, BLOCK_M=64, BLOCK_N=128, EVEN_K=True, GROUP_M=8, USE_FAST_ACCUM=False, num_stages=2, num_warps=4
  triton_mm_1371 0.5756 ms 95.3% ACC_TYPE='tl.float32', ALLOW_TF32=True, BLOCK_K=32, BLOCK_M=64, BLOCK_N=128, EVEN_K=True, GROUP_M=8, USE_FAST_ACCUM=False, num_stages=4, num_warps=4
  triton_mm_1380 0.5766 ms 95.2% ACC_TYPE='tl.float32', ALLOW_TF32=True, BLOCK_K=64, BLOCK_M=128, BLOCK_N=32, EVEN_K=True, GROUP_M=8, USE_FAST_ACCUM=False, num_stages=4, num_warps=4
  triton_mm_1378 0.5769 ms 95.1% ACC_TYPE='tl.float32', ALLOW_TF32=True, BLOCK_K=64, BLOCK_M=128, BLOCK_N=64, EVEN_K=True, GROUP_M=8, USE_FAST_ACCUM=False, num_stages=4, num_warps=4
  triton_mm_1370 0.6170 ms 88.9% ACC_TYPE='tl.float32', ALLOW_TF32=True, BLOCK_K=32, BLOCK_M=128, BLOCK_N=64, EVEN_K=True, GROUP_M=8, USE_FAST_ACCUM=False, num_stages=4, num_warps=4
  triton_mm_1368 0.6673 ms 82.2% ACC_TYPE='tl.float32', ALLOW_TF32=True, BLOCK_K=32, BLOCK_M=64, BLOCK_N=256, EVEN_K=True, GROUP_M=8, USE_FAST_ACCUM=False, num_stages=4, num_warps=4
  triton_mm_1369 0.7122 ms 77.1% ACC_TYPE='tl.float32', ALLOW_TF32=True, BLOCK_K=32, BLOCK_M=128, BLOCK_N=128, EVEN_K=True, GROUP_M=8, USE_FAST_ACCUM=False, num_stages=4, num_warps=4
SingleProcess AUTOTUNE benchmarking takes 5.7898 seconds and 0.0009 seconds precompiling for 106 choices
Autotune Choices Stats:
{"num_choices": 106, "num_triton_choices": 105, "best_kernel": "_scaled_mm", "best_time": 0.5963519811630249, "best_triton_pos": 1, "best_triton_time": 0.5976639986038208, "best_triton_kernel": "triton_mm_1485", "best_triton_kernel_desc": "ACC_TYPE='tl.float32', ALLOW_TF32=True, BLOCK_K=64, BLOCK_M=128, BLOCK_N=32, EVEN_K=True, GROUP_M=8, USE_FAST_ACCUM=False, num_stages=4, num_warps=4"}
AUTOTUNE scaled_mm(1024x65536, 65536x1024, , )
strides: [65536, 1], [1, 65536], [], []
dtypes: torch.float8_e4m3fn, torch.float8_e4m3fn, torch.float32, torch.float32
  _scaled_mm 0.5964 ms 100.0% 
  triton_mm_1485 0.5977 ms 99.8% ACC_TYPE='tl.float32', ALLOW_TF32=True, BLOCK_K=64, BLOCK_M=128, BLOCK_N=32, EVEN_K=True, GROUP_M=8, USE_FAST_ACCUM=False, num_stages=4, num_warps=4
  triton_mm_1484 0.6007 ms 99.3% ACC_TYPE='tl.float32', ALLOW_TF32=True, BLOCK_K=64, BLOCK_M=64, BLOCK_N=128, EVEN_K=True, GROUP_M=8, USE_FAST_ACCUM=False, num_stages=4, num_warps=4
  triton_mm_1570 0.6022 ms 99.0% ACC_TYPE='tl.float32', ALLOW_TF32=True, BLOCK_K=128, BLOCK_M=64, BLOCK_N=128, EVEN_K=True, GROUP_M=8, USE_FAST_ACCUM=False, num_stages=3, num_warps=4
  triton_mm_1476 0.6028 ms 98.9% ACC_TYPE='tl.float32', ALLOW_TF32=True, BLOCK_K=32, BLOCK_M=64, BLOCK_N=128, EVEN_K=True, GROUP_M=8, USE_FAST_ACCUM=False, num_stages=4, num_warps=4
  triton_mm_1483 0.6145 ms 97.0% ACC_TYPE='tl.float32', ALLOW_TF32=True, BLOCK_K=64, BLOCK_M=128, BLOCK_N=64, EVEN_K=True, GROUP_M=8, USE_FAST_ACCUM=False, num_stages=4, num_warps=4
  triton_mm_1569 0.6234 ms 95.7% ACC_TYPE='tl.float32', ALLOW_TF32=True, BLOCK_K=128, BLOCK_M=64, BLOCK_N=128, EVEN_K=True, GROUP_M=8, USE_FAST_ACCUM=False, num_stages=2, num_warps=4
  triton_mm_1481 0.6662 ms 89.5% ACC_TYPE='tl.float32', ALLOW_TF32=True, BLOCK_K=128, BLOCK_M=64, BLOCK_N=256, EVEN_K=True, GROUP_M=8, USE_FAST_ACCUM=False, num_stages=4, num_warps=4
  triton_mm_1475 0.6726 ms 88.7% ACC_TYPE='tl.float32', ALLOW_TF32=True, BLOCK_K=32, BLOCK_M=128, BLOCK_N=64, EVEN_K=True, GROUP_M=8, USE_FAST_ACCUM=False, num_stages=4, num_warps=4
  triton_mm_1567 0.7156 ms 83.3% ACC_TYPE='tl.float32', ALLOW_TF32=True, BLOCK_K=256, BLOCK_M=64, BLOCK_N=16, EVEN_K=True, GROUP_M=8, USE_FAST_ACCUM=False, num_stages=5, num_warps=4
SingleProcess AUTOTUNE benchmarking takes 4.3965 seconds and 0.0004 seconds precompiling for 106 choices
Autotune Choices Stats:
{"num_choices": 106, "num_triton_choices": 105, "best_kernel": "_scaled_mm", "best_time": 0.596127986907959, "best_triton_pos": 1, "best_triton_time": 0.5992000102996826, "best_triton_kernel": "triton_mm_1484", "best_triton_kernel_desc": "ACC_TYPE='tl.float32', ALLOW_TF32=True, BLOCK_K=64, BLOCK_M=64, BLOCK_N=128, EVEN_K=True, GROUP_M=8, USE_FAST_ACCUM=False, num_stages=4, num_warps=4"}
AUTOTUNE scaled_mm(1024x65536, 65536x1024, , )
strides: [65536, 1], [1, 65536], [], []
dtypes: torch.float8_e4m3fn, torch.float8_e4m3fn, torch.float32, torch.float32
  _scaled_mm 0.5961 ms 100.0% 
  triton_mm_1484 0.5992 ms 99.5% ACC_TYPE='tl.float32', ALLOW_TF32=True, BLOCK_K=64, BLOCK_M=64, BLOCK_N=128, EVEN_K=True, GROUP_M=8, USE_FAST_ACCUM=False, num_stages=4, num_warps=4
  triton_mm_1485 0.6009 ms 99.2% ACC_TYPE='tl.float32', ALLOW_TF32=True, BLOCK_K=64, BLOCK_M=128, BLOCK_N=32, EVEN_K=True, GROUP_M=8, USE_FAST_ACCUM=False, num_stages=4, num_warps=4
  triton_mm_1476 0.6011 ms 99.2% ACC_TYPE='tl.float32', ALLOW_TF32=True, BLOCK_K=32, BLOCK_M=64, BLOCK_N=128, EVEN_K=True, GROUP_M=8, USE_FAST_ACCUM=False, num_stages=4, num_warps=4
  triton_mm_1570 0.6026 ms 98.9% ACC_TYPE='tl.float32', ALLOW_TF32=True, BLOCK_K=128, BLOCK_M=64, BLOCK_N=128, EVEN_K=True, GROUP_M=8, USE_FAST_ACCUM=False, num_stages=3, num_warps=4
  triton_mm_1483 0.6135 ms 97.2% ACC_TYPE='tl.float32', ALLOW_TF32=True, BLOCK_K=64, BLOCK_M=128, BLOCK_N=64, EVEN_K=True, GROUP_M=8, USE_FAST_ACCUM=False, num_stages=4, num_warps=4
  triton_mm_1569 0.6253 ms 95.3% ACC_TYPE='tl.float32', ALLOW_TF32=True, BLOCK_K=128, BLOCK_M=64, BLOCK_N=128, EVEN_K=True, GROUP_M=8, USE_FAST_ACCUM=False, num_stages=2, num_warps=4
  triton_mm_1481 0.6639 ms 89.8% ACC_TYPE='tl.float32', ALLOW_TF32=True, BLOCK_K=128, BLOCK_M=64, BLOCK_N=256, EVEN_K=True, GROUP_M=8, USE_FAST_ACCUM=False, num_stages=4, num_warps=4
  triton_mm_1475 0.6732 ms 88.6% ACC_TYPE='tl.float32', ALLOW_TF32=True, BLOCK_K=32, BLOCK_M=128, BLOCK_N=64, EVEN_K=True, GROUP_M=8, USE_FAST_ACCUM=False, num_stages=4, num_warps=4
  triton_mm_1567 0.7118 ms 83.7% ACC_TYPE='tl.float32', ALLOW_TF32=True, BLOCK_K=256, BLOCK_M=64, BLOCK_N=16, EVEN_K=True, GROUP_M=8, USE_FAST_ACCUM=False, num_stages=5, num_warps=4
SingleProcess AUTOTUNE benchmarking takes 4.3723 seconds and 0.0005 seconds precompiling for 106 choices
Autotune Choices Stats:
{"num_choices": 106, "num_triton_choices": 105, "best_kernel": "_scaled_mm", "best_time": 0.5965120196342468, "best_triton_pos": 1, "best_triton_time": 0.5994240045547485, "best_triton_kernel": "triton_mm_1484", "best_triton_kernel_desc": "ACC_TYPE='tl.float32', ALLOW_TF32=True, BLOCK_K=64, BLOCK_M=64, BLOCK_N=128, EVEN_K=True, GROUP_M=8, USE_FAST_ACCUM=False, num_stages=4, num_warps=4"}
AUTOTUNE scaled_mm(1024x65536, 65536x1024, , )
strides: [65536, 1], [1, 65536], [], []
dtypes: torch.float8_e4m3fn, torch.float8_e4m3fn, torch.float32, torch.float32
  _scaled_mm 0.5965 ms 100.0% 
  triton_mm_1484 0.5994 ms 99.5% ACC_TYPE='tl.float32', ALLOW_TF32=True, BLOCK_K=64, BLOCK_M=64, BLOCK_N=128, EVEN_K=True, GROUP_M=8, USE_FAST_ACCUM=False, num_stages=4, num_warps=4
  triton_mm_1485 0.5998 ms 99.5% ACC_TYPE='tl.float32', ALLOW_TF32=True, BLOCK_K=64, BLOCK_M=128, BLOCK_N=32, EVEN_K=True, GROUP_M=8, USE_FAST_ACCUM=False, num_stages=4, num_warps=4
  triton_mm_1476 0.6004 ms 99.3% ACC_TYPE='tl.float32', ALLOW_TF32=True, BLOCK_K=32, BLOCK_M=64, BLOCK_N=128, EVEN_K=True, GROUP_M=8, USE_FAST_ACCUM=False, num_stages=4, num_warps=4
  triton_mm_1570 0.6063 ms 98.4% ACC_TYPE='tl.float32', ALLOW_TF32=True, BLOCK_K=128, BLOCK_M=64, BLOCK_N=128, EVEN_K=True, GROUP_M=8, USE_FAST_ACCUM=False, num_stages=3, num_warps=4
  triton_mm_1483 0.6144 ms 97.1% ACC_TYPE='tl.float32', ALLOW_TF32=True, BLOCK_K=64, BLOCK_M=128, BLOCK_N=64, EVEN_K=True, GROUP_M=8, USE_FAST_ACCUM=False, num_stages=4, num_warps=4
  triton_mm_1569 0.6318 ms 94.4% ACC_TYPE='tl.float32', ALLOW_TF32=True, BLOCK_K=128, BLOCK_M=64, BLOCK_N=128, EVEN_K=True, GROUP_M=8, USE_FAST_ACCUM=False, num_stages=2, num_warps=4
  triton_mm_1481 0.6642 ms 89.8% ACC_TYPE='tl.float32', ALLOW_TF32=True, BLOCK_K=128, BLOCK_M=64, BLOCK_N=256, EVEN_K=True, GROUP_M=8, USE_FAST_ACCUM=False, num_stages=4, num_warps=4
  triton_mm_1475 0.6799 ms 87.7% ACC_TYPE='tl.float32', ALLOW_TF32=True, BLOCK_K=32, BLOCK_M=128, BLOCK_N=64, EVEN_K=True, GROUP_M=8, USE_FAST_ACCUM=False, num_stages=4, num_warps=4
  triton_mm_1567 0.7039 ms 84.7% ACC_TYPE='tl.float32', ALLOW_TF32=True, BLOCK_K=256, BLOCK_M=64, BLOCK_N=16, EVEN_K=True, GROUP_M=8, USE_FAST_ACCUM=False, num_stages=5, num_warps=4
SingleProcess AUTOTUNE benchmarking takes 4.3498 seconds and 0.0004 seconds precompiling for 106 choices
Autotune Choices Stats:
{"num_choices": 106, "num_triton_choices": 105, "best_kernel": "triton_mm_1675", "best_kernel_desc": "ACC_TYPE='tl.float32', ALLOW_TF32=True, BLOCK_K=128, BLOCK_M=64, BLOCK_N=128, EVEN_K=True, GROUP_M=8, USE_FAST_ACCUM=False, num_stages=3, num_warps=4", "best_time": 0.9920639991760254, "best_triton_pos": 0}
AUTOTUNE scaled_mm(65536x2048, 2048x1024, , )
strides: [2048, 1], [1, 2048], [], []
dtypes: torch.float8_e4m3fn, torch.float8_e4m3fn, torch.float32, torch.float32
  triton_mm_1675 0.9921 ms 100.0% ACC_TYPE='tl.float32', ALLOW_TF32=True, BLOCK_K=128, BLOCK_M=64, BLOCK_N=128, EVEN_K=True, GROUP_M=8, USE_FAST_ACCUM=False, num_stages=3, num_warps=4
  _scaled_mm 0.9995 ms 99.3% 
  triton_mm_1589 1.0018 ms 99.0% ACC_TYPE='tl.float32', ALLOW_TF32=True, BLOCK_K=64, BLOCK_M=64, BLOCK_N=128, EVEN_K=True, GROUP_M=8, USE_FAST_ACCUM=False, num_stages=4, num_warps=4
  triton_mm_1674 1.0053 ms 98.7% ACC_TYPE='tl.float32', ALLOW_TF32=True, BLOCK_K=128, BLOCK_M=64, BLOCK_N=128, EVEN_K=True, GROUP_M=8, USE_FAST_ACCUM=False, num_stages=2, num_warps=4
  triton_mm_1590 1.0144 ms 97.8% ACC_TYPE='tl.float32', ALLOW_TF32=True, BLOCK_K=64, BLOCK_M=128, BLOCK_N=32, EVEN_K=True, GROUP_M=8, USE_FAST_ACCUM=False, num_stages=4, num_warps=4
  triton_mm_1588 1.0206 ms 97.2% ACC_TYPE='tl.float32', ALLOW_TF32=True, BLOCK_K=64, BLOCK_M=128, BLOCK_N=64, EVEN_K=True, GROUP_M=8, USE_FAST_ACCUM=False, num_stages=4, num_warps=4
  triton_mm_1581 1.0228 ms 97.0% ACC_TYPE='tl.float32', ALLOW_TF32=True, BLOCK_K=32, BLOCK_M=64, BLOCK_N=128, EVEN_K=True, GROUP_M=8, USE_FAST_ACCUM=False, num_stages=4, num_warps=4
  triton_mm_1580 1.0652 ms 93.1% ACC_TYPE='tl.float32', ALLOW_TF32=True, BLOCK_K=32, BLOCK_M=128, BLOCK_N=64, EVEN_K=True, GROUP_M=8, USE_FAST_ACCUM=False, num_stages=4, num_warps=4
  triton_mm_1578 1.1848 ms 83.7% ACC_TYPE='tl.float32', ALLOW_TF32=True, BLOCK_K=32, BLOCK_M=64, BLOCK_N=256, EVEN_K=True, GROUP_M=8, USE_FAST_ACCUM=False, num_stages=4, num_warps=4
  triton_mm_1579 1.2157 ms 81.6% ACC_TYPE='tl.float32', ALLOW_TF32=True, BLOCK_K=32, BLOCK_M=128, BLOCK_N=128, EVEN_K=True, GROUP_M=8, USE_FAST_ACCUM=False, num_stages=4, num_warps=4
SingleProcess AUTOTUNE benchmarking takes 4.9299 seconds and 0.2451 seconds precompiling for 106 choices
Autotune Choices Stats:
{"num_choices": 106, "num_triton_choices": 105, "best_kernel": "_scaled_mm", "best_time": 0.6488639712333679, "best_triton_pos": 1, "best_triton_time": 0.6515840291976929, "best_triton_kernel": "triton_mm_1484", "best_triton_kernel_desc": "ACC_TYPE='tl.float32', ALLOW_TF32=True, BLOCK_K=64, BLOCK_M=64, BLOCK_N=128, EVEN_K=True, GROUP_M=8, USE_FAST_ACCUM=False, num_stages=4, num_warps=4"}
AUTOTUNE scaled_mm(1024x65536, 65536x1024, , )
strides: [65536, 1], [1, 65536], [], []
dtypes: torch.float8_e4m3fn, torch.float8_e4m3fn, torch.float32, torch.float32
  _scaled_mm 0.6489 ms 100.0% 
  triton_mm_1484 0.6516 ms 99.6% ACC_TYPE='tl.float32', ALLOW_TF32=True, BLOCK_K=64, BLOCK_M=64, BLOCK_N=128, EVEN_K=True, GROUP_M=8, USE_FAST_ACCUM=False, num_stages=4, num_warps=4
  triton_mm_1476 0.6530 ms 99.4% ACC_TYPE='tl.float32', ALLOW_TF32=True, BLOCK_K=32, BLOCK_M=64, BLOCK_N=128, EVEN_K=True, GROUP_M=8, USE_FAST_ACCUM=False, num_stages=4, num_warps=4
  triton_mm_1485 0.6535 ms 99.3% ACC_TYPE='tl.float32', ALLOW_TF32=True, BLOCK_K=64, BLOCK_M=128, BLOCK_N=32, EVEN_K=True, GROUP_M=8, USE_FAST_ACCUM=False, num_stages=4, num_warps=4
  triton_mm_1570 0.6583 ms 98.6% ACC_TYPE='tl.float32', ALLOW_TF32=True, BLOCK_K=128, BLOCK_M=64, BLOCK_N=128, EVEN_K=True, GROUP_M=8, USE_FAST_ACCUM=False, num_stages=3, num_warps=4
  triton_mm_1483 0.6673 ms 97.2% ACC_TYPE='tl.float32', ALLOW_TF32=True, BLOCK_K=64, BLOCK_M=128, BLOCK_N=64, EVEN_K=True, GROUP_M=8, USE_FAST_ACCUM=False, num_stages=4, num_warps=4
  triton_mm_1569 0.6685 ms 97.1% ACC_TYPE='tl.float32', ALLOW_TF32=True, BLOCK_K=128, BLOCK_M=64, BLOCK_N=128, EVEN_K=True, GROUP_M=8, USE_FAST_ACCUM=False, num_stages=2, num_warps=4
  triton_mm_1481 0.7226 ms 89.8% ACC_TYPE='tl.float32', ALLOW_TF32=True, BLOCK_K=128, BLOCK_M=64, BLOCK_N=256, EVEN_K=True, GROUP_M=8, USE_FAST_ACCUM=False, num_stages=4, num_warps=4
  triton_mm_1475 0.7302 ms 88.9% ACC_TYPE='tl.float32', ALLOW_TF32=True, BLOCK_K=32, BLOCK_M=128, BLOCK_N=64, EVEN_K=True, GROUP_M=8, USE_FAST_ACCUM=False, num_stages=4, num_warps=4
  triton_mm_1567 0.7724 ms 84.0% ACC_TYPE='tl.float32', ALLOW_TF32=True, BLOCK_K=256, BLOCK_M=64, BLOCK_N=16, EVEN_K=True, GROUP_M=8, USE_FAST_ACCUM=False, num_stages=5, num_warps=4
SingleProcess AUTOTUNE benchmarking takes 4.4251 seconds and 0.0005 seconds precompiling for 106 choices
Autotune Choices Stats:
{"num_choices": 106, "num_triton_choices": 105, "best_kernel": "_scaled_mm", "best_time": 0.5046399831771851, "best_triton_pos": 1, "best_triton_time": 0.5090559720993042, "best_triton_kernel": "triton_mm_1465", "best_triton_kernel_desc": "ACC_TYPE='tl.float32', ALLOW_TF32=True, BLOCK_K=128, BLOCK_M=64, BLOCK_N=128, EVEN_K=True, GROUP_M=8, USE_FAST_ACCUM=False, num_stages=3, num_warps=4"}
AUTOTUNE scaled_mm(65536x1024, 1024x1024, , )
strides: [1024, 1], [1, 1024], [], []
dtypes: torch.float8_e4m3fn, torch.float8_e4m3fn, torch.float32, torch.float32
  _scaled_mm 0.5046 ms 100.0% 
  triton_mm_1465 0.5091 ms 99.1% ACC_TYPE='tl.float32', ALLOW_TF32=True, BLOCK_K=128, BLOCK_M=64, BLOCK_N=128, EVEN_K=True, GROUP_M=8, USE_FAST_ACCUM=False, num_stages=3, num_warps=4
  triton_mm_1379 0.5105 ms 98.9% ACC_TYPE='tl.float32', ALLOW_TF32=True, BLOCK_K=64, BLOCK_M=64, BLOCK_N=128, EVEN_K=True, GROUP_M=8, USE_FAST_ACCUM=False, num_stages=4, num_warps=4
  triton_mm_1464 0.5267 ms 95.8% ACC_TYPE='tl.float32', ALLOW_TF32=True, BLOCK_K=128, BLOCK_M=64, BLOCK_N=128, EVEN_K=True, GROUP_M=8, USE_FAST_ACCUM=False, num_stages=2, num_warps=4
  triton_mm_1371 0.5282 ms 95.5% ACC_TYPE='tl.float32', ALLOW_TF32=True, BLOCK_K=32, BLOCK_M=64, BLOCK_N=128, EVEN_K=True, GROUP_M=8, USE_FAST_ACCUM=False, num_stages=4, num_warps=4
  triton_mm_1378 0.5300 ms 95.2% ACC_TYPE='tl.float32', ALLOW_TF32=True, BLOCK_K=64, BLOCK_M=128, BLOCK_N=64, EVEN_K=True, GROUP_M=8, USE_FAST_ACCUM=False, num_stages=4, num_warps=4
  triton_mm_1380 0.5322 ms 94.8% ACC_TYPE='tl.float32', ALLOW_TF32=True, BLOCK_K=64, BLOCK_M=128, BLOCK_N=32, EVEN_K=True, GROUP_M=8, USE_FAST_ACCUM=False, num_stages=4, num_warps=4
  triton_mm_1370 0.5702 ms 88.5% ACC_TYPE='tl.float32', ALLOW_TF32=True, BLOCK_K=32, BLOCK_M=128, BLOCK_N=64, EVEN_K=True, GROUP_M=8, USE_FAST_ACCUM=False, num_stages=4, num_warps=4
  triton_mm_1368 0.6134 ms 82.3% ACC_TYPE='tl.float32', ALLOW_TF32=True, BLOCK_K=32, BLOCK_M=64, BLOCK_N=256, EVEN_K=True, GROUP_M=8, USE_FAST_ACCUM=False, num_stages=4, num_warps=4
  triton_mm_1369 0.6580 ms 76.7% ACC_TYPE='tl.float32', ALLOW_TF32=True, BLOCK_K=32, BLOCK_M=128, BLOCK_N=128, EVEN_K=True, GROUP_M=8, USE_FAST_ACCUM=False, num_stages=4, num_warps=4
SingleProcess AUTOTUNE benchmarking takes 4.1372 seconds and 0.0005 seconds precompiling for 106 choices
Autotune Choices Stats:
{"num_choices": 106, "num_triton_choices": 105, "best_kernel": "triton_mm_1695", "best_kernel_desc": "ACC_TYPE='tl.float32', ALLOW_TF32=True, BLOCK_K=64, BLOCK_M=128, BLOCK_N=32, EVEN_K=True, GROUP_M=8, USE_FAST_ACCUM=False, num_stages=4, num_warps=4", "best_time": 1.0622400045394897, "best_triton_pos": 0}
AUTOTUNE scaled_mm(2048x65536, 65536x1024, , )
strides: [65536, 1], [1, 65536], [], []
dtypes: torch.float8_e4m3fn, torch.float8_e4m3fn, torch.float32, torch.float32
  triton_mm_1695 1.0622 ms 100.0% ACC_TYPE='tl.float32', ALLOW_TF32=True, BLOCK_K=64, BLOCK_M=128, BLOCK_N=32, EVEN_K=True, GROUP_M=8, USE_FAST_ACCUM=False, num_stages=4, num_warps=4
  _scaled_mm 1.1064 ms 96.0% 
  triton_mm_1694 1.2097 ms 87.8% ACC_TYPE='tl.float32', ALLOW_TF32=True, BLOCK_K=64, BLOCK_M=64, BLOCK_N=128, EVEN_K=True, GROUP_M=8, USE_FAST_ACCUM=False, num_stages=4, num_warps=4
  triton_mm_1683 1.2660 ms 83.9% ACC_TYPE='tl.float32', ALLOW_TF32=True, BLOCK_K=32, BLOCK_M=64, BLOCK_N=256, EVEN_K=True, GROUP_M=8, USE_FAST_ACCUM=False, num_stages=4, num_warps=4
  triton_mm_1693 1.2877 ms 82.5% ACC_TYPE='tl.float32', ALLOW_TF32=True, BLOCK_K=64, BLOCK_M=128, BLOCK_N=64, EVEN_K=True, GROUP_M=8, USE_FAST_ACCUM=False, num_stages=4, num_warps=4
  triton_mm_1691 1.3148 ms 80.8% ACC_TYPE='tl.float32', ALLOW_TF32=True, BLOCK_K=128, BLOCK_M=64, BLOCK_N=256, EVEN_K=True, GROUP_M=8, USE_FAST_ACCUM=False, num_stages=4, num_warps=4
  triton_mm_1777 1.3552 ms 78.4% ACC_TYPE='tl.float32', ALLOW_TF32=True, BLOCK_K=256, BLOCK_M=64, BLOCK_N=16, EVEN_K=True, GROUP_M=8, USE_FAST_ACCUM=False, num_stages=5, num_warps=4
  triton_mm_1686 1.3576 ms 78.2% ACC_TYPE='tl.float32', ALLOW_TF32=True, BLOCK_K=32, BLOCK_M=64, BLOCK_N=128, EVEN_K=True, GROUP_M=8, USE_FAST_ACCUM=False, num_stages=4, num_warps=4
  triton_mm_1684 1.4246 ms 74.6% ACC_TYPE='tl.float32', ALLOW_TF32=True, BLOCK_K=32, BLOCK_M=128, BLOCK_N=128, EVEN_K=True, GROUP_M=8, USE_FAST_ACCUM=False, num_stages=4, num_warps=4
  triton_mm_1780 1.4825 ms 71.7% ACC_TYPE='tl.float32', ALLOW_TF32=True, BLOCK_K=128, BLOCK_M=64, BLOCK_N=128, EVEN_K=True, GROUP_M=8, USE_FAST_ACCUM=False, num_stages=3, num_warps=4
SingleProcess AUTOTUNE benchmarking takes 5.1333 seconds and 0.0005 seconds precompiling for 106 choices
Autotune Choices Stats:
{"num_choices": 106, "num_triton_choices": 105, "best_kernel": "_scaled_mm", "best_time": 0.5954560041427612, "best_triton_pos": 1, "best_triton_time": 0.5979200005531311, "best_triton_kernel": "triton_mm_1485", "best_triton_kernel_desc": "ACC_TYPE='tl.float32', ALLOW_TF32=True, BLOCK_K=64, BLOCK_M=128, BLOCK_N=32, EVEN_K=True, GROUP_M=8, USE_FAST_ACCUM=False, num_stages=4, num_warps=4"}
AUTOTUNE scaled_mm(1024x65536, 65536x1024, , )
strides: [65536, 1], [1, 65536], [], []
dtypes: torch.float8_e4m3fn, torch.float8_e4m3fn, torch.float32, torch.float32
  _scaled_mm 0.5955 ms 100.0% 
  triton_mm_1485 0.5979 ms 99.6% ACC_TYPE='tl.float32', ALLOW_TF32=True, BLOCK_K=64, BLOCK_M=128, BLOCK_N=32, EVEN_K=True, GROUP_M=8, USE_FAST_ACCUM=False, num_stages=4, num_warps=4
  triton_mm_1484 0.6000 ms 99.2% ACC_TYPE='tl.float32', ALLOW_TF32=True, BLOCK_K=64, BLOCK_M=64, BLOCK_N=128, EVEN_K=True, GROUP_M=8, USE_FAST_ACCUM=False, num_stages=4, num_warps=4
  triton_mm_1476 0.6014 ms 99.0% ACC_TYPE='tl.float32', ALLOW_TF32=True, BLOCK_K=32, BLOCK_M=64, BLOCK_N=128, EVEN_K=True, GROUP_M=8, USE_FAST_ACCUM=False, num_stages=4, num_warps=4
  triton_mm_1570 0.6024 ms 98.8% ACC_TYPE='tl.float32', ALLOW_TF32=True, BLOCK_K=128, BLOCK_M=64, BLOCK_N=128, EVEN_K=True, GROUP_M=8, USE_FAST_ACCUM=False, num_stages=3, num_warps=4
  triton_mm_1483 0.6141 ms 97.0% ACC_TYPE='tl.float32', ALLOW_TF32=True, BLOCK_K=64, BLOCK_M=128, BLOCK_N=64, EVEN_K=True, GROUP_M=8, USE_FAST_ACCUM=False, num_stages=4, num_warps=4
  triton_mm_1569 0.6213 ms 95.8% ACC_TYPE='tl.float32', ALLOW_TF32=True, BLOCK_K=128, BLOCK_M=64, BLOCK_N=128, EVEN_K=True, GROUP_M=8, USE_FAST_ACCUM=False, num_stages=2, num_warps=4
  triton_mm_1481 0.6646 ms 89.6% ACC_TYPE='tl.float32', ALLOW_TF32=True, BLOCK_K=128, BLOCK_M=64, BLOCK_N=256, EVEN_K=True, GROUP_M=8, USE_FAST_ACCUM=False, num_stages=4, num_warps=4
  triton_mm_1475 0.6699 ms 88.9% ACC_TYPE='tl.float32', ALLOW_TF32=True, BLOCK_K=32, BLOCK_M=128, BLOCK_N=64, EVEN_K=True, GROUP_M=8, USE_FAST_ACCUM=False, num_stages=4, num_warps=4
  triton_mm_1567 0.7027 ms 84.7% ACC_TYPE='tl.float32', ALLOW_TF32=True, BLOCK_K=256, BLOCK_M=64, BLOCK_N=16, EVEN_K=True, GROUP_M=8, USE_FAST_ACCUM=False, num_stages=5, num_warps=4
SingleProcess AUTOTUNE benchmarking takes 4.3346 seconds and 0.0005 seconds precompiling for 106 choices
Autotune Choices Stats:
{"num_choices": 106, "num_triton_choices": 105, "best_kernel": "_scaled_mm", "best_time": 0.9898880124092102, "best_triton_pos": 1, "best_triton_time": 0.9922879934310913, "best_triton_kernel": "triton_mm_1589", "best_triton_kernel_desc": "ACC_TYPE='tl.float32', ALLOW_TF32=True, BLOCK_K=64, BLOCK_M=64, BLOCK_N=128, EVEN_K=True, GROUP_M=8, USE_FAST_ACCUM=False, num_stages=4, num_warps=4"}
AUTOTUNE scaled_mm(65536x2048, 2048x1024, , )
strides: [2048, 1], [1, 2048], [], []
dtypes: torch.float8_e4m3fn, torch.float8_e4m3fn, torch.float32, torch.float32
  _scaled_mm 0.9899 ms 100.0% 
  triton_mm_1589 0.9923 ms 99.8% ACC_TYPE='tl.float32', ALLOW_TF32=True, BLOCK_K=64, BLOCK_M=64, BLOCK_N=128, EVEN_K=True, GROUP_M=8, USE_FAST_ACCUM=False, num_stages=4, num_warps=4
  triton_mm_1675 0.9932 ms 99.7% ACC_TYPE='tl.float32', ALLOW_TF32=True, BLOCK_K=128, BLOCK_M=64, BLOCK_N=128, EVEN_K=True, GROUP_M=8, USE_FAST_ACCUM=False, num_stages=3, num_warps=4
  triton_mm_1590 1.0069 ms 98.3% ACC_TYPE='tl.float32', ALLOW_TF32=True, BLOCK_K=64, BLOCK_M=128, BLOCK_N=32, EVEN_K=True, GROUP_M=8, USE_FAST_ACCUM=False, num_stages=4, num_warps=4
  triton_mm_1674 1.0091 ms 98.1% ACC_TYPE='tl.float32', ALLOW_TF32=True, BLOCK_K=128, BLOCK_M=64, BLOCK_N=128, EVEN_K=True, GROUP_M=8, USE_FAST_ACCUM=False, num_stages=2, num_warps=4
  triton_mm_1588 1.0093 ms 98.1% ACC_TYPE='tl.float32', ALLOW_TF32=True, BLOCK_K=64, BLOCK_M=128, BLOCK_N=64, EVEN_K=True, GROUP_M=8, USE_FAST_ACCUM=False, num_stages=4, num_warps=4
  triton_mm_1581 1.0193 ms 97.1% ACC_TYPE='tl.float32', ALLOW_TF32=True, BLOCK_K=32, BLOCK_M=64, BLOCK_N=128, EVEN_K=True, GROUP_M=8, USE_FAST_ACCUM=False, num_stages=4, num_warps=4
  triton_mm_1580 1.0563 ms 93.7% ACC_TYPE='tl.float32', ALLOW_TF32=True, BLOCK_K=32, BLOCK_M=128, BLOCK_N=64, EVEN_K=True, GROUP_M=8, USE_FAST_ACCUM=False, num_stages=4, num_warps=4
  triton_mm_1578 1.1750 ms 84.2% ACC_TYPE='tl.float32', ALLOW_TF32=True, BLOCK_K=32, BLOCK_M=64, BLOCK_N=256, EVEN_K=True, GROUP_M=8, USE_FAST_ACCUM=False, num_stages=4, num_warps=4
  triton_mm_1579 1.2065 ms 82.0% ACC_TYPE='tl.float32', ALLOW_TF32=True, BLOCK_K=32, BLOCK_M=128, BLOCK_N=128, EVEN_K=True, GROUP_M=8, USE_FAST_ACCUM=False, num_stages=4, num_warps=4
SingleProcess AUTOTUNE benchmarking takes 4.9345 seconds and 0.1957 seconds precompiling for 106 choices
Autotune Choices Stats:
{"num_choices": 106, "num_triton_choices": 105, "best_kernel": "triton_mm_1695", "best_kernel_desc": "ACC_TYPE='tl.float32', ALLOW_TF32=True, BLOCK_K=64, BLOCK_M=128, BLOCK_N=32, EVEN_K=True, GROUP_M=8, USE_FAST_ACCUM=False, num_stages=4, num_warps=4", "best_time": 1.0672639608383179, "best_triton_pos": 0}
AUTOTUNE scaled_mm(2048x65536, 65536x1024, , )
strides: [65536, 1], [1, 65536], [], []
dtypes: torch.float8_e4m3fn, torch.float8_e4m3fn, torch.float32, torch.float32
  triton_mm_1695 1.0673 ms 100.0% ACC_TYPE='tl.float32', ALLOW_TF32=True, BLOCK_K=64, BLOCK_M=128, BLOCK_N=32, EVEN_K=True, GROUP_M=8, USE_FAST_ACCUM=False, num_stages=4, num_warps=4
  _scaled_mm 1.1075 ms 96.4% 
  triton_mm_1683 1.2671 ms 84.2% ACC_TYPE='tl.float32', ALLOW_TF32=True, BLOCK_K=32, BLOCK_M=64, BLOCK_N=256, EVEN_K=True, GROUP_M=8, USE_FAST_ACCUM=False, num_stages=4, num_warps=4
  triton_mm_1691 1.3136 ms 81.2% ACC_TYPE='tl.float32', ALLOW_TF32=True, BLOCK_K=128, BLOCK_M=64, BLOCK_N=256, EVEN_K=True, GROUP_M=8, USE_FAST_ACCUM=False, num_stages=4, num_warps=4
  triton_mm_1777 1.3856 ms 77.0% ACC_TYPE='tl.float32', ALLOW_TF32=True, BLOCK_K=256, BLOCK_M=64, BLOCK_N=16, EVEN_K=True, GROUP_M=8, USE_FAST_ACCUM=False, num_stages=5, num_warps=4
  triton_mm_1684 1.4309 ms 74.6% ACC_TYPE='tl.float32', ALLOW_TF32=True, BLOCK_K=32, BLOCK_M=128, BLOCK_N=128, EVEN_K=True, GROUP_M=8, USE_FAST_ACCUM=False, num_stages=4, num_warps=4
  triton_mm_1686 1.4718 ms 72.5% ACC_TYPE='tl.float32', ALLOW_TF32=True, BLOCK_K=32, BLOCK_M=64, BLOCK_N=128, EVEN_K=True, GROUP_M=8, USE_FAST_ACCUM=False, num_stages=4, num_warps=4
  triton_mm_1694 1.4732 ms 72.4% ACC_TYPE='tl.float32', ALLOW_TF32=True, BLOCK_K=64, BLOCK_M=64, BLOCK_N=128, EVEN_K=True, GROUP_M=8, USE_FAST_ACCUM=False, num_stages=4, num_warps=4
  triton_mm_1780 1.4798 ms 72.1% ACC_TYPE='tl.float32', ALLOW_TF32=True, BLOCK_K=128, BLOCK_M=64, BLOCK_N=128, EVEN_K=True, GROUP_M=8, USE_FAST_ACCUM=False, num_stages=3, num_warps=4
  triton_mm_1693 1.4862 ms 71.8% ACC_TYPE='tl.float32', ALLOW_TF32=True, BLOCK_K=64, BLOCK_M=128, BLOCK_N=64, EVEN_K=True, GROUP_M=8, USE_FAST_ACCUM=False, num_stages=4, num_warps=4
SingleProcess AUTOTUNE benchmarking takes 5.1157 seconds and 0.0005 seconds precompiling for 106 choices
Autotune Choices Stats:
{"num_choices": 106, "num_triton_choices": 105, "best_kernel": "_scaled_mm", "best_time": 0.9964159727096558, "best_triton_pos": 1, "best_triton_time": 0.997376024723053, "best_triton_kernel": "triton_mm_1589", "best_triton_kernel_desc": "ACC_TYPE='tl.float32', ALLOW_TF32=True, BLOCK_K=64, BLOCK_M=64, BLOCK_N=128, EVEN_K=True, GROUP_M=8, USE_FAST_ACCUM=False, num_stages=4, num_warps=4"}
AUTOTUNE scaled_mm(65536x2048, 2048x1024, , )
strides: [2048, 1], [1, 2048], [], []
dtypes: torch.float8_e4m3fn, torch.float8_e4m3fn, torch.float32, torch.float32
  _scaled_mm 0.9964 ms 100.0% 
  triton_mm_1589 0.9974 ms 99.9% ACC_TYPE='tl.float32', ALLOW_TF32=True, BLOCK_K=64, BLOCK_M=64, BLOCK_N=128, EVEN_K=True, GROUP_M=8, USE_FAST_ACCUM=False, num_stages=4, num_warps=4
  triton_mm_1675 0.9983 ms 99.8% ACC_TYPE='tl.float32', ALLOW_TF32=True, BLOCK_K=128, BLOCK_M=64, BLOCK_N=128, EVEN_K=True, GROUP_M=8, USE_FAST_ACCUM=False, num_stages=3, num_warps=4
  triton_mm_1590 1.0103 ms 98.6% ACC_TYPE='tl.float32', ALLOW_TF32=True, BLOCK_K=64, BLOCK_M=128, BLOCK_N=32, EVEN_K=True, GROUP_M=8, USE_FAST_ACCUM=False, num_stages=4, num_warps=4
  triton_mm_1674 1.0120 ms 98.5% ACC_TYPE='tl.float32', ALLOW_TF32=True, BLOCK_K=128, BLOCK_M=64, BLOCK_N=128, EVEN_K=True, GROUP_M=8, USE_FAST_ACCUM=False, num_stages=2, num_warps=4
  triton_mm_1588 1.0155 ms 98.1% ACC_TYPE='tl.float32', ALLOW_TF32=True, BLOCK_K=64, BLOCK_M=128, BLOCK_N=64, EVEN_K=True, GROUP_M=8, USE_FAST_ACCUM=False, num_stages=4, num_warps=4
  triton_mm_1581 1.0232 ms 97.4% ACC_TYPE='tl.float32', ALLOW_TF32=True, BLOCK_K=32, BLOCK_M=64, BLOCK_N=128, EVEN_K=True, GROUP_M=8, USE_FAST_ACCUM=False, num_stages=4, num_warps=4
  triton_mm_1580 1.0607 ms 93.9% ACC_TYPE='tl.float32', ALLOW_TF32=True, BLOCK_K=32, BLOCK_M=128, BLOCK_N=64, EVEN_K=True, GROUP_M=8, USE_FAST_ACCUM=False, num_stages=4, num_warps=4
  triton_mm_1578 1.1816 ms 84.3% ACC_TYPE='tl.float32', ALLOW_TF32=True, BLOCK_K=32, BLOCK_M=64, BLOCK_N=256, EVEN_K=True, GROUP_M=8, USE_FAST_ACCUM=False, num_stages=4, num_warps=4
  triton_mm_1579 1.2124 ms 82.2% ACC_TYPE='tl.float32', ALLOW_TF32=True, BLOCK_K=32, BLOCK_M=128, BLOCK_N=128, EVEN_K=True, GROUP_M=8, USE_FAST_ACCUM=False, num_stages=4, num_warps=4
SingleProcess AUTOTUNE benchmarking takes 5.0355 seconds and 0.2470 seconds precompiling for 106 choices
Autotune Choices Stats:
{"num_choices": 106, "num_triton_choices": 105, "best_kernel": "_scaled_mm", "best_time": 0.9972479939460754, "best_triton_pos": 1, "best_triton_time": 0.997439980506897, "best_triton_kernel": "triton_mm_1589", "best_triton_kernel_desc": "ACC_TYPE='tl.float32', ALLOW_TF32=True, BLOCK_K=64, BLOCK_M=64, BLOCK_N=128, EVEN_K=True, GROUP_M=8, USE_FAST_ACCUM=False, num_stages=4, num_warps=4"}
AUTOTUNE scaled_mm(65536x2048, 2048x1024, , )
strides: [2048, 1], [1, 2048], [], []
dtypes: torch.float8_e4m3fn, torch.float8_e4m3fn, torch.float32, torch.float32
  _scaled_mm 0.9972 ms 100.0% 
  triton_mm_1589 0.9974 ms 100.0% ACC_TYPE='tl.float32', ALLOW_TF32=True, BLOCK_K=64, BLOCK_M=64, BLOCK_N=128, EVEN_K=True, GROUP_M=8, USE_FAST_ACCUM=False, num_stages=4, num_warps=4
  triton_mm_1675 0.9984 ms 99.9% ACC_TYPE='tl.float32', ALLOW_TF32=True, BLOCK_K=128, BLOCK_M=64, BLOCK_N=128, EVEN_K=True, GROUP_M=8, USE_FAST_ACCUM=False, num_stages=3, num_warps=4
  triton_mm_1590 1.0090 ms 98.8% ACC_TYPE='tl.float32', ALLOW_TF32=True, BLOCK_K=64, BLOCK_M=128, BLOCK_N=32, EVEN_K=True, GROUP_M=8, USE_FAST_ACCUM=False, num_stages=4, num_warps=4
  triton_mm_1674 1.0120 ms 98.5% ACC_TYPE='tl.float32', ALLOW_TF32=True, BLOCK_K=128, BLOCK_M=64, BLOCK_N=128, EVEN_K=True, GROUP_M=8, USE_FAST_ACCUM=False, num_stages=2, num_warps=4
  triton_mm_1588 1.0138 ms 98.4% ACC_TYPE='tl.float32', ALLOW_TF32=True, BLOCK_K=64, BLOCK_M=128, BLOCK_N=64, EVEN_K=True, GROUP_M=8, USE_FAST_ACCUM=False, num_stages=4, num_warps=4
  triton_mm_1581 1.0227 ms 97.5% ACC_TYPE='tl.float32', ALLOW_TF32=True, BLOCK_K=32, BLOCK_M=64, BLOCK_N=128, EVEN_K=True, GROUP_M=8, USE_FAST_ACCUM=False, num_stages=4, num_warps=4
  triton_mm_1580 1.0604 ms 94.0% ACC_TYPE='tl.float32', ALLOW_TF32=True, BLOCK_K=32, BLOCK_M=128, BLOCK_N=64, EVEN_K=True, GROUP_M=8, USE_FAST_ACCUM=False, num_stages=4, num_warps=4
  triton_mm_1578 1.1802 ms 84.5% ACC_TYPE='tl.float32', ALLOW_TF32=True, BLOCK_K=32, BLOCK_M=64, BLOCK_N=256, EVEN_K=True, GROUP_M=8, USE_FAST_ACCUM=False, num_stages=4, num_warps=4
  triton_mm_1579 1.2116 ms 82.3% ACC_TYPE='tl.float32', ALLOW_TF32=True, BLOCK_K=32, BLOCK_M=128, BLOCK_N=128, EVEN_K=True, GROUP_M=8, USE_FAST_ACCUM=False, num_stages=4, num_warps=4
SingleProcess AUTOTUNE benchmarking takes 5.0553 seconds and 0.1032 seconds precompiling for 106 choices
Autotune Choices Stats:
{"num_choices": 106, "num_triton_choices": 105, "best_kernel": "triton_mm_1885", "best_kernel_desc": "ACC_TYPE='tl.float32', ALLOW_TF32=True, BLOCK_K=128, BLOCK_M=64, BLOCK_N=128, EVEN_K=True, GROUP_M=8, USE_FAST_ACCUM=False, num_stages=3, num_warps=4", "best_time": 0.2603519856929779, "best_triton_pos": 0}
AUTOTUNE scaled_mm(65536x2048, 2048x256, , )
strides: [2048, 1], [1, 2048], [], []
dtypes: torch.float8_e4m3fn, torch.float8_e4m3fn, torch.float32, torch.float32
  triton_mm_1885 0.2604 ms 100.0% ACC_TYPE='tl.float32', ALLOW_TF32=True, BLOCK_K=128, BLOCK_M=64, BLOCK_N=128, EVEN_K=True, GROUP_M=8, USE_FAST_ACCUM=False, num_stages=3, num_warps=4
  triton_mm_1800 0.2624 ms 99.2% ACC_TYPE='tl.float32', ALLOW_TF32=True, BLOCK_K=64, BLOCK_M=128, BLOCK_N=32, EVEN_K=True, GROUP_M=8, USE_FAST_ACCUM=False, num_stages=4, num_warps=4
  triton_mm_1799 0.2627 ms 99.1% ACC_TYPE='tl.float32', ALLOW_TF32=True, BLOCK_K=64, BLOCK_M=64, BLOCK_N=128, EVEN_K=True, GROUP_M=8, USE_FAST_ACCUM=False, num_stages=4, num_warps=4
  _scaled_mm 0.2655 ms 98.0% 
  triton_mm_1884 0.2669 ms 97.6% ACC_TYPE='tl.float32', ALLOW_TF32=True, BLOCK_K=128, BLOCK_M=64, BLOCK_N=128, EVEN_K=True, GROUP_M=8, USE_FAST_ACCUM=False, num_stages=2, num_warps=4
  triton_mm_1798 0.2669 ms 97.5% ACC_TYPE='tl.float32', ALLOW_TF32=True, BLOCK_K=64, BLOCK_M=128, BLOCK_N=64, EVEN_K=True, GROUP_M=8, USE_FAST_ACCUM=False, num_stages=4, num_warps=4
  triton_mm_1791 0.2687 ms 96.9% ACC_TYPE='tl.float32', ALLOW_TF32=True, BLOCK_K=32, BLOCK_M=64, BLOCK_N=128, EVEN_K=True, GROUP_M=8, USE_FAST_ACCUM=False, num_stages=4, num_warps=4
  triton_mm_1790 0.2788 ms 93.4% ACC_TYPE='tl.float32', ALLOW_TF32=True, BLOCK_K=32, BLOCK_M=128, BLOCK_N=64, EVEN_K=True, GROUP_M=8, USE_FAST_ACCUM=False, num_stages=4, num_warps=4
  triton_mm_1788 0.3055 ms 85.2% ACC_TYPE='tl.float32', ALLOW_TF32=True, BLOCK_K=32, BLOCK_M=64, BLOCK_N=256, EVEN_K=True, GROUP_M=8, USE_FAST_ACCUM=False, num_stages=4, num_warps=4
  triton_mm_1789 0.3260 ms 79.9% ACC_TYPE='tl.float32', ALLOW_TF32=True, BLOCK_K=32, BLOCK_M=128, BLOCK_N=128, EVEN_K=True, GROUP_M=8, USE_FAST_ACCUM=False, num_stages=4, num_warps=4
SingleProcess AUTOTUNE benchmarking takes 3.8992 seconds and 0.0006 seconds precompiling for 106 choices
Autotune Choices Stats:
{"num_choices": 106, "num_triton_choices": 105, "best_kernel": "_scaled_mm", "best_time": 0.9954239726066589, "best_triton_pos": 1, "best_triton_time": 0.9967679977416992, "best_triton_kernel": "triton_mm_1589", "best_triton_kernel_desc": "ACC_TYPE='tl.float32', ALLOW_TF32=True, BLOCK_K=64, BLOCK_M=64, BLOCK_N=128, EVEN_K=True, GROUP_M=8, USE_FAST_ACCUM=False, num_stages=4, num_warps=4"}
AUTOTUNE scaled_mm(65536x2048, 2048x1024, , )
strides: [2048, 1], [1, 2048], [], []
dtypes: torch.float8_e4m3fn, torch.float8_e4m3fn, torch.float32, torch.float32
  _scaled_mm 0.9954 ms 100.0% 
  triton_mm_1589 0.9968 ms 99.9% ACC_TYPE='tl.float32', ALLOW_TF32=True, BLOCK_K=64, BLOCK_M=64, BLOCK_N=128, EVEN_K=True, GROUP_M=8, USE_FAST_ACCUM=False, num_stages=4, num_warps=4
  triton_mm_1675 0.9996 ms 99.6% ACC_TYPE='tl.float32', ALLOW_TF32=True, BLOCK_K=128, BLOCK_M=64, BLOCK_N=128, EVEN_K=True, GROUP_M=8, USE_FAST_ACCUM=False, num_stages=3, num_warps=4
  triton_mm_1590 1.0083 ms 98.7% ACC_TYPE='tl.float32', ALLOW_TF32=True, BLOCK_K=64, BLOCK_M=128, BLOCK_N=32, EVEN_K=True, GROUP_M=8, USE_FAST_ACCUM=False, num_stages=4, num_warps=4
  triton_mm_1588 1.0139 ms 98.2% ACC_TYPE='tl.float32', ALLOW_TF32=True, BLOCK_K=64, BLOCK_M=128, BLOCK_N=64, EVEN_K=True, GROUP_M=8, USE_FAST_ACCUM=False, num_stages=4, num_warps=4
  triton_mm_1674 1.0149 ms 98.1% ACC_TYPE='tl.float32', ALLOW_TF32=True, BLOCK_K=128, BLOCK_M=64, BLOCK_N=128, EVEN_K=True, GROUP_M=8, USE_FAST_ACCUM=False, num_stages=2, num_warps=4
  triton_mm_1581 1.0207 ms 97.5% ACC_TYPE='tl.float32', ALLOW_TF32=True, BLOCK_K=32, BLOCK_M=64, BLOCK_N=128, EVEN_K=True, GROUP_M=8, USE_FAST_ACCUM=False, num_stages=4, num_warps=4
  triton_mm_1580 1.0592 ms 94.0% ACC_TYPE='tl.float32', ALLOW_TF32=True, BLOCK_K=32, BLOCK_M=128, BLOCK_N=64, EVEN_K=True, GROUP_M=8, USE_FAST_ACCUM=False, num_stages=4, num_warps=4
  triton_mm_1578 1.1815 ms 84.3% ACC_TYPE='tl.float32', ALLOW_TF32=True, BLOCK_K=32, BLOCK_M=64, BLOCK_N=256, EVEN_K=True, GROUP_M=8, USE_FAST_ACCUM=False, num_stages=4, num_warps=4
  triton_mm_1579 1.2132 ms 82.0% ACC_TYPE='tl.float32', ALLOW_TF32=True, BLOCK_K=32, BLOCK_M=128, BLOCK_N=128, EVEN_K=True, GROUP_M=8, USE_FAST_ACCUM=False, num_stages=4, num_warps=4
SingleProcess AUTOTUNE benchmarking takes 5.0404 seconds and 0.2514 seconds precompiling for 106 choices
Autotune Choices Stats:
{"num_choices": 106, "num_triton_choices": 105, "best_kernel": "triton_mm_1695", "best_kernel_desc": "ACC_TYPE='tl.float32', ALLOW_TF32=True, BLOCK_K=64, BLOCK_M=128, BLOCK_N=32, EVEN_K=True, GROUP_M=8, USE_FAST_ACCUM=False, num_stages=4, num_warps=4", "best_time": 1.0718719959259033, "best_triton_pos": 0}
AUTOTUNE scaled_mm(2048x65536, 65536x1024, , )
strides: [65536, 1], [1, 65536], [], []
dtypes: torch.float8_e4m3fn, torch.float8_e4m3fn, torch.float32, torch.float32
  triton_mm_1695 1.0719 ms 100.0% ACC_TYPE='tl.float32', ALLOW_TF32=True, BLOCK_K=64, BLOCK_M=128, BLOCK_N=32, EVEN_K=True, GROUP_M=8, USE_FAST_ACCUM=False, num_stages=4, num_warps=4
  _scaled_mm 1.1151 ms 96.1% 
  triton_mm_1694 1.2191 ms 87.9% ACC_TYPE='tl.float32', ALLOW_TF32=True, BLOCK_K=64, BLOCK_M=64, BLOCK_N=128, EVEN_K=True, GROUP_M=8, USE_FAST_ACCUM=False, num_stages=4, num_warps=4
  triton_mm_1683 1.2754 ms 84.0% ACC_TYPE='tl.float32', ALLOW_TF32=True, BLOCK_K=32, BLOCK_M=64, BLOCK_N=256, EVEN_K=True, GROUP_M=8, USE_FAST_ACCUM=False, num_stages=4, num_warps=4
  triton_mm_1693 1.2904 ms 83.1% ACC_TYPE='tl.float32', ALLOW_TF32=True, BLOCK_K=64, BLOCK_M=128, BLOCK_N=64, EVEN_K=True, GROUP_M=8, USE_FAST_ACCUM=False, num_stages=4, num_warps=4
  triton_mm_1691 1.3247 ms 80.9% ACC_TYPE='tl.float32', ALLOW_TF32=True, BLOCK_K=128, BLOCK_M=64, BLOCK_N=256, EVEN_K=True, GROUP_M=8, USE_FAST_ACCUM=False, num_stages=4, num_warps=4
  triton_mm_1777 1.3656 ms 78.5% ACC_TYPE='tl.float32', ALLOW_TF32=True, BLOCK_K=256, BLOCK_M=64, BLOCK_N=16, EVEN_K=True, GROUP_M=8, USE_FAST_ACCUM=False, num_stages=5, num_warps=4
  triton_mm_1686 1.3835 ms 77.5% ACC_TYPE='tl.float32', ALLOW_TF32=True, BLOCK_K=32, BLOCK_M=64, BLOCK_N=128, EVEN_K=True, GROUP_M=8, USE_FAST_ACCUM=False, num_stages=4, num_warps=4
  triton_mm_1684 1.4362 ms 74.6% ACC_TYPE='tl.float32', ALLOW_TF32=True, BLOCK_K=32, BLOCK_M=128, BLOCK_N=128, EVEN_K=True, GROUP_M=8, USE_FAST_ACCUM=False, num_stages=4, num_warps=4
  triton_mm_1780 1.4971 ms 71.6% ACC_TYPE='tl.float32', ALLOW_TF32=True, BLOCK_K=128, BLOCK_M=64, BLOCK_N=128, EVEN_K=True, GROUP_M=8, USE_FAST_ACCUM=False, num_stages=3, num_warps=4
SingleProcess AUTOTUNE benchmarking takes 5.2531 seconds and 0.0005 seconds precompiling for 106 choices
Autotune Choices Stats:
{"num_choices": 106, "num_triton_choices": 105, "best_kernel": "_scaled_mm", "best_time": 0.301503986120224, "best_triton_pos": 1, "best_triton_time": 0.33446401357650757, "best_triton_kernel": "triton_mm_1990", "best_triton_kernel_desc": "ACC_TYPE='tl.float32', ALLOW_TF32=True, BLOCK_K=128, BLOCK_M=64, BLOCK_N=128, EVEN_K=True, GROUP_M=8, USE_FAST_ACCUM=False, num_stages=3, num_warps=4"}
AUTOTUNE scaled_mm(2048x65536, 65536x256, , )
strides: [65536, 1], [1, 65536], [], []
dtypes: torch.float8_e4m3fn, torch.float8_e4m3fn, torch.float32, torch.float32
  _scaled_mm 0.3015 ms 100.0% 
  triton_mm_1990 0.3345 ms 90.1% ACC_TYPE='tl.float32', ALLOW_TF32=True, BLOCK_K=128, BLOCK_M=64, BLOCK_N=128, EVEN_K=True, GROUP_M=8, USE_FAST_ACCUM=False, num_stages=3, num_warps=4
  triton_mm_1904 0.3378 ms 89.2% ACC_TYPE='tl.float32', ALLOW_TF32=True, BLOCK_K=64, BLOCK_M=64, BLOCK_N=128, EVEN_K=True, GROUP_M=8, USE_FAST_ACCUM=False, num_stages=4, num_warps=4
  triton_mm_1905 0.3502 ms 86.1% ACC_TYPE='tl.float32', ALLOW_TF32=True, BLOCK_K=64, BLOCK_M=128, BLOCK_N=32, EVEN_K=True, GROUP_M=8, USE_FAST_ACCUM=False, num_stages=4, num_warps=4
  triton_mm_1987 0.3777 ms 79.8% ACC_TYPE='tl.float32', ALLOW_TF32=True, BLOCK_K=256, BLOCK_M=64, BLOCK_N=16, EVEN_K=True, GROUP_M=8, USE_FAST_ACCUM=False, num_stages=5, num_warps=4
  triton_mm_1903 0.4042 ms 74.6% ACC_TYPE='tl.float32', ALLOW_TF32=True, BLOCK_K=64, BLOCK_M=128, BLOCK_N=64, EVEN_K=True, GROUP_M=8, USE_FAST_ACCUM=False, num_stages=4, num_warps=4
  triton_mm_1988 0.4453 ms 67.7% ACC_TYPE='tl.float32', ALLOW_TF32=True, BLOCK_K=256, BLOCK_M=64, BLOCK_N=32, EVEN_K=True, GROUP_M=8, USE_FAST_ACCUM=False, num_stages=5, num_warps=4
  triton_mm_1896 0.4905 ms 61.5% ACC_TYPE='tl.float32', ALLOW_TF32=True, BLOCK_K=32, BLOCK_M=64, BLOCK_N=128, EVEN_K=True, GROUP_M=8, USE_FAST_ACCUM=False, num_stages=4, num_warps=4
  triton_mm_1897 0.5050 ms 59.7% ACC_TYPE='tl.float32', ALLOW_TF32=True, BLOCK_K=32, BLOCK_M=128, BLOCK_N=32, EVEN_K=True, GROUP_M=8, USE_FAST_ACCUM=False, num_stages=4, num_warps=4
  triton_mm_1895 0.5290 ms 57.0% ACC_TYPE='tl.float32', ALLOW_TF32=True, BLOCK_K=32, BLOCK_M=128, BLOCK_N=64, EVEN_K=True, GROUP_M=8, USE_FAST_ACCUM=False, num_stages=4, num_warps=4
SingleProcess AUTOTUNE benchmarking takes 4.0364 seconds and 0.0006 seconds precompiling for 106 choices
Autotune Choices Stats:
{"num_choices": 106, "num_triton_choices": 105, "best_kernel": "_scaled_mm", "best_time": 1.0863679647445679, "best_triton_pos": 1, "best_triton_time": 1.0872960090637207, "best_triton_kernel": "triton_mm_1675", "best_triton_kernel_desc": "ACC_TYPE='tl.float32', ALLOW_TF32=True, BLOCK_K=128, BLOCK_M=64, BLOCK_N=128, EVEN_K=True, GROUP_M=8, USE_FAST_ACCUM=False, num_stages=3, num_warps=4"}
AUTOTUNE scaled_mm(65536x2048, 2048x1024, , )
strides: [2048, 1], [1, 2048], [], []
dtypes: torch.float8_e4m3fn, torch.float8_e4m3fn, torch.float32, torch.float32
  _scaled_mm 1.0864 ms 100.0% 
  triton_mm_1675 1.0873 ms 99.9% ACC_TYPE='tl.float32', ALLOW_TF32=True, BLOCK_K=128, BLOCK_M=64, BLOCK_N=128, EVEN_K=True, GROUP_M=8, USE_FAST_ACCUM=False, num_stages=3, num_warps=4
  triton_mm_1589 1.0888 ms 99.8% ACC_TYPE='tl.float32', ALLOW_TF32=True, BLOCK_K=64, BLOCK_M=64, BLOCK_N=128, EVEN_K=True, GROUP_M=8, USE_FAST_ACCUM=False, num_stages=4, num_warps=4
  triton_mm_1590 1.1007 ms 98.7% ACC_TYPE='tl.float32', ALLOW_TF32=True, BLOCK_K=64, BLOCK_M=128, BLOCK_N=32, EVEN_K=True, GROUP_M=8, USE_FAST_ACCUM=False, num_stages=4, num_warps=4
  triton_mm_1674 1.1007 ms 98.7% ACC_TYPE='tl.float32', ALLOW_TF32=True, BLOCK_K=128, BLOCK_M=64, BLOCK_N=128, EVEN_K=True, GROUP_M=8, USE_FAST_ACCUM=False, num_stages=2, num_warps=4
  triton_mm_1588 1.1078 ms 98.1% ACC_TYPE='tl.float32', ALLOW_TF32=True, BLOCK_K=64, BLOCK_M=128, BLOCK_N=64, EVEN_K=True, GROUP_M=8, USE_FAST_ACCUM=False, num_stages=4, num_warps=4
  triton_mm_1581 1.1128 ms 97.6% ACC_TYPE='tl.float32', ALLOW_TF32=True, BLOCK_K=32, BLOCK_M=64, BLOCK_N=128, EVEN_K=True, GROUP_M=8, USE_FAST_ACCUM=False, num_stages=4, num_warps=4
  triton_mm_1580 1.1555 ms 94.0% ACC_TYPE='tl.float32', ALLOW_TF32=True, BLOCK_K=32, BLOCK_M=128, BLOCK_N=64, EVEN_K=True, GROUP_M=8, USE_FAST_ACCUM=False, num_stages=4, num_warps=4
  triton_mm_1578 1.2870 ms 84.4% ACC_TYPE='tl.float32', ALLOW_TF32=True, BLOCK_K=32, BLOCK_M=64, BLOCK_N=256, EVEN_K=True, GROUP_M=8, USE_FAST_ACCUM=False, num_stages=4, num_warps=4
  triton_mm_1579 1.3211 ms 82.2% ACC_TYPE='tl.float32', ALLOW_TF32=True, BLOCK_K=32, BLOCK_M=128, BLOCK_N=128, EVEN_K=True, GROUP_M=8, USE_FAST_ACCUM=False, num_stages=4, num_warps=4
SingleProcess AUTOTUNE benchmarking takes 5.1430 seconds and 0.1739 seconds precompiling for 106 choices
Autotune Choices Stats:
{"num_choices": 106, "num_triton_choices": 105, "best_kernel": "triton_mm_1695", "best_kernel_desc": "ACC_TYPE='tl.float32', ALLOW_TF32=True, BLOCK_K=64, BLOCK_M=128, BLOCK_N=32, EVEN_K=True, GROUP_M=8, USE_FAST_ACCUM=False, num_stages=4, num_warps=4", "best_time": 1.0655360221862793, "best_triton_pos": 0}
AUTOTUNE scaled_mm(2048x65536, 65536x1024, , )
strides: [65536, 1], [1, 65536], [], []
dtypes: torch.float8_e4m3fn, torch.float8_e4m3fn, torch.float32, torch.float32
  triton_mm_1695 1.0655 ms 100.0% ACC_TYPE='tl.float32', ALLOW_TF32=True, BLOCK_K=64, BLOCK_M=128, BLOCK_N=32, EVEN_K=True, GROUP_M=8, USE_FAST_ACCUM=False, num_stages=4, num_warps=4
  _scaled_mm 1.1178 ms 95.3% 
  triton_mm_1780 1.2163 ms 87.6% ACC_TYPE='tl.float32', ALLOW_TF32=True, BLOCK_K=128, BLOCK_M=64, BLOCK_N=128, EVEN_K=True, GROUP_M=8, USE_FAST_ACCUM=False, num_stages=3, num_warps=4
  triton_mm_1694 1.2195 ms 87.4% ACC_TYPE='tl.float32', ALLOW_TF32=True, BLOCK_K=64, BLOCK_M=64, BLOCK_N=128, EVEN_K=True, GROUP_M=8, USE_FAST_ACCUM=False, num_stages=4, num_warps=4
  triton_mm_1683 1.2740 ms 83.6% ACC_TYPE='tl.float32', ALLOW_TF32=True, BLOCK_K=32, BLOCK_M=64, BLOCK_N=256, EVEN_K=True, GROUP_M=8, USE_FAST_ACCUM=False, num_stages=4, num_warps=4
  triton_mm_1691 1.3214 ms 80.6% ACC_TYPE='tl.float32', ALLOW_TF32=True, BLOCK_K=128, BLOCK_M=64, BLOCK_N=256, EVEN_K=True, GROUP_M=8, USE_FAST_ACCUM=False, num_stages=4, num_warps=4
  triton_mm_1686 1.3625 ms 78.2% ACC_TYPE='tl.float32', ALLOW_TF32=True, BLOCK_K=32, BLOCK_M=64, BLOCK_N=128, EVEN_K=True, GROUP_M=8, USE_FAST_ACCUM=False, num_stages=4, num_warps=4
  triton_mm_1777 1.3756 ms 77.5% ACC_TYPE='tl.float32', ALLOW_TF32=True, BLOCK_K=256, BLOCK_M=64, BLOCK_N=16, EVEN_K=True, GROUP_M=8, USE_FAST_ACCUM=False, num_stages=5, num_warps=4
  triton_mm_1684 1.4376 ms 74.1% ACC_TYPE='tl.float32', ALLOW_TF32=True, BLOCK_K=32, BLOCK_M=128, BLOCK_N=128, EVEN_K=True, GROUP_M=8, USE_FAST_ACCUM=False, num_stages=4, num_warps=4
  triton_mm_1779 1.4820 ms 71.9% ACC_TYPE='tl.float32', ALLOW_TF32=True, BLOCK_K=128, BLOCK_M=64, BLOCK_N=128, EVEN_K=True, GROUP_M=8, USE_FAST_ACCUM=False, num_stages=2, num_warps=4
SingleProcess AUTOTUNE benchmarking takes 5.1771 seconds and 0.0005 seconds precompiling for 106 choices
Autotune Choices Stats:
{"num_choices": 106, "num_triton_choices": 105, "best_kernel": "triton_mm_1695", "best_kernel_desc": "ACC_TYPE='tl.float32', ALLOW_TF32=True, BLOCK_K=64, BLOCK_M=128, BLOCK_N=32, EVEN_K=True, GROUP_M=8, USE_FAST_ACCUM=False, num_stages=4, num_warps=4", "best_time": 1.0693119764328003, "best_triton_pos": 0}
AUTOTUNE scaled_mm(2048x65536, 65536x1024, , )
strides: [65536, 1], [1, 65536], [], []
dtypes: torch.float8_e4m3fn, torch.float8_e4m3fn, torch.float32, torch.float32
  triton_mm_1695 1.0693 ms 100.0% ACC_TYPE='tl.float32', ALLOW_TF32=True, BLOCK_K=64, BLOCK_M=128, BLOCK_N=32, EVEN_K=True, GROUP_M=8, USE_FAST_ACCUM=False, num_stages=4, num_warps=4
  _scaled_mm 1.1145 ms 95.9% 
  triton_mm_1694 1.2202 ms 87.6% ACC_TYPE='tl.float32', ALLOW_TF32=True, BLOCK_K=64, BLOCK_M=64, BLOCK_N=128, EVEN_K=True, GROUP_M=8, USE_FAST_ACCUM=False, num_stages=4, num_warps=4
  triton_mm_1683 1.2759 ms 83.8% ACC_TYPE='tl.float32', ALLOW_TF32=True, BLOCK_K=32, BLOCK_M=64, BLOCK_N=256, EVEN_K=True, GROUP_M=8, USE_FAST_ACCUM=False, num_stages=4, num_warps=4
  triton_mm_1691 1.3230 ms 80.8% ACC_TYPE='tl.float32', ALLOW_TF32=True, BLOCK_K=128, BLOCK_M=64, BLOCK_N=256, EVEN_K=True, GROUP_M=8, USE_FAST_ACCUM=False, num_stages=4, num_warps=4
  triton_mm_1777 1.3611 ms 78.6% ACC_TYPE='tl.float32', ALLOW_TF32=True, BLOCK_K=256, BLOCK_M=64, BLOCK_N=16, EVEN_K=True, GROUP_M=8, USE_FAST_ACCUM=False, num_stages=5, num_warps=4
  triton_mm_1686 1.3813 ms 77.4% ACC_TYPE='tl.float32', ALLOW_TF32=True, BLOCK_K=32, BLOCK_M=64, BLOCK_N=128, EVEN_K=True, GROUP_M=8, USE_FAST_ACCUM=False, num_stages=4, num_warps=4
  triton_mm_1684 1.4393 ms 74.3% ACC_TYPE='tl.float32', ALLOW_TF32=True, BLOCK_K=32, BLOCK_M=128, BLOCK_N=128, EVEN_K=True, GROUP_M=8, USE_FAST_ACCUM=False, num_stages=4, num_warps=4
  triton_mm_1780 1.4906 ms 71.7% ACC_TYPE='tl.float32', ALLOW_TF32=True, BLOCK_K=128, BLOCK_M=64, BLOCK_N=128, EVEN_K=True, GROUP_M=8, USE_FAST_ACCUM=False, num_stages=3, num_warps=4
  triton_mm_1693 1.4970 ms 71.4% ACC_TYPE='tl.float32', ALLOW_TF32=True, BLOCK_K=64, BLOCK_M=128, BLOCK_N=64, EVEN_K=True, GROUP_M=8, USE_FAST_ACCUM=False, num_stages=4, num_warps=4
SingleProcess AUTOTUNE benchmarking takes 5.1448 seconds and 0.0005 seconds precompiling for 106 choices
Autotune Choices Stats:
{"num_choices": 106, "num_triton_choices": 105, "best_kernel": "_scaled_mm", "best_time": 0.1369599997997284, "best_triton_pos": 1, "best_triton_time": 0.14880000054836273, "best_triton_kernel": "triton_mm_2009", "best_triton_kernel_desc": "ACC_TYPE='tl.float32', ALLOW_TF32=True, BLOCK_K=64, BLOCK_M=64, BLOCK_N=128, EVEN_K=True, GROUP_M=8, USE_FAST_ACCUM=False, num_stages=4, num_warps=4"}
AUTOTUNE scaled_mm(65536x256, 256x1024, , )
strides: [256, 1], [1, 256], [], []
dtypes: torch.float8_e4m3fn, torch.float8_e4m3fn, torch.float32, torch.float32
  _scaled_mm 0.1370 ms 100.0% 
  triton_mm_2009 0.1488 ms 92.0% ACC_TYPE='tl.float32', ALLOW_TF32=True, BLOCK_K=64, BLOCK_M=64, BLOCK_N=128, EVEN_K=True, GROUP_M=8, USE_FAST_ACCUM=False, num_stages=4, num_warps=4
  triton_mm_2095 0.1517 ms 90.3% ACC_TYPE='tl.float32', ALLOW_TF32=True, BLOCK_K=128, BLOCK_M=64, BLOCK_N=128, EVEN_K=True, GROUP_M=8, USE_FAST_ACCUM=False, num_stages=3, num_warps=4
  triton_mm_2008 0.1563 ms 87.7% ACC_TYPE='tl.float32', ALLOW_TF32=True, BLOCK_K=64, BLOCK_M=128, BLOCK_N=64, EVEN_K=True, GROUP_M=8, USE_FAST_ACCUM=False, num_stages=4, num_warps=4
  triton_mm_2094 0.1622 ms 84.4% ACC_TYPE='tl.float32', ALLOW_TF32=True, BLOCK_K=128, BLOCK_M=64, BLOCK_N=128, EVEN_K=True, GROUP_M=8, USE_FAST_ACCUM=False, num_stages=2, num_warps=4
  triton_mm_2001 0.1714 ms 79.9% ACC_TYPE='tl.float32', ALLOW_TF32=True, BLOCK_K=32, BLOCK_M=64, BLOCK_N=128, EVEN_K=True, GROUP_M=8, USE_FAST_ACCUM=False, num_stages=4, num_warps=4
  triton_mm_2000 0.1785 ms 76.7% ACC_TYPE='tl.float32', ALLOW_TF32=True, BLOCK_K=32, BLOCK_M=128, BLOCK_N=64, EVEN_K=True, GROUP_M=8, USE_FAST_ACCUM=False, num_stages=4, num_warps=4
  triton_mm_2010 0.1898 ms 72.2% ACC_TYPE='tl.float32', ALLOW_TF32=True, BLOCK_K=64, BLOCK_M=128, BLOCK_N=32, EVEN_K=True, GROUP_M=8, USE_FAST_ACCUM=False, num_stages=4, num_warps=4
  triton_mm_2093 0.2150 ms 63.7% ACC_TYPE='tl.float32', ALLOW_TF32=True, BLOCK_K=256, BLOCK_M=64, BLOCK_N=32, EVEN_K=True, GROUP_M=8, USE_FAST_ACCUM=False, num_stages=5, num_warps=4
  triton_mm_1998 0.2161 ms 63.4% ACC_TYPE='tl.float32', ALLOW_TF32=True, BLOCK_K=32, BLOCK_M=64, BLOCK_N=256, EVEN_K=True, GROUP_M=8, USE_FAST_ACCUM=False, num_stages=4, num_warps=4
SingleProcess AUTOTUNE benchmarking takes 3.5623 seconds and 0.0005 seconds precompiling for 106 choices
Autotune Choices Stats:
{"num_choices": 106, "num_triton_choices": 105, "best_kernel": "triton_mm_1695", "best_kernel_desc": "ACC_TYPE='tl.float32', ALLOW_TF32=True, BLOCK_K=64, BLOCK_M=128, BLOCK_N=32, EVEN_K=True, GROUP_M=8, USE_FAST_ACCUM=False, num_stages=4, num_warps=4", "best_time": 1.163648009300232, "best_triton_pos": 0}
AUTOTUNE scaled_mm(2048x65536, 65536x1024, , )
strides: [65536, 1], [1, 65536], [], []
dtypes: torch.float8_e4m3fn, torch.float8_e4m3fn, torch.float32, torch.float32
  triton_mm_1695 1.1636 ms 100.0% ACC_TYPE='tl.float32', ALLOW_TF32=True, BLOCK_K=64, BLOCK_M=128, BLOCK_N=32, EVEN_K=True, GROUP_M=8, USE_FAST_ACCUM=False, num_stages=4, num_warps=4
  _scaled_mm 1.2123 ms 96.0% 
  triton_mm_1694 1.3257 ms 87.8% ACC_TYPE='tl.float32', ALLOW_TF32=True, BLOCK_K=64, BLOCK_M=64, BLOCK_N=128, EVEN_K=True, GROUP_M=8, USE_FAST_ACCUM=False, num_stages=4, num_warps=4
  triton_mm_1780 1.3267 ms 87.7% ACC_TYPE='tl.float32', ALLOW_TF32=True, BLOCK_K=128, BLOCK_M=64, BLOCK_N=128, EVEN_K=True, GROUP_M=8, USE_FAST_ACCUM=False, num_stages=3, num_warps=4
  triton_mm_1683 1.3888 ms 83.8% ACC_TYPE='tl.float32', ALLOW_TF32=True, BLOCK_K=32, BLOCK_M=64, BLOCK_N=256, EVEN_K=True, GROUP_M=8, USE_FAST_ACCUM=False, num_stages=4, num_warps=4
  triton_mm_1693 1.4072 ms 82.7% ACC_TYPE='tl.float32', ALLOW_TF32=True, BLOCK_K=64, BLOCK_M=128, BLOCK_N=64, EVEN_K=True, GROUP_M=8, USE_FAST_ACCUM=False, num_stages=4, num_warps=4
  triton_mm_1691 1.4395 ms 80.8% ACC_TYPE='tl.float32', ALLOW_TF32=True, BLOCK_K=128, BLOCK_M=64, BLOCK_N=256, EVEN_K=True, GROUP_M=8, USE_FAST_ACCUM=False, num_stages=4, num_warps=4
  triton_mm_1777 1.4576 ms 79.8% ACC_TYPE='tl.float32', ALLOW_TF32=True, BLOCK_K=256, BLOCK_M=64, BLOCK_N=16, EVEN_K=True, GROUP_M=8, USE_FAST_ACCUM=False, num_stages=5, num_warps=4
  triton_mm_1686 1.4620 ms 79.6% ACC_TYPE='tl.float32', ALLOW_TF32=True, BLOCK_K=32, BLOCK_M=64, BLOCK_N=128, EVEN_K=True, GROUP_M=8, USE_FAST_ACCUM=False, num_stages=4, num_warps=4
  triton_mm_1684 1.5622 ms 74.5% ACC_TYPE='tl.float32', ALLOW_TF32=True, BLOCK_K=32, BLOCK_M=128, BLOCK_N=128, EVEN_K=True, GROUP_M=8, USE_FAST_ACCUM=False, num_stages=4, num_warps=4
SingleProcess AUTOTUNE benchmarking takes 5.2931 seconds and 0.0005 seconds precompiling for 106 choices
Autotune Choices Stats:
{"num_choices": 106, "num_triton_choices": 105, "best_kernel": "_scaled_mm", "best_time": 0.1385599970817566, "best_triton_pos": 1, "best_triton_time": 0.215488001704216, "best_triton_kernel": "triton_mm_2197", "best_triton_kernel_desc": "ACC_TYPE='tl.float32', ALLOW_TF32=True, BLOCK_K=256, BLOCK_M=64, BLOCK_N=16, EVEN_K=True, GROUP_M=8, USE_FAST_ACCUM=False, num_stages=5, num_warps=4"}
AUTOTUNE scaled_mm(256x65536, 65536x1024, , )
strides: [65536, 1], [1, 65536], [], []
dtypes: torch.float8_e4m3fn, torch.float8_e4m3fn, torch.float32, torch.float32
  _scaled_mm 0.1386 ms 100.0% 
  triton_mm_2197 0.2155 ms 64.3% ACC_TYPE='tl.float32', ALLOW_TF32=True, BLOCK_K=256, BLOCK_M=64, BLOCK_N=16, EVEN_K=True, GROUP_M=8, USE_FAST_ACCUM=False, num_stages=5, num_warps=4
  triton_mm_2198 0.2259 ms 61.3% ACC_TYPE='tl.float32', ALLOW_TF32=True, BLOCK_K=256, BLOCK_M=64, BLOCK_N=32, EVEN_K=True, GROUP_M=8, USE_FAST_ACCUM=False, num_stages=5, num_warps=4
  triton_mm_2115 0.3021 ms 45.9% ACC_TYPE='tl.float32', ALLOW_TF32=True, BLOCK_K=64, BLOCK_M=128, BLOCK_N=32, EVEN_K=True, GROUP_M=8, USE_FAST_ACCUM=False, num_stages=4, num_warps=4
  triton_mm_2200 0.3343 ms 41.5% ACC_TYPE='tl.float32', ALLOW_TF32=True, BLOCK_K=128, BLOCK_M=64, BLOCK_N=128, EVEN_K=True, GROUP_M=8, USE_FAST_ACCUM=False, num_stages=3, num_warps=4
  triton_mm_2114 0.3372 ms 41.1% ACC_TYPE='tl.float32', ALLOW_TF32=True, BLOCK_K=64, BLOCK_M=64, BLOCK_N=128, EVEN_K=True, GROUP_M=8, USE_FAST_ACCUM=False, num_stages=4, num_warps=4
  triton_mm_2113 0.4012 ms 34.5% ACC_TYPE='tl.float32', ALLOW_TF32=True, BLOCK_K=64, BLOCK_M=128, BLOCK_N=64, EVEN_K=True, GROUP_M=8, USE_FAST_ACCUM=False, num_stages=4, num_warps=4
  triton_mm_2107 0.4724 ms 29.3% ACC_TYPE='tl.float32', ALLOW_TF32=True, BLOCK_K=32, BLOCK_M=128, BLOCK_N=32, EVEN_K=True, GROUP_M=8, USE_FAST_ACCUM=False, num_stages=4, num_warps=4
  triton_mm_2106 0.4957 ms 28.0% ACC_TYPE='tl.float32', ALLOW_TF32=True, BLOCK_K=32, BLOCK_M=64, BLOCK_N=128, EVEN_K=True, GROUP_M=8, USE_FAST_ACCUM=False, num_stages=4, num_warps=4
  triton_mm_2161 0.5123 ms 27.0% ACC_TYPE='tl.float32', ALLOW_TF32=True, BLOCK_K=64, BLOCK_M=32, BLOCK_N=32, EVEN_K=True, GROUP_M=8, USE_FAST_ACCUM=False, num_stages=4, num_warps=2
SingleProcess AUTOTUNE benchmarking takes 3.8128 seconds and 0.0004 seconds precompiling for 106 choices
Autotune Choices Stats:
{"num_choices": 106, "num_triton_choices": 105, "best_kernel": "_scaled_mm", "best_time": 0.997215986251831, "best_triton_pos": 1, "best_triton_time": 0.9972479939460754, "best_triton_kernel": "triton_mm_1675", "best_triton_kernel_desc": "ACC_TYPE='tl.float32', ALLOW_TF32=True, BLOCK_K=128, BLOCK_M=64, BLOCK_N=128, EVEN_K=True, GROUP_M=8, USE_FAST_ACCUM=False, num_stages=3, num_warps=4"}
AUTOTUNE scaled_mm(65536x2048, 2048x1024, , )
strides: [2048, 1], [1, 2048], [], []
dtypes: torch.float8_e4m3fn, torch.float8_e4m3fn, torch.float32, torch.float32
  _scaled_mm 0.9972 ms 100.0% 
  triton_mm_1675 0.9972 ms 100.0% ACC_TYPE='tl.float32', ALLOW_TF32=True, BLOCK_K=128, BLOCK_M=64, BLOCK_N=128, EVEN_K=True, GROUP_M=8, USE_FAST_ACCUM=False, num_stages=3, num_warps=4
  triton_mm_1589 0.9979 ms 99.9% ACC_TYPE='tl.float32', ALLOW_TF32=True, BLOCK_K=64, BLOCK_M=64, BLOCK_N=128, EVEN_K=True, GROUP_M=8, USE_FAST_ACCUM=False, num_stages=4, num_warps=4
  triton_mm_1590 1.0106 ms 98.7% ACC_TYPE='tl.float32', ALLOW_TF32=True, BLOCK_K=64, BLOCK_M=128, BLOCK_N=32, EVEN_K=True, GROUP_M=8, USE_FAST_ACCUM=False, num_stages=4, num_warps=4
  triton_mm_1674 1.0123 ms 98.5% ACC_TYPE='tl.float32', ALLOW_TF32=True, BLOCK_K=128, BLOCK_M=64, BLOCK_N=128, EVEN_K=True, GROUP_M=8, USE_FAST_ACCUM=False, num_stages=2, num_warps=4
  triton_mm_1588 1.0157 ms 98.2% ACC_TYPE='tl.float32', ALLOW_TF32=True, BLOCK_K=64, BLOCK_M=128, BLOCK_N=64, EVEN_K=True, GROUP_M=8, USE_FAST_ACCUM=False, num_stages=4, num_warps=4
  triton_mm_1581 1.0217 ms 97.6% ACC_TYPE='tl.float32', ALLOW_TF32=True, BLOCK_K=32, BLOCK_M=64, BLOCK_N=128, EVEN_K=True, GROUP_M=8, USE_FAST_ACCUM=False, num_stages=4, num_warps=4
  triton_mm_1580 1.0607 ms 94.0% ACC_TYPE='tl.float32', ALLOW_TF32=True, BLOCK_K=32, BLOCK_M=128, BLOCK_N=64, EVEN_K=True, GROUP_M=8, USE_FAST_ACCUM=False, num_stages=4, num_warps=4
  triton_mm_1578 1.1823 ms 84.3% ACC_TYPE='tl.float32', ALLOW_TF32=True, BLOCK_K=32, BLOCK_M=64, BLOCK_N=256, EVEN_K=True, GROUP_M=8, USE_FAST_ACCUM=False, num_stages=4, num_warps=4
  triton_mm_1579 1.2148 ms 82.1% ACC_TYPE='tl.float32', ALLOW_TF32=True, BLOCK_K=32, BLOCK_M=128, BLOCK_N=128, EVEN_K=True, GROUP_M=8, USE_FAST_ACCUM=False, num_stages=4, num_warps=4
SingleProcess AUTOTUNE benchmarking takes 4.9248 seconds and 0.2390 seconds precompiling for 106 choices
Autotune Choices Stats:
{"num_choices": 106, "num_triton_choices": 105, "best_kernel": "triton_mm_1695", "best_kernel_desc": "ACC_TYPE='tl.float32', ALLOW_TF32=True, BLOCK_K=64, BLOCK_M=128, BLOCK_N=32, EVEN_K=True, GROUP_M=8, USE_FAST_ACCUM=False, num_stages=4, num_warps=4", "best_time": 1.0692800283432007, "best_triton_pos": 0}
AUTOTUNE scaled_mm(2048x65536, 65536x1024, , )
strides: [65536, 1], [1, 65536], [], []
dtypes: torch.float8_e4m3fn, torch.float8_e4m3fn, torch.float32, torch.float32
  triton_mm_1695 1.0693 ms 100.0% ACC_TYPE='tl.float32', ALLOW_TF32=True, BLOCK_K=64, BLOCK_M=128, BLOCK_N=32, EVEN_K=True, GROUP_M=8, USE_FAST_ACCUM=False, num_stages=4, num_warps=4
  _scaled_mm 1.1124 ms 96.1% 
  triton_mm_1683 1.2780 ms 83.7% ACC_TYPE='tl.float32', ALLOW_TF32=True, BLOCK_K=32, BLOCK_M=64, BLOCK_N=256, EVEN_K=True, GROUP_M=8, USE_FAST_ACCUM=False, num_stages=4, num_warps=4
  triton_mm_1691 1.3229 ms 80.8% ACC_TYPE='tl.float32', ALLOW_TF32=True, BLOCK_K=128, BLOCK_M=64, BLOCK_N=256, EVEN_K=True, GROUP_M=8, USE_FAST_ACCUM=False, num_stages=4, num_warps=4
  triton_mm_1777 1.3691 ms 78.1% ACC_TYPE='tl.float32', ALLOW_TF32=True, BLOCK_K=256, BLOCK_M=64, BLOCK_N=16, EVEN_K=True, GROUP_M=8, USE_FAST_ACCUM=False, num_stages=5, num_warps=4
  triton_mm_1684 1.4420 ms 74.2% ACC_TYPE='tl.float32', ALLOW_TF32=True, BLOCK_K=32, BLOCK_M=128, BLOCK_N=128, EVEN_K=True, GROUP_M=8, USE_FAST_ACCUM=False, num_stages=4, num_warps=4
  triton_mm_1694 1.4808 ms 72.2% ACC_TYPE='tl.float32', ALLOW_TF32=True, BLOCK_K=64, BLOCK_M=64, BLOCK_N=128, EVEN_K=True, GROUP_M=8, USE_FAST_ACCUM=False, num_stages=4, num_warps=4
  triton_mm_1686 1.4858 ms 72.0% ACC_TYPE='tl.float32', ALLOW_TF32=True, BLOCK_K=32, BLOCK_M=64, BLOCK_N=128, EVEN_K=True, GROUP_M=8, USE_FAST_ACCUM=False, num_stages=4, num_warps=4
  triton_mm_1779 1.4871 ms 71.9% ACC_TYPE='tl.float32', ALLOW_TF32=True, BLOCK_K=128, BLOCK_M=64, BLOCK_N=128, EVEN_K=True, GROUP_M=8, USE_FAST_ACCUM=False, num_stages=2, num_warps=4
  triton_mm_1780 1.4909 ms 71.7% ACC_TYPE='tl.float32', ALLOW_TF32=True, BLOCK_K=128, BLOCK_M=64, BLOCK_N=128, EVEN_K=True, GROUP_M=8, USE_FAST_ACCUM=False, num_stages=3, num_warps=4
SingleProcess AUTOTUNE benchmarking takes 5.1304 seconds and 0.0005 seconds precompiling for 106 choices
Autotune Choices Stats:
{"num_choices": 106, "num_triton_choices": 105, "best_kernel": "triton_mm_1800", "best_kernel_desc": "ACC_TYPE='tl.float32', ALLOW_TF32=True, BLOCK_K=64, BLOCK_M=128, BLOCK_N=32, EVEN_K=True, GROUP_M=8, USE_FAST_ACCUM=False, num_stages=4, num_warps=4", "best_time": 0.2604160010814667, "best_triton_pos": 0}
AUTOTUNE scaled_mm(65536x2048, 2048x256, , )
strides: [2048, 1], [1, 2048], [], []
dtypes: torch.float8_e4m3fn, torch.float8_e4m3fn, torch.float32, torch.float32
  triton_mm_1800 0.2604 ms 100.0% ACC_TYPE='tl.float32', ALLOW_TF32=True, BLOCK_K=64, BLOCK_M=128, BLOCK_N=32, EVEN_K=True, GROUP_M=8, USE_FAST_ACCUM=False, num_stages=4, num_warps=4
  triton_mm_1799 0.2609 ms 99.8% ACC_TYPE='tl.float32', ALLOW_TF32=True, BLOCK_K=64, BLOCK_M=64, BLOCK_N=128, EVEN_K=True, GROUP_M=8, USE_FAST_ACCUM=False, num_stages=4, num_warps=4
  triton_mm_1885 0.2613 ms 99.6% ACC_TYPE='tl.float32', ALLOW_TF32=True, BLOCK_K=128, BLOCK_M=64, BLOCK_N=128, EVEN_K=True, GROUP_M=8, USE_FAST_ACCUM=False, num_stages=3, num_warps=4
  _scaled_mm 0.2629 ms 99.0% 
  triton_mm_1798 0.2647 ms 98.4% ACC_TYPE='tl.float32', ALLOW_TF32=True, BLOCK_K=64, BLOCK_M=128, BLOCK_N=64, EVEN_K=True, GROUP_M=8, USE_FAST_ACCUM=False, num_stages=4, num_warps=4
  triton_mm_1884 0.2665 ms 97.7% ACC_TYPE='tl.float32', ALLOW_TF32=True, BLOCK_K=128, BLOCK_M=64, BLOCK_N=128, EVEN_K=True, GROUP_M=8, USE_FAST_ACCUM=False, num_stages=2, num_warps=4
  triton_mm_1791 0.2683 ms 97.1% ACC_TYPE='tl.float32', ALLOW_TF32=True, BLOCK_K=32, BLOCK_M=64, BLOCK_N=128, EVEN_K=True, GROUP_M=8, USE_FAST_ACCUM=False, num_stages=4, num_warps=4
  triton_mm_1790 0.2770 ms 94.0% ACC_TYPE='tl.float32', ALLOW_TF32=True, BLOCK_K=32, BLOCK_M=128, BLOCK_N=64, EVEN_K=True, GROUP_M=8, USE_FAST_ACCUM=False, num_stages=4, num_warps=4
  triton_mm_1788 0.3026 ms 86.1% ACC_TYPE='tl.float32', ALLOW_TF32=True, BLOCK_K=32, BLOCK_M=64, BLOCK_N=256, EVEN_K=True, GROUP_M=8, USE_FAST_ACCUM=False, num_stages=4, num_warps=4
  triton_mm_1789 0.3252 ms 80.1% ACC_TYPE='tl.float32', ALLOW_TF32=True, BLOCK_K=32, BLOCK_M=128, BLOCK_N=128, EVEN_K=True, GROUP_M=8, USE_FAST_ACCUM=False, num_stages=4, num_warps=4
SingleProcess AUTOTUNE benchmarking takes 3.9098 seconds and 0.0008 seconds precompiling for 106 choices
Autotune Choices Stats:
{"num_choices": 106, "num_triton_choices": 105, "best_kernel": "triton_mm_1799", "best_kernel_desc": "ACC_TYPE='tl.float32', ALLOW_TF32=True, BLOCK_K=64, BLOCK_M=64, BLOCK_N=128, EVEN_K=True, GROUP_M=8, USE_FAST_ACCUM=False, num_stages=4, num_warps=4", "best_time": 0.2614080011844635, "best_triton_pos": 0}
AUTOTUNE scaled_mm(65536x2048, 2048x256, , )
strides: [2048, 1], [1, 2048], [], []
dtypes: torch.float8_e4m3fn, torch.float8_e4m3fn, torch.float32, torch.float32
  triton_mm_1799 0.2614 ms 100.0% ACC_TYPE='tl.float32', ALLOW_TF32=True, BLOCK_K=64, BLOCK_M=64, BLOCK_N=128, EVEN_K=True, GROUP_M=8, USE_FAST_ACCUM=False, num_stages=4, num_warps=4
  triton_mm_1800 0.2621 ms 99.7% ACC_TYPE='tl.float32', ALLOW_TF32=True, BLOCK_K=64, BLOCK_M=128, BLOCK_N=32, EVEN_K=True, GROUP_M=8, USE_FAST_ACCUM=False, num_stages=4, num_warps=4
  triton_mm_1885 0.2625 ms 99.6% ACC_TYPE='tl.float32', ALLOW_TF32=True, BLOCK_K=128, BLOCK_M=64, BLOCK_N=128, EVEN_K=True, GROUP_M=8, USE_FAST_ACCUM=False, num_stages=3, num_warps=4
  _scaled_mm 0.2648 ms 98.7% 
  triton_mm_1798 0.2661 ms 98.2% ACC_TYPE='tl.float32', ALLOW_TF32=True, BLOCK_K=64, BLOCK_M=128, BLOCK_N=64, EVEN_K=True, GROUP_M=8, USE_FAST_ACCUM=False, num_stages=4, num_warps=4
  triton_mm_1884 0.2686 ms 97.3% ACC_TYPE='tl.float32', ALLOW_TF32=True, BLOCK_K=128, BLOCK_M=64, BLOCK_N=128, EVEN_K=True, GROUP_M=8, USE_FAST_ACCUM=False, num_stages=2, num_warps=4
  triton_mm_1791 0.2690 ms 97.2% ACC_TYPE='tl.float32', ALLOW_TF32=True, BLOCK_K=32, BLOCK_M=64, BLOCK_N=128, EVEN_K=True, GROUP_M=8, USE_FAST_ACCUM=False, num_stages=4, num_warps=4
  triton_mm_1790 0.2797 ms 93.5% ACC_TYPE='tl.float32', ALLOW_TF32=True, BLOCK_K=32, BLOCK_M=128, BLOCK_N=64, EVEN_K=True, GROUP_M=8, USE_FAST_ACCUM=False, num_stages=4, num_warps=4
  triton_mm_1788 0.3046 ms 85.8% ACC_TYPE='tl.float32', ALLOW_TF32=True, BLOCK_K=32, BLOCK_M=64, BLOCK_N=256, EVEN_K=True, GROUP_M=8, USE_FAST_ACCUM=False, num_stages=4, num_warps=4
  triton_mm_1789 0.3260 ms 80.2% ACC_TYPE='tl.float32', ALLOW_TF32=True, BLOCK_K=32, BLOCK_M=128, BLOCK_N=128, EVEN_K=True, GROUP_M=8, USE_FAST_ACCUM=False, num_stages=4, num_warps=4
SingleProcess AUTOTUNE benchmarking takes 3.8399 seconds and 0.0006 seconds precompiling for 106 choices
Autotune Choices Stats:
{"num_choices": 106, "num_triton_choices": 105, "best_kernel": "_scaled_mm", "best_time": 0.30131199955940247, "best_triton_pos": 1, "best_triton_time": 0.33452799916267395, "best_triton_kernel": "triton_mm_1990", "best_triton_kernel_desc": "ACC_TYPE='tl.float32', ALLOW_TF32=True, BLOCK_K=128, BLOCK_M=64, BLOCK_N=128, EVEN_K=True, GROUP_M=8, USE_FAST_ACCUM=False, num_stages=3, num_warps=4"}
AUTOTUNE scaled_mm(2048x65536, 65536x256, , )
strides: [65536, 1], [1, 65536], [], []
dtypes: torch.float8_e4m3fn, torch.float8_e4m3fn, torch.float32, torch.float32
  _scaled_mm 0.3013 ms 100.0% 
  triton_mm_1990 0.3345 ms 90.1% ACC_TYPE='tl.float32', ALLOW_TF32=True, BLOCK_K=128, BLOCK_M=64, BLOCK_N=128, EVEN_K=True, GROUP_M=8, USE_FAST_ACCUM=False, num_stages=3, num_warps=4
  triton_mm_1904 0.3378 ms 89.2% ACC_TYPE='tl.float32', ALLOW_TF32=True, BLOCK_K=64, BLOCK_M=64, BLOCK_N=128, EVEN_K=True, GROUP_M=8, USE_FAST_ACCUM=False, num_stages=4, num_warps=4
  triton_mm_1905 0.3491 ms 86.3% ACC_TYPE='tl.float32', ALLOW_TF32=True, BLOCK_K=64, BLOCK_M=128, BLOCK_N=32, EVEN_K=True, GROUP_M=8, USE_FAST_ACCUM=False, num_stages=4, num_warps=4
  triton_mm_1987 0.3810 ms 79.1% ACC_TYPE='tl.float32', ALLOW_TF32=True, BLOCK_K=256, BLOCK_M=64, BLOCK_N=16, EVEN_K=True, GROUP_M=8, USE_FAST_ACCUM=False, num_stages=5, num_warps=4
  triton_mm_1903 0.4033 ms 74.7% ACC_TYPE='tl.float32', ALLOW_TF32=True, BLOCK_K=64, BLOCK_M=128, BLOCK_N=64, EVEN_K=True, GROUP_M=8, USE_FAST_ACCUM=False, num_stages=4, num_warps=4
  triton_mm_1988 0.4433 ms 68.0% ACC_TYPE='tl.float32', ALLOW_TF32=True, BLOCK_K=256, BLOCK_M=64, BLOCK_N=32, EVEN_K=True, GROUP_M=8, USE_FAST_ACCUM=False, num_stages=5, num_warps=4
  triton_mm_1896 0.4896 ms 61.5% ACC_TYPE='tl.float32', ALLOW_TF32=True, BLOCK_K=32, BLOCK_M=64, BLOCK_N=128, EVEN_K=True, GROUP_M=8, USE_FAST_ACCUM=False, num_stages=4, num_warps=4
  triton_mm_1897 0.5057 ms 59.6% ACC_TYPE='tl.float32', ALLOW_TF32=True, BLOCK_K=32, BLOCK_M=128, BLOCK_N=32, EVEN_K=True, GROUP_M=8, USE_FAST_ACCUM=False, num_stages=4, num_warps=4
  triton_mm_1895 0.5283 ms 57.0% ACC_TYPE='tl.float32', ALLOW_TF32=True, BLOCK_K=32, BLOCK_M=128, BLOCK_N=64, EVEN_K=True, GROUP_M=8, USE_FAST_ACCUM=False, num_stages=4, num_warps=4
SingleProcess AUTOTUNE benchmarking takes 3.9967 seconds and 0.0005 seconds precompiling for 106 choices
Autotune Choices Stats:
{"num_choices": 106, "num_triton_choices": 105, "best_kernel": "_scaled_mm", "best_time": 0.30323201417922974, "best_triton_pos": 1, "best_triton_time": 0.33823999762535095, "best_triton_kernel": "triton_mm_1990", "best_triton_kernel_desc": "ACC_TYPE='tl.float32', ALLOW_TF32=True, BLOCK_K=128, BLOCK_M=64, BLOCK_N=128, EVEN_K=True, GROUP_M=8, USE_FAST_ACCUM=False, num_stages=3, num_warps=4"}
AUTOTUNE scaled_mm(2048x65536, 65536x256, , )
strides: [65536, 1], [1, 65536], [], []
dtypes: torch.float8_e4m3fn, torch.float8_e4m3fn, torch.float32, torch.float32
  _scaled_mm 0.3032 ms 100.0% 
  triton_mm_1990 0.3382 ms 89.6% ACC_TYPE='tl.float32', ALLOW_TF32=True, BLOCK_K=128, BLOCK_M=64, BLOCK_N=128, EVEN_K=True, GROUP_M=8, USE_FAST_ACCUM=False, num_stages=3, num_warps=4
  triton_mm_1904 0.3395 ms 89.3% ACC_TYPE='tl.float32', ALLOW_TF32=True, BLOCK_K=64, BLOCK_M=64, BLOCK_N=128, EVEN_K=True, GROUP_M=8, USE_FAST_ACCUM=False, num_stages=4, num_warps=4
  triton_mm_1905 0.3513 ms 86.3% ACC_TYPE='tl.float32', ALLOW_TF32=True, BLOCK_K=64, BLOCK_M=128, BLOCK_N=32, EVEN_K=True, GROUP_M=8, USE_FAST_ACCUM=False, num_stages=4, num_warps=4
  triton_mm_1987 0.3812 ms 79.6% ACC_TYPE='tl.float32', ALLOW_TF32=True, BLOCK_K=256, BLOCK_M=64, BLOCK_N=16, EVEN_K=True, GROUP_M=8, USE_FAST_ACCUM=False, num_stages=5, num_warps=4
  triton_mm_1903 0.4059 ms 74.7% ACC_TYPE='tl.float32', ALLOW_TF32=True, BLOCK_K=64, BLOCK_M=128, BLOCK_N=64, EVEN_K=True, GROUP_M=8, USE_FAST_ACCUM=False, num_stages=4, num_warps=4
  triton_mm_1988 0.4537 ms 66.8% ACC_TYPE='tl.float32', ALLOW_TF32=True, BLOCK_K=256, BLOCK_M=64, BLOCK_N=32, EVEN_K=True, GROUP_M=8, USE_FAST_ACCUM=False, num_stages=5, num_warps=4
  triton_mm_1896 0.4930 ms 61.5% ACC_TYPE='tl.float32', ALLOW_TF32=True, BLOCK_K=32, BLOCK_M=64, BLOCK_N=128, EVEN_K=True, GROUP_M=8, USE_FAST_ACCUM=False, num_stages=4, num_warps=4
  triton_mm_1897 0.5069 ms 59.8% ACC_TYPE='tl.float32', ALLOW_TF32=True, BLOCK_K=32, BLOCK_M=128, BLOCK_N=32, EVEN_K=True, GROUP_M=8, USE_FAST_ACCUM=False, num_stages=4, num_warps=4
  triton_mm_1895 0.5327 ms 56.9% ACC_TYPE='tl.float32', ALLOW_TF32=True, BLOCK_K=32, BLOCK_M=128, BLOCK_N=64, EVEN_K=True, GROUP_M=8, USE_FAST_ACCUM=False, num_stages=4, num_warps=4
SingleProcess AUTOTUNE benchmarking takes 3.9298 seconds and 0.0005 seconds precompiling for 106 choices
Autotune Choices Stats:
{"num_choices": 106, "num_triton_choices": 105, "best_kernel": "_scaled_mm", "best_time": 0.13593600690364838, "best_triton_pos": 1, "best_triton_time": 0.1491200029850006, "best_triton_kernel": "triton_mm_2009", "best_triton_kernel_desc": "ACC_TYPE='tl.float32', ALLOW_TF32=True, BLOCK_K=64, BLOCK_M=64, BLOCK_N=128, EVEN_K=True, GROUP_M=8, USE_FAST_ACCUM=False, num_stages=4, num_warps=4"}
AUTOTUNE scaled_mm(65536x256, 256x1024, , )
strides: [256, 1], [1, 256], [], []
dtypes: torch.float8_e4m3fn, torch.float8_e4m3fn, torch.float32, torch.float32
  _scaled_mm 0.1359 ms 100.0% 
  triton_mm_2009 0.1491 ms 91.2% ACC_TYPE='tl.float32', ALLOW_TF32=True, BLOCK_K=64, BLOCK_M=64, BLOCK_N=128, EVEN_K=True, GROUP_M=8, USE_FAST_ACCUM=False, num_stages=4, num_warps=4
  triton_mm_2095 0.1518 ms 89.5% ACC_TYPE='tl.float32', ALLOW_TF32=True, BLOCK_K=128, BLOCK_M=64, BLOCK_N=128, EVEN_K=True, GROUP_M=8, USE_FAST_ACCUM=False, num_stages=3, num_warps=4
  triton_mm_2008 0.1561 ms 87.1% ACC_TYPE='tl.float32', ALLOW_TF32=True, BLOCK_K=64, BLOCK_M=128, BLOCK_N=64, EVEN_K=True, GROUP_M=8, USE_FAST_ACCUM=False, num_stages=4, num_warps=4
  triton_mm_2094 0.1619 ms 84.0% ACC_TYPE='tl.float32', ALLOW_TF32=True, BLOCK_K=128, BLOCK_M=64, BLOCK_N=128, EVEN_K=True, GROUP_M=8, USE_FAST_ACCUM=False, num_stages=2, num_warps=4
  triton_mm_2001 0.1721 ms 79.0% ACC_TYPE='tl.float32', ALLOW_TF32=True, BLOCK_K=32, BLOCK_M=64, BLOCK_N=128, EVEN_K=True, GROUP_M=8, USE_FAST_ACCUM=False, num_stages=4, num_warps=4
  triton_mm_2000 0.1784 ms 76.2% ACC_TYPE='tl.float32', ALLOW_TF32=True, BLOCK_K=32, BLOCK_M=128, BLOCK_N=64, EVEN_K=True, GROUP_M=8, USE_FAST_ACCUM=False, num_stages=4, num_warps=4
  triton_mm_2010 0.1892 ms 71.9% ACC_TYPE='tl.float32', ALLOW_TF32=True, BLOCK_K=64, BLOCK_M=128, BLOCK_N=32, EVEN_K=True, GROUP_M=8, USE_FAST_ACCUM=False, num_stages=4, num_warps=4
  triton_mm_1998 0.2152 ms 63.2% ACC_TYPE='tl.float32', ALLOW_TF32=True, BLOCK_K=32, BLOCK_M=64, BLOCK_N=256, EVEN_K=True, GROUP_M=8, USE_FAST_ACCUM=False, num_stages=4, num_warps=4
  triton_mm_2093 0.2157 ms 63.0% ACC_TYPE='tl.float32', ALLOW_TF32=True, BLOCK_K=256, BLOCK_M=64, BLOCK_N=32, EVEN_K=True, GROUP_M=8, USE_FAST_ACCUM=False, num_stages=5, num_warps=4
SingleProcess AUTOTUNE benchmarking takes 3.5336 seconds and 0.0005 seconds precompiling for 106 choices
Autotune Choices Stats:
{"num_choices": 106, "num_triton_choices": 105, "best_kernel": "_scaled_mm", "best_time": 0.13846400380134583, "best_triton_pos": 1, "best_triton_time": 0.14947199821472168, "best_triton_kernel": "triton_mm_2009", "best_triton_kernel_desc": "ACC_TYPE='tl.float32', ALLOW_TF32=True, BLOCK_K=64, BLOCK_M=64, BLOCK_N=128, EVEN_K=True, GROUP_M=8, USE_FAST_ACCUM=False, num_stages=4, num_warps=4"}
AUTOTUNE scaled_mm(65536x256, 256x1024, , )
strides: [256, 1], [1, 256], [], []
dtypes: torch.float8_e4m3fn, torch.float8_e4m3fn, torch.float32, torch.float32
  _scaled_mm 0.1385 ms 100.0% 
  triton_mm_2009 0.1495 ms 92.6% ACC_TYPE='tl.float32', ALLOW_TF32=True, BLOCK_K=64, BLOCK_M=64, BLOCK_N=128, EVEN_K=True, GROUP_M=8, USE_FAST_ACCUM=False, num_stages=4, num_warps=4
  triton_mm_2095 0.1526 ms 90.7% ACC_TYPE='tl.float32', ALLOW_TF32=True, BLOCK_K=128, BLOCK_M=64, BLOCK_N=128, EVEN_K=True, GROUP_M=8, USE_FAST_ACCUM=False, num_stages=3, num_warps=4
  triton_mm_2008 0.1574 ms 88.0% ACC_TYPE='tl.float32', ALLOW_TF32=True, BLOCK_K=64, BLOCK_M=128, BLOCK_N=64, EVEN_K=True, GROUP_M=8, USE_FAST_ACCUM=False, num_stages=4, num_warps=4
  triton_mm_2094 0.1624 ms 85.3% ACC_TYPE='tl.float32', ALLOW_TF32=True, BLOCK_K=128, BLOCK_M=64, BLOCK_N=128, EVEN_K=True, GROUP_M=8, USE_FAST_ACCUM=False, num_stages=2, num_warps=4
  triton_mm_2001 0.1726 ms 80.2% ACC_TYPE='tl.float32', ALLOW_TF32=True, BLOCK_K=32, BLOCK_M=64, BLOCK_N=128, EVEN_K=True, GROUP_M=8, USE_FAST_ACCUM=False, num_stages=4, num_warps=4
  triton_mm_2000 0.1800 ms 76.9% ACC_TYPE='tl.float32', ALLOW_TF32=True, BLOCK_K=32, BLOCK_M=128, BLOCK_N=64, EVEN_K=True, GROUP_M=8, USE_FAST_ACCUM=False, num_stages=4, num_warps=4
  triton_mm_2010 0.1907 ms 72.6% ACC_TYPE='tl.float32', ALLOW_TF32=True, BLOCK_K=64, BLOCK_M=128, BLOCK_N=32, EVEN_K=True, GROUP_M=8, USE_FAST_ACCUM=False, num_stages=4, num_warps=4
  triton_mm_2093 0.2163 ms 64.0% ACC_TYPE='tl.float32', ALLOW_TF32=True, BLOCK_K=256, BLOCK_M=64, BLOCK_N=32, EVEN_K=True, GROUP_M=8, USE_FAST_ACCUM=False, num_stages=5, num_warps=4
  triton_mm_1998 0.2165 ms 63.9% ACC_TYPE='tl.float32', ALLOW_TF32=True, BLOCK_K=32, BLOCK_M=64, BLOCK_N=256, EVEN_K=True, GROUP_M=8, USE_FAST_ACCUM=False, num_stages=4, num_warps=4
SingleProcess AUTOTUNE benchmarking takes 3.6154 seconds and 0.0005 seconds precompiling for 106 choices
Autotune Choices Stats:
{"num_choices": 106, "num_triton_choices": 105, "best_kernel": "triton_mm_1800", "best_kernel_desc": "ACC_TYPE='tl.float32', ALLOW_TF32=True, BLOCK_K=64, BLOCK_M=128, BLOCK_N=32, EVEN_K=True, GROUP_M=8, USE_FAST_ACCUM=False, num_stages=4, num_warps=4", "best_time": 0.2605440020561218, "best_triton_pos": 0}
AUTOTUNE scaled_mm(65536x2048, 2048x256, , )
strides: [2048, 1], [1, 2048], [], []
dtypes: torch.float8_e4m3fn, torch.float8_e4m3fn, torch.float32, torch.float32
  triton_mm_1800 0.2605 ms 100.0% ACC_TYPE='tl.float32', ALLOW_TF32=True, BLOCK_K=64, BLOCK_M=128, BLOCK_N=32, EVEN_K=True, GROUP_M=8, USE_FAST_ACCUM=False, num_stages=4, num_warps=4
  triton_mm_1885 0.2619 ms 99.5% ACC_TYPE='tl.float32', ALLOW_TF32=True, BLOCK_K=128, BLOCK_M=64, BLOCK_N=128, EVEN_K=True, GROUP_M=8, USE_FAST_ACCUM=False, num_stages=3, num_warps=4
  triton_mm_1799 0.2622 ms 99.4% ACC_TYPE='tl.float32', ALLOW_TF32=True, BLOCK_K=64, BLOCK_M=64, BLOCK_N=128, EVEN_K=True, GROUP_M=8, USE_FAST_ACCUM=False, num_stages=4, num_warps=4
  _scaled_mm 0.2646 ms 98.5% 
  triton_mm_1798 0.2661 ms 97.9% ACC_TYPE='tl.float32', ALLOW_TF32=True, BLOCK_K=64, BLOCK_M=128, BLOCK_N=64, EVEN_K=True, GROUP_M=8, USE_FAST_ACCUM=False, num_stages=4, num_warps=4
  triton_mm_1791 0.2683 ms 97.1% ACC_TYPE='tl.float32', ALLOW_TF32=True, BLOCK_K=32, BLOCK_M=64, BLOCK_N=128, EVEN_K=True, GROUP_M=8, USE_FAST_ACCUM=False, num_stages=4, num_warps=4
  triton_mm_1884 0.2689 ms 96.9% ACC_TYPE='tl.float32', ALLOW_TF32=True, BLOCK_K=128, BLOCK_M=64, BLOCK_N=128, EVEN_K=True, GROUP_M=8, USE_FAST_ACCUM=False, num_stages=2, num_warps=4
  triton_mm_1790 0.2784 ms 93.6% ACC_TYPE='tl.float32', ALLOW_TF32=True, BLOCK_K=32, BLOCK_M=128, BLOCK_N=64, EVEN_K=True, GROUP_M=8, USE_FAST_ACCUM=False, num_stages=4, num_warps=4
  triton_mm_1788 0.3036 ms 85.8% ACC_TYPE='tl.float32', ALLOW_TF32=True, BLOCK_K=32, BLOCK_M=64, BLOCK_N=256, EVEN_K=True, GROUP_M=8, USE_FAST_ACCUM=False, num_stages=4, num_warps=4
  triton_mm_1789 0.3266 ms 79.8% ACC_TYPE='tl.float32', ALLOW_TF32=True, BLOCK_K=32, BLOCK_M=128, BLOCK_N=128, EVEN_K=True, GROUP_M=8, USE_FAST_ACCUM=False, num_stages=4, num_warps=4
SingleProcess AUTOTUNE benchmarking takes 3.8477 seconds and 0.0005 seconds precompiling for 106 choices
Autotune Choices Stats:
{"num_choices": 106, "num_triton_choices": 105, "best_kernel": "_scaled_mm", "best_time": 0.1390399932861328, "best_triton_pos": 1, "best_triton_time": 0.21606400609016418, "best_triton_kernel": "triton_mm_2197", "best_triton_kernel_desc": "ACC_TYPE='tl.float32', ALLOW_TF32=True, BLOCK_K=256, BLOCK_M=64, BLOCK_N=16, EVEN_K=True, GROUP_M=8, USE_FAST_ACCUM=False, num_stages=5, num_warps=4"}
AUTOTUNE scaled_mm(256x65536, 65536x1024, , )
strides: [65536, 1], [1, 65536], [], []
dtypes: torch.float8_e4m3fn, torch.float8_e4m3fn, torch.float32, torch.float32
  _scaled_mm 0.1390 ms 100.0% 
  triton_mm_2197 0.2161 ms 64.4% ACC_TYPE='tl.float32', ALLOW_TF32=True, BLOCK_K=256, BLOCK_M=64, BLOCK_N=16, EVEN_K=True, GROUP_M=8, USE_FAST_ACCUM=False, num_stages=5, num_warps=4
  triton_mm_2198 0.2250 ms 61.8% ACC_TYPE='tl.float32', ALLOW_TF32=True, BLOCK_K=256, BLOCK_M=64, BLOCK_N=32, EVEN_K=True, GROUP_M=8, USE_FAST_ACCUM=False, num_stages=5, num_warps=4
  triton_mm_2115 0.3032 ms 45.9% ACC_TYPE='tl.float32', ALLOW_TF32=True, BLOCK_K=64, BLOCK_M=128, BLOCK_N=32, EVEN_K=True, GROUP_M=8, USE_FAST_ACCUM=False, num_stages=4, num_warps=4
  triton_mm_2200 0.3341 ms 41.6% ACC_TYPE='tl.float32', ALLOW_TF32=True, BLOCK_K=128, BLOCK_M=64, BLOCK_N=128, EVEN_K=True, GROUP_M=8, USE_FAST_ACCUM=False, num_stages=3, num_warps=4
  triton_mm_2114 0.3385 ms 41.1% ACC_TYPE='tl.float32', ALLOW_TF32=True, BLOCK_K=64, BLOCK_M=64, BLOCK_N=128, EVEN_K=True, GROUP_M=8, USE_FAST_ACCUM=False, num_stages=4, num_warps=4
  triton_mm_2113 0.4012 ms 34.7% ACC_TYPE='tl.float32', ALLOW_TF32=True, BLOCK_K=64, BLOCK_M=128, BLOCK_N=64, EVEN_K=True, GROUP_M=8, USE_FAST_ACCUM=False, num_stages=4, num_warps=4
  triton_mm_2107 0.4731 ms 29.4% ACC_TYPE='tl.float32', ALLOW_TF32=True, BLOCK_K=32, BLOCK_M=128, BLOCK_N=32, EVEN_K=True, GROUP_M=8, USE_FAST_ACCUM=False, num_stages=4, num_warps=4
  triton_mm_2106 0.4957 ms 28.0% ACC_TYPE='tl.float32', ALLOW_TF32=True, BLOCK_K=32, BLOCK_M=64, BLOCK_N=128, EVEN_K=True, GROUP_M=8, USE_FAST_ACCUM=False, num_stages=4, num_warps=4
  triton_mm_2161 0.5146 ms 27.0% ACC_TYPE='tl.float32', ALLOW_TF32=True, BLOCK_K=64, BLOCK_M=32, BLOCK_N=32, EVEN_K=True, GROUP_M=8, USE_FAST_ACCUM=False, num_stages=4, num_warps=2
SingleProcess AUTOTUNE benchmarking takes 3.9143 seconds and 0.0005 seconds precompiling for 106 choices
Autotune Choices Stats:
{"num_choices": 106, "num_triton_choices": 105, "best_kernel": "triton_mm_1800", "best_kernel_desc": "ACC_TYPE='tl.float32', ALLOW_TF32=True, BLOCK_K=64, BLOCK_M=128, BLOCK_N=32, EVEN_K=True, GROUP_M=8, USE_FAST_ACCUM=False, num_stages=4, num_warps=4", "best_time": 0.2608959972858429, "best_triton_pos": 0}
AUTOTUNE scaled_mm(65536x2048, 2048x256, , )
strides: [2048, 1], [1, 2048], [], []
dtypes: torch.float8_e4m3fn, torch.float8_e4m3fn, torch.float32, torch.float32
  triton_mm_1800 0.2609 ms 100.0% ACC_TYPE='tl.float32', ALLOW_TF32=True, BLOCK_K=64, BLOCK_M=128, BLOCK_N=32, EVEN_K=True, GROUP_M=8, USE_FAST_ACCUM=False, num_stages=4, num_warps=4
  triton_mm_1799 0.2617 ms 99.7% ACC_TYPE='tl.float32', ALLOW_TF32=True, BLOCK_K=64, BLOCK_M=64, BLOCK_N=128, EVEN_K=True, GROUP_M=8, USE_FAST_ACCUM=False, num_stages=4, num_warps=4
  triton_mm_1885 0.2624 ms 99.4% ACC_TYPE='tl.float32', ALLOW_TF32=True, BLOCK_K=128, BLOCK_M=64, BLOCK_N=128, EVEN_K=True, GROUP_M=8, USE_FAST_ACCUM=False, num_stages=3, num_warps=4
  _scaled_mm 0.2643 ms 98.7% 
  triton_mm_1798 0.2657 ms 98.2% ACC_TYPE='tl.float32', ALLOW_TF32=True, BLOCK_K=64, BLOCK_M=128, BLOCK_N=64, EVEN_K=True, GROUP_M=8, USE_FAST_ACCUM=False, num_stages=4, num_warps=4
  triton_mm_1884 0.2677 ms 97.5% ACC_TYPE='tl.float32', ALLOW_TF32=True, BLOCK_K=128, BLOCK_M=64, BLOCK_N=128, EVEN_K=True, GROUP_M=8, USE_FAST_ACCUM=False, num_stages=2, num_warps=4
  triton_mm_1791 0.2684 ms 97.2% ACC_TYPE='tl.float32', ALLOW_TF32=True, BLOCK_K=32, BLOCK_M=64, BLOCK_N=128, EVEN_K=True, GROUP_M=8, USE_FAST_ACCUM=False, num_stages=4, num_warps=4
  triton_mm_1790 0.2779 ms 93.9% ACC_TYPE='tl.float32', ALLOW_TF32=True, BLOCK_K=32, BLOCK_M=128, BLOCK_N=64, EVEN_K=True, GROUP_M=8, USE_FAST_ACCUM=False, num_stages=4, num_warps=4
  triton_mm_1788 0.3040 ms 85.8% ACC_TYPE='tl.float32', ALLOW_TF32=True, BLOCK_K=32, BLOCK_M=64, BLOCK_N=256, EVEN_K=True, GROUP_M=8, USE_FAST_ACCUM=False, num_stages=4, num_warps=4
  triton_mm_1789 0.3264 ms 79.9% ACC_TYPE='tl.float32', ALLOW_TF32=True, BLOCK_K=32, BLOCK_M=128, BLOCK_N=128, EVEN_K=True, GROUP_M=8, USE_FAST_ACCUM=False, num_stages=4, num_warps=4
SingleProcess AUTOTUNE benchmarking takes 3.8035 seconds and 0.0005 seconds precompiling for 106 choices
Autotune Choices Stats:
{"num_choices": 106, "num_triton_choices": 105, "best_kernel": "_scaled_mm", "best_time": 0.1401599943637848, "best_triton_pos": 1, "best_triton_time": 0.21555200219154358, "best_triton_kernel": "triton_mm_2197", "best_triton_kernel_desc": "ACC_TYPE='tl.float32', ALLOW_TF32=True, BLOCK_K=256, BLOCK_M=64, BLOCK_N=16, EVEN_K=True, GROUP_M=8, USE_FAST_ACCUM=False, num_stages=5, num_warps=4"}
AUTOTUNE scaled_mm(256x65536, 65536x1024, , )
strides: [65536, 1], [1, 65536], [], []
dtypes: torch.float8_e4m3fn, torch.float8_e4m3fn, torch.float32, torch.float32
  _scaled_mm 0.1402 ms 100.0% 
  triton_mm_2197 0.2156 ms 65.0% ACC_TYPE='tl.float32', ALLOW_TF32=True, BLOCK_K=256, BLOCK_M=64, BLOCK_N=16, EVEN_K=True, GROUP_M=8, USE_FAST_ACCUM=False, num_stages=5, num_warps=4
  triton_mm_2198 0.2272 ms 61.7% ACC_TYPE='tl.float32', ALLOW_TF32=True, BLOCK_K=256, BLOCK_M=64, BLOCK_N=32, EVEN_K=True, GROUP_M=8, USE_FAST_ACCUM=False, num_stages=5, num_warps=4
  triton_mm_2115 0.3022 ms 46.4% ACC_TYPE='tl.float32', ALLOW_TF32=True, BLOCK_K=64, BLOCK_M=128, BLOCK_N=32, EVEN_K=True, GROUP_M=8, USE_FAST_ACCUM=False, num_stages=4, num_warps=4
  triton_mm_2200 0.3381 ms 41.5% ACC_TYPE='tl.float32', ALLOW_TF32=True, BLOCK_K=128, BLOCK_M=64, BLOCK_N=128, EVEN_K=True, GROUP_M=8, USE_FAST_ACCUM=False, num_stages=3, num_warps=4
  triton_mm_2114 0.3429 ms 40.9% ACC_TYPE='tl.float32', ALLOW_TF32=True, BLOCK_K=64, BLOCK_M=64, BLOCK_N=128, EVEN_K=True, GROUP_M=8, USE_FAST_ACCUM=False, num_stages=4, num_warps=4
  triton_mm_2113 0.4047 ms 34.6% ACC_TYPE='tl.float32', ALLOW_TF32=True, BLOCK_K=64, BLOCK_M=128, BLOCK_N=64, EVEN_K=True, GROUP_M=8, USE_FAST_ACCUM=False, num_stages=4, num_warps=4
  triton_mm_2107 0.4745 ms 29.5% ACC_TYPE='tl.float32', ALLOW_TF32=True, BLOCK_K=32, BLOCK_M=128, BLOCK_N=32, EVEN_K=True, GROUP_M=8, USE_FAST_ACCUM=False, num_stages=4, num_warps=4
  triton_mm_2106 0.5013 ms 28.0% ACC_TYPE='tl.float32', ALLOW_TF32=True, BLOCK_K=32, BLOCK_M=64, BLOCK_N=128, EVEN_K=True, GROUP_M=8, USE_FAST_ACCUM=False, num_stages=4, num_warps=4
  triton_mm_2193 0.5171 ms 27.1% ACC_TYPE='tl.float32', ALLOW_TF32=True, BLOCK_K=64, BLOCK_M=32, BLOCK_N=32, EVEN_K=True, GROUP_M=8, USE_FAST_ACCUM=False, num_stages=6, num_warps=2
SingleProcess AUTOTUNE benchmarking takes 4.0293 seconds and 0.0005 seconds precompiling for 106 choices
Autotune Choices Stats:
{"num_choices": 106, "num_triton_choices": 105, "best_kernel": "_scaled_mm", "best_time": 0.304639995098114, "best_triton_pos": 1, "best_triton_time": 0.3354879915714264, "best_triton_kernel": "triton_mm_1990", "best_triton_kernel_desc": "ACC_TYPE='tl.float32', ALLOW_TF32=True, BLOCK_K=128, BLOCK_M=64, BLOCK_N=128, EVEN_K=True, GROUP_M=8, USE_FAST_ACCUM=False, num_stages=3, num_warps=4"}
AUTOTUNE scaled_mm(2048x65536, 65536x256, , )
strides: [65536, 1], [1, 65536], [], []
dtypes: torch.float8_e4m3fn, torch.float8_e4m3fn, torch.float32, torch.float32
  _scaled_mm 0.3046 ms 100.0% 
  triton_mm_1990 0.3355 ms 90.8% ACC_TYPE='tl.float32', ALLOW_TF32=True, BLOCK_K=128, BLOCK_M=64, BLOCK_N=128, EVEN_K=True, GROUP_M=8, USE_FAST_ACCUM=False, num_stages=3, num_warps=4
  triton_mm_1904 0.3392 ms 89.8% ACC_TYPE='tl.float32', ALLOW_TF32=True, BLOCK_K=64, BLOCK_M=64, BLOCK_N=128, EVEN_K=True, GROUP_M=8, USE_FAST_ACCUM=False, num_stages=4, num_warps=4
  triton_mm_1905 0.3404 ms 89.5% ACC_TYPE='tl.float32', ALLOW_TF32=True, BLOCK_K=64, BLOCK_M=128, BLOCK_N=32, EVEN_K=True, GROUP_M=8, USE_FAST_ACCUM=False, num_stages=4, num_warps=4
  triton_mm_1987 0.3836 ms 79.4% ACC_TYPE='tl.float32', ALLOW_TF32=True, BLOCK_K=256, BLOCK_M=64, BLOCK_N=16, EVEN_K=True, GROUP_M=8, USE_FAST_ACCUM=False, num_stages=5, num_warps=4
  triton_mm_1903 0.4068 ms 74.9% ACC_TYPE='tl.float32', ALLOW_TF32=True, BLOCK_K=64, BLOCK_M=128, BLOCK_N=64, EVEN_K=True, GROUP_M=8, USE_FAST_ACCUM=False, num_stages=4, num_warps=4
  triton_mm_1988 0.4508 ms 67.6% ACC_TYPE='tl.float32', ALLOW_TF32=True, BLOCK_K=256, BLOCK_M=64, BLOCK_N=32, EVEN_K=True, GROUP_M=8, USE_FAST_ACCUM=False, num_stages=5, num_warps=4
  triton_mm_1896 0.4918 ms 61.9% ACC_TYPE='tl.float32', ALLOW_TF32=True, BLOCK_K=32, BLOCK_M=64, BLOCK_N=128, EVEN_K=True, GROUP_M=8, USE_FAST_ACCUM=False, num_stages=4, num_warps=4
  triton_mm_1897 0.5072 ms 60.1% ACC_TYPE='tl.float32', ALLOW_TF32=True, BLOCK_K=32, BLOCK_M=128, BLOCK_N=32, EVEN_K=True, GROUP_M=8, USE_FAST_ACCUM=False, num_stages=4, num_warps=4
  triton_mm_1895 0.5319 ms 57.3% ACC_TYPE='tl.float32', ALLOW_TF32=True, BLOCK_K=32, BLOCK_M=128, BLOCK_N=64, EVEN_K=True, GROUP_M=8, USE_FAST_ACCUM=False, num_stages=4, num_warps=4
SingleProcess AUTOTUNE benchmarking takes 3.9367 seconds and 0.0005 seconds precompiling for 106 choices
Autotune Choices Stats:
{"num_choices": 106, "num_triton_choices": 105, "best_kernel": "triton_mm_1800", "best_kernel_desc": "ACC_TYPE='tl.float32', ALLOW_TF32=True, BLOCK_K=64, BLOCK_M=128, BLOCK_N=32, EVEN_K=True, GROUP_M=8, USE_FAST_ACCUM=False, num_stages=4, num_warps=4", "best_time": 0.2845120131969452, "best_triton_pos": 0}
AUTOTUNE scaled_mm(65536x2048, 2048x256, , )
strides: [2048, 1], [1, 2048], [], []
dtypes: torch.float8_e4m3fn, torch.float8_e4m3fn, torch.float32, torch.float32
  triton_mm_1800 0.2845 ms 100.0% ACC_TYPE='tl.float32', ALLOW_TF32=True, BLOCK_K=64, BLOCK_M=128, BLOCK_N=32, EVEN_K=True, GROUP_M=8, USE_FAST_ACCUM=False, num_stages=4, num_warps=4
  triton_mm_1885 0.2851 ms 99.8% ACC_TYPE='tl.float32', ALLOW_TF32=True, BLOCK_K=128, BLOCK_M=64, BLOCK_N=128, EVEN_K=True, GROUP_M=8, USE_FAST_ACCUM=False, num_stages=3, num_warps=4
  triton_mm_1799 0.2852 ms 99.8% ACC_TYPE='tl.float32', ALLOW_TF32=True, BLOCK_K=64, BLOCK_M=64, BLOCK_N=128, EVEN_K=True, GROUP_M=8, USE_FAST_ACCUM=False, num_stages=4, num_warps=4
  _scaled_mm 0.2878 ms 98.9% 
  triton_mm_1798 0.2900 ms 98.1% ACC_TYPE='tl.float32', ALLOW_TF32=True, BLOCK_K=64, BLOCK_M=128, BLOCK_N=64, EVEN_K=True, GROUP_M=8, USE_FAST_ACCUM=False, num_stages=4, num_warps=4
  triton_mm_1884 0.2900 ms 98.1% ACC_TYPE='tl.float32', ALLOW_TF32=True, BLOCK_K=128, BLOCK_M=64, BLOCK_N=128, EVEN_K=True, GROUP_M=8, USE_FAST_ACCUM=False, num_stages=2, num_warps=4
  triton_mm_1791 0.2922 ms 97.4% ACC_TYPE='tl.float32', ALLOW_TF32=True, BLOCK_K=32, BLOCK_M=64, BLOCK_N=128, EVEN_K=True, GROUP_M=8, USE_FAST_ACCUM=False, num_stages=4, num_warps=4
  triton_mm_1790 0.3024 ms 94.1% ACC_TYPE='tl.float32', ALLOW_TF32=True, BLOCK_K=32, BLOCK_M=128, BLOCK_N=64, EVEN_K=True, GROUP_M=8, USE_FAST_ACCUM=False, num_stages=4, num_warps=4
  triton_mm_1788 0.3313 ms 85.9% ACC_TYPE='tl.float32', ALLOW_TF32=True, BLOCK_K=32, BLOCK_M=64, BLOCK_N=256, EVEN_K=True, GROUP_M=8, USE_FAST_ACCUM=False, num_stages=4, num_warps=4
  triton_mm_1789 0.3548 ms 80.2% ACC_TYPE='tl.float32', ALLOW_TF32=True, BLOCK_K=32, BLOCK_M=128, BLOCK_N=128, EVEN_K=True, GROUP_M=8, USE_FAST_ACCUM=False, num_stages=4, num_warps=4
SingleProcess AUTOTUNE benchmarking takes 3.8119 seconds and 0.0010 seconds precompiling for 106 choices
Autotune Choices Stats:
{"num_choices": 106, "num_triton_choices": 105, "best_kernel": "_scaled_mm", "best_time": 0.30326399207115173, "best_triton_pos": 1, "best_triton_time": 0.3365119993686676, "best_triton_kernel": "triton_mm_1990", "best_triton_kernel_desc": "ACC_TYPE='tl.float32', ALLOW_TF32=True, BLOCK_K=128, BLOCK_M=64, BLOCK_N=128, EVEN_K=True, GROUP_M=8, USE_FAST_ACCUM=False, num_stages=3, num_warps=4"}
AUTOTUNE scaled_mm(2048x65536, 65536x256, , )
strides: [65536, 1], [1, 65536], [], []
dtypes: torch.float8_e4m3fn, torch.float8_e4m3fn, torch.float32, torch.float32
  _scaled_mm 0.3033 ms 100.0% 
  triton_mm_1990 0.3365 ms 90.1% ACC_TYPE='tl.float32', ALLOW_TF32=True, BLOCK_K=128, BLOCK_M=64, BLOCK_N=128, EVEN_K=True, GROUP_M=8, USE_FAST_ACCUM=False, num_stages=3, num_warps=4
  triton_mm_1904 0.3397 ms 89.3% ACC_TYPE='tl.float32', ALLOW_TF32=True, BLOCK_K=64, BLOCK_M=64, BLOCK_N=128, EVEN_K=True, GROUP_M=8, USE_FAST_ACCUM=False, num_stages=4, num_warps=4
  triton_mm_1905 0.3520 ms 86.2% ACC_TYPE='tl.float32', ALLOW_TF32=True, BLOCK_K=64, BLOCK_M=128, BLOCK_N=32, EVEN_K=True, GROUP_M=8, USE_FAST_ACCUM=False, num_stages=4, num_warps=4
  triton_mm_1987 0.3816 ms 79.5% ACC_TYPE='tl.float32', ALLOW_TF32=True, BLOCK_K=256, BLOCK_M=64, BLOCK_N=16, EVEN_K=True, GROUP_M=8, USE_FAST_ACCUM=False, num_stages=5, num_warps=4
  triton_mm_1903 0.4066 ms 74.6% ACC_TYPE='tl.float32', ALLOW_TF32=True, BLOCK_K=64, BLOCK_M=128, BLOCK_N=64, EVEN_K=True, GROUP_M=8, USE_FAST_ACCUM=False, num_stages=4, num_warps=4
  triton_mm_1988 0.4448 ms 68.2% ACC_TYPE='tl.float32', ALLOW_TF32=True, BLOCK_K=256, BLOCK_M=64, BLOCK_N=32, EVEN_K=True, GROUP_M=8, USE_FAST_ACCUM=False, num_stages=5, num_warps=4
  triton_mm_1896 0.4869 ms 62.3% ACC_TYPE='tl.float32', ALLOW_TF32=True, BLOCK_K=32, BLOCK_M=64, BLOCK_N=128, EVEN_K=True, GROUP_M=8, USE_FAST_ACCUM=False, num_stages=4, num_warps=4
  triton_mm_1897 0.5047 ms 60.1% ACC_TYPE='tl.float32', ALLOW_TF32=True, BLOCK_K=32, BLOCK_M=128, BLOCK_N=32, EVEN_K=True, GROUP_M=8, USE_FAST_ACCUM=False, num_stages=4, num_warps=4
  triton_mm_1895 0.5283 ms 57.4% ACC_TYPE='tl.float32', ALLOW_TF32=True, BLOCK_K=32, BLOCK_M=128, BLOCK_N=64, EVEN_K=True, GROUP_M=8, USE_FAST_ACCUM=False, num_stages=4, num_warps=4
SingleProcess AUTOTUNE benchmarking takes 3.9437 seconds and 0.0005 seconds precompiling for 106 choices
Autotune Choices Stats:
{"num_choices": 106, "num_triton_choices": 105, "best_kernel": "_scaled_mm", "best_time": 0.13699199259281158, "best_triton_pos": 1, "best_triton_time": 0.14982399344444275, "best_triton_kernel": "triton_mm_2009", "best_triton_kernel_desc": "ACC_TYPE='tl.float32', ALLOW_TF32=True, BLOCK_K=64, BLOCK_M=64, BLOCK_N=128, EVEN_K=True, GROUP_M=8, USE_FAST_ACCUM=False, num_stages=4, num_warps=4"}
AUTOTUNE scaled_mm(65536x256, 256x1024, , )
strides: [256, 1], [1, 256], [], []
dtypes: torch.float8_e4m3fn, torch.float8_e4m3fn, torch.float32, torch.float32
  _scaled_mm 0.1370 ms 100.0% 
  triton_mm_2009 0.1498 ms 91.4% ACC_TYPE='tl.float32', ALLOW_TF32=True, BLOCK_K=64, BLOCK_M=64, BLOCK_N=128, EVEN_K=True, GROUP_M=8, USE_FAST_ACCUM=False, num_stages=4, num_warps=4
  triton_mm_2095 0.1535 ms 89.2% ACC_TYPE='tl.float32', ALLOW_TF32=True, BLOCK_K=128, BLOCK_M=64, BLOCK_N=128, EVEN_K=True, GROUP_M=8, USE_FAST_ACCUM=False, num_stages=3, num_warps=4
  triton_mm_2008 0.1558 ms 87.9% ACC_TYPE='tl.float32', ALLOW_TF32=True, BLOCK_K=64, BLOCK_M=128, BLOCK_N=64, EVEN_K=True, GROUP_M=8, USE_FAST_ACCUM=False, num_stages=4, num_warps=4
  triton_mm_2094 0.1630 ms 84.0% ACC_TYPE='tl.float32', ALLOW_TF32=True, BLOCK_K=128, BLOCK_M=64, BLOCK_N=128, EVEN_K=True, GROUP_M=8, USE_FAST_ACCUM=False, num_stages=2, num_warps=4
  triton_mm_2001 0.1728 ms 79.3% ACC_TYPE='tl.float32', ALLOW_TF32=True, BLOCK_K=32, BLOCK_M=64, BLOCK_N=128, EVEN_K=True, GROUP_M=8, USE_FAST_ACCUM=False, num_stages=4, num_warps=4
  triton_mm_2000 0.1788 ms 76.6% ACC_TYPE='tl.float32', ALLOW_TF32=True, BLOCK_K=32, BLOCK_M=128, BLOCK_N=64, EVEN_K=True, GROUP_M=8, USE_FAST_ACCUM=False, num_stages=4, num_warps=4
  triton_mm_2010 0.1911 ms 71.7% ACC_TYPE='tl.float32', ALLOW_TF32=True, BLOCK_K=64, BLOCK_M=128, BLOCK_N=32, EVEN_K=True, GROUP_M=8, USE_FAST_ACCUM=False, num_stages=4, num_warps=4
  triton_mm_2093 0.2171 ms 63.1% ACC_TYPE='tl.float32', ALLOW_TF32=True, BLOCK_K=256, BLOCK_M=64, BLOCK_N=32, EVEN_K=True, GROUP_M=8, USE_FAST_ACCUM=False, num_stages=5, num_warps=4
  triton_mm_1998 0.2178 ms 62.9% ACC_TYPE='tl.float32', ALLOW_TF32=True, BLOCK_K=32, BLOCK_M=64, BLOCK_N=256, EVEN_K=True, GROUP_M=8, USE_FAST_ACCUM=False, num_stages=4, num_warps=4
SingleProcess AUTOTUNE benchmarking takes 3.5492 seconds and 0.0005 seconds precompiling for 106 choices
Autotune Choices Stats:
{"num_choices": 106, "num_triton_choices": 105, "best_kernel": "_scaled_mm", "best_time": 0.3293119966983795, "best_triton_pos": 1, "best_triton_time": 0.36531201004981995, "best_triton_kernel": "triton_mm_1990", "best_triton_kernel_desc": "ACC_TYPE='tl.float32', ALLOW_TF32=True, BLOCK_K=128, BLOCK_M=64, BLOCK_N=128, EVEN_K=True, GROUP_M=8, USE_FAST_ACCUM=False, num_stages=3, num_warps=4"}
AUTOTUNE scaled_mm(2048x65536, 65536x256, , )
strides: [65536, 1], [1, 65536], [], []
dtypes: torch.float8_e4m3fn, torch.float8_e4m3fn, torch.float32, torch.float32
  _scaled_mm 0.3293 ms 100.0% 
  triton_mm_1990 0.3653 ms 90.1% ACC_TYPE='tl.float32', ALLOW_TF32=True, BLOCK_K=128, BLOCK_M=64, BLOCK_N=128, EVEN_K=True, GROUP_M=8, USE_FAST_ACCUM=False, num_stages=3, num_warps=4
  triton_mm_1904 0.3658 ms 90.0% ACC_TYPE='tl.float32', ALLOW_TF32=True, BLOCK_K=64, BLOCK_M=64, BLOCK_N=128, EVEN_K=True, GROUP_M=8, USE_FAST_ACCUM=False, num_stages=4, num_warps=4
  triton_mm_1905 0.3826 ms 86.1% ACC_TYPE='tl.float32', ALLOW_TF32=True, BLOCK_K=64, BLOCK_M=128, BLOCK_N=32, EVEN_K=True, GROUP_M=8, USE_FAST_ACCUM=False, num_stages=4, num_warps=4
  triton_mm_1987 0.4059 ms 81.1% ACC_TYPE='tl.float32', ALLOW_TF32=True, BLOCK_K=256, BLOCK_M=64, BLOCK_N=16, EVEN_K=True, GROUP_M=8, USE_FAST_ACCUM=False, num_stages=5, num_warps=4
  triton_mm_1903 0.4431 ms 74.3% ACC_TYPE='tl.float32', ALLOW_TF32=True, BLOCK_K=64, BLOCK_M=128, BLOCK_N=64, EVEN_K=True, GROUP_M=8, USE_FAST_ACCUM=False, num_stages=4, num_warps=4
  triton_mm_1988 0.4842 ms 68.0% ACC_TYPE='tl.float32', ALLOW_TF32=True, BLOCK_K=256, BLOCK_M=64, BLOCK_N=32, EVEN_K=True, GROUP_M=8, USE_FAST_ACCUM=False, num_stages=5, num_warps=4
  triton_mm_1896 0.5068 ms 65.0% ACC_TYPE='tl.float32', ALLOW_TF32=True, BLOCK_K=32, BLOCK_M=64, BLOCK_N=128, EVEN_K=True, GROUP_M=8, USE_FAST_ACCUM=False, num_stages=4, num_warps=4
  triton_mm_1897 0.5302 ms 62.1% ACC_TYPE='tl.float32', ALLOW_TF32=True, BLOCK_K=32, BLOCK_M=128, BLOCK_N=32, EVEN_K=True, GROUP_M=8, USE_FAST_ACCUM=False, num_stages=4, num_warps=4
  triton_mm_1895 0.5536 ms 59.5% ACC_TYPE='tl.float32', ALLOW_TF32=True, BLOCK_K=32, BLOCK_M=128, BLOCK_N=64, EVEN_K=True, GROUP_M=8, USE_FAST_ACCUM=False, num_stages=4, num_warps=4
SingleProcess AUTOTUNE benchmarking takes 4.0540 seconds and 0.0005 seconds precompiling for 106 choices
Autotune Choices Stats:
{"num_choices": 106, "num_triton_choices": 105, "best_kernel": "_scaled_mm", "best_time": 0.1369599997997284, "best_triton_pos": 1, "best_triton_time": 0.14956800639629364, "best_triton_kernel": "triton_mm_2009", "best_triton_kernel_desc": "ACC_TYPE='tl.float32', ALLOW_TF32=True, BLOCK_K=64, BLOCK_M=64, BLOCK_N=128, EVEN_K=True, GROUP_M=8, USE_FAST_ACCUM=False, num_stages=4, num_warps=4"}
AUTOTUNE scaled_mm(65536x256, 256x1024, , )
strides: [256, 1], [1, 256], [], []
dtypes: torch.float8_e4m3fn, torch.float8_e4m3fn, torch.float32, torch.float32
  _scaled_mm 0.1370 ms 100.0% 
  triton_mm_2009 0.1496 ms 91.6% ACC_TYPE='tl.float32', ALLOW_TF32=True, BLOCK_K=64, BLOCK_M=64, BLOCK_N=128, EVEN_K=True, GROUP_M=8, USE_FAST_ACCUM=False, num_stages=4, num_warps=4
  triton_mm_2095 0.1528 ms 89.6% ACC_TYPE='tl.float32', ALLOW_TF32=True, BLOCK_K=128, BLOCK_M=64, BLOCK_N=128, EVEN_K=True, GROUP_M=8, USE_FAST_ACCUM=False, num_stages=3, num_warps=4
  triton_mm_2008 0.1574 ms 87.0% ACC_TYPE='tl.float32', ALLOW_TF32=True, BLOCK_K=64, BLOCK_M=128, BLOCK_N=64, EVEN_K=True, GROUP_M=8, USE_FAST_ACCUM=False, num_stages=4, num_warps=4
  triton_mm_2094 0.1619 ms 84.6% ACC_TYPE='tl.float32', ALLOW_TF32=True, BLOCK_K=128, BLOCK_M=64, BLOCK_N=128, EVEN_K=True, GROUP_M=8, USE_FAST_ACCUM=False, num_stages=2, num_warps=4
  triton_mm_2001 0.1730 ms 79.2% ACC_TYPE='tl.float32', ALLOW_TF32=True, BLOCK_K=32, BLOCK_M=64, BLOCK_N=128, EVEN_K=True, GROUP_M=8, USE_FAST_ACCUM=False, num_stages=4, num_warps=4
  triton_mm_2000 0.1793 ms 76.4% ACC_TYPE='tl.float32', ALLOW_TF32=True, BLOCK_K=32, BLOCK_M=128, BLOCK_N=64, EVEN_K=True, GROUP_M=8, USE_FAST_ACCUM=False, num_stages=4, num_warps=4
  triton_mm_2010 0.1903 ms 72.0% ACC_TYPE='tl.float32', ALLOW_TF32=True, BLOCK_K=64, BLOCK_M=128, BLOCK_N=32, EVEN_K=True, GROUP_M=8, USE_FAST_ACCUM=False, num_stages=4, num_warps=4
  triton_mm_1998 0.2171 ms 63.1% ACC_TYPE='tl.float32', ALLOW_TF32=True, BLOCK_K=32, BLOCK_M=64, BLOCK_N=256, EVEN_K=True, GROUP_M=8, USE_FAST_ACCUM=False, num_stages=4, num_warps=4
  triton_mm_2093 0.2171 ms 63.1% ACC_TYPE='tl.float32', ALLOW_TF32=True, BLOCK_K=256, BLOCK_M=64, BLOCK_N=32, EVEN_K=True, GROUP_M=8, USE_FAST_ACCUM=False, num_stages=5, num_warps=4
SingleProcess AUTOTUNE benchmarking takes 3.5948 seconds and 0.0005 seconds precompiling for 106 choices
Autotune Choices Stats:
{"num_choices": 106, "num_triton_choices": 105, "best_kernel": "_scaled_mm", "best_time": 0.13964800536632538, "best_triton_pos": 1, "best_triton_time": 0.2123199999332428, "best_triton_kernel": "triton_mm_2197", "best_triton_kernel_desc": "ACC_TYPE='tl.float32', ALLOW_TF32=True, BLOCK_K=256, BLOCK_M=64, BLOCK_N=16, EVEN_K=True, GROUP_M=8, USE_FAST_ACCUM=False, num_stages=5, num_warps=4"}
AUTOTUNE scaled_mm(256x65536, 65536x1024, , )
strides: [65536, 1], [1, 65536], [], []
dtypes: torch.float8_e4m3fn, torch.float8_e4m3fn, torch.float32, torch.float32
  _scaled_mm 0.1396 ms 100.0% 
  triton_mm_2197 0.2123 ms 65.8% ACC_TYPE='tl.float32', ALLOW_TF32=True, BLOCK_K=256, BLOCK_M=64, BLOCK_N=16, EVEN_K=True, GROUP_M=8, USE_FAST_ACCUM=False, num_stages=5, num_warps=4
  triton_mm_2198 0.2299 ms 60.7% ACC_TYPE='tl.float32', ALLOW_TF32=True, BLOCK_K=256, BLOCK_M=64, BLOCK_N=32, EVEN_K=True, GROUP_M=8, USE_FAST_ACCUM=False, num_stages=5, num_warps=4
  triton_mm_2115 0.3028 ms 46.1% ACC_TYPE='tl.float32', ALLOW_TF32=True, BLOCK_K=64, BLOCK_M=128, BLOCK_N=32, EVEN_K=True, GROUP_M=8, USE_FAST_ACCUM=False, num_stages=4, num_warps=4
  triton_mm_2200 0.3357 ms 41.6% ACC_TYPE='tl.float32', ALLOW_TF32=True, BLOCK_K=128, BLOCK_M=64, BLOCK_N=128, EVEN_K=True, GROUP_M=8, USE_FAST_ACCUM=False, num_stages=3, num_warps=4
  triton_mm_2114 0.3391 ms 41.2% ACC_TYPE='tl.float32', ALLOW_TF32=True, BLOCK_K=64, BLOCK_M=64, BLOCK_N=128, EVEN_K=True, GROUP_M=8, USE_FAST_ACCUM=False, num_stages=4, num_warps=4
  triton_mm_2113 0.4058 ms 34.4% ACC_TYPE='tl.float32', ALLOW_TF32=True, BLOCK_K=64, BLOCK_M=128, BLOCK_N=64, EVEN_K=True, GROUP_M=8, USE_FAST_ACCUM=False, num_stages=4, num_warps=4
  triton_mm_2107 0.4748 ms 29.4% ACC_TYPE='tl.float32', ALLOW_TF32=True, BLOCK_K=32, BLOCK_M=128, BLOCK_N=32, EVEN_K=True, GROUP_M=8, USE_FAST_ACCUM=False, num_stages=4, num_warps=4
  triton_mm_2106 0.4968 ms 28.1% ACC_TYPE='tl.float32', ALLOW_TF32=True, BLOCK_K=32, BLOCK_M=64, BLOCK_N=128, EVEN_K=True, GROUP_M=8, USE_FAST_ACCUM=False, num_stages=4, num_warps=4
  triton_mm_2177 0.5183 ms 26.9% ACC_TYPE='tl.float32', ALLOW_TF32=True, BLOCK_K=64, BLOCK_M=32, BLOCK_N=32, EVEN_K=True, GROUP_M=8, USE_FAST_ACCUM=False, num_stages=5, num_warps=2
SingleProcess AUTOTUNE benchmarking takes 3.8323 seconds and 0.0005 seconds precompiling for 106 choices
Autotune Choices Stats:
{"num_choices": 106, "num_triton_choices": 105, "best_kernel": "triton_mm_1885", "best_kernel_desc": "ACC_TYPE='tl.float32', ALLOW_TF32=True, BLOCK_K=128, BLOCK_M=64, BLOCK_N=128, EVEN_K=True, GROUP_M=8, USE_FAST_ACCUM=False, num_stages=3, num_warps=4", "best_time": 0.262688010931015, "best_triton_pos": 0}
AUTOTUNE scaled_mm(65536x2048, 2048x256, , )
strides: [2048, 1], [1, 2048], [], []
dtypes: torch.float8_e4m3fn, torch.float8_e4m3fn, torch.float32, torch.float32
  triton_mm_1885 0.2627 ms 100.0% ACC_TYPE='tl.float32', ALLOW_TF32=True, BLOCK_K=128, BLOCK_M=64, BLOCK_N=128, EVEN_K=True, GROUP_M=8, USE_FAST_ACCUM=False, num_stages=3, num_warps=4
  triton_mm_1799 0.2630 ms 99.9% ACC_TYPE='tl.float32', ALLOW_TF32=True, BLOCK_K=64, BLOCK_M=64, BLOCK_N=128, EVEN_K=True, GROUP_M=8, USE_FAST_ACCUM=False, num_stages=4, num_warps=4
  triton_mm_1800 0.2638 ms 99.6% ACC_TYPE='tl.float32', ALLOW_TF32=True, BLOCK_K=64, BLOCK_M=128, BLOCK_N=32, EVEN_K=True, GROUP_M=8, USE_FAST_ACCUM=False, num_stages=4, num_warps=4
  _scaled_mm 0.2645 ms 99.3% 
  triton_mm_1798 0.2669 ms 98.4% ACC_TYPE='tl.float32', ALLOW_TF32=True, BLOCK_K=64, BLOCK_M=128, BLOCK_N=64, EVEN_K=True, GROUP_M=8, USE_FAST_ACCUM=False, num_stages=4, num_warps=4
  triton_mm_1791 0.2683 ms 97.9% ACC_TYPE='tl.float32', ALLOW_TF32=True, BLOCK_K=32, BLOCK_M=64, BLOCK_N=128, EVEN_K=True, GROUP_M=8, USE_FAST_ACCUM=False, num_stages=4, num_warps=4
  triton_mm_1884 0.2687 ms 97.7% ACC_TYPE='tl.float32', ALLOW_TF32=True, BLOCK_K=128, BLOCK_M=64, BLOCK_N=128, EVEN_K=True, GROUP_M=8, USE_FAST_ACCUM=False, num_stages=2, num_warps=4
  triton_mm_1790 0.2780 ms 94.5% ACC_TYPE='tl.float32', ALLOW_TF32=True, BLOCK_K=32, BLOCK_M=128, BLOCK_N=64, EVEN_K=True, GROUP_M=8, USE_FAST_ACCUM=False, num_stages=4, num_warps=4
  triton_mm_1788 0.3049 ms 86.2% ACC_TYPE='tl.float32', ALLOW_TF32=True, BLOCK_K=32, BLOCK_M=64, BLOCK_N=256, EVEN_K=True, GROUP_M=8, USE_FAST_ACCUM=False, num_stages=4, num_warps=4
  triton_mm_1789 0.3273 ms 80.3% ACC_TYPE='tl.float32', ALLOW_TF32=True, BLOCK_K=32, BLOCK_M=128, BLOCK_N=128, EVEN_K=True, GROUP_M=8, USE_FAST_ACCUM=False, num_stages=4, num_warps=4
SingleProcess AUTOTUNE benchmarking takes 3.7638 seconds and 0.0005 seconds precompiling for 106 choices
Autotune Choices Stats:
{"num_choices": 106, "num_triton_choices": 105, "best_kernel": "_scaled_mm", "best_time": 0.1486400067806244, "best_triton_pos": 1, "best_triton_time": 0.16147199273109436, "best_triton_kernel": "triton_mm_2009", "best_triton_kernel_desc": "ACC_TYPE='tl.float32', ALLOW_TF32=True, BLOCK_K=64, BLOCK_M=64, BLOCK_N=128, EVEN_K=True, GROUP_M=8, USE_FAST_ACCUM=False, num_stages=4, num_warps=4"}
AUTOTUNE scaled_mm(65536x256, 256x1024, , )
strides: [256, 1], [1, 256], [], []
dtypes: torch.float8_e4m3fn, torch.float8_e4m3fn, torch.float32, torch.float32
  _scaled_mm 0.1486 ms 100.0% 
  triton_mm_2009 0.1615 ms 92.1% ACC_TYPE='tl.float32', ALLOW_TF32=True, BLOCK_K=64, BLOCK_M=64, BLOCK_N=128, EVEN_K=True, GROUP_M=8, USE_FAST_ACCUM=False, num_stages=4, num_warps=4
  triton_mm_2095 0.1647 ms 90.3% ACC_TYPE='tl.float32', ALLOW_TF32=True, BLOCK_K=128, BLOCK_M=64, BLOCK_N=128, EVEN_K=True, GROUP_M=8, USE_FAST_ACCUM=False, num_stages=3, num_warps=4
  triton_mm_2008 0.1707 ms 87.1% ACC_TYPE='tl.float32', ALLOW_TF32=True, BLOCK_K=64, BLOCK_M=128, BLOCK_N=64, EVEN_K=True, GROUP_M=8, USE_FAST_ACCUM=False, num_stages=4, num_warps=4
  triton_mm_2094 0.1751 ms 84.9% ACC_TYPE='tl.float32', ALLOW_TF32=True, BLOCK_K=128, BLOCK_M=64, BLOCK_N=128, EVEN_K=True, GROUP_M=8, USE_FAST_ACCUM=False, num_stages=2, num_warps=4
  triton_mm_2001 0.1862 ms 79.8% ACC_TYPE='tl.float32', ALLOW_TF32=True, BLOCK_K=32, BLOCK_M=64, BLOCK_N=128, EVEN_K=True, GROUP_M=8, USE_FAST_ACCUM=False, num_stages=4, num_warps=4
  triton_mm_2000 0.1939 ms 76.7% ACC_TYPE='tl.float32', ALLOW_TF32=True, BLOCK_K=32, BLOCK_M=128, BLOCK_N=64, EVEN_K=True, GROUP_M=8, USE_FAST_ACCUM=False, num_stages=4, num_warps=4
  triton_mm_2010 0.2066 ms 71.9% ACC_TYPE='tl.float32', ALLOW_TF32=True, BLOCK_K=64, BLOCK_M=128, BLOCK_N=32, EVEN_K=True, GROUP_M=8, USE_FAST_ACCUM=False, num_stages=4, num_warps=4
  triton_mm_1998 0.2336 ms 63.6% ACC_TYPE='tl.float32', ALLOW_TF32=True, BLOCK_K=32, BLOCK_M=64, BLOCK_N=256, EVEN_K=True, GROUP_M=8, USE_FAST_ACCUM=False, num_stages=4, num_warps=4
  triton_mm_2093 0.2353 ms 63.2% ACC_TYPE='tl.float32', ALLOW_TF32=True, BLOCK_K=256, BLOCK_M=64, BLOCK_N=32, EVEN_K=True, GROUP_M=8, USE_FAST_ACCUM=False, num_stages=5, num_warps=4
SingleProcess AUTOTUNE benchmarking takes 3.5751 seconds and 0.0005 seconds precompiling for 106 choices
Autotune Choices Stats:
{"num_choices": 106, "num_triton_choices": 105, "best_kernel": "_scaled_mm", "best_time": 0.13977600634098053, "best_triton_pos": 1, "best_triton_time": 0.21638399362564087, "best_triton_kernel": "triton_mm_2197", "best_triton_kernel_desc": "ACC_TYPE='tl.float32', ALLOW_TF32=True, BLOCK_K=256, BLOCK_M=64, BLOCK_N=16, EVEN_K=True, GROUP_M=8, USE_FAST_ACCUM=False, num_stages=5, num_warps=4"}
AUTOTUNE scaled_mm(256x65536, 65536x1024, , )
strides: [65536, 1], [1, 65536], [], []
dtypes: torch.float8_e4m3fn, torch.float8_e4m3fn, torch.float32, torch.float32
  _scaled_mm 0.1398 ms 100.0% 
  triton_mm_2197 0.2164 ms 64.6% ACC_TYPE='tl.float32', ALLOW_TF32=True, BLOCK_K=256, BLOCK_M=64, BLOCK_N=16, EVEN_K=True, GROUP_M=8, USE_FAST_ACCUM=False, num_stages=5, num_warps=4
  triton_mm_2198 0.2260 ms 61.8% ACC_TYPE='tl.float32', ALLOW_TF32=True, BLOCK_K=256, BLOCK_M=64, BLOCK_N=32, EVEN_K=True, GROUP_M=8, USE_FAST_ACCUM=False, num_stages=5, num_warps=4
  triton_mm_2115 0.3033 ms 46.1% ACC_TYPE='tl.float32', ALLOW_TF32=True, BLOCK_K=64, BLOCK_M=128, BLOCK_N=32, EVEN_K=True, GROUP_M=8, USE_FAST_ACCUM=False, num_stages=4, num_warps=4
  triton_mm_2200 0.3386 ms 41.3% ACC_TYPE='tl.float32', ALLOW_TF32=True, BLOCK_K=128, BLOCK_M=64, BLOCK_N=128, EVEN_K=True, GROUP_M=8, USE_FAST_ACCUM=False, num_stages=3, num_warps=4
  triton_mm_2114 0.3429 ms 40.8% ACC_TYPE='tl.float32', ALLOW_TF32=True, BLOCK_K=64, BLOCK_M=64, BLOCK_N=128, EVEN_K=True, GROUP_M=8, USE_FAST_ACCUM=False, num_stages=4, num_warps=4
  triton_mm_2113 0.4052 ms 34.5% ACC_TYPE='tl.float32', ALLOW_TF32=True, BLOCK_K=64, BLOCK_M=128, BLOCK_N=64, EVEN_K=True, GROUP_M=8, USE_FAST_ACCUM=False, num_stages=4, num_warps=4
  triton_mm_2107 0.4752 ms 29.4% ACC_TYPE='tl.float32', ALLOW_TF32=True, BLOCK_K=32, BLOCK_M=128, BLOCK_N=32, EVEN_K=True, GROUP_M=8, USE_FAST_ACCUM=False, num_stages=4, num_warps=4
  triton_mm_2106 0.4995 ms 28.0% ACC_TYPE='tl.float32', ALLOW_TF32=True, BLOCK_K=32, BLOCK_M=64, BLOCK_N=128, EVEN_K=True, GROUP_M=8, USE_FAST_ACCUM=False, num_stages=4, num_warps=4
  triton_mm_2193 0.5183 ms 27.0% ACC_TYPE='tl.float32', ALLOW_TF32=True, BLOCK_K=64, BLOCK_M=32, BLOCK_N=32, EVEN_K=True, GROUP_M=8, USE_FAST_ACCUM=False, num_stages=6, num_warps=2
SingleProcess AUTOTUNE benchmarking takes 3.7967 seconds and 0.0004 seconds precompiling for 106 choices
Autotune Choices Stats:
{"num_choices": 106, "num_triton_choices": 105, "best_kernel": "_scaled_mm", "best_time": 0.3030720055103302, "best_triton_pos": 1, "best_triton_time": 0.3388800024986267, "best_triton_kernel": "triton_mm_1904", "best_triton_kernel_desc": "ACC_TYPE='tl.float32', ALLOW_TF32=True, BLOCK_K=64, BLOCK_M=64, BLOCK_N=128, EVEN_K=True, GROUP_M=8, USE_FAST_ACCUM=False, num_stages=4, num_warps=4"}
AUTOTUNE scaled_mm(2048x65536, 65536x256, , )
strides: [65536, 1], [1, 65536], [], []
dtypes: torch.float8_e4m3fn, torch.float8_e4m3fn, torch.float32, torch.float32
  _scaled_mm 0.3031 ms 100.0% 
  triton_mm_1904 0.3389 ms 89.4% ACC_TYPE='tl.float32', ALLOW_TF32=True, BLOCK_K=64, BLOCK_M=64, BLOCK_N=128, EVEN_K=True, GROUP_M=8, USE_FAST_ACCUM=False, num_stages=4, num_warps=4
  triton_mm_1990 0.3397 ms 89.2% ACC_TYPE='tl.float32', ALLOW_TF32=True, BLOCK_K=128, BLOCK_M=64, BLOCK_N=128, EVEN_K=True, GROUP_M=8, USE_FAST_ACCUM=False, num_stages=3, num_warps=4
  triton_mm_1905 0.3525 ms 86.0% ACC_TYPE='tl.float32', ALLOW_TF32=True, BLOCK_K=64, BLOCK_M=128, BLOCK_N=32, EVEN_K=True, GROUP_M=8, USE_FAST_ACCUM=False, num_stages=4, num_warps=4
  triton_mm_1987 0.3782 ms 80.1% ACC_TYPE='tl.float32', ALLOW_TF32=True, BLOCK_K=256, BLOCK_M=64, BLOCK_N=16, EVEN_K=True, GROUP_M=8, USE_FAST_ACCUM=False, num_stages=5, num_warps=4
  triton_mm_1903 0.4064 ms 74.6% ACC_TYPE='tl.float32', ALLOW_TF32=True, BLOCK_K=64, BLOCK_M=128, BLOCK_N=64, EVEN_K=True, GROUP_M=8, USE_FAST_ACCUM=False, num_stages=4, num_warps=4
  triton_mm_1988 0.4558 ms 66.5% ACC_TYPE='tl.float32', ALLOW_TF32=True, BLOCK_K=256, BLOCK_M=64, BLOCK_N=32, EVEN_K=True, GROUP_M=8, USE_FAST_ACCUM=False, num_stages=5, num_warps=4
  triton_mm_1896 0.4889 ms 62.0% ACC_TYPE='tl.float32', ALLOW_TF32=True, BLOCK_K=32, BLOCK_M=64, BLOCK_N=128, EVEN_K=True, GROUP_M=8, USE_FAST_ACCUM=False, num_stages=4, num_warps=4
  triton_mm_1897 0.5042 ms 60.1% ACC_TYPE='tl.float32', ALLOW_TF32=True, BLOCK_K=32, BLOCK_M=128, BLOCK_N=32, EVEN_K=True, GROUP_M=8, USE_FAST_ACCUM=False, num_stages=4, num_warps=4
  triton_mm_1895 0.5294 ms 57.2% ACC_TYPE='tl.float32', ALLOW_TF32=True, BLOCK_K=32, BLOCK_M=128, BLOCK_N=64, EVEN_K=True, GROUP_M=8, USE_FAST_ACCUM=False, num_stages=4, num_warps=4
SingleProcess AUTOTUNE benchmarking takes 3.9521 seconds and 0.0005 seconds precompiling for 106 choices
Autotune Choices Stats:
{"num_choices": 106, "num_triton_choices": 105, "best_kernel": "_scaled_mm", "best_time": 0.15139199793338776, "best_triton_pos": 1, "best_triton_time": 0.23401600122451782, "best_triton_kernel": "triton_mm_2197", "best_triton_kernel_desc": "ACC_TYPE='tl.float32', ALLOW_TF32=True, BLOCK_K=256, BLOCK_M=64, BLOCK_N=16, EVEN_K=True, GROUP_M=8, USE_FAST_ACCUM=False, num_stages=5, num_warps=4"}
AUTOTUNE scaled_mm(256x65536, 65536x1024, , )
strides: [65536, 1], [1, 65536], [], []
dtypes: torch.float8_e4m3fn, torch.float8_e4m3fn, torch.float32, torch.float32
  _scaled_mm 0.1514 ms 100.0% 
  triton_mm_2197 0.2340 ms 64.7% ACC_TYPE='tl.float32', ALLOW_TF32=True, BLOCK_K=256, BLOCK_M=64, BLOCK_N=16, EVEN_K=True, GROUP_M=8, USE_FAST_ACCUM=False, num_stages=5, num_warps=4
  triton_mm_2198 0.2463 ms 61.5% ACC_TYPE='tl.float32', ALLOW_TF32=True, BLOCK_K=256, BLOCK_M=64, BLOCK_N=32, EVEN_K=True, GROUP_M=8, USE_FAST_ACCUM=False, num_stages=5, num_warps=4
  triton_mm_2115 0.3161 ms 47.9% ACC_TYPE='tl.float32', ALLOW_TF32=True, BLOCK_K=64, BLOCK_M=128, BLOCK_N=32, EVEN_K=True, GROUP_M=8, USE_FAST_ACCUM=False, num_stages=4, num_warps=4
  triton_mm_2200 0.3644 ms 41.5% ACC_TYPE='tl.float32', ALLOW_TF32=True, BLOCK_K=128, BLOCK_M=64, BLOCK_N=128, EVEN_K=True, GROUP_M=8, USE_FAST_ACCUM=False, num_stages=3, num_warps=4
  triton_mm_2114 0.3650 ms 41.5% ACC_TYPE='tl.float32', ALLOW_TF32=True, BLOCK_K=64, BLOCK_M=64, BLOCK_N=128, EVEN_K=True, GROUP_M=8, USE_FAST_ACCUM=False, num_stages=4, num_warps=4
  triton_mm_2113 0.4403 ms 34.4% ACC_TYPE='tl.float32', ALLOW_TF32=True, BLOCK_K=64, BLOCK_M=128, BLOCK_N=64, EVEN_K=True, GROUP_M=8, USE_FAST_ACCUM=False, num_stages=4, num_warps=4
  triton_mm_2107 0.4963 ms 30.5% ACC_TYPE='tl.float32', ALLOW_TF32=True, BLOCK_K=32, BLOCK_M=128, BLOCK_N=32, EVEN_K=True, GROUP_M=8, USE_FAST_ACCUM=False, num_stages=4, num_warps=4
  triton_mm_2106 0.5145 ms 29.4% ACC_TYPE='tl.float32', ALLOW_TF32=True, BLOCK_K=32, BLOCK_M=64, BLOCK_N=128, EVEN_K=True, GROUP_M=8, USE_FAST_ACCUM=False, num_stages=4, num_warps=4
  triton_mm_2105 0.5638 ms 26.9% ACC_TYPE='tl.float32', ALLOW_TF32=True, BLOCK_K=32, BLOCK_M=128, BLOCK_N=64, EVEN_K=True, GROUP_M=8, USE_FAST_ACCUM=False, num_stages=4, num_warps=4
SingleProcess AUTOTUNE benchmarking takes 3.8364 seconds and 0.0005 seconds precompiling for 106 choices
Autotune Choices Stats:
{"num_choices": 106, "num_triton_choices": 105, "best_kernel": "_scaled_mm", "best_time": 0.1383039951324463, "best_triton_pos": 1, "best_triton_time": 0.15007999539375305, "best_triton_kernel": "triton_mm_2009", "best_triton_kernel_desc": "ACC_TYPE='tl.float32', ALLOW_TF32=True, BLOCK_K=64, BLOCK_M=64, BLOCK_N=128, EVEN_K=True, GROUP_M=8, USE_FAST_ACCUM=False, num_stages=4, num_warps=4"}
AUTOTUNE scaled_mm(65536x256, 256x1024, , )
strides: [256, 1], [1, 256], [], []
dtypes: torch.float8_e4m3fn, torch.float8_e4m3fn, torch.float32, torch.float32
  _scaled_mm 0.1383 ms 100.0% 
  triton_mm_2009 0.1501 ms 92.2% ACC_TYPE='tl.float32', ALLOW_TF32=True, BLOCK_K=64, BLOCK_M=64, BLOCK_N=128, EVEN_K=True, GROUP_M=8, USE_FAST_ACCUM=False, num_stages=4, num_warps=4
  triton_mm_2095 0.1535 ms 90.1% ACC_TYPE='tl.float32', ALLOW_TF32=True, BLOCK_K=128, BLOCK_M=64, BLOCK_N=128, EVEN_K=True, GROUP_M=8, USE_FAST_ACCUM=False, num_stages=3, num_warps=4
  triton_mm_2008 0.1571 ms 88.1% ACC_TYPE='tl.float32', ALLOW_TF32=True, BLOCK_K=64, BLOCK_M=128, BLOCK_N=64, EVEN_K=True, GROUP_M=8, USE_FAST_ACCUM=False, num_stages=4, num_warps=4
  triton_mm_2094 0.1629 ms 84.9% ACC_TYPE='tl.float32', ALLOW_TF32=True, BLOCK_K=128, BLOCK_M=64, BLOCK_N=128, EVEN_K=True, GROUP_M=8, USE_FAST_ACCUM=False, num_stages=2, num_warps=4
  triton_mm_2001 0.1734 ms 79.7% ACC_TYPE='tl.float32', ALLOW_TF32=True, BLOCK_K=32, BLOCK_M=64, BLOCK_N=128, EVEN_K=True, GROUP_M=8, USE_FAST_ACCUM=False, num_stages=4, num_warps=4
  triton_mm_2000 0.1795 ms 77.0% ACC_TYPE='tl.float32', ALLOW_TF32=True, BLOCK_K=32, BLOCK_M=128, BLOCK_N=64, EVEN_K=True, GROUP_M=8, USE_FAST_ACCUM=False, num_stages=4, num_warps=4
  triton_mm_2010 0.1912 ms 72.3% ACC_TYPE='tl.float32', ALLOW_TF32=True, BLOCK_K=64, BLOCK_M=128, BLOCK_N=32, EVEN_K=True, GROUP_M=8, USE_FAST_ACCUM=False, num_stages=4, num_warps=4
  triton_mm_2093 0.2174 ms 63.6% ACC_TYPE='tl.float32', ALLOW_TF32=True, BLOCK_K=256, BLOCK_M=64, BLOCK_N=32, EVEN_K=True, GROUP_M=8, USE_FAST_ACCUM=False, num_stages=5, num_warps=4
  triton_mm_1998 0.2176 ms 63.6% ACC_TYPE='tl.float32', ALLOW_TF32=True, BLOCK_K=32, BLOCK_M=64, BLOCK_N=256, EVEN_K=True, GROUP_M=8, USE_FAST_ACCUM=False, num_stages=4, num_warps=4
SingleProcess AUTOTUNE benchmarking takes 3.5387 seconds and 0.0005 seconds precompiling for 106 choices
Autotune Choices Stats:
{"num_choices": 106, "num_triton_choices": 105, "best_kernel": "_scaled_mm", "best_time": 0.13993600010871887, "best_triton_pos": 1, "best_triton_time": 0.2152000069618225, "best_triton_kernel": "triton_mm_2197", "best_triton_kernel_desc": "ACC_TYPE='tl.float32', ALLOW_TF32=True, BLOCK_K=256, BLOCK_M=64, BLOCK_N=16, EVEN_K=True, GROUP_M=8, USE_FAST_ACCUM=False, num_stages=5, num_warps=4"}
AUTOTUNE scaled_mm(256x65536, 65536x1024, , )
strides: [65536, 1], [1, 65536], [], []
dtypes: torch.float8_e4m3fn, torch.float8_e4m3fn, torch.float32, torch.float32
  _scaled_mm 0.1399 ms 100.0% 
  triton_mm_2197 0.2152 ms 65.0% ACC_TYPE='tl.float32', ALLOW_TF32=True, BLOCK_K=256, BLOCK_M=64, BLOCK_N=16, EVEN_K=True, GROUP_M=8, USE_FAST_ACCUM=False, num_stages=5, num_warps=4
  triton_mm_2198 0.2260 ms 61.9% ACC_TYPE='tl.float32', ALLOW_TF32=True, BLOCK_K=256, BLOCK_M=64, BLOCK_N=32, EVEN_K=True, GROUP_M=8, USE_FAST_ACCUM=False, num_stages=5, num_warps=4
  triton_mm_2115 0.3037 ms 46.1% ACC_TYPE='tl.float32', ALLOW_TF32=True, BLOCK_K=64, BLOCK_M=128, BLOCK_N=32, EVEN_K=True, GROUP_M=8, USE_FAST_ACCUM=False, num_stages=4, num_warps=4
  triton_mm_2200 0.3374 ms 41.5% ACC_TYPE='tl.float32', ALLOW_TF32=True, BLOCK_K=128, BLOCK_M=64, BLOCK_N=128, EVEN_K=True, GROUP_M=8, USE_FAST_ACCUM=False, num_stages=3, num_warps=4
  triton_mm_2114 0.3397 ms 41.2% ACC_TYPE='tl.float32', ALLOW_TF32=True, BLOCK_K=64, BLOCK_M=64, BLOCK_N=128, EVEN_K=True, GROUP_M=8, USE_FAST_ACCUM=False, num_stages=4, num_warps=4
  triton_mm_2113 0.4052 ms 34.5% ACC_TYPE='tl.float32', ALLOW_TF32=True, BLOCK_K=64, BLOCK_M=128, BLOCK_N=64, EVEN_K=True, GROUP_M=8, USE_FAST_ACCUM=False, num_stages=4, num_warps=4
  triton_mm_2107 0.4736 ms 29.5% ACC_TYPE='tl.float32', ALLOW_TF32=True, BLOCK_K=32, BLOCK_M=128, BLOCK_N=32, EVEN_K=True, GROUP_M=8, USE_FAST_ACCUM=False, num_stages=4, num_warps=4
  triton_mm_2106 0.4961 ms 28.2% ACC_TYPE='tl.float32', ALLOW_TF32=True, BLOCK_K=32, BLOCK_M=64, BLOCK_N=128, EVEN_K=True, GROUP_M=8, USE_FAST_ACCUM=False, num_stages=4, num_warps=4
  triton_mm_2161 0.5181 ms 27.0% ACC_TYPE='tl.float32', ALLOW_TF32=True, BLOCK_K=64, BLOCK_M=32, BLOCK_N=32, EVEN_K=True, GROUP_M=8, USE_FAST_ACCUM=False, num_stages=4, num_warps=2
SingleProcess AUTOTUNE benchmarking takes 3.7868 seconds and 0.0004 seconds precompiling for 106 choices
Autotune Choices Stats:
{"num_choices": 106, "num_triton_choices": 105, "best_kernel": "triton_mm_2429", "best_kernel_desc": "ACC_TYPE='tl.float32', ALLOW_TF32=True, BLOCK_K=64, BLOCK_M=64, BLOCK_N=128, EVEN_K=False, GROUP_M=8, USE_FAST_ACCUM=False, num_stages=4, num_warps=4", "best_time": 0.561568021774292, "best_triton_pos": 0}
AUTOTUNE scaled_mm(65536x1040, 1040x1024, , )
strides: [1040, 1], [1, 1040], [], []
dtypes: torch.float8_e4m3fn, torch.float8_e4m3fn, torch.float32, torch.float32
  triton_mm_2429 0.5616 ms 100.0% ACC_TYPE='tl.float32', ALLOW_TF32=True, BLOCK_K=64, BLOCK_M=64, BLOCK_N=128, EVEN_K=False, GROUP_M=8, USE_FAST_ACCUM=False, num_stages=4, num_warps=4
  _scaled_mm 0.5667 ms 99.1% 
  triton_mm_2515 0.5728 ms 98.0% ACC_TYPE='tl.float32', ALLOW_TF32=True, BLOCK_K=128, BLOCK_M=64, BLOCK_N=128, EVEN_K=False, GROUP_M=8, USE_FAST_ACCUM=False, num_stages=3, num_warps=4
  triton_mm_2428 0.5822 ms 96.5% ACC_TYPE='tl.float32', ALLOW_TF32=True, BLOCK_K=64, BLOCK_M=128, BLOCK_N=64, EVEN_K=False, GROUP_M=8, USE_FAST_ACCUM=False, num_stages=4, num_warps=4
  triton_mm_2514 0.5892 ms 95.3% ACC_TYPE='tl.float32', ALLOW_TF32=True, BLOCK_K=128, BLOCK_M=64, BLOCK_N=128, EVEN_K=False, GROUP_M=8, USE_FAST_ACCUM=False, num_stages=2, num_warps=4
  triton_mm_2421 0.6282 ms 89.4% ACC_TYPE='tl.float32', ALLOW_TF32=True, BLOCK_K=32, BLOCK_M=64, BLOCK_N=128, EVEN_K=False, GROUP_M=8, USE_FAST_ACCUM=False, num_stages=4, num_warps=4
  triton_mm_2420 0.6397 ms 87.8% ACC_TYPE='tl.float32', ALLOW_TF32=True, BLOCK_K=32, BLOCK_M=128, BLOCK_N=64, EVEN_K=False, GROUP_M=8, USE_FAST_ACCUM=False, num_stages=4, num_warps=4
  triton_mm_2430 0.6989 ms 80.3% ACC_TYPE='tl.float32', ALLOW_TF32=True, BLOCK_K=64, BLOCK_M=128, BLOCK_N=32, EVEN_K=False, GROUP_M=8, USE_FAST_ACCUM=False, num_stages=4, num_warps=4
  triton_mm_2419 0.7309 ms 76.8% ACC_TYPE='tl.float32', ALLOW_TF32=True, BLOCK_K=32, BLOCK_M=128, BLOCK_N=128, EVEN_K=False, GROUP_M=8, USE_FAST_ACCUM=False, num_stages=4, num_warps=4
  triton_mm_2418 0.7714 ms 72.8% ACC_TYPE='tl.float32', ALLOW_TF32=True, BLOCK_K=32, BLOCK_M=64, BLOCK_N=256, EVEN_K=False, GROUP_M=8, USE_FAST_ACCUM=False, num_stages=4, num_warps=4
SingleProcess AUTOTUNE benchmarking takes 4.1965 seconds and 0.2735 seconds precompiling for 106 choices
Autotune Choices Stats:
{"num_choices": 106, "num_triton_choices": 105, "best_kernel": "_scaled_mm", "best_time": 0.5575039982795715, "best_triton_pos": 1, "best_triton_time": 0.5948160290718079, "best_triton_kernel": "triton_mm_2535", "best_triton_kernel_desc": "ACC_TYPE='tl.float32', ALLOW_TF32=True, BLOCK_K=64, BLOCK_M=128, BLOCK_N=32, EVEN_K=True, GROUP_M=8, USE_FAST_ACCUM=False, num_stages=4, num_warps=4"}
AUTOTUNE scaled_mm(1040x65536, 65536x1024, , )
strides: [65536, 1], [1, 65536], [], []
dtypes: torch.float8_e4m3fn, torch.float8_e4m3fn, torch.float32, torch.float32
  _scaled_mm 0.5575 ms 100.0% 
  triton_mm_2535 0.5948 ms 93.7% ACC_TYPE='tl.float32', ALLOW_TF32=True, BLOCK_K=64, BLOCK_M=128, BLOCK_N=32, EVEN_K=True, GROUP_M=8, USE_FAST_ACCUM=False, num_stages=4, num_warps=4
  triton_mm_2526 0.5961 ms 93.5% ACC_TYPE='tl.float32', ALLOW_TF32=True, BLOCK_K=32, BLOCK_M=64, BLOCK_N=128, EVEN_K=True, GROUP_M=8, USE_FAST_ACCUM=False, num_stages=4, num_warps=4
  triton_mm_2534 0.5976 ms 93.3% ACC_TYPE='tl.float32', ALLOW_TF32=True, BLOCK_K=64, BLOCK_M=64, BLOCK_N=128, EVEN_K=True, GROUP_M=8, USE_FAST_ACCUM=False, num_stages=4, num_warps=4
  triton_mm_2620 0.6040 ms 92.3% ACC_TYPE='tl.float32', ALLOW_TF32=True, BLOCK_K=128, BLOCK_M=64, BLOCK_N=128, EVEN_K=True, GROUP_M=8, USE_FAST_ACCUM=False, num_stages=3, num_warps=4
  triton_mm_2619 0.6286 ms 88.7% ACC_TYPE='tl.float32', ALLOW_TF32=True, BLOCK_K=128, BLOCK_M=64, BLOCK_N=128, EVEN_K=True, GROUP_M=8, USE_FAST_ACCUM=False, num_stages=2, num_warps=4
  triton_mm_2533 0.6404 ms 87.1% ACC_TYPE='tl.float32', ALLOW_TF32=True, BLOCK_K=64, BLOCK_M=128, BLOCK_N=64, EVEN_K=True, GROUP_M=8, USE_FAST_ACCUM=False, num_stages=4, num_warps=4
  triton_mm_2525 0.6670 ms 83.6% ACC_TYPE='tl.float32', ALLOW_TF32=True, BLOCK_K=32, BLOCK_M=128, BLOCK_N=64, EVEN_K=True, GROUP_M=8, USE_FAST_ACCUM=False, num_stages=4, num_warps=4
  triton_mm_2531 0.6828 ms 81.6% ACC_TYPE='tl.float32', ALLOW_TF32=True, BLOCK_K=128, BLOCK_M=64, BLOCK_N=256, EVEN_K=True, GROUP_M=8, USE_FAST_ACCUM=False, num_stages=4, num_warps=4
  triton_mm_2617 0.7383 ms 75.5% ACC_TYPE='tl.float32', ALLOW_TF32=True, BLOCK_K=256, BLOCK_M=64, BLOCK_N=16, EVEN_K=True, GROUP_M=8, USE_FAST_ACCUM=False, num_stages=5, num_warps=4
SingleProcess AUTOTUNE benchmarking takes 4.3343 seconds and 0.0005 seconds precompiling for 106 choices
Autotune Choices Stats:
{"num_choices": 106, "num_triton_choices": 105, "best_kernel": "triton_mm_2725", "best_kernel_desc": "ACC_TYPE='tl.float32', ALLOW_TF32=True, BLOCK_K=128, BLOCK_M=64, BLOCK_N=128, EVEN_K=True, GROUP_M=8, USE_FAST_ACCUM=False, num_stages=3, num_warps=4", "best_time": 1.4757119417190552, "best_triton_pos": 0}
AUTOTUNE scaled_mm(65536x3072, 3072x1024, , )
strides: [3072, 1], [1, 3072], [], []
dtypes: torch.float8_e4m3fn, torch.float8_e4m3fn, torch.float32, torch.float32
  triton_mm_2725 1.4757 ms 100.0% ACC_TYPE='tl.float32', ALLOW_TF32=True, BLOCK_K=128, BLOCK_M=64, BLOCK_N=128, EVEN_K=True, GROUP_M=8, USE_FAST_ACCUM=False, num_stages=3, num_warps=4
  triton_mm_2639 1.4919 ms 98.9% ACC_TYPE='tl.float32', ALLOW_TF32=True, BLOCK_K=64, BLOCK_M=64, BLOCK_N=128, EVEN_K=True, GROUP_M=8, USE_FAST_ACCUM=False, num_stages=4, num_warps=4
  _scaled_mm 1.4944 ms 98.7% 
  triton_mm_2640 1.4979 ms 98.5% ACC_TYPE='tl.float32', ALLOW_TF32=True, BLOCK_K=64, BLOCK_M=128, BLOCK_N=32, EVEN_K=True, GROUP_M=8, USE_FAST_ACCUM=False, num_stages=4, num_warps=4
  triton_mm_2631 1.4983 ms 98.5% ACC_TYPE='tl.float32', ALLOW_TF32=True, BLOCK_K=32, BLOCK_M=64, BLOCK_N=128, EVEN_K=True, GROUP_M=8, USE_FAST_ACCUM=False, num_stages=4, num_warps=4
  triton_mm_2724 1.4990 ms 98.4% ACC_TYPE='tl.float32', ALLOW_TF32=True, BLOCK_K=128, BLOCK_M=64, BLOCK_N=128, EVEN_K=True, GROUP_M=8, USE_FAST_ACCUM=False, num_stages=2, num_warps=4
  triton_mm_2638 1.5178 ms 97.2% ACC_TYPE='tl.float32', ALLOW_TF32=True, BLOCK_K=64, BLOCK_M=128, BLOCK_N=64, EVEN_K=True, GROUP_M=8, USE_FAST_ACCUM=False, num_stages=4, num_warps=4
  triton_mm_2630 1.5568 ms 94.8% ACC_TYPE='tl.float32', ALLOW_TF32=True, BLOCK_K=32, BLOCK_M=128, BLOCK_N=64, EVEN_K=True, GROUP_M=8, USE_FAST_ACCUM=False, num_stages=4, num_warps=4
  triton_mm_2628 1.6818 ms 87.7% ACC_TYPE='tl.float32', ALLOW_TF32=True, BLOCK_K=32, BLOCK_M=64, BLOCK_N=256, EVEN_K=True, GROUP_M=8, USE_FAST_ACCUM=False, num_stages=4, num_warps=4
  triton_mm_2629 1.7469 ms 84.5% ACC_TYPE='tl.float32', ALLOW_TF32=True, BLOCK_K=32, BLOCK_M=128, BLOCK_N=128, EVEN_K=True, GROUP_M=8, USE_FAST_ACCUM=False, num_stages=4, num_warps=4
SingleProcess AUTOTUNE benchmarking takes 5.7087 seconds and 0.0005 seconds precompiling for 106 choices
Autotune Choices Stats:
{"num_choices": 106, "num_triton_choices": 105, "best_kernel": "_scaled_mm", "best_time": 0.5032960176467896, "best_triton_pos": 1, "best_triton_time": 0.5119680166244507, "best_triton_kernel": "triton_mm_2219", "best_triton_kernel_desc": "ACC_TYPE='tl.float32', ALLOW_TF32=True, BLOCK_K=64, BLOCK_M=64, BLOCK_N=128, EVEN_K=True, GROUP_M=8, USE_FAST_ACCUM=False, num_stages=4, num_warps=4"}
AUTOTUNE scaled_mm(65536x1024, 1024x1024, , )
strides: [1024, 1], [1, 1024], [], []
dtypes: torch.float8_e4m3fn, torch.float8_e4m3fn, torch.float32, torch.float32
  _scaled_mm 0.5033 ms 100.0% 
  triton_mm_2219 0.5120 ms 98.3% ACC_TYPE='tl.float32', ALLOW_TF32=True, BLOCK_K=64, BLOCK_M=64, BLOCK_N=128, EVEN_K=True, GROUP_M=8, USE_FAST_ACCUM=False, num_stages=4, num_warps=4
  triton_mm_2305 0.5176 ms 97.2% ACC_TYPE='tl.float32', ALLOW_TF32=True, BLOCK_K=128, BLOCK_M=64, BLOCK_N=128, EVEN_K=True, GROUP_M=8, USE_FAST_ACCUM=False, num_stages=3, num_warps=4
  triton_mm_2304 0.5282 ms 95.3% ACC_TYPE='tl.float32', ALLOW_TF32=True, BLOCK_K=128, BLOCK_M=64, BLOCK_N=128, EVEN_K=True, GROUP_M=8, USE_FAST_ACCUM=False, num_stages=2, num_warps=4
  triton_mm_2220 0.5300 ms 95.0% ACC_TYPE='tl.float32', ALLOW_TF32=True, BLOCK_K=64, BLOCK_M=128, BLOCK_N=32, EVEN_K=True, GROUP_M=8, USE_FAST_ACCUM=False, num_stages=4, num_warps=4
  triton_mm_2211 0.5317 ms 94.7% ACC_TYPE='tl.float32', ALLOW_TF32=True, BLOCK_K=32, BLOCK_M=64, BLOCK_N=128, EVEN_K=True, GROUP_M=8, USE_FAST_ACCUM=False, num_stages=4, num_warps=4
  triton_mm_2218 0.5332 ms 94.4% ACC_TYPE='tl.float32', ALLOW_TF32=True, BLOCK_K=64, BLOCK_M=128, BLOCK_N=64, EVEN_K=True, GROUP_M=8, USE_FAST_ACCUM=False, num_stages=4, num_warps=4
  triton_mm_2210 0.5673 ms 88.7% ACC_TYPE='tl.float32', ALLOW_TF32=True, BLOCK_K=32, BLOCK_M=128, BLOCK_N=64, EVEN_K=True, GROUP_M=8, USE_FAST_ACCUM=False, num_stages=4, num_warps=4
  triton_mm_2208 0.6145 ms 81.9% ACC_TYPE='tl.float32', ALLOW_TF32=True, BLOCK_K=32, BLOCK_M=64, BLOCK_N=256, EVEN_K=True, GROUP_M=8, USE_FAST_ACCUM=False, num_stages=4, num_warps=4
  triton_mm_2209 0.6557 ms 76.8% ACC_TYPE='tl.float32', ALLOW_TF32=True, BLOCK_K=32, BLOCK_M=128, BLOCK_N=128, EVEN_K=True, GROUP_M=8, USE_FAST_ACCUM=False, num_stages=4, num_warps=4
SingleProcess AUTOTUNE benchmarking takes 3.7914 seconds and 0.0001 seconds precompiling for 106 choices
Autotune Choices Stats:
{"num_choices": 106, "num_triton_choices": 105, "best_kernel": "_scaled_mm", "best_time": 0.5036479830741882, "best_triton_pos": 1, "best_triton_time": 0.5120639801025391, "best_triton_kernel": "triton_mm_2219", "best_triton_kernel_desc": "ACC_TYPE='tl.float32', ALLOW_TF32=True, BLOCK_K=64, BLOCK_M=64, BLOCK_N=128, EVEN_K=True, GROUP_M=8, USE_FAST_ACCUM=False, num_stages=4, num_warps=4"}
AUTOTUNE scaled_mm(65536x1024, 1024x1024, , )
strides: [1024, 1], [1, 1024], [], []
dtypes: torch.float8_e4m3fn, torch.float8_e4m3fn, torch.float32, torch.float32
  _scaled_mm 0.5036 ms 100.0% 
  triton_mm_2219 0.5121 ms 98.4% ACC_TYPE='tl.float32', ALLOW_TF32=True, BLOCK_K=64, BLOCK_M=64, BLOCK_N=128, EVEN_K=True, GROUP_M=8, USE_FAST_ACCUM=False, num_stages=4, num_warps=4
  triton_mm_2305 0.5178 ms 97.3% ACC_TYPE='tl.float32', ALLOW_TF32=True, BLOCK_K=128, BLOCK_M=64, BLOCK_N=128, EVEN_K=True, GROUP_M=8, USE_FAST_ACCUM=False, num_stages=3, num_warps=4
  triton_mm_2304 0.5281 ms 95.4% ACC_TYPE='tl.float32', ALLOW_TF32=True, BLOCK_K=128, BLOCK_M=64, BLOCK_N=128, EVEN_K=True, GROUP_M=8, USE_FAST_ACCUM=False, num_stages=2, num_warps=4
  triton_mm_2220 0.5288 ms 95.2% ACC_TYPE='tl.float32', ALLOW_TF32=True, BLOCK_K=64, BLOCK_M=128, BLOCK_N=32, EVEN_K=True, GROUP_M=8, USE_FAST_ACCUM=False, num_stages=4, num_warps=4
  triton_mm_2211 0.5308 ms 94.9% ACC_TYPE='tl.float32', ALLOW_TF32=True, BLOCK_K=32, BLOCK_M=64, BLOCK_N=128, EVEN_K=True, GROUP_M=8, USE_FAST_ACCUM=False, num_stages=4, num_warps=4
  triton_mm_2218 0.5326 ms 94.6% ACC_TYPE='tl.float32', ALLOW_TF32=True, BLOCK_K=64, BLOCK_M=128, BLOCK_N=64, EVEN_K=True, GROUP_M=8, USE_FAST_ACCUM=False, num_stages=4, num_warps=4
  triton_mm_2210 0.5657 ms 89.0% ACC_TYPE='tl.float32', ALLOW_TF32=True, BLOCK_K=32, BLOCK_M=128, BLOCK_N=64, EVEN_K=True, GROUP_M=8, USE_FAST_ACCUM=False, num_stages=4, num_warps=4
  triton_mm_2208 0.6150 ms 81.9% ACC_TYPE='tl.float32', ALLOW_TF32=True, BLOCK_K=32, BLOCK_M=64, BLOCK_N=256, EVEN_K=True, GROUP_M=8, USE_FAST_ACCUM=False, num_stages=4, num_warps=4
  triton_mm_2209 0.6562 ms 76.8% ACC_TYPE='tl.float32', ALLOW_TF32=True, BLOCK_K=32, BLOCK_M=128, BLOCK_N=128, EVEN_K=True, GROUP_M=8, USE_FAST_ACCUM=False, num_stages=4, num_warps=4
SingleProcess AUTOTUNE benchmarking takes 3.7802 seconds and 0.0001 seconds precompiling for 106 choices
Autotune Choices Stats:
{"num_choices": 106, "num_triton_choices": 105, "best_kernel": "_scaled_mm", "best_time": 0.5965759754180908, "best_triton_pos": 1, "best_triton_time": 0.6015999913215637, "best_triton_kernel": "triton_mm_2410", "best_triton_kernel_desc": "ACC_TYPE='tl.float32', ALLOW_TF32=True, BLOCK_K=128, BLOCK_M=64, BLOCK_N=128, EVEN_K=True, GROUP_M=8, USE_FAST_ACCUM=False, num_stages=3, num_warps=4"}
AUTOTUNE scaled_mm(1024x65536, 65536x1024, , )
strides: [65536, 1], [1, 65536], [], []
dtypes: torch.float8_e4m3fn, torch.float8_e4m3fn, torch.float32, torch.float32
  _scaled_mm 0.5966 ms 100.0% 
  triton_mm_2410 0.6016 ms 99.2% ACC_TYPE='tl.float32', ALLOW_TF32=True, BLOCK_K=128, BLOCK_M=64, BLOCK_N=128, EVEN_K=True, GROUP_M=8, USE_FAST_ACCUM=False, num_stages=3, num_warps=4
  triton_mm_2316 0.6024 ms 99.0% ACC_TYPE='tl.float32', ALLOW_TF32=True, BLOCK_K=32, BLOCK_M=64, BLOCK_N=128, EVEN_K=True, GROUP_M=8, USE_FAST_ACCUM=False, num_stages=4, num_warps=4
  triton_mm_2324 0.6049 ms 98.6% ACC_TYPE='tl.float32', ALLOW_TF32=True, BLOCK_K=64, BLOCK_M=64, BLOCK_N=128, EVEN_K=True, GROUP_M=8, USE_FAST_ACCUM=False, num_stages=4, num_warps=4
  triton_mm_2325 0.6058 ms 98.5% ACC_TYPE='tl.float32', ALLOW_TF32=True, BLOCK_K=64, BLOCK_M=128, BLOCK_N=32, EVEN_K=True, GROUP_M=8, USE_FAST_ACCUM=False, num_stages=4, num_warps=4
  triton_mm_2323 0.6197 ms 96.3% ACC_TYPE='tl.float32', ALLOW_TF32=True, BLOCK_K=64, BLOCK_M=128, BLOCK_N=64, EVEN_K=True, GROUP_M=8, USE_FAST_ACCUM=False, num_stages=4, num_warps=4
  triton_mm_2409 0.6408 ms 93.1% ACC_TYPE='tl.float32', ALLOW_TF32=True, BLOCK_K=128, BLOCK_M=64, BLOCK_N=128, EVEN_K=True, GROUP_M=8, USE_FAST_ACCUM=False, num_stages=2, num_warps=4
  triton_mm_2407 0.6623 ms 90.1% ACC_TYPE='tl.float32', ALLOW_TF32=True, BLOCK_K=256, BLOCK_M=64, BLOCK_N=16, EVEN_K=True, GROUP_M=8, USE_FAST_ACCUM=False, num_stages=5, num_warps=4
  triton_mm_2315 0.6716 ms 88.8% ACC_TYPE='tl.float32', ALLOW_TF32=True, BLOCK_K=32, BLOCK_M=128, BLOCK_N=64, EVEN_K=True, GROUP_M=8, USE_FAST_ACCUM=False, num_stages=4, num_warps=4
  triton_mm_2321 0.6719 ms 88.8% ACC_TYPE='tl.float32', ALLOW_TF32=True, BLOCK_K=128, BLOCK_M=64, BLOCK_N=256, EVEN_K=True, GROUP_M=8, USE_FAST_ACCUM=False, num_stages=4, num_warps=4
SingleProcess AUTOTUNE benchmarking takes 4.0064 seconds and 0.0001 seconds precompiling for 106 choices
Autotune Choices Stats:
{"num_choices": 106, "num_triton_choices": 105, "best_kernel": "_scaled_mm", "best_time": 1.4735039472579956, "best_triton_pos": 1, "best_triton_time": 1.5176639556884766, "best_triton_kernel": "triton_mm_2745", "best_triton_kernel_desc": "ACC_TYPE='tl.float32', ALLOW_TF32=True, BLOCK_K=64, BLOCK_M=128, BLOCK_N=32, EVEN_K=True, GROUP_M=8, USE_FAST_ACCUM=False, num_stages=4, num_warps=4"}
AUTOTUNE scaled_mm(3072x65536, 65536x1024, , )
strides: [65536, 1], [1, 65536], [], []
dtypes: torch.float8_e4m3fn, torch.float8_e4m3fn, torch.float32, torch.float32
  _scaled_mm 1.4735 ms 100.0% 
  triton_mm_2745 1.5177 ms 97.1% ACC_TYPE='tl.float32', ALLOW_TF32=True, BLOCK_K=64, BLOCK_M=128, BLOCK_N=32, EVEN_K=True, GROUP_M=8, USE_FAST_ACCUM=False, num_stages=4, num_warps=4
  triton_mm_2736 1.7588 ms 83.8% ACC_TYPE='tl.float32', ALLOW_TF32=True, BLOCK_K=32, BLOCK_M=64, BLOCK_N=128, EVEN_K=True, GROUP_M=8, USE_FAST_ACCUM=False, num_stages=4, num_warps=4
  triton_mm_2744 1.7655 ms 83.5% ACC_TYPE='tl.float32', ALLOW_TF32=True, BLOCK_K=64, BLOCK_M=64, BLOCK_N=128, EVEN_K=True, GROUP_M=8, USE_FAST_ACCUM=False, num_stages=4, num_warps=4
  triton_mm_2830 1.7748 ms 83.0% ACC_TYPE='tl.float32', ALLOW_TF32=True, BLOCK_K=128, BLOCK_M=64, BLOCK_N=128, EVEN_K=True, GROUP_M=8, USE_FAST_ACCUM=False, num_stages=3, num_warps=4
  triton_mm_2743 1.7852 ms 82.5% ACC_TYPE='tl.float32', ALLOW_TF32=True, BLOCK_K=64, BLOCK_M=128, BLOCK_N=64, EVEN_K=True, GROUP_M=8, USE_FAST_ACCUM=False, num_stages=4, num_warps=4
  triton_mm_2829 1.7934 ms 82.2% ACC_TYPE='tl.float32', ALLOW_TF32=True, BLOCK_K=128, BLOCK_M=64, BLOCK_N=128, EVEN_K=True, GROUP_M=8, USE_FAST_ACCUM=False, num_stages=2, num_warps=4
  triton_mm_2735 1.8272 ms 80.6% ACC_TYPE='tl.float32', ALLOW_TF32=True, BLOCK_K=32, BLOCK_M=128, BLOCK_N=64, EVEN_K=True, GROUP_M=8, USE_FAST_ACCUM=False, num_stages=4, num_warps=4
  triton_mm_2737 1.9270 ms 76.5% ACC_TYPE='tl.float32', ALLOW_TF32=True, BLOCK_K=32, BLOCK_M=128, BLOCK_N=32, EVEN_K=True, GROUP_M=8, USE_FAST_ACCUM=False, num_stages=4, num_warps=4
  triton_mm_2741 1.9527 ms 75.5% ACC_TYPE='tl.float32', ALLOW_TF32=True, BLOCK_K=128, BLOCK_M=64, BLOCK_N=256, EVEN_K=True, GROUP_M=8, USE_FAST_ACCUM=False, num_stages=4, num_warps=4
SingleProcess AUTOTUNE benchmarking takes 5.8731 seconds and 0.0004 seconds precompiling for 106 choices
Autotune Choices Stats:
{"num_choices": 106, "num_triton_choices": 105, "best_kernel": "_scaled_mm", "best_time": 0.5965759754180908, "best_triton_pos": 1, "best_triton_time": 0.5995200276374817, "best_triton_kernel": "triton_mm_2324", "best_triton_kernel_desc": "ACC_TYPE='tl.float32', ALLOW_TF32=True, BLOCK_K=64, BLOCK_M=64, BLOCK_N=128, EVEN_K=True, GROUP_M=8, USE_FAST_ACCUM=False, num_stages=4, num_warps=4"}
AUTOTUNE scaled_mm(1024x65536, 65536x1024, , )
strides: [65536, 1], [1, 65536], [], []
dtypes: torch.float8_e4m3fn, torch.float8_e4m3fn, torch.float32, torch.float32
  _scaled_mm 0.5966 ms 100.0% 
  triton_mm_2324 0.5995 ms 99.5% ACC_TYPE='tl.float32', ALLOW_TF32=True, BLOCK_K=64, BLOCK_M=64, BLOCK_N=128, EVEN_K=True, GROUP_M=8, USE_FAST_ACCUM=False, num_stages=4, num_warps=4
  triton_mm_2325 0.5995 ms 99.5% ACC_TYPE='tl.float32', ALLOW_TF32=True, BLOCK_K=64, BLOCK_M=128, BLOCK_N=32, EVEN_K=True, GROUP_M=8, USE_FAST_ACCUM=False, num_stages=4, num_warps=4
  triton_mm_2410 0.6014 ms 99.2% ACC_TYPE='tl.float32', ALLOW_TF32=True, BLOCK_K=128, BLOCK_M=64, BLOCK_N=128, EVEN_K=True, GROUP_M=8, USE_FAST_ACCUM=False, num_stages=3, num_warps=4
  triton_mm_2316 0.6020 ms 99.1% ACC_TYPE='tl.float32', ALLOW_TF32=True, BLOCK_K=32, BLOCK_M=64, BLOCK_N=128, EVEN_K=True, GROUP_M=8, USE_FAST_ACCUM=False, num_stages=4, num_warps=4
  triton_mm_2323 0.6135 ms 97.2% ACC_TYPE='tl.float32', ALLOW_TF32=True, BLOCK_K=64, BLOCK_M=128, BLOCK_N=64, EVEN_K=True, GROUP_M=8, USE_FAST_ACCUM=False, num_stages=4, num_warps=4
  triton_mm_2409 0.6468 ms 92.2% ACC_TYPE='tl.float32', ALLOW_TF32=True, BLOCK_K=128, BLOCK_M=64, BLOCK_N=128, EVEN_K=True, GROUP_M=8, USE_FAST_ACCUM=False, num_stages=2, num_warps=4
  triton_mm_2407 0.6619 ms 90.1% ACC_TYPE='tl.float32', ALLOW_TF32=True, BLOCK_K=256, BLOCK_M=64, BLOCK_N=16, EVEN_K=True, GROUP_M=8, USE_FAST_ACCUM=False, num_stages=5, num_warps=4
  triton_mm_2321 0.6650 ms 89.7% ACC_TYPE='tl.float32', ALLOW_TF32=True, BLOCK_K=128, BLOCK_M=64, BLOCK_N=256, EVEN_K=True, GROUP_M=8, USE_FAST_ACCUM=False, num_stages=4, num_warps=4
  triton_mm_2315 0.6710 ms 88.9% ACC_TYPE='tl.float32', ALLOW_TF32=True, BLOCK_K=32, BLOCK_M=128, BLOCK_N=64, EVEN_K=True, GROUP_M=8, USE_FAST_ACCUM=False, num_stages=4, num_warps=4
SingleProcess AUTOTUNE benchmarking takes 3.9987 seconds and 0.0001 seconds precompiling for 106 choices
Autotune Choices Stats:
{"num_choices": 106, "num_triton_choices": 105, "best_kernel": "triton_mm_2429", "best_kernel_desc": "ACC_TYPE='tl.float32', ALLOW_TF32=True, BLOCK_K=64, BLOCK_M=64, BLOCK_N=128, EVEN_K=False, GROUP_M=8, USE_FAST_ACCUM=False, num_stages=4, num_warps=4", "best_time": 0.5616959929466248, "best_triton_pos": 0}
AUTOTUNE scaled_mm(65536x1040, 1040x1024, , )
strides: [1040, 1], [1, 1040], [], []
dtypes: torch.float8_e4m3fn, torch.float8_e4m3fn, torch.float32, torch.float32
  triton_mm_2429 0.5617 ms 100.0% ACC_TYPE='tl.float32', ALLOW_TF32=True, BLOCK_K=64, BLOCK_M=64, BLOCK_N=128, EVEN_K=False, GROUP_M=8, USE_FAST_ACCUM=False, num_stages=4, num_warps=4
  _scaled_mm 0.5645 ms 99.5% 
  triton_mm_2515 0.5767 ms 97.4% ACC_TYPE='tl.float32', ALLOW_TF32=True, BLOCK_K=128, BLOCK_M=64, BLOCK_N=128, EVEN_K=False, GROUP_M=8, USE_FAST_ACCUM=False, num_stages=3, num_warps=4
  triton_mm_2428 0.5819 ms 96.5% ACC_TYPE='tl.float32', ALLOW_TF32=True, BLOCK_K=64, BLOCK_M=128, BLOCK_N=64, EVEN_K=False, GROUP_M=8, USE_FAST_ACCUM=False, num_stages=4, num_warps=4
  triton_mm_2514 0.5925 ms 94.8% ACC_TYPE='tl.float32', ALLOW_TF32=True, BLOCK_K=128, BLOCK_M=64, BLOCK_N=128, EVEN_K=False, GROUP_M=8, USE_FAST_ACCUM=False, num_stages=2, num_warps=4
  triton_mm_2421 0.6295 ms 89.2% ACC_TYPE='tl.float32', ALLOW_TF32=True, BLOCK_K=32, BLOCK_M=64, BLOCK_N=128, EVEN_K=False, GROUP_M=8, USE_FAST_ACCUM=False, num_stages=4, num_warps=4
  triton_mm_2420 0.6393 ms 87.9% ACC_TYPE='tl.float32', ALLOW_TF32=True, BLOCK_K=32, BLOCK_M=128, BLOCK_N=64, EVEN_K=False, GROUP_M=8, USE_FAST_ACCUM=False, num_stages=4, num_warps=4
  triton_mm_2430 0.6973 ms 80.6% ACC_TYPE='tl.float32', ALLOW_TF32=True, BLOCK_K=64, BLOCK_M=128, BLOCK_N=32, EVEN_K=False, GROUP_M=8, USE_FAST_ACCUM=False, num_stages=4, num_warps=4
  triton_mm_2419 0.7299 ms 77.0% ACC_TYPE='tl.float32', ALLOW_TF32=True, BLOCK_K=32, BLOCK_M=128, BLOCK_N=128, EVEN_K=False, GROUP_M=8, USE_FAST_ACCUM=False, num_stages=4, num_warps=4
  triton_mm_2418 0.7706 ms 72.9% ACC_TYPE='tl.float32', ALLOW_TF32=True, BLOCK_K=32, BLOCK_M=64, BLOCK_N=256, EVEN_K=False, GROUP_M=8, USE_FAST_ACCUM=False, num_stages=4, num_warps=4
SingleProcess AUTOTUNE benchmarking takes 4.1997 seconds and 0.2990 seconds precompiling for 106 choices
Autotune Choices Stats:
{"num_choices": 106, "num_triton_choices": 105, "best_kernel": "_scaled_mm", "best_time": 0.5503680109977722, "best_triton_pos": 1, "best_triton_time": 0.5583360195159912, "best_triton_kernel": "triton_mm_2219", "best_triton_kernel_desc": "ACC_TYPE='tl.float32', ALLOW_TF32=True, BLOCK_K=64, BLOCK_M=64, BLOCK_N=128, EVEN_K=True, GROUP_M=8, USE_FAST_ACCUM=False, num_stages=4, num_warps=4"}
AUTOTUNE scaled_mm(65536x1024, 1024x1024, , )
strides: [1024, 1], [1, 1024], [], []
dtypes: torch.float8_e4m3fn, torch.float8_e4m3fn, torch.float32, torch.float32
  _scaled_mm 0.5504 ms 100.0% 
  triton_mm_2219 0.5583 ms 98.6% ACC_TYPE='tl.float32', ALLOW_TF32=True, BLOCK_K=64, BLOCK_M=64, BLOCK_N=128, EVEN_K=True, GROUP_M=8, USE_FAST_ACCUM=False, num_stages=4, num_warps=4
  triton_mm_2305 0.5649 ms 97.4% ACC_TYPE='tl.float32', ALLOW_TF32=True, BLOCK_K=128, BLOCK_M=64, BLOCK_N=128, EVEN_K=True, GROUP_M=8, USE_FAST_ACCUM=False, num_stages=3, num_warps=4
  triton_mm_2304 0.5755 ms 95.6% ACC_TYPE='tl.float32', ALLOW_TF32=True, BLOCK_K=128, BLOCK_M=64, BLOCK_N=128, EVEN_K=True, GROUP_M=8, USE_FAST_ACCUM=False, num_stages=2, num_warps=4
  triton_mm_2220 0.5764 ms 95.5% ACC_TYPE='tl.float32', ALLOW_TF32=True, BLOCK_K=64, BLOCK_M=128, BLOCK_N=32, EVEN_K=True, GROUP_M=8, USE_FAST_ACCUM=False, num_stages=4, num_warps=4
  triton_mm_2211 0.5797 ms 94.9% ACC_TYPE='tl.float32', ALLOW_TF32=True, BLOCK_K=32, BLOCK_M=64, BLOCK_N=128, EVEN_K=True, GROUP_M=8, USE_FAST_ACCUM=False, num_stages=4, num_warps=4
  triton_mm_2218 0.5823 ms 94.5% ACC_TYPE='tl.float32', ALLOW_TF32=True, BLOCK_K=64, BLOCK_M=128, BLOCK_N=64, EVEN_K=True, GROUP_M=8, USE_FAST_ACCUM=False, num_stages=4, num_warps=4
  triton_mm_2210 0.6170 ms 89.2% ACC_TYPE='tl.float32', ALLOW_TF32=True, BLOCK_K=32, BLOCK_M=128, BLOCK_N=64, EVEN_K=True, GROUP_M=8, USE_FAST_ACCUM=False, num_stages=4, num_warps=4
  triton_mm_2208 0.6710 ms 82.0% ACC_TYPE='tl.float32', ALLOW_TF32=True, BLOCK_K=32, BLOCK_M=64, BLOCK_N=256, EVEN_K=True, GROUP_M=8, USE_FAST_ACCUM=False, num_stages=4, num_warps=4
  triton_mm_2209 0.7132 ms 77.2% ACC_TYPE='tl.float32', ALLOW_TF32=True, BLOCK_K=32, BLOCK_M=128, BLOCK_N=128, EVEN_K=True, GROUP_M=8, USE_FAST_ACCUM=False, num_stages=4, num_warps=4
SingleProcess AUTOTUNE benchmarking takes 3.8425 seconds and 0.0001 seconds precompiling for 106 choices
Autotune Choices Stats:
{"num_choices": 106, "num_triton_choices": 105, "best_kernel": "_scaled_mm", "best_time": 0.5619840025901794, "best_triton_pos": 1, "best_triton_time": 0.5988799929618835, "best_triton_kernel": "triton_mm_2535", "best_triton_kernel_desc": "ACC_TYPE='tl.float32', ALLOW_TF32=True, BLOCK_K=64, BLOCK_M=128, BLOCK_N=32, EVEN_K=True, GROUP_M=8, USE_FAST_ACCUM=False, num_stages=4, num_warps=4"}
AUTOTUNE scaled_mm(1040x65536, 65536x1024, , )
strides: [65536, 1], [1, 65536], [], []
dtypes: torch.float8_e4m3fn, torch.float8_e4m3fn, torch.float32, torch.float32
  _scaled_mm 0.5620 ms 100.0% 
  triton_mm_2535 0.5989 ms 93.8% ACC_TYPE='tl.float32', ALLOW_TF32=True, BLOCK_K=64, BLOCK_M=128, BLOCK_N=32, EVEN_K=True, GROUP_M=8, USE_FAST_ACCUM=False, num_stages=4, num_warps=4
  triton_mm_2526 0.6009 ms 93.5% ACC_TYPE='tl.float32', ALLOW_TF32=True, BLOCK_K=32, BLOCK_M=64, BLOCK_N=128, EVEN_K=True, GROUP_M=8, USE_FAST_ACCUM=False, num_stages=4, num_warps=4
  triton_mm_2534 0.6018 ms 93.4% ACC_TYPE='tl.float32', ALLOW_TF32=True, BLOCK_K=64, BLOCK_M=64, BLOCK_N=128, EVEN_K=True, GROUP_M=8, USE_FAST_ACCUM=False, num_stages=4, num_warps=4
  triton_mm_2620 0.6086 ms 92.3% ACC_TYPE='tl.float32', ALLOW_TF32=True, BLOCK_K=128, BLOCK_M=64, BLOCK_N=128, EVEN_K=True, GROUP_M=8, USE_FAST_ACCUM=False, num_stages=3, num_warps=4
  triton_mm_2619 0.6513 ms 86.3% ACC_TYPE='tl.float32', ALLOW_TF32=True, BLOCK_K=128, BLOCK_M=64, BLOCK_N=128, EVEN_K=True, GROUP_M=8, USE_FAST_ACCUM=False, num_stages=2, num_warps=4
  triton_mm_2533 0.6524 ms 86.1% ACC_TYPE='tl.float32', ALLOW_TF32=True, BLOCK_K=64, BLOCK_M=128, BLOCK_N=64, EVEN_K=True, GROUP_M=8, USE_FAST_ACCUM=False, num_stages=4, num_warps=4
  triton_mm_2525 0.6790 ms 82.8% ACC_TYPE='tl.float32', ALLOW_TF32=True, BLOCK_K=32, BLOCK_M=128, BLOCK_N=64, EVEN_K=True, GROUP_M=8, USE_FAST_ACCUM=False, num_stages=4, num_warps=4
  triton_mm_2531 0.6864 ms 81.9% ACC_TYPE='tl.float32', ALLOW_TF32=True, BLOCK_K=128, BLOCK_M=64, BLOCK_N=256, EVEN_K=True, GROUP_M=8, USE_FAST_ACCUM=False, num_stages=4, num_warps=4
  triton_mm_2617 0.7345 ms 76.5% ACC_TYPE='tl.float32', ALLOW_TF32=True, BLOCK_K=256, BLOCK_M=64, BLOCK_N=16, EVEN_K=True, GROUP_M=8, USE_FAST_ACCUM=False, num_stages=5, num_warps=4
SingleProcess AUTOTUNE benchmarking takes 4.3582 seconds and 0.0005 seconds precompiling for 106 choices
Autotune Choices Stats:
{"num_choices": 106, "num_triton_choices": 105, "best_kernel": "_scaled_mm", "best_time": 0.6488639712333679, "best_triton_pos": 1, "best_triton_time": 0.649183988571167, "best_triton_kernel": "triton_mm_2410", "best_triton_kernel_desc": "ACC_TYPE='tl.float32', ALLOW_TF32=True, BLOCK_K=128, BLOCK_M=64, BLOCK_N=128, EVEN_K=True, GROUP_M=8, USE_FAST_ACCUM=False, num_stages=3, num_warps=4"}
AUTOTUNE scaled_mm(1024x65536, 65536x1024, , )
strides: [65536, 1], [1, 65536], [], []
dtypes: torch.float8_e4m3fn, torch.float8_e4m3fn, torch.float32, torch.float32
  _scaled_mm 0.6489 ms 100.0% 
  triton_mm_2410 0.6492 ms 100.0% ACC_TYPE='tl.float32', ALLOW_TF32=True, BLOCK_K=128, BLOCK_M=64, BLOCK_N=128, EVEN_K=True, GROUP_M=8, USE_FAST_ACCUM=False, num_stages=3, num_warps=4
  triton_mm_2325 0.6517 ms 99.6% ACC_TYPE='tl.float32', ALLOW_TF32=True, BLOCK_K=64, BLOCK_M=128, BLOCK_N=32, EVEN_K=True, GROUP_M=8, USE_FAST_ACCUM=False, num_stages=4, num_warps=4
  triton_mm_2324 0.6520 ms 99.5% ACC_TYPE='tl.float32', ALLOW_TF32=True, BLOCK_K=64, BLOCK_M=64, BLOCK_N=128, EVEN_K=True, GROUP_M=8, USE_FAST_ACCUM=False, num_stages=4, num_warps=4
  triton_mm_2316 0.6542 ms 99.2% ACC_TYPE='tl.float32', ALLOW_TF32=True, BLOCK_K=32, BLOCK_M=64, BLOCK_N=128, EVEN_K=True, GROUP_M=8, USE_FAST_ACCUM=False, num_stages=4, num_warps=4
  triton_mm_2323 0.6670 ms 97.3% ACC_TYPE='tl.float32', ALLOW_TF32=True, BLOCK_K=64, BLOCK_M=128, BLOCK_N=64, EVEN_K=True, GROUP_M=8, USE_FAST_ACCUM=False, num_stages=4, num_warps=4
  triton_mm_2409 0.6826 ms 95.1% ACC_TYPE='tl.float32', ALLOW_TF32=True, BLOCK_K=128, BLOCK_M=64, BLOCK_N=128, EVEN_K=True, GROUP_M=8, USE_FAST_ACCUM=False, num_stages=2, num_warps=4
  triton_mm_2407 0.6857 ms 94.6% ACC_TYPE='tl.float32', ALLOW_TF32=True, BLOCK_K=256, BLOCK_M=64, BLOCK_N=16, EVEN_K=True, GROUP_M=8, USE_FAST_ACCUM=False, num_stages=5, num_warps=4
  triton_mm_2321 0.7232 ms 89.7% ACC_TYPE='tl.float32', ALLOW_TF32=True, BLOCK_K=128, BLOCK_M=64, BLOCK_N=256, EVEN_K=True, GROUP_M=8, USE_FAST_ACCUM=False, num_stages=4, num_warps=4
  triton_mm_2315 0.7301 ms 88.9% ACC_TYPE='tl.float32', ALLOW_TF32=True, BLOCK_K=32, BLOCK_M=128, BLOCK_N=64, EVEN_K=True, GROUP_M=8, USE_FAST_ACCUM=False, num_stages=4, num_warps=4
SingleProcess AUTOTUNE benchmarking takes 4.0835 seconds and 0.0001 seconds precompiling for 106 choices
Autotune Choices Stats:
{"num_choices": 106, "num_triton_choices": 105, "best_kernel": "triton_mm_2429", "best_kernel_desc": "ACC_TYPE='tl.float32', ALLOW_TF32=True, BLOCK_K=64, BLOCK_M=64, BLOCK_N=128, EVEN_K=False, GROUP_M=8, USE_FAST_ACCUM=False, num_stages=4, num_warps=4", "best_time": 0.5627840161323547, "best_triton_pos": 0}
AUTOTUNE scaled_mm(65536x1040, 1040x1024, , )
strides: [1040, 1], [1, 1040], [], []
dtypes: torch.float8_e4m3fn, torch.float8_e4m3fn, torch.float32, torch.float32
  triton_mm_2429 0.5628 ms 100.0% ACC_TYPE='tl.float32', ALLOW_TF32=True, BLOCK_K=64, BLOCK_M=64, BLOCK_N=128, EVEN_K=False, GROUP_M=8, USE_FAST_ACCUM=False, num_stages=4, num_warps=4
  _scaled_mm 0.5660 ms 99.4% 
  triton_mm_2515 0.5758 ms 97.7% ACC_TYPE='tl.float32', ALLOW_TF32=True, BLOCK_K=128, BLOCK_M=64, BLOCK_N=128, EVEN_K=False, GROUP_M=8, USE_FAST_ACCUM=False, num_stages=3, num_warps=4
  triton_mm_2428 0.5820 ms 96.7% ACC_TYPE='tl.float32', ALLOW_TF32=True, BLOCK_K=64, BLOCK_M=128, BLOCK_N=64, EVEN_K=False, GROUP_M=8, USE_FAST_ACCUM=False, num_stages=4, num_warps=4
  triton_mm_2514 0.5910 ms 95.2% ACC_TYPE='tl.float32', ALLOW_TF32=True, BLOCK_K=128, BLOCK_M=64, BLOCK_N=128, EVEN_K=False, GROUP_M=8, USE_FAST_ACCUM=False, num_stages=2, num_warps=4
  triton_mm_2421 0.6303 ms 89.3% ACC_TYPE='tl.float32', ALLOW_TF32=True, BLOCK_K=32, BLOCK_M=64, BLOCK_N=128, EVEN_K=False, GROUP_M=8, USE_FAST_ACCUM=False, num_stages=4, num_warps=4
  triton_mm_2420 0.6393 ms 88.0% ACC_TYPE='tl.float32', ALLOW_TF32=True, BLOCK_K=32, BLOCK_M=128, BLOCK_N=64, EVEN_K=False, GROUP_M=8, USE_FAST_ACCUM=False, num_stages=4, num_warps=4
  triton_mm_2430 0.6956 ms 80.9% ACC_TYPE='tl.float32', ALLOW_TF32=True, BLOCK_K=64, BLOCK_M=128, BLOCK_N=32, EVEN_K=False, GROUP_M=8, USE_FAST_ACCUM=False, num_stages=4, num_warps=4
  triton_mm_2419 0.7308 ms 77.0% ACC_TYPE='tl.float32', ALLOW_TF32=True, BLOCK_K=32, BLOCK_M=128, BLOCK_N=128, EVEN_K=False, GROUP_M=8, USE_FAST_ACCUM=False, num_stages=4, num_warps=4
  triton_mm_2418 0.7709 ms 73.0% ACC_TYPE='tl.float32', ALLOW_TF32=True, BLOCK_K=32, BLOCK_M=64, BLOCK_N=256, EVEN_K=False, GROUP_M=8, USE_FAST_ACCUM=False, num_stages=4, num_warps=4
SingleProcess AUTOTUNE benchmarking takes 4.1914 seconds and 0.3057 seconds precompiling for 106 choices
Autotune Choices Stats:
{"num_choices": 106, "num_triton_choices": 105, "best_kernel": "_scaled_mm", "best_time": 0.5583360195159912, "best_triton_pos": 1, "best_triton_time": 0.5965120196342468, "best_triton_kernel": "triton_mm_2526", "best_triton_kernel_desc": "ACC_TYPE='tl.float32', ALLOW_TF32=True, BLOCK_K=32, BLOCK_M=64, BLOCK_N=128, EVEN_K=True, GROUP_M=8, USE_FAST_ACCUM=False, num_stages=4, num_warps=4"}
AUTOTUNE scaled_mm(1040x65536, 65536x1024, , )
strides: [65536, 1], [1, 65536], [], []
dtypes: torch.float8_e4m3fn, torch.float8_e4m3fn, torch.float32, torch.float32
  _scaled_mm 0.5583 ms 100.0% 
  triton_mm_2526 0.5965 ms 93.6% ACC_TYPE='tl.float32', ALLOW_TF32=True, BLOCK_K=32, BLOCK_M=64, BLOCK_N=128, EVEN_K=True, GROUP_M=8, USE_FAST_ACCUM=False, num_stages=4, num_warps=4
  triton_mm_2535 0.5984 ms 93.3% ACC_TYPE='tl.float32', ALLOW_TF32=True, BLOCK_K=64, BLOCK_M=128, BLOCK_N=32, EVEN_K=True, GROUP_M=8, USE_FAST_ACCUM=False, num_stages=4, num_warps=4
  triton_mm_2534 0.6010 ms 92.9% ACC_TYPE='tl.float32', ALLOW_TF32=True, BLOCK_K=64, BLOCK_M=64, BLOCK_N=128, EVEN_K=True, GROUP_M=8, USE_FAST_ACCUM=False, num_stages=4, num_warps=4
  triton_mm_2620 0.6041 ms 92.4% ACC_TYPE='tl.float32', ALLOW_TF32=True, BLOCK_K=128, BLOCK_M=64, BLOCK_N=128, EVEN_K=True, GROUP_M=8, USE_FAST_ACCUM=False, num_stages=3, num_warps=4
  triton_mm_2533 0.6454 ms 86.5% ACC_TYPE='tl.float32', ALLOW_TF32=True, BLOCK_K=64, BLOCK_M=128, BLOCK_N=64, EVEN_K=True, GROUP_M=8, USE_FAST_ACCUM=False, num_stages=4, num_warps=4
  triton_mm_2619 0.6498 ms 85.9% ACC_TYPE='tl.float32', ALLOW_TF32=True, BLOCK_K=128, BLOCK_M=64, BLOCK_N=128, EVEN_K=True, GROUP_M=8, USE_FAST_ACCUM=False, num_stages=2, num_warps=4
  triton_mm_2525 0.6695 ms 83.4% ACC_TYPE='tl.float32', ALLOW_TF32=True, BLOCK_K=32, BLOCK_M=128, BLOCK_N=64, EVEN_K=True, GROUP_M=8, USE_FAST_ACCUM=False, num_stages=4, num_warps=4
  triton_mm_2531 0.6876 ms 81.2% ACC_TYPE='tl.float32', ALLOW_TF32=True, BLOCK_K=128, BLOCK_M=64, BLOCK_N=256, EVEN_K=True, GROUP_M=8, USE_FAST_ACCUM=False, num_stages=4, num_warps=4
  triton_mm_2617 0.7350 ms 76.0% ACC_TYPE='tl.float32', ALLOW_TF32=True, BLOCK_K=256, BLOCK_M=64, BLOCK_N=16, EVEN_K=True, GROUP_M=8, USE_FAST_ACCUM=False, num_stages=5, num_warps=4
SingleProcess AUTOTUNE benchmarking takes 4.3278 seconds and 0.0005 seconds precompiling for 106 choices
Autotune Choices Stats:
{"num_choices": 106, "num_triton_choices": 105, "best_kernel": "triton_mm_2429", "best_kernel_desc": "ACC_TYPE='tl.float32', ALLOW_TF32=True, BLOCK_K=64, BLOCK_M=64, BLOCK_N=128, EVEN_K=False, GROUP_M=8, USE_FAST_ACCUM=False, num_stages=4, num_warps=4", "best_time": 0.5606399774551392, "best_triton_pos": 0}
AUTOTUNE scaled_mm(65536x1040, 1040x1024, , )
strides: [1040, 1], [1, 1040], [], []
dtypes: torch.float8_e4m3fn, torch.float8_e4m3fn, torch.float32, torch.float32
  triton_mm_2429 0.5606 ms 100.0% ACC_TYPE='tl.float32', ALLOW_TF32=True, BLOCK_K=64, BLOCK_M=64, BLOCK_N=128, EVEN_K=False, GROUP_M=8, USE_FAST_ACCUM=False, num_stages=4, num_warps=4
  _scaled_mm 0.5649 ms 99.2% 
  triton_mm_2515 0.5782 ms 97.0% ACC_TYPE='tl.float32', ALLOW_TF32=True, BLOCK_K=128, BLOCK_M=64, BLOCK_N=128, EVEN_K=False, GROUP_M=8, USE_FAST_ACCUM=False, num_stages=3, num_warps=4
  triton_mm_2428 0.5815 ms 96.4% ACC_TYPE='tl.float32', ALLOW_TF32=True, BLOCK_K=64, BLOCK_M=128, BLOCK_N=64, EVEN_K=False, GROUP_M=8, USE_FAST_ACCUM=False, num_stages=4, num_warps=4
  triton_mm_2514 0.5929 ms 94.6% ACC_TYPE='tl.float32', ALLOW_TF32=True, BLOCK_K=128, BLOCK_M=64, BLOCK_N=128, EVEN_K=False, GROUP_M=8, USE_FAST_ACCUM=False, num_stages=2, num_warps=4
  triton_mm_2421 0.6293 ms 89.1% ACC_TYPE='tl.float32', ALLOW_TF32=True, BLOCK_K=32, BLOCK_M=64, BLOCK_N=128, EVEN_K=False, GROUP_M=8, USE_FAST_ACCUM=False, num_stages=4, num_warps=4
  triton_mm_2420 0.6395 ms 87.7% ACC_TYPE='tl.float32', ALLOW_TF32=True, BLOCK_K=32, BLOCK_M=128, BLOCK_N=64, EVEN_K=False, GROUP_M=8, USE_FAST_ACCUM=False, num_stages=4, num_warps=4
  triton_mm_2430 0.6959 ms 80.6% ACC_TYPE='tl.float32', ALLOW_TF32=True, BLOCK_K=64, BLOCK_M=128, BLOCK_N=32, EVEN_K=False, GROUP_M=8, USE_FAST_ACCUM=False, num_stages=4, num_warps=4
  triton_mm_2419 0.7282 ms 77.0% ACC_TYPE='tl.float32', ALLOW_TF32=True, BLOCK_K=32, BLOCK_M=128, BLOCK_N=128, EVEN_K=False, GROUP_M=8, USE_FAST_ACCUM=False, num_stages=4, num_warps=4
  triton_mm_2418 0.7697 ms 72.8% ACC_TYPE='tl.float32', ALLOW_TF32=True, BLOCK_K=32, BLOCK_M=64, BLOCK_N=256, EVEN_K=False, GROUP_M=8, USE_FAST_ACCUM=False, num_stages=4, num_warps=4
SingleProcess AUTOTUNE benchmarking takes 4.2291 seconds and 0.2430 seconds precompiling for 106 choices
Autotune Choices Stats:
{"num_choices": 106, "num_triton_choices": 105, "best_kernel": "triton_mm_2429", "best_kernel_desc": "ACC_TYPE='tl.float32', ALLOW_TF32=True, BLOCK_K=64, BLOCK_M=64, BLOCK_N=128, EVEN_K=False, GROUP_M=8, USE_FAST_ACCUM=False, num_stages=4, num_warps=4", "best_time": 0.5609920024871826, "best_triton_pos": 0}
AUTOTUNE scaled_mm(65536x1040, 1040x1024, , )
strides: [1040, 1], [1, 1040], [], []
dtypes: torch.float8_e4m3fn, torch.float8_e4m3fn, torch.float32, torch.float32
  triton_mm_2429 0.5610 ms 100.0% ACC_TYPE='tl.float32', ALLOW_TF32=True, BLOCK_K=64, BLOCK_M=64, BLOCK_N=128, EVEN_K=False, GROUP_M=8, USE_FAST_ACCUM=False, num_stages=4, num_warps=4
  _scaled_mm 0.5640 ms 99.5% 
  triton_mm_2515 0.5788 ms 96.9% ACC_TYPE='tl.float32', ALLOW_TF32=True, BLOCK_K=128, BLOCK_M=64, BLOCK_N=128, EVEN_K=False, GROUP_M=8, USE_FAST_ACCUM=False, num_stages=3, num_warps=4
  triton_mm_2428 0.5804 ms 96.7% ACC_TYPE='tl.float32', ALLOW_TF32=True, BLOCK_K=64, BLOCK_M=128, BLOCK_N=64, EVEN_K=False, GROUP_M=8, USE_FAST_ACCUM=False, num_stages=4, num_warps=4
  triton_mm_2514 0.5943 ms 94.4% ACC_TYPE='tl.float32', ALLOW_TF32=True, BLOCK_K=128, BLOCK_M=64, BLOCK_N=128, EVEN_K=False, GROUP_M=8, USE_FAST_ACCUM=False, num_stages=2, num_warps=4
  triton_mm_2421 0.6273 ms 89.4% ACC_TYPE='tl.float32', ALLOW_TF32=True, BLOCK_K=32, BLOCK_M=64, BLOCK_N=128, EVEN_K=False, GROUP_M=8, USE_FAST_ACCUM=False, num_stages=4, num_warps=4
  triton_mm_2420 0.6383 ms 87.9% ACC_TYPE='tl.float32', ALLOW_TF32=True, BLOCK_K=32, BLOCK_M=128, BLOCK_N=64, EVEN_K=False, GROUP_M=8, USE_FAST_ACCUM=False, num_stages=4, num_warps=4
  triton_mm_2430 0.6966 ms 80.5% ACC_TYPE='tl.float32', ALLOW_TF32=True, BLOCK_K=64, BLOCK_M=128, BLOCK_N=32, EVEN_K=False, GROUP_M=8, USE_FAST_ACCUM=False, num_stages=4, num_warps=4
  triton_mm_2419 0.7283 ms 77.0% ACC_TYPE='tl.float32', ALLOW_TF32=True, BLOCK_K=32, BLOCK_M=128, BLOCK_N=128, EVEN_K=False, GROUP_M=8, USE_FAST_ACCUM=False, num_stages=4, num_warps=4
  triton_mm_2418 0.7698 ms 72.9% ACC_TYPE='tl.float32', ALLOW_TF32=True, BLOCK_K=32, BLOCK_M=64, BLOCK_N=256, EVEN_K=False, GROUP_M=8, USE_FAST_ACCUM=False, num_stages=4, num_warps=4
SingleProcess AUTOTUNE benchmarking takes 4.2064 seconds and 0.4526 seconds precompiling for 106 choices
Autotune Choices Stats:
{"num_choices": 106, "num_triton_choices": 105, "best_kernel": "_scaled_mm", "best_time": 0.5625280141830444, "best_triton_pos": 1, "best_triton_time": 0.5994880199432373, "best_triton_kernel": "triton_mm_2535", "best_triton_kernel_desc": "ACC_TYPE='tl.float32', ALLOW_TF32=True, BLOCK_K=64, BLOCK_M=128, BLOCK_N=32, EVEN_K=True, GROUP_M=8, USE_FAST_ACCUM=False, num_stages=4, num_warps=4"}
AUTOTUNE scaled_mm(1040x65536, 65536x1024, , )
strides: [65536, 1], [1, 65536], [], []
dtypes: torch.float8_e4m3fn, torch.float8_e4m3fn, torch.float32, torch.float32
  _scaled_mm 0.5625 ms 100.0% 
  triton_mm_2535 0.5995 ms 93.8% ACC_TYPE='tl.float32', ALLOW_TF32=True, BLOCK_K=64, BLOCK_M=128, BLOCK_N=32, EVEN_K=True, GROUP_M=8, USE_FAST_ACCUM=False, num_stages=4, num_warps=4
  triton_mm_2534 0.6017 ms 93.5% ACC_TYPE='tl.float32', ALLOW_TF32=True, BLOCK_K=64, BLOCK_M=64, BLOCK_N=128, EVEN_K=True, GROUP_M=8, USE_FAST_ACCUM=False, num_stages=4, num_warps=4
  triton_mm_2526 0.6026 ms 93.4% ACC_TYPE='tl.float32', ALLOW_TF32=True, BLOCK_K=32, BLOCK_M=64, BLOCK_N=128, EVEN_K=True, GROUP_M=8, USE_FAST_ACCUM=False, num_stages=4, num_warps=4
  triton_mm_2620 0.6039 ms 93.2% ACC_TYPE='tl.float32', ALLOW_TF32=True, BLOCK_K=128, BLOCK_M=64, BLOCK_N=128, EVEN_K=True, GROUP_M=8, USE_FAST_ACCUM=False, num_stages=3, num_warps=4
  triton_mm_2533 0.6439 ms 87.4% ACC_TYPE='tl.float32', ALLOW_TF32=True, BLOCK_K=64, BLOCK_M=128, BLOCK_N=64, EVEN_K=True, GROUP_M=8, USE_FAST_ACCUM=False, num_stages=4, num_warps=4
  triton_mm_2619 0.6501 ms 86.5% ACC_TYPE='tl.float32', ALLOW_TF32=True, BLOCK_K=128, BLOCK_M=64, BLOCK_N=128, EVEN_K=True, GROUP_M=8, USE_FAST_ACCUM=False, num_stages=2, num_warps=4
  triton_mm_2525 0.6695 ms 84.0% ACC_TYPE='tl.float32', ALLOW_TF32=True, BLOCK_K=32, BLOCK_M=128, BLOCK_N=64, EVEN_K=True, GROUP_M=8, USE_FAST_ACCUM=False, num_stages=4, num_warps=4
  triton_mm_2531 0.6867 ms 81.9% ACC_TYPE='tl.float32', ALLOW_TF32=True, BLOCK_K=128, BLOCK_M=64, BLOCK_N=256, EVEN_K=True, GROUP_M=8, USE_FAST_ACCUM=False, num_stages=4, num_warps=4
  triton_mm_2617 0.7468 ms 75.3% ACC_TYPE='tl.float32', ALLOW_TF32=True, BLOCK_K=256, BLOCK_M=64, BLOCK_N=16, EVEN_K=True, GROUP_M=8, USE_FAST_ACCUM=False, num_stages=5, num_warps=4
SingleProcess AUTOTUNE benchmarking takes 4.3782 seconds and 0.0004 seconds precompiling for 106 choices
Autotune Choices Stats:
{"num_choices": 106, "num_triton_choices": 105, "best_kernel": "_scaled_mm", "best_time": 0.5622400045394897, "best_triton_pos": 1, "best_triton_time": 0.5992640256881714, "best_triton_kernel": "triton_mm_2535", "best_triton_kernel_desc": "ACC_TYPE='tl.float32', ALLOW_TF32=True, BLOCK_K=64, BLOCK_M=128, BLOCK_N=32, EVEN_K=True, GROUP_M=8, USE_FAST_ACCUM=False, num_stages=4, num_warps=4"}
AUTOTUNE scaled_mm(1040x65536, 65536x1024, , )
strides: [65536, 1], [1, 65536], [], []
dtypes: torch.float8_e4m3fn, torch.float8_e4m3fn, torch.float32, torch.float32
  _scaled_mm 0.5622 ms 100.0% 
  triton_mm_2535 0.5993 ms 93.8% ACC_TYPE='tl.float32', ALLOW_TF32=True, BLOCK_K=64, BLOCK_M=128, BLOCK_N=32, EVEN_K=True, GROUP_M=8, USE_FAST_ACCUM=False, num_stages=4, num_warps=4
  triton_mm_2526 0.6021 ms 93.4% ACC_TYPE='tl.float32', ALLOW_TF32=True, BLOCK_K=32, BLOCK_M=64, BLOCK_N=128, EVEN_K=True, GROUP_M=8, USE_FAST_ACCUM=False, num_stages=4, num_warps=4
  triton_mm_2534 0.6032 ms 93.2% ACC_TYPE='tl.float32', ALLOW_TF32=True, BLOCK_K=64, BLOCK_M=64, BLOCK_N=128, EVEN_K=True, GROUP_M=8, USE_FAST_ACCUM=False, num_stages=4, num_warps=4
  triton_mm_2620 0.6075 ms 92.6% ACC_TYPE='tl.float32', ALLOW_TF32=True, BLOCK_K=128, BLOCK_M=64, BLOCK_N=128, EVEN_K=True, GROUP_M=8, USE_FAST_ACCUM=False, num_stages=3, num_warps=4
  triton_mm_2533 0.6434 ms 87.4% ACC_TYPE='tl.float32', ALLOW_TF32=True, BLOCK_K=64, BLOCK_M=128, BLOCK_N=64, EVEN_K=True, GROUP_M=8, USE_FAST_ACCUM=False, num_stages=4, num_warps=4
  triton_mm_2619 0.6655 ms 84.5% ACC_TYPE='tl.float32', ALLOW_TF32=True, BLOCK_K=128, BLOCK_M=64, BLOCK_N=128, EVEN_K=True, GROUP_M=8, USE_FAST_ACCUM=False, num_stages=2, num_warps=4
  triton_mm_2525 0.6699 ms 83.9% ACC_TYPE='tl.float32', ALLOW_TF32=True, BLOCK_K=32, BLOCK_M=128, BLOCK_N=64, EVEN_K=True, GROUP_M=8, USE_FAST_ACCUM=False, num_stages=4, num_warps=4
  triton_mm_2531 0.6867 ms 81.9% ACC_TYPE='tl.float32', ALLOW_TF32=True, BLOCK_K=128, BLOCK_M=64, BLOCK_N=256, EVEN_K=True, GROUP_M=8, USE_FAST_ACCUM=False, num_stages=4, num_warps=4
  triton_mm_2617 0.7350 ms 76.5% ACC_TYPE='tl.float32', ALLOW_TF32=True, BLOCK_K=256, BLOCK_M=64, BLOCK_N=16, EVEN_K=True, GROUP_M=8, USE_FAST_ACCUM=False, num_stages=5, num_warps=4
SingleProcess AUTOTUNE benchmarking takes 4.4007 seconds and 0.0005 seconds precompiling for 106 choices
Autotune Choices Stats:
{"num_choices": 106, "num_triton_choices": 105, "best_kernel": "triton_mm_2429", "best_kernel_desc": "ACC_TYPE='tl.float32', ALLOW_TF32=True, BLOCK_K=64, BLOCK_M=64, BLOCK_N=128, EVEN_K=False, GROUP_M=8, USE_FAST_ACCUM=False, num_stages=4, num_warps=4", "best_time": 0.5629760026931763, "best_triton_pos": 0}
AUTOTUNE scaled_mm(65536x1040, 1040x1024, , )
strides: [1040, 1], [1, 1040], [], []
dtypes: torch.float8_e4m3fn, torch.float8_e4m3fn, torch.float32, torch.float32
  triton_mm_2429 0.5630 ms 100.0% ACC_TYPE='tl.float32', ALLOW_TF32=True, BLOCK_K=64, BLOCK_M=64, BLOCK_N=128, EVEN_K=False, GROUP_M=8, USE_FAST_ACCUM=False, num_stages=4, num_warps=4
  _scaled_mm 0.5650 ms 99.6% 
  triton_mm_2515 0.5781 ms 97.4% ACC_TYPE='tl.float32', ALLOW_TF32=True, BLOCK_K=128, BLOCK_M=64, BLOCK_N=128, EVEN_K=False, GROUP_M=8, USE_FAST_ACCUM=False, num_stages=3, num_warps=4
  triton_mm_2428 0.5826 ms 96.6% ACC_TYPE='tl.float32', ALLOW_TF32=True, BLOCK_K=64, BLOCK_M=128, BLOCK_N=64, EVEN_K=False, GROUP_M=8, USE_FAST_ACCUM=False, num_stages=4, num_warps=4
  triton_mm_2514 0.5937 ms 94.8% ACC_TYPE='tl.float32', ALLOW_TF32=True, BLOCK_K=128, BLOCK_M=64, BLOCK_N=128, EVEN_K=False, GROUP_M=8, USE_FAST_ACCUM=False, num_stages=2, num_warps=4
  triton_mm_2421 0.6298 ms 89.4% ACC_TYPE='tl.float32', ALLOW_TF32=True, BLOCK_K=32, BLOCK_M=64, BLOCK_N=128, EVEN_K=False, GROUP_M=8, USE_FAST_ACCUM=False, num_stages=4, num_warps=4
  triton_mm_2420 0.6396 ms 88.0% ACC_TYPE='tl.float32', ALLOW_TF32=True, BLOCK_K=32, BLOCK_M=128, BLOCK_N=64, EVEN_K=False, GROUP_M=8, USE_FAST_ACCUM=False, num_stages=4, num_warps=4
  triton_mm_2430 0.6966 ms 80.8% ACC_TYPE='tl.float32', ALLOW_TF32=True, BLOCK_K=64, BLOCK_M=128, BLOCK_N=32, EVEN_K=False, GROUP_M=8, USE_FAST_ACCUM=False, num_stages=4, num_warps=4
  triton_mm_2419 0.7301 ms 77.1% ACC_TYPE='tl.float32', ALLOW_TF32=True, BLOCK_K=32, BLOCK_M=128, BLOCK_N=128, EVEN_K=False, GROUP_M=8, USE_FAST_ACCUM=False, num_stages=4, num_warps=4
  triton_mm_2418 0.7710 ms 73.0% ACC_TYPE='tl.float32', ALLOW_TF32=True, BLOCK_K=32, BLOCK_M=64, BLOCK_N=256, EVEN_K=False, GROUP_M=8, USE_FAST_ACCUM=False, num_stages=4, num_warps=4
SingleProcess AUTOTUNE benchmarking takes 4.1968 seconds and 0.3205 seconds precompiling for 106 choices
Autotune Choices Stats:
{"num_choices": 106, "num_triton_choices": 105, "best_kernel": "triton_mm_2639", "best_kernel_desc": "ACC_TYPE='tl.float32', ALLOW_TF32=True, BLOCK_K=64, BLOCK_M=64, BLOCK_N=128, EVEN_K=True, GROUP_M=8, USE_FAST_ACCUM=False, num_stages=4, num_warps=4", "best_time": 1.4865280389785767, "best_triton_pos": 0}
AUTOTUNE scaled_mm(65536x3072, 3072x1024, , )
strides: [3072, 1], [1, 3072], [], []
dtypes: torch.float8_e4m3fn, torch.float8_e4m3fn, torch.float32, torch.float32
  triton_mm_2639 1.4865 ms 100.0% ACC_TYPE='tl.float32', ALLOW_TF32=True, BLOCK_K=64, BLOCK_M=64, BLOCK_N=128, EVEN_K=True, GROUP_M=8, USE_FAST_ACCUM=False, num_stages=4, num_warps=4
  triton_mm_2725 1.4875 ms 99.9% ACC_TYPE='tl.float32', ALLOW_TF32=True, BLOCK_K=128, BLOCK_M=64, BLOCK_N=128, EVEN_K=True, GROUP_M=8, USE_FAST_ACCUM=False, num_stages=3, num_warps=4
  _scaled_mm 1.4898 ms 99.8% 
  triton_mm_2640 1.4955 ms 99.4% ACC_TYPE='tl.float32', ALLOW_TF32=True, BLOCK_K=64, BLOCK_M=128, BLOCK_N=32, EVEN_K=True, GROUP_M=8, USE_FAST_ACCUM=False, num_stages=4, num_warps=4
  triton_mm_2631 1.4990 ms 99.2% ACC_TYPE='tl.float32', ALLOW_TF32=True, BLOCK_K=32, BLOCK_M=64, BLOCK_N=128, EVEN_K=True, GROUP_M=8, USE_FAST_ACCUM=False, num_stages=4, num_warps=4
  triton_mm_2724 1.5103 ms 98.4% ACC_TYPE='tl.float32', ALLOW_TF32=True, BLOCK_K=128, BLOCK_M=64, BLOCK_N=128, EVEN_K=True, GROUP_M=8, USE_FAST_ACCUM=False, num_stages=2, num_warps=4
  triton_mm_2638 1.5149 ms 98.1% ACC_TYPE='tl.float32', ALLOW_TF32=True, BLOCK_K=64, BLOCK_M=128, BLOCK_N=64, EVEN_K=True, GROUP_M=8, USE_FAST_ACCUM=False, num_stages=4, num_warps=4
  triton_mm_2630 1.5558 ms 95.5% ACC_TYPE='tl.float32', ALLOW_TF32=True, BLOCK_K=32, BLOCK_M=128, BLOCK_N=64, EVEN_K=True, GROUP_M=8, USE_FAST_ACCUM=False, num_stages=4, num_warps=4
  triton_mm_2628 1.6806 ms 88.5% ACC_TYPE='tl.float32', ALLOW_TF32=True, BLOCK_K=32, BLOCK_M=64, BLOCK_N=256, EVEN_K=True, GROUP_M=8, USE_FAST_ACCUM=False, num_stages=4, num_warps=4
  triton_mm_2629 1.7644 ms 84.2% ACC_TYPE='tl.float32', ALLOW_TF32=True, BLOCK_K=32, BLOCK_M=128, BLOCK_N=128, EVEN_K=True, GROUP_M=8, USE_FAST_ACCUM=False, num_stages=4, num_warps=4
SingleProcess AUTOTUNE benchmarking takes 5.7566 seconds and 0.0006 seconds precompiling for 106 choices
Autotune Choices Stats:
{"num_choices": 106, "num_triton_choices": 105, "best_kernel": "_scaled_mm", "best_time": 0.5616959929466248, "best_triton_pos": 1, "best_triton_time": 0.5998079776763916, "best_triton_kernel": "triton_mm_2526", "best_triton_kernel_desc": "ACC_TYPE='tl.float32', ALLOW_TF32=True, BLOCK_K=32, BLOCK_M=64, BLOCK_N=128, EVEN_K=True, GROUP_M=8, USE_FAST_ACCUM=False, num_stages=4, num_warps=4"}
AUTOTUNE scaled_mm(1040x65536, 65536x1024, , )
strides: [65536, 1], [1, 65536], [], []
dtypes: torch.float8_e4m3fn, torch.float8_e4m3fn, torch.float32, torch.float32
  _scaled_mm 0.5617 ms 100.0% 
  triton_mm_2526 0.5998 ms 93.6% ACC_TYPE='tl.float32', ALLOW_TF32=True, BLOCK_K=32, BLOCK_M=64, BLOCK_N=128, EVEN_K=True, GROUP_M=8, USE_FAST_ACCUM=False, num_stages=4, num_warps=4
  triton_mm_2535 0.6012 ms 93.4% ACC_TYPE='tl.float32', ALLOW_TF32=True, BLOCK_K=64, BLOCK_M=128, BLOCK_N=32, EVEN_K=True, GROUP_M=8, USE_FAST_ACCUM=False, num_stages=4, num_warps=4
  triton_mm_2620 0.6031 ms 93.1% ACC_TYPE='tl.float32', ALLOW_TF32=True, BLOCK_K=128, BLOCK_M=64, BLOCK_N=128, EVEN_K=True, GROUP_M=8, USE_FAST_ACCUM=False, num_stages=3, num_warps=4
  triton_mm_2534 0.6035 ms 93.1% ACC_TYPE='tl.float32', ALLOW_TF32=True, BLOCK_K=64, BLOCK_M=64, BLOCK_N=128, EVEN_K=True, GROUP_M=8, USE_FAST_ACCUM=False, num_stages=4, num_warps=4
  triton_mm_2619 0.6387 ms 87.9% ACC_TYPE='tl.float32', ALLOW_TF32=True, BLOCK_K=128, BLOCK_M=64, BLOCK_N=128, EVEN_K=True, GROUP_M=8, USE_FAST_ACCUM=False, num_stages=2, num_warps=4
  triton_mm_2533 0.6426 ms 87.4% ACC_TYPE='tl.float32', ALLOW_TF32=True, BLOCK_K=64, BLOCK_M=128, BLOCK_N=64, EVEN_K=True, GROUP_M=8, USE_FAST_ACCUM=False, num_stages=4, num_warps=4
  triton_mm_2525 0.6717 ms 83.6% ACC_TYPE='tl.float32', ALLOW_TF32=True, BLOCK_K=32, BLOCK_M=128, BLOCK_N=64, EVEN_K=True, GROUP_M=8, USE_FAST_ACCUM=False, num_stages=4, num_warps=4
  triton_mm_2531 0.6877 ms 81.7% ACC_TYPE='tl.float32', ALLOW_TF32=True, BLOCK_K=128, BLOCK_M=64, BLOCK_N=256, EVEN_K=True, GROUP_M=8, USE_FAST_ACCUM=False, num_stages=4, num_warps=4
  triton_mm_2617 0.7375 ms 76.2% ACC_TYPE='tl.float32', ALLOW_TF32=True, BLOCK_K=256, BLOCK_M=64, BLOCK_N=16, EVEN_K=True, GROUP_M=8, USE_FAST_ACCUM=False, num_stages=5, num_warps=4
SingleProcess AUTOTUNE benchmarking takes 4.3571 seconds and 0.0005 seconds precompiling for 106 choices
Autotune Choices Stats:
{"num_choices": 106, "num_triton_choices": 105, "best_kernel": "triton_mm_2429", "best_kernel_desc": "ACC_TYPE='tl.float32', ALLOW_TF32=True, BLOCK_K=64, BLOCK_M=64, BLOCK_N=128, EVEN_K=False, GROUP_M=8, USE_FAST_ACCUM=False, num_stages=4, num_warps=4", "best_time": 0.6111360192298889, "best_triton_pos": 0}
AUTOTUNE scaled_mm(65536x1040, 1040x1024, , )
strides: [1040, 1], [1, 1040], [], []
dtypes: torch.float8_e4m3fn, torch.float8_e4m3fn, torch.float32, torch.float32
  triton_mm_2429 0.6111 ms 100.0% ACC_TYPE='tl.float32', ALLOW_TF32=True, BLOCK_K=64, BLOCK_M=64, BLOCK_N=128, EVEN_K=False, GROUP_M=8, USE_FAST_ACCUM=False, num_stages=4, num_warps=4
  _scaled_mm 0.6156 ms 99.3% 
  triton_mm_2515 0.6283 ms 97.3% ACC_TYPE='tl.float32', ALLOW_TF32=True, BLOCK_K=128, BLOCK_M=64, BLOCK_N=128, EVEN_K=False, GROUP_M=8, USE_FAST_ACCUM=False, num_stages=3, num_warps=4
  triton_mm_2428 0.6330 ms 96.5% ACC_TYPE='tl.float32', ALLOW_TF32=True, BLOCK_K=64, BLOCK_M=128, BLOCK_N=64, EVEN_K=False, GROUP_M=8, USE_FAST_ACCUM=False, num_stages=4, num_warps=4
  triton_mm_2514 0.6419 ms 95.2% ACC_TYPE='tl.float32', ALLOW_TF32=True, BLOCK_K=128, BLOCK_M=64, BLOCK_N=128, EVEN_K=False, GROUP_M=8, USE_FAST_ACCUM=False, num_stages=2, num_warps=4
  triton_mm_2421 0.6840 ms 89.4% ACC_TYPE='tl.float32', ALLOW_TF32=True, BLOCK_K=32, BLOCK_M=64, BLOCK_N=128, EVEN_K=False, GROUP_M=8, USE_FAST_ACCUM=False, num_stages=4, num_warps=4
  triton_mm_2420 0.6961 ms 87.8% ACC_TYPE='tl.float32', ALLOW_TF32=True, BLOCK_K=32, BLOCK_M=128, BLOCK_N=64, EVEN_K=False, GROUP_M=8, USE_FAST_ACCUM=False, num_stages=4, num_warps=4
  triton_mm_2430 0.7590 ms 80.5% ACC_TYPE='tl.float32', ALLOW_TF32=True, BLOCK_K=64, BLOCK_M=128, BLOCK_N=32, EVEN_K=False, GROUP_M=8, USE_FAST_ACCUM=False, num_stages=4, num_warps=4
  triton_mm_2419 0.7947 ms 76.9% ACC_TYPE='tl.float32', ALLOW_TF32=True, BLOCK_K=32, BLOCK_M=128, BLOCK_N=128, EVEN_K=False, GROUP_M=8, USE_FAST_ACCUM=False, num_stages=4, num_warps=4
  triton_mm_2418 0.8404 ms 72.7% ACC_TYPE='tl.float32', ALLOW_TF32=True, BLOCK_K=32, BLOCK_M=64, BLOCK_N=256, EVEN_K=False, GROUP_M=8, USE_FAST_ACCUM=False, num_stages=4, num_warps=4
SingleProcess AUTOTUNE benchmarking takes 4.3067 seconds and 0.3045 seconds precompiling for 106 choices
Autotune Choices Stats:
{"num_choices": 106, "num_triton_choices": 105, "best_kernel": "triton_mm_2639", "best_kernel_desc": "ACC_TYPE='tl.float32', ALLOW_TF32=True, BLOCK_K=64, BLOCK_M=64, BLOCK_N=128, EVEN_K=True, GROUP_M=8, USE_FAST_ACCUM=False, num_stages=4, num_warps=4", "best_time": 1.4759999513626099, "best_triton_pos": 0}
AUTOTUNE scaled_mm(65536x3072, 3072x1024, , )
strides: [3072, 1], [1, 3072], [], []
dtypes: torch.float8_e4m3fn, torch.float8_e4m3fn, torch.float32, torch.float32
  triton_mm_2639 1.4760 ms 100.0% ACC_TYPE='tl.float32', ALLOW_TF32=True, BLOCK_K=64, BLOCK_M=64, BLOCK_N=128, EVEN_K=True, GROUP_M=8, USE_FAST_ACCUM=False, num_stages=4, num_warps=4
  triton_mm_2725 1.4802 ms 99.7% ACC_TYPE='tl.float32', ALLOW_TF32=True, BLOCK_K=128, BLOCK_M=64, BLOCK_N=128, EVEN_K=True, GROUP_M=8, USE_FAST_ACCUM=False, num_stages=3, num_warps=4
  triton_mm_2631 1.4869 ms 99.3% ACC_TYPE='tl.float32', ALLOW_TF32=True, BLOCK_K=32, BLOCK_M=64, BLOCK_N=128, EVEN_K=True, GROUP_M=8, USE_FAST_ACCUM=False, num_stages=4, num_warps=4
  triton_mm_2640 1.4892 ms 99.1% ACC_TYPE='tl.float32', ALLOW_TF32=True, BLOCK_K=64, BLOCK_M=128, BLOCK_N=32, EVEN_K=True, GROUP_M=8, USE_FAST_ACCUM=False, num_stages=4, num_warps=4
  _scaled_mm 1.4899 ms 99.1% 
  triton_mm_2724 1.4992 ms 98.5% ACC_TYPE='tl.float32', ALLOW_TF32=True, BLOCK_K=128, BLOCK_M=64, BLOCK_N=128, EVEN_K=True, GROUP_M=8, USE_FAST_ACCUM=False, num_stages=2, num_warps=4
  triton_mm_2638 1.5077 ms 97.9% ACC_TYPE='tl.float32', ALLOW_TF32=True, BLOCK_K=64, BLOCK_M=128, BLOCK_N=64, EVEN_K=True, GROUP_M=8, USE_FAST_ACCUM=False, num_stages=4, num_warps=4
  triton_mm_2630 1.5534 ms 95.0% ACC_TYPE='tl.float32', ALLOW_TF32=True, BLOCK_K=32, BLOCK_M=128, BLOCK_N=64, EVEN_K=True, GROUP_M=8, USE_FAST_ACCUM=False, num_stages=4, num_warps=4
  triton_mm_2628 1.6780 ms 88.0% ACC_TYPE='tl.float32', ALLOW_TF32=True, BLOCK_K=32, BLOCK_M=64, BLOCK_N=256, EVEN_K=True, GROUP_M=8, USE_FAST_ACCUM=False, num_stages=4, num_warps=4
  triton_mm_2629 1.7361 ms 85.0% ACC_TYPE='tl.float32', ALLOW_TF32=True, BLOCK_K=32, BLOCK_M=128, BLOCK_N=128, EVEN_K=True, GROUP_M=8, USE_FAST_ACCUM=False, num_stages=4, num_warps=4
SingleProcess AUTOTUNE benchmarking takes 5.7162 seconds and 0.0005 seconds precompiling for 106 choices
Autotune Choices Stats:
{"num_choices": 106, "num_triton_choices": 105, "best_kernel": "_scaled_mm", "best_time": 1.4855040311813354, "best_triton_pos": 1, "best_triton_time": 1.5257920026779175, "best_triton_kernel": "triton_mm_2745", "best_triton_kernel_desc": "ACC_TYPE='tl.float32', ALLOW_TF32=True, BLOCK_K=64, BLOCK_M=128, BLOCK_N=32, EVEN_K=True, GROUP_M=8, USE_FAST_ACCUM=False, num_stages=4, num_warps=4"}
AUTOTUNE scaled_mm(3072x65536, 65536x1024, , )
strides: [65536, 1], [1, 65536], [], []
dtypes: torch.float8_e4m3fn, torch.float8_e4m3fn, torch.float32, torch.float32
  _scaled_mm 1.4855 ms 100.0% 
  triton_mm_2745 1.5258 ms 97.4% ACC_TYPE='tl.float32', ALLOW_TF32=True, BLOCK_K=64, BLOCK_M=128, BLOCK_N=32, EVEN_K=True, GROUP_M=8, USE_FAST_ACCUM=False, num_stages=4, num_warps=4
  triton_mm_2744 1.7759 ms 83.6% ACC_TYPE='tl.float32', ALLOW_TF32=True, BLOCK_K=64, BLOCK_M=64, BLOCK_N=128, EVEN_K=True, GROUP_M=8, USE_FAST_ACCUM=False, num_stages=4, num_warps=4
  triton_mm_2736 1.7780 ms 83.6% ACC_TYPE='tl.float32', ALLOW_TF32=True, BLOCK_K=32, BLOCK_M=64, BLOCK_N=128, EVEN_K=True, GROUP_M=8, USE_FAST_ACCUM=False, num_stages=4, num_warps=4
  triton_mm_2830 1.7855 ms 83.2% ACC_TYPE='tl.float32', ALLOW_TF32=True, BLOCK_K=128, BLOCK_M=64, BLOCK_N=128, EVEN_K=True, GROUP_M=8, USE_FAST_ACCUM=False, num_stages=3, num_warps=4
  triton_mm_2743 1.7922 ms 82.9% ACC_TYPE='tl.float32', ALLOW_TF32=True, BLOCK_K=64, BLOCK_M=128, BLOCK_N=64, EVEN_K=True, GROUP_M=8, USE_FAST_ACCUM=False, num_stages=4, num_warps=4
  triton_mm_2829 1.8154 ms 81.8% ACC_TYPE='tl.float32', ALLOW_TF32=True, BLOCK_K=128, BLOCK_M=64, BLOCK_N=128, EVEN_K=True, GROUP_M=8, USE_FAST_ACCUM=False, num_stages=2, num_warps=4
  triton_mm_2735 1.8329 ms 81.0% ACC_TYPE='tl.float32', ALLOW_TF32=True, BLOCK_K=32, BLOCK_M=128, BLOCK_N=64, EVEN_K=True, GROUP_M=8, USE_FAST_ACCUM=False, num_stages=4, num_warps=4
  triton_mm_2737 1.9468 ms 76.3% ACC_TYPE='tl.float32', ALLOW_TF32=True, BLOCK_K=32, BLOCK_M=128, BLOCK_N=32, EVEN_K=True, GROUP_M=8, USE_FAST_ACCUM=False, num_stages=4, num_warps=4
  triton_mm_2741 1.9690 ms 75.4% ACC_TYPE='tl.float32', ALLOW_TF32=True, BLOCK_K=128, BLOCK_M=64, BLOCK_N=256, EVEN_K=True, GROUP_M=8, USE_FAST_ACCUM=False, num_stages=4, num_warps=4
SingleProcess AUTOTUNE benchmarking takes 7.5446 seconds and 0.0005 seconds precompiling for 106 choices
Autotune Choices Stats:
{"num_choices": 106, "num_triton_choices": 105, "best_kernel": "_scaled_mm", "best_time": 0.6111040115356445, "best_triton_pos": 1, "best_triton_time": 0.6515840291976929, "best_triton_kernel": "triton_mm_2535", "best_triton_kernel_desc": "ACC_TYPE='tl.float32', ALLOW_TF32=True, BLOCK_K=64, BLOCK_M=128, BLOCK_N=32, EVEN_K=True, GROUP_M=8, USE_FAST_ACCUM=False, num_stages=4, num_warps=4"}
AUTOTUNE scaled_mm(1040x65536, 65536x1024, , )
strides: [65536, 1], [1, 65536], [], []
dtypes: torch.float8_e4m3fn, torch.float8_e4m3fn, torch.float32, torch.float32
  _scaled_mm 0.6111 ms 100.0% 
  triton_mm_2535 0.6516 ms 93.8% ACC_TYPE='tl.float32', ALLOW_TF32=True, BLOCK_K=64, BLOCK_M=128, BLOCK_N=32, EVEN_K=True, GROUP_M=8, USE_FAST_ACCUM=False, num_stages=4, num_warps=4
  triton_mm_2526 0.6532 ms 93.6% ACC_TYPE='tl.float32', ALLOW_TF32=True, BLOCK_K=32, BLOCK_M=64, BLOCK_N=128, EVEN_K=True, GROUP_M=8, USE_FAST_ACCUM=False, num_stages=4, num_warps=4
  triton_mm_2534 0.6559 ms 93.2% ACC_TYPE='tl.float32', ALLOW_TF32=True, BLOCK_K=64, BLOCK_M=64, BLOCK_N=128, EVEN_K=True, GROUP_M=8, USE_FAST_ACCUM=False, num_stages=4, num_warps=4
  triton_mm_2620 0.6608 ms 92.5% ACC_TYPE='tl.float32', ALLOW_TF32=True, BLOCK_K=128, BLOCK_M=64, BLOCK_N=128, EVEN_K=True, GROUP_M=8, USE_FAST_ACCUM=False, num_stages=3, num_warps=4
  triton_mm_2619 0.6852 ms 89.2% ACC_TYPE='tl.float32', ALLOW_TF32=True, BLOCK_K=128, BLOCK_M=64, BLOCK_N=128, EVEN_K=True, GROUP_M=8, USE_FAST_ACCUM=False, num_stages=2, num_warps=4
  triton_mm_2533 0.6994 ms 87.4% ACC_TYPE='tl.float32', ALLOW_TF32=True, BLOCK_K=64, BLOCK_M=128, BLOCK_N=64, EVEN_K=True, GROUP_M=8, USE_FAST_ACCUM=False, num_stages=4, num_warps=4
  triton_mm_2525 0.7294 ms 83.8% ACC_TYPE='tl.float32', ALLOW_TF32=True, BLOCK_K=32, BLOCK_M=128, BLOCK_N=64, EVEN_K=True, GROUP_M=8, USE_FAST_ACCUM=False, num_stages=4, num_warps=4
  triton_mm_2531 0.7471 ms 81.8% ACC_TYPE='tl.float32', ALLOW_TF32=True, BLOCK_K=128, BLOCK_M=64, BLOCK_N=256, EVEN_K=True, GROUP_M=8, USE_FAST_ACCUM=False, num_stages=4, num_warps=4
  triton_mm_2617 0.8003 ms 76.4% ACC_TYPE='tl.float32', ALLOW_TF32=True, BLOCK_K=256, BLOCK_M=64, BLOCK_N=16, EVEN_K=True, GROUP_M=8, USE_FAST_ACCUM=False, num_stages=5, num_warps=4
SingleProcess AUTOTUNE benchmarking takes 4.4666 seconds and 0.0005 seconds precompiling for 106 choices
Autotune Choices Stats:
{"num_choices": 106, "num_triton_choices": 105, "best_kernel": "triton_mm_2639", "best_kernel_desc": "ACC_TYPE='tl.float32', ALLOW_TF32=True, BLOCK_K=64, BLOCK_M=64, BLOCK_N=128, EVEN_K=True, GROUP_M=8, USE_FAST_ACCUM=False, num_stages=4, num_warps=4", "best_time": 1.4823360443115234, "best_triton_pos": 0}
AUTOTUNE scaled_mm(65536x3072, 3072x1024, , )
strides: [3072, 1], [1, 3072], [], []
dtypes: torch.float8_e4m3fn, torch.float8_e4m3fn, torch.float32, torch.float32
  triton_mm_2639 1.4823 ms 100.0% ACC_TYPE='tl.float32', ALLOW_TF32=True, BLOCK_K=64, BLOCK_M=64, BLOCK_N=128, EVEN_K=True, GROUP_M=8, USE_FAST_ACCUM=False, num_stages=4, num_warps=4
  triton_mm_2725 1.4882 ms 99.6% ACC_TYPE='tl.float32', ALLOW_TF32=True, BLOCK_K=128, BLOCK_M=64, BLOCK_N=128, EVEN_K=True, GROUP_M=8, USE_FAST_ACCUM=False, num_stages=3, num_warps=4
  _scaled_mm 1.4905 ms 99.5% 
  triton_mm_2640 1.4944 ms 99.2% ACC_TYPE='tl.float32', ALLOW_TF32=True, BLOCK_K=64, BLOCK_M=128, BLOCK_N=32, EVEN_K=True, GROUP_M=8, USE_FAST_ACCUM=False, num_stages=4, num_warps=4
  triton_mm_2631 1.4999 ms 98.8% ACC_TYPE='tl.float32', ALLOW_TF32=True, BLOCK_K=32, BLOCK_M=64, BLOCK_N=128, EVEN_K=True, GROUP_M=8, USE_FAST_ACCUM=False, num_stages=4, num_warps=4
  triton_mm_2724 1.5083 ms 98.3% ACC_TYPE='tl.float32', ALLOW_TF32=True, BLOCK_K=128, BLOCK_M=64, BLOCK_N=128, EVEN_K=True, GROUP_M=8, USE_FAST_ACCUM=False, num_stages=2, num_warps=4
  triton_mm_2638 1.5127 ms 98.0% ACC_TYPE='tl.float32', ALLOW_TF32=True, BLOCK_K=64, BLOCK_M=128, BLOCK_N=64, EVEN_K=True, GROUP_M=8, USE_FAST_ACCUM=False, num_stages=4, num_warps=4
  triton_mm_2630 1.5503 ms 95.6% ACC_TYPE='tl.float32', ALLOW_TF32=True, BLOCK_K=32, BLOCK_M=128, BLOCK_N=64, EVEN_K=True, GROUP_M=8, USE_FAST_ACCUM=False, num_stages=4, num_warps=4
  triton_mm_2628 1.6771 ms 88.4% ACC_TYPE='tl.float32', ALLOW_TF32=True, BLOCK_K=32, BLOCK_M=64, BLOCK_N=256, EVEN_K=True, GROUP_M=8, USE_FAST_ACCUM=False, num_stages=4, num_warps=4
  triton_mm_2629 1.7364 ms 85.4% ACC_TYPE='tl.float32', ALLOW_TF32=True, BLOCK_K=32, BLOCK_M=128, BLOCK_N=128, EVEN_K=True, GROUP_M=8, USE_FAST_ACCUM=False, num_stages=4, num_warps=4
SingleProcess AUTOTUNE benchmarking takes 7.2472 seconds and 0.0005 seconds precompiling for 106 choices
Autotune Choices Stats:
{"num_choices": 106, "num_triton_choices": 105, "best_kernel": "_scaled_mm", "best_time": 1.4786239862442017, "best_triton_pos": 1, "best_triton_time": 1.515936017036438, "best_triton_kernel": "triton_mm_2745", "best_triton_kernel_desc": "ACC_TYPE='tl.float32', ALLOW_TF32=True, BLOCK_K=64, BLOCK_M=128, BLOCK_N=32, EVEN_K=True, GROUP_M=8, USE_FAST_ACCUM=False, num_stages=4, num_warps=4"}
AUTOTUNE scaled_mm(3072x65536, 65536x1024, , )
strides: [65536, 1], [1, 65536], [], []
dtypes: torch.float8_e4m3fn, torch.float8_e4m3fn, torch.float32, torch.float32
  _scaled_mm 1.4786 ms 100.0% 
  triton_mm_2745 1.5159 ms 97.5% ACC_TYPE='tl.float32', ALLOW_TF32=True, BLOCK_K=64, BLOCK_M=128, BLOCK_N=32, EVEN_K=True, GROUP_M=8, USE_FAST_ACCUM=False, num_stages=4, num_warps=4
  triton_mm_2744 1.7622 ms 83.9% ACC_TYPE='tl.float32', ALLOW_TF32=True, BLOCK_K=64, BLOCK_M=64, BLOCK_N=128, EVEN_K=True, GROUP_M=8, USE_FAST_ACCUM=False, num_stages=4, num_warps=4
  triton_mm_2736 1.7671 ms 83.7% ACC_TYPE='tl.float32', ALLOW_TF32=True, BLOCK_K=32, BLOCK_M=64, BLOCK_N=128, EVEN_K=True, GROUP_M=8, USE_FAST_ACCUM=False, num_stages=4, num_warps=4
  triton_mm_2830 1.7732 ms 83.4% ACC_TYPE='tl.float32', ALLOW_TF32=True, BLOCK_K=128, BLOCK_M=64, BLOCK_N=128, EVEN_K=True, GROUP_M=8, USE_FAST_ACCUM=False, num_stages=3, num_warps=4
  triton_mm_2829 1.7925 ms 82.5% ACC_TYPE='tl.float32', ALLOW_TF32=True, BLOCK_K=128, BLOCK_M=64, BLOCK_N=128, EVEN_K=True, GROUP_M=8, USE_FAST_ACCUM=False, num_stages=2, num_warps=4
  triton_mm_2743 1.7928 ms 82.5% ACC_TYPE='tl.float32', ALLOW_TF32=True, BLOCK_K=64, BLOCK_M=128, BLOCK_N=64, EVEN_K=True, GROUP_M=8, USE_FAST_ACCUM=False, num_stages=4, num_warps=4
  triton_mm_2735 1.8330 ms 80.7% ACC_TYPE='tl.float32', ALLOW_TF32=True, BLOCK_K=32, BLOCK_M=128, BLOCK_N=64, EVEN_K=True, GROUP_M=8, USE_FAST_ACCUM=False, num_stages=4, num_warps=4
  triton_mm_2737 1.9471 ms 75.9% ACC_TYPE='tl.float32', ALLOW_TF32=True, BLOCK_K=32, BLOCK_M=128, BLOCK_N=32, EVEN_K=True, GROUP_M=8, USE_FAST_ACCUM=False, num_stages=4, num_warps=4
  triton_mm_2741 1.9660 ms 75.2% ACC_TYPE='tl.float32', ALLOW_TF32=True, BLOCK_K=128, BLOCK_M=64, BLOCK_N=256, EVEN_K=True, GROUP_M=8, USE_FAST_ACCUM=False, num_stages=4, num_warps=4
SingleProcess AUTOTUNE benchmarking takes 5.9090 seconds and 0.0005 seconds precompiling for 106 choices
Autotune Choices Stats:
{"num_choices": 106, "num_triton_choices": 105, "best_kernel": "triton_mm_2725", "best_kernel_desc": "ACC_TYPE='tl.float32', ALLOW_TF32=True, BLOCK_K=128, BLOCK_M=64, BLOCK_N=128, EVEN_K=True, GROUP_M=8, USE_FAST_ACCUM=False, num_stages=3, num_warps=4", "best_time": 1.4827200174331665, "best_triton_pos": 0}
AUTOTUNE scaled_mm(65536x3072, 3072x1024, , )
strides: [3072, 1], [1, 3072], [], []
dtypes: torch.float8_e4m3fn, torch.float8_e4m3fn, torch.float32, torch.float32
  triton_mm_2725 1.4827 ms 100.0% ACC_TYPE='tl.float32', ALLOW_TF32=True, BLOCK_K=128, BLOCK_M=64, BLOCK_N=128, EVEN_K=True, GROUP_M=8, USE_FAST_ACCUM=False, num_stages=3, num_warps=4
  _scaled_mm 1.4878 ms 99.7% 
  triton_mm_2639 1.4881 ms 99.6% ACC_TYPE='tl.float32', ALLOW_TF32=True, BLOCK_K=64, BLOCK_M=64, BLOCK_N=128, EVEN_K=True, GROUP_M=8, USE_FAST_ACCUM=False, num_stages=4, num_warps=4
  triton_mm_2640 1.4971 ms 99.0% ACC_TYPE='tl.float32', ALLOW_TF32=True, BLOCK_K=64, BLOCK_M=128, BLOCK_N=32, EVEN_K=True, GROUP_M=8, USE_FAST_ACCUM=False, num_stages=4, num_warps=4
  triton_mm_2631 1.5000 ms 98.8% ACC_TYPE='tl.float32', ALLOW_TF32=True, BLOCK_K=32, BLOCK_M=64, BLOCK_N=128, EVEN_K=True, GROUP_M=8, USE_FAST_ACCUM=False, num_stages=4, num_warps=4
  triton_mm_2724 1.5056 ms 98.5% ACC_TYPE='tl.float32', ALLOW_TF32=True, BLOCK_K=128, BLOCK_M=64, BLOCK_N=128, EVEN_K=True, GROUP_M=8, USE_FAST_ACCUM=False, num_stages=2, num_warps=4
  triton_mm_2638 1.5167 ms 97.8% ACC_TYPE='tl.float32', ALLOW_TF32=True, BLOCK_K=64, BLOCK_M=128, BLOCK_N=64, EVEN_K=True, GROUP_M=8, USE_FAST_ACCUM=False, num_stages=4, num_warps=4
  triton_mm_2630 1.5509 ms 95.6% ACC_TYPE='tl.float32', ALLOW_TF32=True, BLOCK_K=32, BLOCK_M=128, BLOCK_N=64, EVEN_K=True, GROUP_M=8, USE_FAST_ACCUM=False, num_stages=4, num_warps=4
  triton_mm_2628 1.6763 ms 88.5% ACC_TYPE='tl.float32', ALLOW_TF32=True, BLOCK_K=32, BLOCK_M=64, BLOCK_N=256, EVEN_K=True, GROUP_M=8, USE_FAST_ACCUM=False, num_stages=4, num_warps=4
  triton_mm_2629 1.7568 ms 84.4% ACC_TYPE='tl.float32', ALLOW_TF32=True, BLOCK_K=32, BLOCK_M=128, BLOCK_N=128, EVEN_K=True, GROUP_M=8, USE_FAST_ACCUM=False, num_stages=4, num_warps=4
SingleProcess AUTOTUNE benchmarking takes 7.5843 seconds and 0.0005 seconds precompiling for 106 choices
Autotune Choices Stats:
{"num_choices": 106, "num_triton_choices": 105, "best_kernel": "_scaled_mm", "best_time": 1.4813439846038818, "best_triton_pos": 1, "best_triton_time": 1.5296640396118164, "best_triton_kernel": "triton_mm_2745", "best_triton_kernel_desc": "ACC_TYPE='tl.float32', ALLOW_TF32=True, BLOCK_K=64, BLOCK_M=128, BLOCK_N=32, EVEN_K=True, GROUP_M=8, USE_FAST_ACCUM=False, num_stages=4, num_warps=4"}
AUTOTUNE scaled_mm(3072x65536, 65536x1024, , )
strides: [65536, 1], [1, 65536], [], []
dtypes: torch.float8_e4m3fn, torch.float8_e4m3fn, torch.float32, torch.float32
  _scaled_mm 1.4813 ms 100.0% 
  triton_mm_2745 1.5297 ms 96.8% ACC_TYPE='tl.float32', ALLOW_TF32=True, BLOCK_K=64, BLOCK_M=128, BLOCK_N=32, EVEN_K=True, GROUP_M=8, USE_FAST_ACCUM=False, num_stages=4, num_warps=4
  triton_mm_2744 1.7738 ms 83.5% ACC_TYPE='tl.float32', ALLOW_TF32=True, BLOCK_K=64, BLOCK_M=64, BLOCK_N=128, EVEN_K=True, GROUP_M=8, USE_FAST_ACCUM=False, num_stages=4, num_warps=4
  triton_mm_2736 1.7774 ms 83.3% ACC_TYPE='tl.float32', ALLOW_TF32=True, BLOCK_K=32, BLOCK_M=64, BLOCK_N=128, EVEN_K=True, GROUP_M=8, USE_FAST_ACCUM=False, num_stages=4, num_warps=4
  triton_mm_2830 1.7936 ms 82.6% ACC_TYPE='tl.float32', ALLOW_TF32=True, BLOCK_K=128, BLOCK_M=64, BLOCK_N=128, EVEN_K=True, GROUP_M=8, USE_FAST_ACCUM=False, num_stages=3, num_warps=4
  triton_mm_2743 1.7938 ms 82.6% ACC_TYPE='tl.float32', ALLOW_TF32=True, BLOCK_K=64, BLOCK_M=128, BLOCK_N=64, EVEN_K=True, GROUP_M=8, USE_FAST_ACCUM=False, num_stages=4, num_warps=4
  triton_mm_2829 1.8087 ms 81.9% ACC_TYPE='tl.float32', ALLOW_TF32=True, BLOCK_K=128, BLOCK_M=64, BLOCK_N=128, EVEN_K=True, GROUP_M=8, USE_FAST_ACCUM=False, num_stages=2, num_warps=4
  triton_mm_2735 1.8457 ms 80.3% ACC_TYPE='tl.float32', ALLOW_TF32=True, BLOCK_K=32, BLOCK_M=128, BLOCK_N=64, EVEN_K=True, GROUP_M=8, USE_FAST_ACCUM=False, num_stages=4, num_warps=4
  triton_mm_2737 1.9351 ms 76.5% ACC_TYPE='tl.float32', ALLOW_TF32=True, BLOCK_K=32, BLOCK_M=128, BLOCK_N=32, EVEN_K=True, GROUP_M=8, USE_FAST_ACCUM=False, num_stages=4, num_warps=4
  triton_mm_2741 1.9788 ms 74.9% ACC_TYPE='tl.float32', ALLOW_TF32=True, BLOCK_K=128, BLOCK_M=64, BLOCK_N=256, EVEN_K=True, GROUP_M=8, USE_FAST_ACCUM=False, num_stages=4, num_warps=4
SingleProcess AUTOTUNE benchmarking takes 5.9373 seconds and 0.0005 seconds precompiling for 106 choices
Autotune Choices Stats:
{"num_choices": 106, "num_triton_choices": 105, "best_kernel": "triton_mm_2725", "best_kernel_desc": "ACC_TYPE='tl.float32', ALLOW_TF32=True, BLOCK_K=128, BLOCK_M=64, BLOCK_N=128, EVEN_K=True, GROUP_M=8, USE_FAST_ACCUM=False, num_stages=3, num_warps=4", "best_time": 1.4878400564193726, "best_triton_pos": 0}
AUTOTUNE scaled_mm(65536x3072, 3072x1024, , )
strides: [3072, 1], [1, 3072], [], []
dtypes: torch.float8_e4m3fn, torch.float8_e4m3fn, torch.float32, torch.float32
  triton_mm_2725 1.4878 ms 100.0% ACC_TYPE='tl.float32', ALLOW_TF32=True, BLOCK_K=128, BLOCK_M=64, BLOCK_N=128, EVEN_K=True, GROUP_M=8, USE_FAST_ACCUM=False, num_stages=3, num_warps=4
  triton_mm_2639 1.4882 ms 100.0% ACC_TYPE='tl.float32', ALLOW_TF32=True, BLOCK_K=64, BLOCK_M=64, BLOCK_N=128, EVEN_K=True, GROUP_M=8, USE_FAST_ACCUM=False, num_stages=4, num_warps=4
  _scaled_mm 1.4903 ms 99.8% 
  triton_mm_2640 1.4958 ms 99.5% ACC_TYPE='tl.float32', ALLOW_TF32=True, BLOCK_K=64, BLOCK_M=128, BLOCK_N=32, EVEN_K=True, GROUP_M=8, USE_FAST_ACCUM=False, num_stages=4, num_warps=4
  triton_mm_2631 1.4996 ms 99.2% ACC_TYPE='tl.float32', ALLOW_TF32=True, BLOCK_K=32, BLOCK_M=64, BLOCK_N=128, EVEN_K=True, GROUP_M=8, USE_FAST_ACCUM=False, num_stages=4, num_warps=4
  triton_mm_2724 1.5090 ms 98.6% ACC_TYPE='tl.float32', ALLOW_TF32=True, BLOCK_K=128, BLOCK_M=64, BLOCK_N=128, EVEN_K=True, GROUP_M=8, USE_FAST_ACCUM=False, num_stages=2, num_warps=4
  triton_mm_2638 1.5171 ms 98.1% ACC_TYPE='tl.float32', ALLOW_TF32=True, BLOCK_K=64, BLOCK_M=128, BLOCK_N=64, EVEN_K=True, GROUP_M=8, USE_FAST_ACCUM=False, num_stages=4, num_warps=4
  triton_mm_2630 1.5514 ms 95.9% ACC_TYPE='tl.float32', ALLOW_TF32=True, BLOCK_K=32, BLOCK_M=128, BLOCK_N=64, EVEN_K=True, GROUP_M=8, USE_FAST_ACCUM=False, num_stages=4, num_warps=4
  triton_mm_2628 1.6770 ms 88.7% ACC_TYPE='tl.float32', ALLOW_TF32=True, BLOCK_K=32, BLOCK_M=64, BLOCK_N=256, EVEN_K=True, GROUP_M=8, USE_FAST_ACCUM=False, num_stages=4, num_warps=4
  triton_mm_2629 1.7342 ms 85.8% ACC_TYPE='tl.float32', ALLOW_TF32=True, BLOCK_K=32, BLOCK_M=128, BLOCK_N=128, EVEN_K=True, GROUP_M=8, USE_FAST_ACCUM=False, num_stages=4, num_warps=4
SingleProcess AUTOTUNE benchmarking takes 5.7522 seconds and 0.0005 seconds precompiling for 106 choices
Autotune Choices Stats:
{"num_choices": 106, "num_triton_choices": 105, "best_kernel": "_scaled_mm", "best_time": 1.4805439710617065, "best_triton_pos": 1, "best_triton_time": 1.5237760543823242, "best_triton_kernel": "triton_mm_2745", "best_triton_kernel_desc": "ACC_TYPE='tl.float32', ALLOW_TF32=True, BLOCK_K=64, BLOCK_M=128, BLOCK_N=32, EVEN_K=True, GROUP_M=8, USE_FAST_ACCUM=False, num_stages=4, num_warps=4"}
AUTOTUNE scaled_mm(3072x65536, 65536x1024, , )
strides: [65536, 1], [1, 65536], [], []
dtypes: torch.float8_e4m3fn, torch.float8_e4m3fn, torch.float32, torch.float32
  _scaled_mm 1.4805 ms 100.0% 
  triton_mm_2745 1.5238 ms 97.2% ACC_TYPE='tl.float32', ALLOW_TF32=True, BLOCK_K=64, BLOCK_M=128, BLOCK_N=32, EVEN_K=True, GROUP_M=8, USE_FAST_ACCUM=False, num_stages=4, num_warps=4
  triton_mm_2736 1.7690 ms 83.7% ACC_TYPE='tl.float32', ALLOW_TF32=True, BLOCK_K=32, BLOCK_M=64, BLOCK_N=128, EVEN_K=True, GROUP_M=8, USE_FAST_ACCUM=False, num_stages=4, num_warps=4
  triton_mm_2744 1.7732 ms 83.5% ACC_TYPE='tl.float32', ALLOW_TF32=True, BLOCK_K=64, BLOCK_M=64, BLOCK_N=128, EVEN_K=True, GROUP_M=8, USE_FAST_ACCUM=False, num_stages=4, num_warps=4
  triton_mm_2830 1.7887 ms 82.8% ACC_TYPE='tl.float32', ALLOW_TF32=True, BLOCK_K=128, BLOCK_M=64, BLOCK_N=128, EVEN_K=True, GROUP_M=8, USE_FAST_ACCUM=False, num_stages=3, num_warps=4
  triton_mm_2743 1.7947 ms 82.5% ACC_TYPE='tl.float32', ALLOW_TF32=True, BLOCK_K=64, BLOCK_M=128, BLOCK_N=64, EVEN_K=True, GROUP_M=8, USE_FAST_ACCUM=False, num_stages=4, num_warps=4
  triton_mm_2829 1.8132 ms 81.7% ACC_TYPE='tl.float32', ALLOW_TF32=True, BLOCK_K=128, BLOCK_M=64, BLOCK_N=128, EVEN_K=True, GROUP_M=8, USE_FAST_ACCUM=False, num_stages=2, num_warps=4
  triton_mm_2735 1.8436 ms 80.3% ACC_TYPE='tl.float32', ALLOW_TF32=True, BLOCK_K=32, BLOCK_M=128, BLOCK_N=64, EVEN_K=True, GROUP_M=8, USE_FAST_ACCUM=False, num_stages=4, num_warps=4
  triton_mm_2737 1.9464 ms 76.1% ACC_TYPE='tl.float32', ALLOW_TF32=True, BLOCK_K=32, BLOCK_M=128, BLOCK_N=32, EVEN_K=True, GROUP_M=8, USE_FAST_ACCUM=False, num_stages=4, num_warps=4
  triton_mm_2741 1.9815 ms 74.7% ACC_TYPE='tl.float32', ALLOW_TF32=True, BLOCK_K=128, BLOCK_M=64, BLOCK_N=256, EVEN_K=True, GROUP_M=8, USE_FAST_ACCUM=False, num_stages=4, num_warps=4
SingleProcess AUTOTUNE benchmarking takes 5.9551 seconds and 0.0005 seconds precompiling for 106 choices
Autotune Choices Stats:
{"num_choices": 106, "num_triton_choices": 105, "best_kernel": "_scaled_mm", "best_time": 1.4830399751663208, "best_triton_pos": 1, "best_triton_time": 1.5249919891357422, "best_triton_kernel": "triton_mm_2745", "best_triton_kernel_desc": "ACC_TYPE='tl.float32', ALLOW_TF32=True, BLOCK_K=64, BLOCK_M=128, BLOCK_N=32, EVEN_K=True, GROUP_M=8, USE_FAST_ACCUM=False, num_stages=4, num_warps=4"}
AUTOTUNE scaled_mm(3072x65536, 65536x1024, , )
strides: [65536, 1], [1, 65536], [], []
dtypes: torch.float8_e4m3fn, torch.float8_e4m3fn, torch.float32, torch.float32
  _scaled_mm 1.4830 ms 100.0% 
  triton_mm_2745 1.5250 ms 97.2% ACC_TYPE='tl.float32', ALLOW_TF32=True, BLOCK_K=64, BLOCK_M=128, BLOCK_N=32, EVEN_K=True, GROUP_M=8, USE_FAST_ACCUM=False, num_stages=4, num_warps=4
  triton_mm_2736 1.7695 ms 83.8% ACC_TYPE='tl.float32', ALLOW_TF32=True, BLOCK_K=32, BLOCK_M=64, BLOCK_N=128, EVEN_K=True, GROUP_M=8, USE_FAST_ACCUM=False, num_stages=4, num_warps=4
  triton_mm_2744 1.7741 ms 83.6% ACC_TYPE='tl.float32', ALLOW_TF32=True, BLOCK_K=64, BLOCK_M=64, BLOCK_N=128, EVEN_K=True, GROUP_M=8, USE_FAST_ACCUM=False, num_stages=4, num_warps=4
  triton_mm_2830 1.7893 ms 82.9% ACC_TYPE='tl.float32', ALLOW_TF32=True, BLOCK_K=128, BLOCK_M=64, BLOCK_N=128, EVEN_K=True, GROUP_M=8, USE_FAST_ACCUM=False, num_stages=3, num_warps=4
  triton_mm_2743 1.7928 ms 82.7% ACC_TYPE='tl.float32', ALLOW_TF32=True, BLOCK_K=64, BLOCK_M=128, BLOCK_N=64, EVEN_K=True, GROUP_M=8, USE_FAST_ACCUM=False, num_stages=4, num_warps=4
  triton_mm_2829 1.8094 ms 82.0% ACC_TYPE='tl.float32', ALLOW_TF32=True, BLOCK_K=128, BLOCK_M=64, BLOCK_N=128, EVEN_K=True, GROUP_M=8, USE_FAST_ACCUM=False, num_stages=2, num_warps=4
  triton_mm_2735 1.8436 ms 80.4% ACC_TYPE='tl.float32', ALLOW_TF32=True, BLOCK_K=32, BLOCK_M=128, BLOCK_N=64, EVEN_K=True, GROUP_M=8, USE_FAST_ACCUM=False, num_stages=4, num_warps=4
  triton_mm_2737 1.9550 ms 75.9% ACC_TYPE='tl.float32', ALLOW_TF32=True, BLOCK_K=32, BLOCK_M=128, BLOCK_N=32, EVEN_K=True, GROUP_M=8, USE_FAST_ACCUM=False, num_stages=4, num_warps=4
  triton_mm_2741 1.9676 ms 75.4% ACC_TYPE='tl.float32', ALLOW_TF32=True, BLOCK_K=128, BLOCK_M=64, BLOCK_N=256, EVEN_K=True, GROUP_M=8, USE_FAST_ACCUM=False, num_stages=4, num_warps=4
SingleProcess AUTOTUNE benchmarking takes 7.7125 seconds and 0.0005 seconds precompiling for 106 choices
Autotune Choices Stats:
{"num_choices": 106, "num_triton_choices": 105, "best_kernel": "triton_mm_2725", "best_kernel_desc": "ACC_TYPE='tl.float32', ALLOW_TF32=True, BLOCK_K=128, BLOCK_M=64, BLOCK_N=128, EVEN_K=True, GROUP_M=8, USE_FAST_ACCUM=False, num_stages=3, num_warps=4", "best_time": 1.6180800199508667, "best_triton_pos": 0}
AUTOTUNE scaled_mm(65536x3072, 3072x1024, , )
strides: [3072, 1], [1, 3072], [], []
dtypes: torch.float8_e4m3fn, torch.float8_e4m3fn, torch.float32, torch.float32
  triton_mm_2725 1.6181 ms 100.0% ACC_TYPE='tl.float32', ALLOW_TF32=True, BLOCK_K=128, BLOCK_M=64, BLOCK_N=128, EVEN_K=True, GROUP_M=8, USE_FAST_ACCUM=False, num_stages=3, num_warps=4
  triton_mm_2639 1.6216 ms 99.8% ACC_TYPE='tl.float32', ALLOW_TF32=True, BLOCK_K=64, BLOCK_M=64, BLOCK_N=128, EVEN_K=True, GROUP_M=8, USE_FAST_ACCUM=False, num_stages=4, num_warps=4
  _scaled_mm 1.6243 ms 99.6% 
  triton_mm_2640 1.6307 ms 99.2% ACC_TYPE='tl.float32', ALLOW_TF32=True, BLOCK_K=64, BLOCK_M=128, BLOCK_N=32, EVEN_K=True, GROUP_M=8, USE_FAST_ACCUM=False, num_stages=4, num_warps=4
  triton_mm_2631 1.6344 ms 99.0% ACC_TYPE='tl.float32', ALLOW_TF32=True, BLOCK_K=32, BLOCK_M=64, BLOCK_N=128, EVEN_K=True, GROUP_M=8, USE_FAST_ACCUM=False, num_stages=4, num_warps=4
  triton_mm_2724 1.6401 ms 98.7% ACC_TYPE='tl.float32', ALLOW_TF32=True, BLOCK_K=128, BLOCK_M=64, BLOCK_N=128, EVEN_K=True, GROUP_M=8, USE_FAST_ACCUM=False, num_stages=2, num_warps=4
  triton_mm_2638 1.6495 ms 98.1% ACC_TYPE='tl.float32', ALLOW_TF32=True, BLOCK_K=64, BLOCK_M=128, BLOCK_N=64, EVEN_K=True, GROUP_M=8, USE_FAST_ACCUM=False, num_stages=4, num_warps=4
  triton_mm_2630 1.6916 ms 95.7% ACC_TYPE='tl.float32', ALLOW_TF32=True, BLOCK_K=32, BLOCK_M=128, BLOCK_N=64, EVEN_K=True, GROUP_M=8, USE_FAST_ACCUM=False, num_stages=4, num_warps=4
  triton_mm_2628 1.8280 ms 88.5% ACC_TYPE='tl.float32', ALLOW_TF32=True, BLOCK_K=32, BLOCK_M=64, BLOCK_N=256, EVEN_K=True, GROUP_M=8, USE_FAST_ACCUM=False, num_stages=4, num_warps=4
  triton_mm_2629 1.9132 ms 84.6% ACC_TYPE='tl.float32', ALLOW_TF32=True, BLOCK_K=32, BLOCK_M=128, BLOCK_N=128, EVEN_K=True, GROUP_M=8, USE_FAST_ACCUM=False, num_stages=4, num_warps=4
SingleProcess AUTOTUNE benchmarking takes 5.8501 seconds and 0.0005 seconds precompiling for 106 choices
Autotune Choices Stats:
{"num_choices": 106, "num_triton_choices": 105, "best_kernel": "_scaled_mm", "best_time": 1.614527940750122, "best_triton_pos": 1, "best_triton_time": 1.6556479930877686, "best_triton_kernel": "triton_mm_2745", "best_triton_kernel_desc": "ACC_TYPE='tl.float32', ALLOW_TF32=True, BLOCK_K=64, BLOCK_M=128, BLOCK_N=32, EVEN_K=True, GROUP_M=8, USE_FAST_ACCUM=False, num_stages=4, num_warps=4"}
AUTOTUNE scaled_mm(3072x65536, 65536x1024, , )
strides: [65536, 1], [1, 65536], [], []
dtypes: torch.float8_e4m3fn, torch.float8_e4m3fn, torch.float32, torch.float32
  _scaled_mm 1.6145 ms 100.0% 
  triton_mm_2745 1.6556 ms 97.5% ACC_TYPE='tl.float32', ALLOW_TF32=True, BLOCK_K=64, BLOCK_M=128, BLOCK_N=32, EVEN_K=True, GROUP_M=8, USE_FAST_ACCUM=False, num_stages=4, num_warps=4
  triton_mm_2736 1.9303 ms 83.6% ACC_TYPE='tl.float32', ALLOW_TF32=True, BLOCK_K=32, BLOCK_M=64, BLOCK_N=128, EVEN_K=True, GROUP_M=8, USE_FAST_ACCUM=False, num_stages=4, num_warps=4
  triton_mm_2744 1.9309 ms 83.6% ACC_TYPE='tl.float32', ALLOW_TF32=True, BLOCK_K=64, BLOCK_M=64, BLOCK_N=128, EVEN_K=True, GROUP_M=8, USE_FAST_ACCUM=False, num_stages=4, num_warps=4
  triton_mm_2830 1.9331 ms 83.5% ACC_TYPE='tl.float32', ALLOW_TF32=True, BLOCK_K=128, BLOCK_M=64, BLOCK_N=128, EVEN_K=True, GROUP_M=8, USE_FAST_ACCUM=False, num_stages=3, num_warps=4
  triton_mm_2829 1.9466 ms 82.9% ACC_TYPE='tl.float32', ALLOW_TF32=True, BLOCK_K=128, BLOCK_M=64, BLOCK_N=128, EVEN_K=True, GROUP_M=8, USE_FAST_ACCUM=False, num_stages=2, num_warps=4
  triton_mm_2743 1.9510 ms 82.8% ACC_TYPE='tl.float32', ALLOW_TF32=True, BLOCK_K=64, BLOCK_M=128, BLOCK_N=64, EVEN_K=True, GROUP_M=8, USE_FAST_ACCUM=False, num_stages=4, num_warps=4
  triton_mm_2735 2.0121 ms 80.2% ACC_TYPE='tl.float32', ALLOW_TF32=True, BLOCK_K=32, BLOCK_M=128, BLOCK_N=64, EVEN_K=True, GROUP_M=8, USE_FAST_ACCUM=False, num_stages=4, num_warps=4
  triton_mm_2827 2.1137 ms 76.4% ACC_TYPE='tl.float32', ALLOW_TF32=True, BLOCK_K=256, BLOCK_M=64, BLOCK_N=16, EVEN_K=True, GROUP_M=8, USE_FAST_ACCUM=False, num_stages=5, num_warps=4
  triton_mm_2737 2.1146 ms 76.4% ACC_TYPE='tl.float32', ALLOW_TF32=True, BLOCK_K=32, BLOCK_M=128, BLOCK_N=32, EVEN_K=True, GROUP_M=8, USE_FAST_ACCUM=False, num_stages=4, num_warps=4
SingleProcess AUTOTUNE benchmarking takes 6.0548 seconds and 0.0005 seconds precompiling for 106 choices
/usr/local/lib/python3.12/dist-packages/torch/_inductor/lowering.py:7836: UserWarning: 
Online softmax is disabled on the fly since Inductor decides to
split the reduction. Cut an issue to PyTorch if this is an
important use case and you want to speed it up with online
softmax.

  warnings.warn(
/usr/local/lib/python3.12/dist-packages/torch/_inductor/lowering.py:7836: UserWarning: 
Online softmax is disabled on the fly since Inductor decides to
split the reduction. Cut an issue to PyTorch if this is an
important use case and you want to speed it up with online
softmax.

  warnings.warn(
/usr/local/lib/python3.12/dist-packages/torch/_inductor/lowering.py:7836: UserWarning: 
Online softmax is disabled on the fly since Inductor decides to
split the reduction. Cut an issue to PyTorch if this is an
important use case and you want to speed it up with online
softmax.

  warnings.warn(
/usr/local/lib/python3.12/dist-packages/torch/_inductor/lowering.py:7836: UserWarning: 
Online softmax is disabled on the fly since Inductor decides to
split the reduction. Cut an issue to PyTorch if this is an
important use case and you want to speed it up with online
softmax.

  warnings.warn(
/usr/local/lib/python3.12/dist-packages/torch/_inductor/lowering.py:7836: UserWarning: 
Online softmax is disabled on the fly since Inductor decides to
split the reduction. Cut an issue to PyTorch if this is an
important use case and you want to speed it up with online
softmax.

  warnings.warn(
/usr/local/lib/python3.12/dist-packages/torch/_inductor/lowering.py:7836: UserWarning: 
Online softmax is disabled on the fly since Inductor decides to
split the reduction. Cut an issue to PyTorch if this is an
important use case and you want to speed it up with online
softmax.

  warnings.warn(
/usr/local/lib/python3.12/dist-packages/torch/_inductor/lowering.py:7836: UserWarning: 
Online softmax is disabled on the fly since Inductor decides to
split the reduction. Cut an issue to PyTorch if this is an
important use case and you want to speed it up with online
softmax.

  warnings.warn(
/usr/local/lib/python3.12/dist-packages/torch/_inductor/lowering.py:7836: UserWarning: 
Online softmax is disabled on the fly since Inductor decides to
split the reduction. Cut an issue to PyTorch if this is an
important use case and you want to speed it up with online
softmax.

  warnings.warn(
/usr/local/lib/python3.12/dist-packages/torch/_inductor/lowering.py:7836: UserWarning: 
Online softmax is disabled on the fly since Inductor decides to
split the reduction. Cut an issue to PyTorch if this is an
important use case and you want to speed it up with online
softmax.

  warnings.warn(
/usr/local/lib/python3.12/dist-packages/torch/_inductor/lowering.py:7836: UserWarning: 
Online softmax is disabled on the fly since Inductor decides to
split the reduction. Cut an issue to PyTorch if this is an
important use case and you want to speed it up with online
softmax.

  warnings.warn(
/usr/local/lib/python3.12/dist-packages/torch/_inductor/lowering.py:7836: UserWarning: 
Online softmax is disabled on the fly since Inductor decides to
split the reduction. Cut an issue to PyTorch if this is an
important use case and you want to speed it up with online
softmax.

  warnings.warn(
/usr/local/lib/python3.12/dist-packages/torch/_inductor/lowering.py:7836: UserWarning: 
Online softmax is disabled on the fly since Inductor decides to
split the reduction. Cut an issue to PyTorch if this is an
important use case and you want to speed it up with online
softmax.

  warnings.warn(
/usr/local/lib/python3.12/dist-packages/torch/_inductor/lowering.py:7836: UserWarning: 
Online softmax is disabled on the fly since Inductor decides to
split the reduction. Cut an issue to PyTorch if this is an
important use case and you want to speed it up with online
softmax.

  warnings.warn(
/usr/local/lib/python3.12/dist-packages/torch/_inductor/lowering.py:7836: UserWarning: 
Online softmax is disabled on the fly since Inductor decides to
split the reduction. Cut an issue to PyTorch if this is an
important use case and you want to speed it up with online
softmax.

  warnings.warn(
/usr/local/lib/python3.12/dist-packages/torch/_inductor/lowering.py:7836: UserWarning: 
Online softmax is disabled on the fly since Inductor decides to
split the reduction. Cut an issue to PyTorch if this is an
important use case and you want to speed it up with online
softmax.

  warnings.warn(
/usr/local/lib/python3.12/dist-packages/torch/_inductor/lowering.py:7836: UserWarning: 
Online softmax is disabled on the fly since Inductor decides to
split the reduction. Cut an issue to PyTorch if this is an
important use case and you want to speed it up with online
softmax.

  warnings.warn(
/usr/local/lib/python3.12/dist-packages/torch/_inductor/lowering.py:7836: UserWarning: 
Online softmax is disabled on the fly since Inductor decides to
split the reduction. Cut an issue to PyTorch if this is an
important use case and you want to speed it up with online
softmax.

  warnings.warn(
/usr/local/lib/python3.12/dist-packages/torch/_inductor/lowering.py:7836: UserWarning: 
Online softmax is disabled on the fly since Inductor decides to
split the reduction. Cut an issue to PyTorch if this is an
important use case and you want to speed it up with online
softmax.

  warnings.warn(
/usr/local/lib/python3.12/dist-packages/torch/_inductor/lowering.py:7836: UserWarning: 
Online softmax is disabled on the fly since Inductor decides to
split the reduction. Cut an issue to PyTorch if this is an
important use case and you want to speed it up with online
softmax.

  warnings.warn(
/usr/local/lib/python3.12/dist-packages/torch/_inductor/lowering.py:7836: UserWarning: 
Online softmax is disabled on the fly since Inductor decides to
split the reduction. Cut an issue to PyTorch if this is an
important use case and you want to speed it up with online
softmax.

  warnings.warn(
/usr/local/lib/python3.12/dist-packages/torch/_inductor/lowering.py:7836: UserWarning: 
Online softmax is disabled on the fly since Inductor decides to
split the reduction. Cut an issue to PyTorch if this is an
important use case and you want to speed it up with online
softmax.

  warnings.warn(
/usr/local/lib/python3.12/dist-packages/torch/_inductor/lowering.py:7836: UserWarning: 
Online softmax is disabled on the fly since Inductor decides to
split the reduction. Cut an issue to PyTorch if this is an
important use case and you want to speed it up with online
softmax.

  warnings.warn(
/usr/local/lib/python3.12/dist-packages/torch/_inductor/lowering.py:7836: UserWarning: 
Online softmax is disabled on the fly since Inductor decides to
split the reduction. Cut an issue to PyTorch if this is an
important use case and you want to speed it up with online
softmax.

  warnings.warn(
/usr/local/lib/python3.12/dist-packages/torch/_inductor/lowering.py:7836: UserWarning: 
Online softmax is disabled on the fly since Inductor decides to
split the reduction. Cut an issue to PyTorch if this is an
important use case and you want to speed it up with online
softmax.

  warnings.warn(
/usr/local/lib/python3.12/dist-packages/torch/_inductor/lowering.py:7836: UserWarning: 
Online softmax is disabled on the fly since Inductor decides to
split the reduction. Cut an issue to PyTorch if this is an
important use case and you want to speed it up with online
softmax.

  warnings.warn(
/usr/local/lib/python3.12/dist-packages/torch/_inductor/lowering.py:7836: UserWarning: 
Online softmax is disabled on the fly since Inductor decides to
split the reduction. Cut an issue to PyTorch if this is an
important use case and you want to speed it up with online
softmax.

  warnings.warn(
/usr/local/lib/python3.12/dist-packages/torch/_inductor/lowering.py:7836: UserWarning: 
Online softmax is disabled on the fly since Inductor decides to
split the reduction. Cut an issue to PyTorch if this is an
important use case and you want to speed it up with online
softmax.

  warnings.warn(
/usr/local/lib/python3.12/dist-packages/torch/_inductor/lowering.py:7836: UserWarning: 
Online softmax is disabled on the fly since Inductor decides to
split the reduction. Cut an issue to PyTorch if this is an
important use case and you want to speed it up with online
softmax.

  warnings.warn(
/usr/local/lib/python3.12/dist-packages/torch/cuda/graphs.py:126: UserWarning: The CUDA Graph is empty. This usually means that the graph was attempted to be captured on wrong device or stream. (Triggered internally at /pytorch/aten/src/ATen/cuda/CUDAGraph.cpp:147.)
  super().capture_end()
/usr/local/lib/python3.12/dist-packages/torch/cuda/graphs.py:126: UserWarning: The CUDA Graph is empty. This usually means that the graph was attempted to be captured on wrong device or stream. (Triggered internally at /pytorch/aten/src/ATen/cuda/CUDAGraph.cpp:147.)
  super().capture_end()
/usr/local/lib/python3.12/dist-packages/torch/cuda/graphs.py:126: UserWarning: The CUDA Graph is empty. This usually means that the graph was attempted to be captured on wrong device or stream. (Triggered internally at /pytorch/aten/src/ATen/cuda/CUDAGraph.cpp:147.)
  super().capture_end()
/usr/local/lib/python3.12/dist-packages/torch/cuda/graphs.py:126: UserWarning: The CUDA Graph is empty. This usually means that the graph was attempted to be captured on wrong device or stream. (Triggered internally at /pytorch/aten/src/ATen/cuda/CUDAGraph.cpp:147.)
  super().capture_end()
/usr/local/lib/python3.12/dist-packages/torch/cuda/graphs.py:126: UserWarning: The CUDA Graph is empty. This usually means that the graph was attempted to be captured on wrong device or stream. (Triggered internally at /pytorch/aten/src/ATen/cuda/CUDAGraph.cpp:147.)
  super().capture_end()
/usr/local/lib/python3.12/dist-packages/torch/cuda/graphs.py:126: UserWarning: The CUDA Graph is empty. This usually means that the graph was attempted to be captured on wrong device or stream. (Triggered internally at /pytorch/aten/src/ATen/cuda/CUDAGraph.cpp:147.)
  super().capture_end()
/usr/local/lib/python3.12/dist-packages/torch/cuda/graphs.py:126: UserWarning: The CUDA Graph is empty. This usually means that the graph was attempted to be captured on wrong device or stream. (Triggered internally at /pytorch/aten/src/ATen/cuda/CUDAGraph.cpp:147.)
  super().capture_end()
/usr/local/lib/python3.12/dist-packages/torch/cuda/graphs.py:126: UserWarning: The CUDA Graph is empty. This usually means that the graph was attempted to be captured on wrong device or stream. (Triggered internally at /pytorch/aten/src/ATen/cuda/CUDAGraph.cpp:147.)
  super().capture_end()
/usr/local/lib/python3.12/dist-packages/torch/cuda/graphs.py:126: UserWarning: The CUDA Graph is empty. This usually means that the graph was attempted to be captured on wrong device or stream. (Triggered internally at /pytorch/aten/src/ATen/cuda/CUDAGraph.cpp:147.)
  super().capture_end()
/usr/local/lib/python3.12/dist-packages/torch/cuda/graphs.py:126: UserWarning: The CUDA Graph is empty. This usually means that the graph was attempted to be captured on wrong device or stream. (Triggered internally at /pytorch/aten/src/ATen/cuda/CUDAGraph.cpp:147.)
  super().capture_end()
/usr/local/lib/python3.12/dist-packages/torch/cuda/graphs.py:126: UserWarning: The CUDA Graph is empty. This usually means that the graph was attempted to be captured on wrong device or stream. (Triggered internally at /pytorch/aten/src/ATen/cuda/CUDAGraph.cpp:147.)
  super().capture_end()
/usr/local/lib/python3.12/dist-packages/torch/cuda/graphs.py:126: UserWarning: The CUDA Graph is empty. This usually means that the graph was attempted to be captured on wrong device or stream. (Triggered internally at /pytorch/aten/src/ATen/cuda/CUDAGraph.cpp:147.)
  super().capture_end()
/usr/local/lib/python3.12/dist-packages/torch/cuda/graphs.py:126: UserWarning: The CUDA Graph is empty. This usually means that the graph was attempted to be captured on wrong device or stream. (Triggered internally at /pytorch/aten/src/ATen/cuda/CUDAGraph.cpp:147.)
  super().capture_end()
/usr/local/lib/python3.12/dist-packages/torch/cuda/graphs.py:126: UserWarning: The CUDA Graph is empty. This usually means that the graph was attempted to be captured on wrong device or stream. (Triggered internally at /pytorch/aten/src/ATen/cuda/CUDAGraph.cpp:147.)
  super().capture_end()
/usr/local/lib/python3.12/dist-packages/torch/cuda/graphs.py:126: UserWarning: The CUDA Graph is empty. This usually means that the graph was attempted to be captured on wrong device or stream. (Triggered internally at /pytorch/aten/src/ATen/cuda/CUDAGraph.cpp:147.)
  super().capture_end()
/usr/local/lib/python3.12/dist-packages/torch/cuda/graphs.py:126: UserWarning: The CUDA Graph is empty. This usually means that the graph was attempted to be captured on wrong device or stream. (Triggered internally at /pytorch/aten/src/ATen/cuda/CUDAGraph.cpp:147.)
  super().capture_end()
/usr/local/lib/python3.12/dist-packages/torch/cuda/graphs.py:126: UserWarning: The CUDA Graph is empty. This usually means that the graph was attempted to be captured on wrong device or stream. (Triggered internally at /pytorch/aten/src/ATen/cuda/CUDAGraph.cpp:147.)
  super().capture_end()
/usr/local/lib/python3.12/dist-packages/torch/cuda/graphs.py:126: UserWarning: The CUDA Graph is empty. This usually means that the graph was attempted to be captured on wrong device or stream. (Triggered internally at /pytorch/aten/src/ATen/cuda/CUDAGraph.cpp:147.)
  super().capture_end()
/usr/local/lib/python3.12/dist-packages/torch/cuda/graphs.py:126: UserWarning: The CUDA Graph is empty. This usually means that the graph was attempted to be captured on wrong device or stream. (Triggered internally at /pytorch/aten/src/ATen/cuda/CUDAGraph.cpp:147.)
  super().capture_end()
/usr/local/lib/python3.12/dist-packages/torch/cuda/graphs.py:126: UserWarning: The CUDA Graph is empty. This usually means that the graph was attempted to be captured on wrong device or stream. (Triggered internally at /pytorch/aten/src/ATen/cuda/CUDAGraph.cpp:147.)
  super().capture_end()
/usr/local/lib/python3.12/dist-packages/torch/cuda/graphs.py:126: UserWarning: The CUDA Graph is empty. This usually means that the graph was attempted to be captured on wrong device or stream. (Triggered internally at /pytorch/aten/src/ATen/cuda/CUDAGraph.cpp:147.)
  super().capture_end()
/usr/local/lib/python3.12/dist-packages/torch/cuda/graphs.py:126: UserWarning: The CUDA Graph is empty. This usually means that the graph was attempted to be captured on wrong device or stream. (Triggered internally at /pytorch/aten/src/ATen/cuda/CUDAGraph.cpp:147.)
  super().capture_end()
/usr/local/lib/python3.12/dist-packages/torch/cuda/graphs.py:126: UserWarning: The CUDA Graph is empty. This usually means that the graph was attempted to be captured on wrong device or stream. (Triggered internally at /pytorch/aten/src/ATen/cuda/CUDAGraph.cpp:147.)
  super().capture_end()
/usr/local/lib/python3.12/dist-packages/torch/cuda/graphs.py:126: UserWarning: The CUDA Graph is empty. This usually means that the graph was attempted to be captured on wrong device or stream. (Triggered internally at /pytorch/aten/src/ATen/cuda/CUDAGraph.cpp:147.)
  super().capture_end()
/usr/local/lib/python3.12/dist-packages/torch/cuda/graphs.py:126: UserWarning: The CUDA Graph is empty. This usually means that the graph was attempted to be captured on wrong device or stream. (Triggered internally at /pytorch/aten/src/ATen/cuda/CUDAGraph.cpp:147.)
  super().capture_end()
/usr/local/lib/python3.12/dist-packages/torch/cuda/graphs.py:126: UserWarning: The CUDA Graph is empty. This usually means that the graph was attempted to be captured on wrong device or stream. (Triggered internally at /pytorch/aten/src/ATen/cuda/CUDAGraph.cpp:147.)
  super().capture_end()
/usr/local/lib/python3.12/dist-packages/torch/cuda/graphs.py:126: UserWarning: The CUDA Graph is empty. This usually means that the graph was attempted to be captured on wrong device or stream. (Triggered internally at /pytorch/aten/src/ATen/cuda/CUDAGraph.cpp:147.)
  super().capture_end()
/usr/local/lib/python3.12/dist-packages/torch/cuda/graphs.py:126: UserWarning: The CUDA Graph is empty. This usually means that the graph was attempted to be captured on wrong device or stream. (Triggered internally at /pytorch/aten/src/ATen/cuda/CUDAGraph.cpp:147.)
  super().capture_end()
/usr/local/lib/python3.12/dist-packages/torch/cuda/graphs.py:126: UserWarning: The CUDA Graph is empty. This usually means that the graph was attempted to be captured on wrong device or stream. (Triggered internally at /pytorch/aten/src/ATen/cuda/CUDAGraph.cpp:147.)
  super().capture_end()
/usr/local/lib/python3.12/dist-packages/torch/cuda/graphs.py:126: UserWarning: The CUDA Graph is empty. This usually means that the graph was attempted to be captured on wrong device or stream. (Triggered internally at /pytorch/aten/src/ATen/cuda/CUDAGraph.cpp:147.)
  super().capture_end()
/usr/local/lib/python3.12/dist-packages/torch/cuda/graphs.py:126: UserWarning: The CUDA Graph is empty. This usually means that the graph was attempted to be captured on wrong device or stream. (Triggered internally at /pytorch/aten/src/ATen/cuda/CUDAGraph.cpp:147.)
  super().capture_end()
/usr/local/lib/python3.12/dist-packages/torch/cuda/graphs.py:126: UserWarning: The CUDA Graph is empty. This usually means that the graph was attempted to be captured on wrong device or stream. (Triggered internally at /pytorch/aten/src/ATen/cuda/CUDAGraph.cpp:147.)
  super().capture_end()
/usr/local/lib/python3.12/dist-packages/torch/cuda/graphs.py:126: UserWarning: The CUDA Graph is empty. This usually means that the graph was attempted to be captured on wrong device or stream. (Triggered internally at /pytorch/aten/src/ATen/cuda/CUDAGraph.cpp:147.)
  super().capture_end()
/usr/local/lib/python3.12/dist-packages/torch/cuda/graphs.py:126: UserWarning: The CUDA Graph is empty. This usually means that the graph was attempted to be captured on wrong device or stream. (Triggered internally at /pytorch/aten/src/ATen/cuda/CUDAGraph.cpp:147.)
  super().capture_end()
/usr/local/lib/python3.12/dist-packages/torch/cuda/graphs.py:126: UserWarning: The CUDA Graph is empty. This usually means that the graph was attempted to be captured on wrong device or stream. (Triggered internally at /pytorch/aten/src/ATen/cuda/CUDAGraph.cpp:147.)
  super().capture_end()
/usr/local/lib/python3.12/dist-packages/torch/cuda/graphs.py:126: UserWarning: The CUDA Graph is empty. This usually means that the graph was attempted to be captured on wrong device or stream. (Triggered internally at /pytorch/aten/src/ATen/cuda/CUDAGraph.cpp:147.)
  super().capture_end()
/usr/local/lib/python3.12/dist-packages/torch/cuda/graphs.py:126: UserWarning: The CUDA Graph is empty. This usually means that the graph was attempted to be captured on wrong device or stream. (Triggered internally at /pytorch/aten/src/ATen/cuda/CUDAGraph.cpp:147.)
  super().capture_end()
/usr/local/lib/python3.12/dist-packages/torch/cuda/graphs.py:126: UserWarning: The CUDA Graph is empty. This usually means that the graph was attempted to be captured on wrong device or stream. (Triggered internally at /pytorch/aten/src/ATen/cuda/CUDAGraph.cpp:147.)
  super().capture_end()
/usr/local/lib/python3.12/dist-packages/torch/cuda/graphs.py:126: UserWarning: The CUDA Graph is empty. This usually means that the graph was attempted to be captured on wrong device or stream. (Triggered internally at /pytorch/aten/src/ATen/cuda/CUDAGraph.cpp:147.)
  super().capture_end()
/usr/local/lib/python3.12/dist-packages/torch/cuda/graphs.py:126: UserWarning: The CUDA Graph is empty. This usually means that the graph was attempted to be captured on wrong device or stream. (Triggered internally at /pytorch/aten/src/ATen/cuda/CUDAGraph.cpp:147.)
  super().capture_end()
/usr/local/lib/python3.12/dist-packages/torch/cuda/graphs.py:126: UserWarning: The CUDA Graph is empty. This usually means that the graph was attempted to be captured on wrong device or stream. (Triggered internally at /pytorch/aten/src/ATen/cuda/CUDAGraph.cpp:147.)
  super().capture_end()
/usr/local/lib/python3.12/dist-packages/torch/cuda/graphs.py:126: UserWarning: The CUDA Graph is empty. This usually means that the graph was attempted to be captured on wrong device or stream. (Triggered internally at /pytorch/aten/src/ATen/cuda/CUDAGraph.cpp:147.)
  super().capture_end()
/usr/local/lib/python3.12/dist-packages/torch/cuda/graphs.py:126: UserWarning: The CUDA Graph is empty. This usually means that the graph was attempted to be captured on wrong device or stream. (Triggered internally at /pytorch/aten/src/ATen/cuda/CUDAGraph.cpp:147.)
  super().capture_end()
/usr/local/lib/python3.12/dist-packages/torch/cuda/graphs.py:126: UserWarning: The CUDA Graph is empty. This usually means that the graph was attempted to be captured on wrong device or stream. (Triggered internally at /pytorch/aten/src/ATen/cuda/CUDAGraph.cpp:147.)
  super().capture_end()
/usr/local/lib/python3.12/dist-packages/torch/cuda/graphs.py:126: UserWarning: The CUDA Graph is empty. This usually means that the graph was attempted to be captured on wrong device or stream. (Triggered internally at /pytorch/aten/src/ATen/cuda/CUDAGraph.cpp:147.)
  super().capture_end()
/usr/local/lib/python3.12/dist-packages/torch/cuda/graphs.py:126: UserWarning: The CUDA Graph is empty. This usually means that the graph was attempted to be captured on wrong device or stream. (Triggered internally at /pytorch/aten/src/ATen/cuda/CUDAGraph.cpp:147.)
  super().capture_end()
/usr/local/lib/python3.12/dist-packages/torch/cuda/graphs.py:126: UserWarning: The CUDA Graph is empty. This usually means that the graph was attempted to be captured on wrong device or stream. (Triggered internally at /pytorch/aten/src/ATen/cuda/CUDAGraph.cpp:147.)
  super().capture_end()
/usr/local/lib/python3.12/dist-packages/torch/cuda/graphs.py:126: UserWarning: The CUDA Graph is empty. This usually means that the graph was attempted to be captured on wrong device or stream. (Triggered internally at /pytorch/aten/src/ATen/cuda/CUDAGraph.cpp:147.)
  super().capture_end()
/usr/local/lib/python3.12/dist-packages/torch/cuda/graphs.py:126: UserWarning: The CUDA Graph is empty. This usually means that the graph was attempted to be captured on wrong device or stream. (Triggered internally at /pytorch/aten/src/ATen/cuda/CUDAGraph.cpp:147.)
  super().capture_end()
/usr/local/lib/python3.12/dist-packages/torch/cuda/graphs.py:126: UserWarning: The CUDA Graph is empty. This usually means that the graph was attempted to be captured on wrong device or stream. (Triggered internally at /pytorch/aten/src/ATen/cuda/CUDAGraph.cpp:147.)
  super().capture_end()
/usr/local/lib/python3.12/dist-packages/torch/cuda/graphs.py:126: UserWarning: The CUDA Graph is empty. This usually means that the graph was attempted to be captured on wrong device or stream. (Triggered internally at /pytorch/aten/src/ATen/cuda/CUDAGraph.cpp:147.)
  super().capture_end()
/usr/local/lib/python3.12/dist-packages/torch/cuda/graphs.py:126: UserWarning: The CUDA Graph is empty. This usually means that the graph was attempted to be captured on wrong device or stream. (Triggered internally at /pytorch/aten/src/ATen/cuda/CUDAGraph.cpp:147.)
  super().capture_end()
/usr/local/lib/python3.12/dist-packages/torch/cuda/graphs.py:126: UserWarning: The CUDA Graph is empty. This usually means that the graph was attempted to be captured on wrong device or stream. (Triggered internally at /pytorch/aten/src/ATen/cuda/CUDAGraph.cpp:147.)
  super().capture_end()
/usr/local/lib/python3.12/dist-packages/torch/cuda/graphs.py:126: UserWarning: The CUDA Graph is empty. This usually means that the graph was attempted to be captured on wrong device or stream. (Triggered internally at /pytorch/aten/src/ATen/cuda/CUDAGraph.cpp:147.)
  super().capture_end()
/usr/local/lib/python3.12/dist-packages/torch/cuda/graphs.py:126: UserWarning: The CUDA Graph is empty. This usually means that the graph was attempted to be captured on wrong device or stream. (Triggered internally at /pytorch/aten/src/ATen/cuda/CUDAGraph.cpp:147.)
  super().capture_end()
/usr/local/lib/python3.12/dist-packages/torch/cuda/graphs.py:126: UserWarning: The CUDA Graph is empty. This usually means that the graph was attempted to be captured on wrong device or stream. (Triggered internally at /pytorch/aten/src/ATen/cuda/CUDAGraph.cpp:147.)
  super().capture_end()
/usr/local/lib/python3.12/dist-packages/torch/cuda/graphs.py:126: UserWarning: The CUDA Graph is empty. This usually means that the graph was attempted to be captured on wrong device or stream. (Triggered internally at /pytorch/aten/src/ATen/cuda/CUDAGraph.cpp:147.)
  super().capture_end()
/usr/local/lib/python3.12/dist-packages/torch/cuda/graphs.py:126: UserWarning: The CUDA Graph is empty. This usually means that the graph was attempted to be captured on wrong device or stream. (Triggered internally at /pytorch/aten/src/ATen/cuda/CUDAGraph.cpp:147.)
  super().capture_end()
/usr/local/lib/python3.12/dist-packages/torch/cuda/graphs.py:126: UserWarning: The CUDA Graph is empty. This usually means that the graph was attempted to be captured on wrong device or stream. (Triggered internally at /pytorch/aten/src/ATen/cuda/CUDAGraph.cpp:147.)
  super().capture_end()
/usr/local/lib/python3.12/dist-packages/torch/cuda/graphs.py:126: UserWarning: The CUDA Graph is empty. This usually means that the graph was attempted to be captured on wrong device or stream. (Triggered internally at /pytorch/aten/src/ATen/cuda/CUDAGraph.cpp:147.)
  super().capture_end()
/usr/local/lib/python3.12/dist-packages/torch/cuda/graphs.py:126: UserWarning: The CUDA Graph is empty. This usually means that the graph was attempted to be captured on wrong device or stream. (Triggered internally at /pytorch/aten/src/ATen/cuda/CUDAGraph.cpp:147.)
  super().capture_end()
/usr/local/lib/python3.12/dist-packages/torch/cuda/graphs.py:126: UserWarning: The CUDA Graph is empty. This usually means that the graph was attempted to be captured on wrong device or stream. (Triggered internally at /pytorch/aten/src/ATen/cuda/CUDAGraph.cpp:147.)
  super().capture_end()
/usr/local/lib/python3.12/dist-packages/torch/cuda/graphs.py:126: UserWarning: The CUDA Graph is empty. This usually means that the graph was attempted to be captured on wrong device or stream. (Triggered internally at /pytorch/aten/src/ATen/cuda/CUDAGraph.cpp:147.)
  super().capture_end()
/usr/local/lib/python3.12/dist-packages/torch/cuda/graphs.py:126: UserWarning: The CUDA Graph is empty. This usually means that the graph was attempted to be captured on wrong device or stream. (Triggered internally at /pytorch/aten/src/ATen/cuda/CUDAGraph.cpp:147.)
  super().capture_end()
/usr/local/lib/python3.12/dist-packages/torch/cuda/graphs.py:126: UserWarning: The CUDA Graph is empty. This usually means that the graph was attempted to be captured on wrong device or stream. (Triggered internally at /pytorch/aten/src/ATen/cuda/CUDAGraph.cpp:147.)
  super().capture_end()
/usr/local/lib/python3.12/dist-packages/torch/cuda/graphs.py:126: UserWarning: The CUDA Graph is empty. This usually means that the graph was attempted to be captured on wrong device or stream. (Triggered internally at /pytorch/aten/src/ATen/cuda/CUDAGraph.cpp:147.)
  super().capture_end()
/usr/local/lib/python3.12/dist-packages/torch/cuda/graphs.py:126: UserWarning: The CUDA Graph is empty. This usually means that the graph was attempted to be captured on wrong device or stream. (Triggered internally at /pytorch/aten/src/ATen/cuda/CUDAGraph.cpp:147.)
  super().capture_end()
/usr/local/lib/python3.12/dist-packages/torch/cuda/graphs.py:126: UserWarning: The CUDA Graph is empty. This usually means that the graph was attempted to be captured on wrong device or stream. (Triggered internally at /pytorch/aten/src/ATen/cuda/CUDAGraph.cpp:147.)
  super().capture_end()
/usr/local/lib/python3.12/dist-packages/torch/cuda/graphs.py:126: UserWarning: The CUDA Graph is empty. This usually means that the graph was attempted to be captured on wrong device or stream. (Triggered internally at /pytorch/aten/src/ATen/cuda/CUDAGraph.cpp:147.)
  super().capture_end()
step 10/50 20% [main] | loss 7.836 | lr 5.00e-03 | gnorm 2.61 | 0.01B tok | 1K tok/s/gpu | MFU 0% | ETA 2.5h
/usr/local/lib/python3.12/dist-packages/torch/cuda/graphs.py:126: UserWarning: The CUDA Graph is empty. This usually means that the graph was attempted to be captured on wrong device or stream. (Triggered internally at /pytorch/aten/src/ATen/cuda/CUDAGraph.cpp:147.)
  super().capture_end()
/usr/local/lib/python3.12/dist-packages/torch/cuda/graphs.py:126: UserWarning: The CUDA Graph is empty. This usually means that the graph was attempted to be captured on wrong device or stream. (Triggered internally at /pytorch/aten/src/ATen/cuda/CUDAGraph.cpp:147.)
  super().capture_end()
/usr/local/lib/python3.12/dist-packages/torch/cuda/graphs.py:126: UserWarning: The CUDA Graph is empty. This usually means that the graph was attempted to be captured on wrong device or stream. (Triggered internally at /pytorch/aten/src/ATen/cuda/CUDAGraph.cpp:147.)
  super().capture_end()
/usr/local/lib/python3.12/dist-packages/torch/cuda/graphs.py:126: UserWarning: The CUDA Graph is empty. This usually means that the graph was attempted to be captured on wrong device or stream. (Triggered internally at /pytorch/aten/src/ATen/cuda/CUDAGraph.cpp:147.)
  super().capture_end()
/usr/local/lib/python3.12/dist-packages/torch/cuda/graphs.py:126: UserWarning: The CUDA Graph is empty. This usually means that the graph was attempted to be captured on wrong device or stream. (Triggered internally at /pytorch/aten/src/ATen/cuda/CUDAGraph.cpp:147.)
  super().capture_end()
/usr/local/lib/python3.12/dist-packages/torch/cuda/graphs.py:126: UserWarning: The CUDA Graph is empty. This usually means that the graph was attempted to be captured on wrong device or stream. (Triggered internally at /pytorch/aten/src/ATen/cuda/CUDAGraph.cpp:147.)
  super().capture_end()
/usr/local/lib/python3.12/dist-packages/torch/cuda/graphs.py:126: UserWarning: The CUDA Graph is empty. This usually means that the graph was attempted to be captured on wrong device or stream. (Triggered internally at /pytorch/aten/src/ATen/cuda/CUDAGraph.cpp:147.)
  super().capture_end()
/usr/local/lib/python3.12/dist-packages/torch/cuda/graphs.py:126: UserWarning: The CUDA Graph is empty. This usually means that the graph was attempted to be captured on wrong device or stream. (Triggered internally at /pytorch/aten/src/ATen/cuda/CUDAGraph.cpp:147.)
  super().capture_end()
/usr/local/lib/python3.12/dist-packages/torch/cuda/graphs.py:126: UserWarning: The CUDA Graph is empty. This usually means that the graph was attempted to be captured on wrong device or stream. (Triggered internally at /pytorch/aten/src/ATen/cuda/CUDAGraph.cpp:147.)
  super().capture_end()
/usr/local/lib/python3.12/dist-packages/torch/cuda/graphs.py:126: UserWarning: The CUDA Graph is empty. This usually means that the graph was attempted to be captured on wrong device or stream. (Triggered internally at /pytorch/aten/src/ATen/cuda/CUDAGraph.cpp:147.)
  super().capture_end()
/usr/local/lib/python3.12/dist-packages/torch/cuda/graphs.py:126: UserWarning: The CUDA Graph is empty. This usually means that the graph was attempted to be captured on wrong device or stream. (Triggered internally at /pytorch/aten/src/ATen/cuda/CUDAGraph.cpp:147.)
  super().capture_end()
/usr/local/lib/python3.12/dist-packages/torch/cuda/graphs.py:126: UserWarning: The CUDA Graph is empty. This usually means that the graph was attempted to be captured on wrong device or stream. (Triggered internally at /pytorch/aten/src/ATen/cuda/CUDAGraph.cpp:147.)
  super().capture_end()
/usr/local/lib/python3.12/dist-packages/torch/cuda/graphs.py:126: UserWarning: The CUDA Graph is empty. This usually means that the graph was attempted to be captured on wrong device or stream. (Triggered internally at /pytorch/aten/src/ATen/cuda/CUDAGraph.cpp:147.)
  super().capture_end()
/usr/local/lib/python3.12/dist-packages/torch/cuda/graphs.py:126: UserWarning: The CUDA Graph is empty. This usually means that the graph was attempted to be captured on wrong device or stream. (Triggered internally at /pytorch/aten/src/ATen/cuda/CUDAGraph.cpp:147.)
  super().capture_end()
/usr/local/lib/python3.12/dist-packages/torch/cuda/graphs.py:126: UserWarning: The CUDA Graph is empty. This usually means that the graph was attempted to be captured on wrong device or stream. (Triggered internally at /pytorch/aten/src/ATen/cuda/CUDAGraph.cpp:147.)
  super().capture_end()
/usr/local/lib/python3.12/dist-packages/torch/cuda/graphs.py:126: UserWarning: The CUDA Graph is empty. This usually means that the graph was attempted to be captured on wrong device or stream. (Triggered internally at /pytorch/aten/src/ATen/cuda/CUDAGraph.cpp:147.)
  super().capture_end()
/usr/local/lib/python3.12/dist-packages/torch/cuda/graphs.py:126: UserWarning: The CUDA Graph is empty. This usually means that the graph was attempted to be captured on wrong device or stream. (Triggered internally at /pytorch/aten/src/ATen/cuda/CUDAGraph.cpp:147.)
  super().capture_end()
/usr/local/lib/python3.12/dist-packages/torch/cuda/graphs.py:126: UserWarning: The CUDA Graph is empty. This usually means that the graph was attempted to be captured on wrong device or stream. (Triggered internally at /pytorch/aten/src/ATen/cuda/CUDAGraph.cpp:147.)
  super().capture_end()
/usr/local/lib/python3.12/dist-packages/torch/cuda/graphs.py:126: UserWarning: The CUDA Graph is empty. This usually means that the graph was attempted to be captured on wrong device or stream. (Triggered internally at /pytorch/aten/src/ATen/cuda/CUDAGraph.cpp:147.)
  super().capture_end()
/usr/local/lib/python3.12/dist-packages/torch/cuda/graphs.py:126: UserWarning: The CUDA Graph is empty. This usually means that the graph was attempted to be captured on wrong device or stream. (Triggered internally at /pytorch/aten/src/ATen/cuda/CUDAGraph.cpp:147.)
  super().capture_end()
/usr/local/lib/python3.12/dist-packages/torch/cuda/graphs.py:126: UserWarning: The CUDA Graph is empty. This usually means that the graph was attempted to be captured on wrong device or stream. (Triggered internally at /pytorch/aten/src/ATen/cuda/CUDAGraph.cpp:147.)
  super().capture_end()
/usr/local/lib/python3.12/dist-packages/torch/cuda/graphs.py:126: UserWarning: The CUDA Graph is empty. This usually means that the graph was attempted to be captured on wrong device or stream. (Triggered internally at /pytorch/aten/src/ATen/cuda/CUDAGraph.cpp:147.)
  super().capture_end()
/usr/local/lib/python3.12/dist-packages/torch/cuda/graphs.py:126: UserWarning: The CUDA Graph is empty. This usually means that the graph was attempted to be captured on wrong device or stream. (Triggered internally at /pytorch/aten/src/ATen/cuda/CUDAGraph.cpp:147.)
  super().capture_end()
/usr/local/lib/python3.12/dist-packages/torch/cuda/graphs.py:126: UserWarning: The CUDA Graph is empty. This usually means that the graph was attempted to be captured on wrong device or stream. (Triggered internally at /pytorch/aten/src/ATen/cuda/CUDAGraph.cpp:147.)
  super().capture_end()
/usr/local/lib/python3.12/dist-packages/torch/cuda/graphs.py:126: UserWarning: The CUDA Graph is empty. This usually means that the graph was attempted to be captured on wrong device or stream. (Triggered internally at /pytorch/aten/src/ATen/cuda/CUDAGraph.cpp:147.)
  super().capture_end()
/usr/local/lib/python3.12/dist-packages/torch/cuda/graphs.py:126: UserWarning: The CUDA Graph is empty. This usually means that the graph was attempted to be captured on wrong device or stream. (Triggered internally at /pytorch/aten/src/ATen/cuda/CUDAGraph.cpp:147.)
  super().capture_end()
/usr/local/lib/python3.12/dist-packages/torch/cuda/graphs.py:126: UserWarning: The CUDA Graph is empty. This usually means that the graph was attempted to be captured on wrong device or stream. (Triggered internally at /pytorch/aten/src/ATen/cuda/CUDAGraph.cpp:147.)
  super().capture_end()
/usr/local/lib/python3.12/dist-packages/torch/cuda/graphs.py:126: UserWarning: The CUDA Graph is empty. This usually means that the graph was attempted to be captured on wrong device or stream. (Triggered internally at /pytorch/aten/src/ATen/cuda/CUDAGraph.cpp:147.)
  super().capture_end()
/usr/local/lib/python3.12/dist-packages/torch/cuda/graphs.py:126: UserWarning: The CUDA Graph is empty. This usually means that the graph was attempted to be captured on wrong device or stream. (Triggered internally at /pytorch/aten/src/ATen/cuda/CUDAGraph.cpp:147.)
  super().capture_end()
/usr/local/lib/python3.12/dist-packages/torch/cuda/graphs.py:126: UserWarning: The CUDA Graph is empty. This usually means that the graph was attempted to be captured on wrong device or stream. (Triggered internally at /pytorch/aten/src/ATen/cuda/CUDAGraph.cpp:147.)
  super().capture_end()
/usr/local/lib/python3.12/dist-packages/torch/cuda/graphs.py:126: UserWarning: The CUDA Graph is empty. This usually means that the graph was attempted to be captured on wrong device or stream. (Triggered internally at /pytorch/aten/src/ATen/cuda/CUDAGraph.cpp:147.)
  super().capture_end()
/usr/local/lib/python3.12/dist-packages/torch/cuda/graphs.py:126: UserWarning: The CUDA Graph is empty. This usually means that the graph was attempted to be captured on wrong device or stream. (Triggered internally at /pytorch/aten/src/ATen/cuda/CUDAGraph.cpp:147.)
  super().capture_end()
/usr/local/lib/python3.12/dist-packages/torch/cuda/graphs.py:126: UserWarning: The CUDA Graph is empty. This usually means that the graph was attempted to be captured on wrong device or stream. (Triggered internally at /pytorch/aten/src/ATen/cuda/CUDAGraph.cpp:147.)
  super().capture_end()
/usr/local/lib/python3.12/dist-packages/torch/cuda/graphs.py:126: UserWarning: The CUDA Graph is empty. This usually means that the graph was attempted to be captured on wrong device or stream. (Triggered internally at /pytorch/aten/src/ATen/cuda/CUDAGraph.cpp:147.)
  super().capture_end()
/usr/local/lib/python3.12/dist-packages/torch/cuda/graphs.py:126: UserWarning: The CUDA Graph is empty. This usually means that the graph was attempted to be captured on wrong device or stream. (Triggered internally at /pytorch/aten/src/ATen/cuda/CUDAGraph.cpp:147.)
  super().capture_end()
/usr/local/lib/python3.12/dist-packages/torch/cuda/graphs.py:126: UserWarning: The CUDA Graph is empty. This usually means that the graph was attempted to be captured on wrong device or stream. (Triggered internally at /pytorch/aten/src/ATen/cuda/CUDAGraph.cpp:147.)
  super().capture_end()
/usr/local/lib/python3.12/dist-packages/torch/cuda/graphs.py:126: UserWarning: The CUDA Graph is empty. This usually means that the graph was attempted to be captured on wrong device or stream. (Triggered internally at /pytorch/aten/src/ATen/cuda/CUDAGraph.cpp:147.)
  super().capture_end()
/usr/local/lib/python3.12/dist-packages/torch/cuda/graphs.py:126: UserWarning: The CUDA Graph is empty. This usually means that the graph was attempted to be captured on wrong device or stream. (Triggered internally at /pytorch/aten/src/ATen/cuda/CUDAGraph.cpp:147.)
  super().capture_end()
/usr/local/lib/python3.12/dist-packages/torch/cuda/graphs.py:126: UserWarning: The CUDA Graph is empty. This usually means that the graph was attempted to be captured on wrong device or stream. (Triggered internally at /pytorch/aten/src/ATen/cuda/CUDAGraph.cpp:147.)
  super().capture_end()
/usr/local/lib/python3.12/dist-packages/torch/cuda/graphs.py:126: UserWarning: The CUDA Graph is empty. This usually means that the graph was attempted to be captured on wrong device or stream. (Triggered internally at /pytorch/aten/src/ATen/cuda/CUDAGraph.cpp:147.)
  super().capture_end()
/usr/local/lib/python3.12/dist-packages/torch/cuda/graphs.py:126: UserWarning: The CUDA Graph is empty. This usually means that the graph was attempted to be captured on wrong device or stream. (Triggered internally at /pytorch/aten/src/ATen/cuda/CUDAGraph.cpp:147.)
  super().capture_end()
/usr/local/lib/python3.12/dist-packages/torch/cuda/graphs.py:126: UserWarning: The CUDA Graph is empty. This usually means that the graph was attempted to be captured on wrong device or stream. (Triggered internally at /pytorch/aten/src/ATen/cuda/CUDAGraph.cpp:147.)
  super().capture_end()
/usr/local/lib/python3.12/dist-packages/torch/cuda/graphs.py:126: UserWarning: The CUDA Graph is empty. This usually means that the graph was attempted to be captured on wrong device or stream. (Triggered internally at /pytorch/aten/src/ATen/cuda/CUDAGraph.cpp:147.)
  super().capture_end()
/usr/local/lib/python3.12/dist-packages/torch/cuda/graphs.py:126: UserWarning: The CUDA Graph is empty. This usually means that the graph was attempted to be captured on wrong device or stream. (Triggered internally at /pytorch/aten/src/ATen/cuda/CUDAGraph.cpp:147.)
  super().capture_end()
/usr/local/lib/python3.12/dist-packages/torch/cuda/graphs.py:126: UserWarning: The CUDA Graph is empty. This usually means that the graph was attempted to be captured on wrong device or stream. (Triggered internally at /pytorch/aten/src/ATen/cuda/CUDAGraph.cpp:147.)
  super().capture_end()
/usr/local/lib/python3.12/dist-packages/torch/cuda/graphs.py:126: UserWarning: The CUDA Graph is empty. This usually means that the graph was attempted to be captured on wrong device or stream. (Triggered internally at /pytorch/aten/src/ATen/cuda/CUDAGraph.cpp:147.)
  super().capture_end()
/usr/local/lib/python3.12/dist-packages/torch/cuda/graphs.py:126: UserWarning: The CUDA Graph is empty. This usually means that the graph was attempted to be captured on wrong device or stream. (Triggered internally at /pytorch/aten/src/ATen/cuda/CUDAGraph.cpp:147.)
  super().capture_end()
/usr/local/lib/python3.12/dist-packages/torch/cuda/graphs.py:126: UserWarning: The CUDA Graph is empty. This usually means that the graph was attempted to be captured on wrong device or stream. (Triggered internally at /pytorch/aten/src/ATen/cuda/CUDAGraph.cpp:147.)
  super().capture_end()
/usr/local/lib/python3.12/dist-packages/torch/cuda/graphs.py:126: UserWarning: The CUDA Graph is empty. This usually means that the graph was attempted to be captured on wrong device or stream. (Triggered internally at /pytorch/aten/src/ATen/cuda/CUDAGraph.cpp:147.)
  super().capture_end()
/usr/local/lib/python3.12/dist-packages/torch/cuda/graphs.py:126: UserWarning: The CUDA Graph is empty. This usually means that the graph was attempted to be captured on wrong device or stream. (Triggered internally at /pytorch/aten/src/ATen/cuda/CUDAGraph.cpp:147.)
  super().capture_end()
/usr/local/lib/python3.12/dist-packages/torch/cuda/graphs.py:126: UserWarning: The CUDA Graph is empty. This usually means that the graph was attempted to be captured on wrong device or stream. (Triggered internally at /pytorch/aten/src/ATen/cuda/CUDAGraph.cpp:147.)
  super().capture_end()
/usr/local/lib/python3.12/dist-packages/torch/cuda/graphs.py:126: UserWarning: The CUDA Graph is empty. This usually means that the graph was attempted to be captured on wrong device or stream. (Triggered internally at /pytorch/aten/src/ATen/cuda/CUDAGraph.cpp:147.)
  super().capture_end()
/usr/local/lib/python3.12/dist-packages/torch/cuda/graphs.py:126: UserWarning: The CUDA Graph is empty. This usually means that the graph was attempted to be captured on wrong device or stream. (Triggered internally at /pytorch/aten/src/ATen/cuda/CUDAGraph.cpp:147.)
  super().capture_end()
/usr/local/lib/python3.12/dist-packages/torch/cuda/graphs.py:126: UserWarning: The CUDA Graph is empty. This usually means that the graph was attempted to be captured on wrong device or stream. (Triggered internally at /pytorch/aten/src/ATen/cuda/CUDAGraph.cpp:147.)
  super().capture_end()
/usr/local/lib/python3.12/dist-packages/torch/cuda/graphs.py:126: UserWarning: The CUDA Graph is empty. This usually means that the graph was attempted to be captured on wrong device or stream. (Triggered internally at /pytorch/aten/src/ATen/cuda/CUDAGraph.cpp:147.)
  super().capture_end()
/usr/local/lib/python3.12/dist-packages/torch/cuda/graphs.py:126: UserWarning: The CUDA Graph is empty. This usually means that the graph was attempted to be captured on wrong device or stream. (Triggered internally at /pytorch/aten/src/ATen/cuda/CUDAGraph.cpp:147.)
  super().capture_end()
/usr/local/lib/python3.12/dist-packages/torch/cuda/graphs.py:126: UserWarning: The CUDA Graph is empty. This usually means that the graph was attempted to be captured on wrong device or stream. (Triggered internally at /pytorch/aten/src/ATen/cuda/CUDAGraph.cpp:147.)
  super().capture_end()
/usr/local/lib/python3.12/dist-packages/torch/cuda/graphs.py:126: UserWarning: The CUDA Graph is empty. This usually means that the graph was attempted to be captured on wrong device or stream. (Triggered internally at /pytorch/aten/src/ATen/cuda/CUDAGraph.cpp:147.)
  super().capture_end()
/usr/local/lib/python3.12/dist-packages/torch/cuda/graphs.py:126: UserWarning: The CUDA Graph is empty. This usually means that the graph was attempted to be captured on wrong device or stream. (Triggered internally at /pytorch/aten/src/ATen/cuda/CUDAGraph.cpp:147.)
  super().capture_end()
/usr/local/lib/python3.12/dist-packages/torch/cuda/graphs.py:126: UserWarning: The CUDA Graph is empty. This usually means that the graph was attempted to be captured on wrong device or stream. (Triggered internally at /pytorch/aten/src/ATen/cuda/CUDAGraph.cpp:147.)
  super().capture_end()
/usr/local/lib/python3.12/dist-packages/torch/cuda/graphs.py:126: UserWarning: The CUDA Graph is empty. This usually means that the graph was attempted to be captured on wrong device or stream. (Triggered internally at /pytorch/aten/src/ATen/cuda/CUDAGraph.cpp:147.)
  super().capture_end()
/usr/local/lib/python3.12/dist-packages/torch/cuda/graphs.py:126: UserWarning: The CUDA Graph is empty. This usually means that the graph was attempted to be captured on wrong device or stream. (Triggered internally at /pytorch/aten/src/ATen/cuda/CUDAGraph.cpp:147.)
  super().capture_end()
/usr/local/lib/python3.12/dist-packages/torch/cuda/graphs.py:126: UserWarning: The CUDA Graph is empty. This usually means that the graph was attempted to be captured on wrong device or stream. (Triggered internally at /pytorch/aten/src/ATen/cuda/CUDAGraph.cpp:147.)
  super().capture_end()
/usr/local/lib/python3.12/dist-packages/torch/cuda/graphs.py:126: UserWarning: The CUDA Graph is empty. This usually means that the graph was attempted to be captured on wrong device or stream. (Triggered internally at /pytorch/aten/src/ATen/cuda/CUDAGraph.cpp:147.)
  super().capture_end()
/usr/local/lib/python3.12/dist-packages/torch/cuda/graphs.py:126: UserWarning: The CUDA Graph is empty. This usually means that the graph was attempted to be captured on wrong device or stream. (Triggered internally at /pytorch/aten/src/ATen/cuda/CUDAGraph.cpp:147.)
  super().capture_end()
/usr/local/lib/python3.12/dist-packages/torch/cuda/graphs.py:126: UserWarning: The CUDA Graph is empty. This usually means that the graph was attempted to be captured on wrong device or stream. (Triggered internally at /pytorch/aten/src/ATen/cuda/CUDAGraph.cpp:147.)
  super().capture_end()
/usr/local/lib/python3.12/dist-packages/torch/cuda/graphs.py:126: UserWarning: The CUDA Graph is empty. This usually means that the graph was attempted to be captured on wrong device or stream. (Triggered internally at /pytorch/aten/src/ATen/cuda/CUDAGraph.cpp:147.)
  super().capture_end()
/usr/local/lib/python3.12/dist-packages/torch/cuda/graphs.py:126: UserWarning: The CUDA Graph is empty. This usually means that the graph was attempted to be captured on wrong device or stream. (Triggered internally at /pytorch/aten/src/ATen/cuda/CUDAGraph.cpp:147.)
  super().capture_end()
/usr/local/lib/python3.12/dist-packages/torch/cuda/graphs.py:126: UserWarning: The CUDA Graph is empty. This usually means that the graph was attempted to be captured on wrong device or stream. (Triggered internally at /pytorch/aten/src/ATen/cuda/CUDAGraph.cpp:147.)
  super().capture_end()
/usr/local/lib/python3.12/dist-packages/torch/cuda/graphs.py:126: UserWarning: The CUDA Graph is empty. This usually means that the graph was attempted to be captured on wrong device or stream. (Triggered internally at /pytorch/aten/src/ATen/cuda/CUDAGraph.cpp:147.)
  super().capture_end()
/usr/local/lib/python3.12/dist-packages/torch/cuda/graphs.py:126: UserWarning: The CUDA Graph is empty. This usually means that the graph was attempted to be captured on wrong device or stream. (Triggered internally at /pytorch/aten/src/ATen/cuda/CUDAGraph.cpp:147.)
  super().capture_end()
/usr/local/lib/python3.12/dist-packages/torch/cuda/graphs.py:126: UserWarning: The CUDA Graph is empty. This usually means that the graph was attempted to be captured on wrong device or stream. (Triggered internally at /pytorch/aten/src/ATen/cuda/CUDAGraph.cpp:147.)
  super().capture_end()
/usr/local/lib/python3.12/dist-packages/torch/cuda/graphs.py:126: UserWarning: The CUDA Graph is empty. This usually means that the graph was attempted to be captured on wrong device or stream. (Triggered internally at /pytorch/aten/src/ATen/cuda/CUDAGraph.cpp:147.)
  super().capture_end()
/usr/local/lib/python3.12/dist-packages/torch/cuda/graphs.py:126: UserWarning: The CUDA Graph is empty. This usually means that the graph was attempted to be captured on wrong device or stream. (Triggered internally at /pytorch/aten/src/ATen/cuda/CUDAGraph.cpp:147.)
  super().capture_end()
/usr/local/lib/python3.12/dist-packages/torch/cuda/graphs.py:126: UserWarning: The CUDA Graph is empty. This usually means that the graph was attempted to be captured on wrong device or stream. (Triggered internally at /pytorch/aten/src/ATen/cuda/CUDAGraph.cpp:147.)
  super().capture_end()
/usr/local/lib/python3.12/dist-packages/torch/cuda/graphs.py:126: UserWarning: The CUDA Graph is empty. This usually means that the graph was attempted to be captured on wrong device or stream. (Triggered internally at /pytorch/aten/src/ATen/cuda/CUDAGraph.cpp:147.)
  super().capture_end()
/usr/local/lib/python3.12/dist-packages/torch/cuda/graphs.py:126: UserWarning: The CUDA Graph is empty. This usually means that the graph was attempted to be captured on wrong device or stream. (Triggered internally at /pytorch/aten/src/ATen/cuda/CUDAGraph.cpp:147.)
  super().capture_end()
/usr/local/lib/python3.12/dist-packages/torch/cuda/graphs.py:126: UserWarning: The CUDA Graph is empty. This usually means that the graph was attempted to be captured on wrong device or stream. (Triggered internally at /pytorch/aten/src/ATen/cuda/CUDAGraph.cpp:147.)
  super().capture_end()
/usr/local/lib/python3.12/dist-packages/torch/cuda/graphs.py:126: UserWarning: The CUDA Graph is empty. This usually means that the graph was attempted to be captured on wrong device or stream. (Triggered internally at /pytorch/aten/src/ATen/cuda/CUDAGraph.cpp:147.)
  super().capture_end()
/usr/local/lib/python3.12/dist-packages/torch/cuda/graphs.py:126: UserWarning: The CUDA Graph is empty. This usually means that the graph was attempted to be captured on wrong device or stream. (Triggered internally at /pytorch/aten/src/ATen/cuda/CUDAGraph.cpp:147.)
  super().capture_end()
/usr/local/lib/python3.12/dist-packages/torch/cuda/graphs.py:126: UserWarning: The CUDA Graph is empty. This usually means that the graph was attempted to be captured on wrong device or stream. (Triggered internally at /pytorch/aten/src/ATen/cuda/CUDAGraph.cpp:147.)
  super().capture_end()
/usr/local/lib/python3.12/dist-packages/torch/cuda/graphs.py:126: UserWarning: The CUDA Graph is empty. This usually means that the graph was attempted to be captured on wrong device or stream. (Triggered internally at /pytorch/aten/src/ATen/cuda/CUDAGraph.cpp:147.)
  super().capture_end()
/usr/local/lib/python3.12/dist-packages/torch/cuda/graphs.py:126: UserWarning: The CUDA Graph is empty. This usually means that the graph was attempted to be captured on wrong device or stream. (Triggered internally at /pytorch/aten/src/ATen/cuda/CUDAGraph.cpp:147.)
  super().capture_end()
/usr/local/lib/python3.12/dist-packages/torch/cuda/graphs.py:126: UserWarning: The CUDA Graph is empty. This usually means that the graph was attempted to be captured on wrong device or stream. (Triggered internally at /pytorch/aten/src/ATen/cuda/CUDAGraph.cpp:147.)
  super().capture_end()
/usr/local/lib/python3.12/dist-packages/torch/cuda/graphs.py:126: UserWarning: The CUDA Graph is empty. This usually means that the graph was attempted to be captured on wrong device or stream. (Triggered internally at /pytorch/aten/src/ATen/cuda/CUDAGraph.cpp:147.)
  super().capture_end()
/usr/local/lib/python3.12/dist-packages/torch/cuda/graphs.py:126: UserWarning: The CUDA Graph is empty. This usually means that the graph was attempted to be captured on wrong device or stream. (Triggered internally at /pytorch/aten/src/ATen/cuda/CUDAGraph.cpp:147.)
  super().capture_end()
/usr/local/lib/python3.12/dist-packages/torch/cuda/graphs.py:126: UserWarning: The CUDA Graph is empty. This usually means that the graph was attempted to be captured on wrong device or stream. (Triggered internally at /pytorch/aten/src/ATen/cuda/CUDAGraph.cpp:147.)
  super().capture_end()
/usr/local/lib/python3.12/dist-packages/torch/cuda/graphs.py:126: UserWarning: The CUDA Graph is empty. This usually means that the graph was attempted to be captured on wrong device or stream. (Triggered internally at /pytorch/aten/src/ATen/cuda/CUDAGraph.cpp:147.)
  super().capture_end()
/usr/local/lib/python3.12/dist-packages/torch/cuda/graphs.py:126: UserWarning: The CUDA Graph is empty. This usually means that the graph was attempted to be captured on wrong device or stream. (Triggered internally at /pytorch/aten/src/ATen/cuda/CUDAGraph.cpp:147.)
  super().capture_end()
/usr/local/lib/python3.12/dist-packages/torch/cuda/graphs.py:126: UserWarning: The CUDA Graph is empty. This usually means that the graph was attempted to be captured on wrong device or stream. (Triggered internally at /pytorch/aten/src/ATen/cuda/CUDAGraph.cpp:147.)
  super().capture_end()
/usr/local/lib/python3.12/dist-packages/torch/cuda/graphs.py:126: UserWarning: The CUDA Graph is empty. This usually means that the graph was attempted to be captured on wrong device or stream. (Triggered internally at /pytorch/aten/src/ATen/cuda/CUDAGraph.cpp:147.)
  super().capture_end()
/usr/local/lib/python3.12/dist-packages/torch/cuda/graphs.py:126: UserWarning: The CUDA Graph is empty. This usually means that the graph was attempted to be captured on wrong device or stream. (Triggered internally at /pytorch/aten/src/ATen/cuda/CUDAGraph.cpp:147.)
  super().capture_end()
/usr/local/lib/python3.12/dist-packages/torch/cuda/graphs.py:126: UserWarning: The CUDA Graph is empty. This usually means that the graph was attempted to be captured on wrong device or stream. (Triggered internally at /pytorch/aten/src/ATen/cuda/CUDAGraph.cpp:147.)
  super().capture_end()
/usr/local/lib/python3.12/dist-packages/torch/cuda/graphs.py:126: UserWarning: The CUDA Graph is empty. This usually means that the graph was attempted to be captured on wrong device or stream. (Triggered internally at /pytorch/aten/src/ATen/cuda/CUDAGraph.cpp:147.)
  super().capture_end()
/usr/local/lib/python3.12/dist-packages/torch/cuda/graphs.py:126: UserWarning: The CUDA Graph is empty. This usually means that the graph was attempted to be captured on wrong device or stream. (Triggered internally at /pytorch/aten/src/ATen/cuda/CUDAGraph.cpp:147.)
  super().capture_end()
/usr/local/lib/python3.12/dist-packages/torch/cuda/graphs.py:126: UserWarning: The CUDA Graph is empty. This usually means that the graph was attempted to be captured on wrong device or stream. (Triggered internally at /pytorch/aten/src/ATen/cuda/CUDAGraph.cpp:147.)
  super().capture_end()
/usr/local/lib/python3.12/dist-packages/torch/cuda/graphs.py:126: UserWarning: The CUDA Graph is empty. This usually means that the graph was attempted to be captured on wrong device or stream. (Triggered internally at /pytorch/aten/src/ATen/cuda/CUDAGraph.cpp:147.)
  super().capture_end()
/usr/local/lib/python3.12/dist-packages/torch/cuda/graphs.py:126: UserWarning: The CUDA Graph is empty. This usually means that the graph was attempted to be captured on wrong device or stream. (Triggered internally at /pytorch/aten/src/ATen/cuda/CUDAGraph.cpp:147.)
  super().capture_end()
/usr/local/lib/python3.12/dist-packages/torch/cuda/graphs.py:126: UserWarning: The CUDA Graph is empty. This usually means that the graph was attempted to be captured on wrong device or stream. (Triggered internally at /pytorch/aten/src/ATen/cuda/CUDAGraph.cpp:147.)
  super().capture_end()
/usr/local/lib/python3.12/dist-packages/torch/cuda/graphs.py:126: UserWarning: The CUDA Graph is empty. This usually means that the graph was attempted to be captured on wrong device or stream. (Triggered internally at /pytorch/aten/src/ATen/cuda/CUDAGraph.cpp:147.)
  super().capture_end()
/usr/local/lib/python3.12/dist-packages/torch/cuda/graphs.py:126: UserWarning: The CUDA Graph is empty. This usually means that the graph was attempted to be captured on wrong device or stream. (Triggered internally at /pytorch/aten/src/ATen/cuda/CUDAGraph.cpp:147.)
  super().capture_end()
/usr/local/lib/python3.12/dist-packages/torch/cuda/graphs.py:126: UserWarning: The CUDA Graph is empty. This usually means that the graph was attempted to be captured on wrong device or stream. (Triggered internally at /pytorch/aten/src/ATen/cuda/CUDAGraph.cpp:147.)
  super().capture_end()
/usr/local/lib/python3.12/dist-packages/torch/cuda/graphs.py:126: UserWarning: The CUDA Graph is empty. This usually means that the graph was attempted to be captured on wrong device or stream. (Triggered internally at /pytorch/aten/src/ATen/cuda/CUDAGraph.cpp:147.)
  super().capture_end()
/usr/local/lib/python3.12/dist-packages/torch/cuda/graphs.py:126: UserWarning: The CUDA Graph is empty. This usually means that the graph was attempted to be captured on wrong device or stream. (Triggered internally at /pytorch/aten/src/ATen/cuda/CUDAGraph.cpp:147.)
  super().capture_end()
/usr/local/lib/python3.12/dist-packages/torch/cuda/graphs.py:126: UserWarning: The CUDA Graph is empty. This usually means that the graph was attempted to be captured on wrong device or stream. (Triggered internally at /pytorch/aten/src/ATen/cuda/CUDAGraph.cpp:147.)
  super().capture_end()
