pod code: a9b4ba00eeb4b5ccb971b41197292d9d3acfcbf9 (clean, synced 2026-09-10T13:57:35Z, manifest verified)
W0910 13:57:58.515000 2607948 torch/distributed/run.py:851] 
W0910 13:57:58.515000 2607948 torch/distributed/run.py:851] *****************************************
W0910 13:57:58.515000 2607948 torch/distributed/run.py:851] Setting OMP_NUM_THREADS environment variable for each process to be 1 in default, to avoid your system being overloaded, please further tune the variable for optimal performance in your application as needed. 
W0910 13:57:58.515000 2607948 torch/distributed/run.py:851] *****************************************
corpus_fp: {'textbook': '3f237c5191cb8571', 'wiki': '44eb88458cfb3ed5', 'en': '9f37cb35219bb617', 'math': 'e1e86aa0b594c5ed', 'code': '5bb775eae9029669', 'chat': '080fdd63401b4ff9'}
cache read: 8,370 MiB (8.17 GiB) over 6 cache(s)
     6.00 GiB  textbook
     0.92 GiB  wiki
     0.60 GiB  en
     0.30 GiB  math
     0.21 GiB  code
     0.14 GiB  chat
/usr/local/lib/python3.12/dist-packages/torch/distributed/c10d_logger.py:83: UserWarning: barrier(): using the device under current context. You can specify `device_id` in `init_process_group` to mute this warning.
  return func(*args, **kwargs)
[rank0]:[W910 13:58:15.982704881 ProcessGroupNCCL.cpp:5188] Guessing device ID based on global rank. This can cause a hang if rank to GPU mapping is heterogeneous. You can specify device_id in init_process_group()
mix: textbook 35833 rows = 0.09 epochs
mix: wiki 5468 rows = 0.10 epochs
mix: en 3577 rows = 0.10 epochs
mix: math 1817 rows = 0.10 epochs
mix: code 1281 rows = 0.10 epochs
mix: chat 849 rows = 0.10 epochs
mix: 48825 rows = 0.20B tokens scheduled
FP8 compute enabled
params 200.8M | tokens 6103 | seqs 6103 | device cuda:0 | world 8 | fa True | fp8 True
cfg batch 2 accum 8 seq 4096 grad_ckpt False doc_mask True attn_res False/0 softcap 15.0 warmup 20 epochs 1 lr_scale 1.0 mix data/mix_smoke_warmup.json fone False seed 42 sample_seed 42 (follows seed) warmdown 0.65 anneal_frac 0.0 val_every 500 attn_every 1
cfg non-default: accum=8, anneal_frac=0.0, attn_every=1, attn_res=False, batch=2, csa=True, csa2=True, mix='data/mix_smoke_warmup.json', rope_dims=64
[rank1]:W0910 13:58:21.631000 2608031 torch/_logging/_internal.py:1279] [0/0] Profiler record function <class 'torch.autograd.profiler.record_function'> will be ignored
[rank2]:W0910 13:58:21.631000 2608032 torch/_logging/_internal.py:1279] [0/0] Profiler record function <class 'torch.autograd.profiler.record_function'> will be ignored
[rank0]:W0910 13:58:21.632000 2608030 torch/_logging/_internal.py:1279] [0/0] Profiler record function <class 'torch.autograd.profiler.record_function'> will be ignored
[rank3]:W0910 13:58:21.634000 2608033 torch/_logging/_internal.py:1279] [0/0] Profiler record function <class 'torch.autograd.profiler.record_function'> will be ignored
[rank5]:W0910 13:58:21.786000 2608035 torch/_logging/_internal.py:1279] [0/0] Profiler record function <class 'torch.autograd.profiler.record_function'> will be ignored
[rank4]:W0910 13:58:21.795000 2608034 torch/_logging/_internal.py:1279] [0/0] Profiler record function <class 'torch.autograd.profiler.record_function'> will be ignored
[rank6]:W0910 13:58:21.796000 2608036 torch/_logging/_internal.py:1279] [0/0] Profiler record function <class 'torch.autograd.profiler.record_function'> will be ignored
[rank7]:W0910 13:58:21.802000 2608037 torch/_logging/_internal.py:1279] [0/0] Profiler record function <class 'torch.autograd.profiler.record_function'> will be ignored
[rank2]:W0910 13:58:22.232000 2608032 torch/_dynamo/variables/tensor.py:1379] [4/0] Graph break from `Tensor.item()`, consider setting:
[rank2]:W0910 13:58:22.232000 2608032 torch/_dynamo/variables/tensor.py:1379] [4/0]     torch._dynamo.config.capture_scalar_outputs = True
[rank2]:W0910 13:58:22.232000 2608032 torch/_dynamo/variables/tensor.py:1379] [4/0] or:
[rank2]:W0910 13:58:22.232000 2608032 torch/_dynamo/variables/tensor.py:1379] [4/0]     env TORCHDYNAMO_CAPTURE_SCALAR_OUTPUTS=1
[rank2]:W0910 13:58:22.232000 2608032 torch/_dynamo/variables/tensor.py:1379] [4/0] to include these operations in the captured graph.
[rank2]:W0910 13:58:22.232000 2608032 torch/_dynamo/variables/tensor.py:1379] [4/0] 
[rank2]:W0910 13:58:22.232000 2608032 torch/_dynamo/variables/tensor.py:1379] [4/0] Graph break: from user code at:
[rank2]:W0910 13:58:22.232000 2608032 torch/_dynamo/variables/tensor.py:1379] [4/0]   File "/work/aupai/model.py", line 2642, in forward
[rank2]:W0910 13:58:22.232000 2608032 torch/_dynamo/variables/tensor.py:1379] [4/0]     hidden = self.norm(self._body(emb, cu))
[rank2]:W0910 13:58:22.232000 2608032 torch/_dynamo/variables/tensor.py:1379] [4/0]   File "/work/aupai/model.py", line 2557, in _body
[rank2]:W0910 13:58:22.232000 2608032 torch/_dynamo/variables/tensor.py:1379] [4/0]     x = torch.utils.checkpoint.checkpoint(b, x, cu, use_reentrant=False) if ckpt else b(x, cu)
[rank2]:W0910 13:58:22.232000 2608032 torch/_dynamo/variables/tensor.py:1379] [4/0]   File "/work/aupai/model.py", line 2129, in forward
[rank2]:W0910 13:58:22.232000 2608032 torch/_dynamo/variables/tensor.py:1379] [4/0]     x = x + self.mixer(self.n1(x), cu)
[rank2]:W0910 13:58:22.232000 2608032 torch/_dynamo/variables/tensor.py:1379] [4/0]   File "/work/aupai/model.py", line 1030, in forward
[rank2]:W0910 13:58:22.232000 2608032 torch/_dynamo/variables/tensor.py:1379] [4/0]     y = self.csa(q, k, v, cu, x, getattr(self, "_pkg", None))
[rank2]:W0910 13:58:22.232000 2608032 torch/_dynamo/variables/tensor.py:1379] [4/0]   File "/work/aupai/model.py", line 520, in forward
[rank2]:W0910 13:58:22.232000 2608032 torch/_dynamo/variables/tensor.py:1379] [4/0]     return self._forward_csa2(q, k, v, cu, x)
[rank2]:W0910 13:58:22.232000 2608032 torch/_dynamo/variables/tensor.py:1379] [4/0]   File "/work/aupai/model.py", line 606, in _forward_csa2
[rank2]:W0910 13:58:22.232000 2608032 torch/_dynamo/variables/tensor.py:1379] [4/0]     kc, vc, vis, doc = entries_per_doc(q, kh, vh, cu, self.m,
[rank2]:W0910 13:58:22.232000 2608032 torch/_dynamo/variables/tensor.py:1379] [4/0]   File "/work/aupai/model.py", line 369, in entries_per_doc
[rank2]:W0910 13:58:22.232000 2608032 torch/_dynamo/variables/tensor.py:1379] [4/0]     block_id, doc, vis, NB = _doc_blocks(q, cu, m)
[rank2]:W0910 13:58:22.232000 2608032 torch/_dynamo/variables/tensor.py:1379] [4/0]   File "/work/aupai/model.py", line 303, in _doc_blocks
[rank2]:W0910 13:58:22.232000 2608032 torch/_dynamo/variables/tensor.py:1379] [4/0]     - offset[first_doc]).max().item())
[rank2]:W0910 13:58:22.232000 2608032 torch/_dynamo/variables/tensor.py:1379] [4/0] 
[rank2]:W0910 13:58:22.232000 2608032 torch/_dynamo/variables/tensor.py:1379] [4/0] 
[rank1]:W0910 13:58:22.244000 2608031 torch/_dynamo/variables/tensor.py:1379] [4/0] Graph break from `Tensor.item()`, consider setting:
[rank1]:W0910 13:58:22.244000 2608031 torch/_dynamo/variables/tensor.py:1379] [4/0]     torch._dynamo.config.capture_scalar_outputs = True
[rank1]:W0910 13:58:22.244000 2608031 torch/_dynamo/variables/tensor.py:1379] [4/0] or:
[rank1]:W0910 13:58:22.244000 2608031 torch/_dynamo/variables/tensor.py:1379] [4/0]     env TORCHDYNAMO_CAPTURE_SCALAR_OUTPUTS=1
[rank1]:W0910 13:58:22.244000 2608031 torch/_dynamo/variables/tensor.py:1379] [4/0] to include these operations in the captured graph.
[rank1]:W0910 13:58:22.244000 2608031 torch/_dynamo/variables/tensor.py:1379] [4/0] 
[rank1]:W0910 13:58:22.244000 2608031 torch/_dynamo/variables/tensor.py:1379] [4/0] Graph break: from user code at:
[rank1]:W0910 13:58:22.244000 2608031 torch/_dynamo/variables/tensor.py:1379] [4/0]   File "/work/aupai/model.py", line 2642, in forward
[rank1]:W0910 13:58:22.244000 2608031 torch/_dynamo/variables/tensor.py:1379] [4/0]     hidden = self.norm(self._body(emb, cu))
[rank1]:W0910 13:58:22.244000 2608031 torch/_dynamo/variables/tensor.py:1379] [4/0]   File "/work/aupai/model.py", line 2557, in _body
[rank1]:W0910 13:58:22.244000 2608031 torch/_dynamo/variables/tensor.py:1379] [4/0]     x = torch.utils.checkpoint.checkpoint(b, x, cu, use_reentrant=False) if ckpt else b(x, cu)
[rank1]:W0910 13:58:22.244000 2608031 torch/_dynamo/variables/tensor.py:1379] [4/0]   File "/work/aupai/model.py", line 2129, in forward
[rank1]:W0910 13:58:22.244000 2608031 torch/_dynamo/variables/tensor.py:1379] [4/0]     x = x + self.mixer(self.n1(x), cu)
[rank1]:W0910 13:58:22.244000 2608031 torch/_dynamo/variables/tensor.py:1379] [4/0]   File "/work/aupai/model.py", line 1030, in forward
[rank1]:W0910 13:58:22.244000 2608031 torch/_dynamo/variables/tensor.py:1379] [4/0]     y = self.csa(q, k, v, cu, x, getattr(self, "_pkg", None))
[rank1]:W0910 13:58:22.244000 2608031 torch/_dynamo/variables/tensor.py:1379] [4/0]   File "/work/aupai/model.py", line 520, in forward
[rank1]:W0910 13:58:22.244000 2608031 torch/_dynamo/variables/tensor.py:1379] [4/0]     return self._forward_csa2(q, k, v, cu, x)
[rank1]:W0910 13:58:22.244000 2608031 torch/_dynamo/variables/tensor.py:1379] [4/0]   File "/work/aupai/model.py", line 606, in _forward_csa2
[rank1]:W0910 13:58:22.244000 2608031 torch/_dynamo/variables/tensor.py:1379] [4/0]     kc, vc, vis, doc = entries_per_doc(q, kh, vh, cu, self.m,
[rank1]:W0910 13:58:22.244000 2608031 torch/_dynamo/variables/tensor.py:1379] [4/0]   File "/work/aupai/model.py", line 369, in entries_per_doc
[rank1]:W0910 13:58:22.244000 2608031 torch/_dynamo/variables/tensor.py:1379] [4/0]     block_id, doc, vis, NB = _doc_blocks(q, cu, m)
[rank1]:W0910 13:58:22.244000 2608031 torch/_dynamo/variables/tensor.py:1379] [4/0]   File "/work/aupai/model.py", line 303, in _doc_blocks
[rank1]:W0910 13:58:22.244000 2608031 torch/_dynamo/variables/tensor.py:1379] [4/0]     - offset[first_doc]).max().item())
[rank1]:W0910 13:58:22.244000 2608031 torch/_dynamo/variables/tensor.py:1379] [4/0] 
[rank1]:W0910 13:58:22.244000 2608031 torch/_dynamo/variables/tensor.py:1379] [4/0] 
[rank0]:W0910 13:58:22.247000 2608030 torch/_dynamo/variables/tensor.py:1379] [4/0] Graph break from `Tensor.item()`, consider setting:
[rank0]:W0910 13:58:22.247000 2608030 torch/_dynamo/variables/tensor.py:1379] [4/0]     torch._dynamo.config.capture_scalar_outputs = True
[rank0]:W0910 13:58:22.247000 2608030 torch/_dynamo/variables/tensor.py:1379] [4/0] or:
[rank0]:W0910 13:58:22.247000 2608030 torch/_dynamo/variables/tensor.py:1379] [4/0]     env TORCHDYNAMO_CAPTURE_SCALAR_OUTPUTS=1
[rank0]:W0910 13:58:22.247000 2608030 torch/_dynamo/variables/tensor.py:1379] [4/0] to include these operations in the captured graph.
[rank0]:W0910 13:58:22.247000 2608030 torch/_dynamo/variables/tensor.py:1379] [4/0] 
[rank0]:W0910 13:58:22.247000 2608030 torch/_dynamo/variables/tensor.py:1379] [4/0] Graph break: from user code at:
[rank0]:W0910 13:58:22.247000 2608030 torch/_dynamo/variables/tensor.py:1379] [4/0]   File "/work/aupai/model.py", line 2642, in forward
[rank0]:W0910 13:58:22.247000 2608030 torch/_dynamo/variables/tensor.py:1379] [4/0]     hidden = self.norm(self._body(emb, cu))
[rank0]:W0910 13:58:22.247000 2608030 torch/_dynamo/variables/tensor.py:1379] [4/0]   File "/work/aupai/model.py", line 2557, in _body
[rank0]:W0910 13:58:22.247000 2608030 torch/_dynamo/variables/tensor.py:1379] [4/0]     x = torch.utils.checkpoint.checkpoint(b, x, cu, use_reentrant=False) if ckpt else b(x, cu)
[rank0]:W0910 13:58:22.247000 2608030 torch/_dynamo/variables/tensor.py:1379] [4/0]   File "/work/aupai/model.py", line 2129, in forward
[rank0]:W0910 13:58:22.247000 2608030 torch/_dynamo/variables/tensor.py:1379] [4/0]     x = x + self.mixer(self.n1(x), cu)
[rank0]:W0910 13:58:22.247000 2608030 torch/_dynamo/variables/tensor.py:1379] [4/0]   File "/work/aupai/model.py", line 1030, in forward
[rank0]:W0910 13:58:22.247000 2608030 torch/_dynamo/variables/tensor.py:1379] [4/0]     y = self.csa(q, k, v, cu, x, getattr(self, "_pkg", None))
[rank0]:W0910 13:58:22.247000 2608030 torch/_dynamo/variables/tensor.py:1379] [4/0]   File "/work/aupai/model.py", line 520, in forward
[rank0]:W0910 13:58:22.247000 2608030 torch/_dynamo/variables/tensor.py:1379] [4/0]     return self._forward_csa2(q, k, v, cu, x)
[rank0]:W0910 13:58:22.247000 2608030 torch/_dynamo/variables/tensor.py:1379] [4/0]   File "/work/aupai/model.py", line 606, in _forward_csa2
[rank0]:W0910 13:58:22.247000 2608030 torch/_dynamo/variables/tensor.py:1379] [4/0]     kc, vc, vis, doc = entries_per_doc(q, kh, vh, cu, self.m,
[rank0]:W0910 13:58:22.247000 2608030 torch/_dynamo/variables/tensor.py:1379] [4/0]   File "/work/aupai/model.py", line 369, in entries_per_doc
[rank0]:W0910 13:58:22.247000 2608030 torch/_dynamo/variables/tensor.py:1379] [4/0]     block_id, doc, vis, NB = _doc_blocks(q, cu, m)
[rank0]:W0910 13:58:22.247000 2608030 torch/_dynamo/variables/tensor.py:1379] [4/0]   File "/work/aupai/model.py", line 303, in _doc_blocks
[rank0]:W0910 13:58:22.247000 2608030 torch/_dynamo/variables/tensor.py:1379] [4/0]     - offset[first_doc]).max().item())
[rank0]:W0910 13:58:22.247000 2608030 torch/_dynamo/variables/tensor.py:1379] [4/0] 
[rank0]:W0910 13:58:22.247000 2608030 torch/_dynamo/variables/tensor.py:1379] [4/0] 
[rank3]:W0910 13:58:22.254000 2608033 torch/_dynamo/variables/tensor.py:1379] [4/0] Graph break from `Tensor.item()`, consider setting:
[rank3]:W0910 13:58:22.254000 2608033 torch/_dynamo/variables/tensor.py:1379] [4/0]     torch._dynamo.config.capture_scalar_outputs = True
[rank3]:W0910 13:58:22.254000 2608033 torch/_dynamo/variables/tensor.py:1379] [4/0] or:
[rank3]:W0910 13:58:22.254000 2608033 torch/_dynamo/variables/tensor.py:1379] [4/0]     env TORCHDYNAMO_CAPTURE_SCALAR_OUTPUTS=1
[rank3]:W0910 13:58:22.254000 2608033 torch/_dynamo/variables/tensor.py:1379] [4/0] to include these operations in the captured graph.
[rank3]:W0910 13:58:22.254000 2608033 torch/_dynamo/variables/tensor.py:1379] [4/0] 
[rank3]:W0910 13:58:22.254000 2608033 torch/_dynamo/variables/tensor.py:1379] [4/0] Graph break: from user code at:
[rank3]:W0910 13:58:22.254000 2608033 torch/_dynamo/variables/tensor.py:1379] [4/0]   File "/work/aupai/model.py", line 2642, in forward
[rank3]:W0910 13:58:22.254000 2608033 torch/_dynamo/variables/tensor.py:1379] [4/0]     hidden = self.norm(self._body(emb, cu))
[rank3]:W0910 13:58:22.254000 2608033 torch/_dynamo/variables/tensor.py:1379] [4/0]   File "/work/aupai/model.py", line 2557, in _body
[rank3]:W0910 13:58:22.254000 2608033 torch/_dynamo/variables/tensor.py:1379] [4/0]     x = torch.utils.checkpoint.checkpoint(b, x, cu, use_reentrant=False) if ckpt else b(x, cu)
[rank3]:W0910 13:58:22.254000 2608033 torch/_dynamo/variables/tensor.py:1379] [4/0]   File "/work/aupai/model.py", line 2129, in forward
[rank3]:W0910 13:58:22.254000 2608033 torch/_dynamo/variables/tensor.py:1379] [4/0]     x = x + self.mixer(self.n1(x), cu)
[rank3]:W0910 13:58:22.254000 2608033 torch/_dynamo/variables/tensor.py:1379] [4/0]   File "/work/aupai/model.py", line 1030, in forward
[rank3]:W0910 13:58:22.254000 2608033 torch/_dynamo/variables/tensor.py:1379] [4/0]     y = self.csa(q, k, v, cu, x, getattr(self, "_pkg", None))
[rank3]:W0910 13:58:22.254000 2608033 torch/_dynamo/variables/tensor.py:1379] [4/0]   File "/work/aupai/model.py", line 520, in forward
[rank3]:W0910 13:58:22.254000 2608033 torch/_dynamo/variables/tensor.py:1379] [4/0]     return self._forward_csa2(q, k, v, cu, x)
[rank3]:W0910 13:58:22.254000 2608033 torch/_dynamo/variables/tensor.py:1379] [4/0]   File "/work/aupai/model.py", line 606, in _forward_csa2
[rank3]:W0910 13:58:22.254000 2608033 torch/_dynamo/variables/tensor.py:1379] [4/0]     kc, vc, vis, doc = entries_per_doc(q, kh, vh, cu, self.m,
[rank3]:W0910 13:58:22.254000 2608033 torch/_dynamo/variables/tensor.py:1379] [4/0]   File "/work/aupai/model.py", line 369, in entries_per_doc
[rank3]:W0910 13:58:22.254000 2608033 torch/_dynamo/variables/tensor.py:1379] [4/0]     block_id, doc, vis, NB = _doc_blocks(q, cu, m)
[rank3]:W0910 13:58:22.254000 2608033 torch/_dynamo/variables/tensor.py:1379] [4/0]   File "/work/aupai/model.py", line 303, in _doc_blocks
[rank3]:W0910 13:58:22.254000 2608033 torch/_dynamo/variables/tensor.py:1379] [4/0]     - offset[first_doc]).max().item())
[rank3]:W0910 13:58:22.254000 2608033 torch/_dynamo/variables/tensor.py:1379] [4/0] 
[rank3]:W0910 13:58:22.254000 2608033 torch/_dynamo/variables/tensor.py:1379] [4/0] 
[rank5]:W0910 13:58:22.377000 2608035 torch/_dynamo/variables/tensor.py:1379] [4/0] Graph break from `Tensor.item()`, consider setting:
[rank5]:W0910 13:58:22.377000 2608035 torch/_dynamo/variables/tensor.py:1379] [4/0]     torch._dynamo.config.capture_scalar_outputs = True
[rank5]:W0910 13:58:22.377000 2608035 torch/_dynamo/variables/tensor.py:1379] [4/0] or:
[rank5]:W0910 13:58:22.377000 2608035 torch/_dynamo/variables/tensor.py:1379] [4/0]     env TORCHDYNAMO_CAPTURE_SCALAR_OUTPUTS=1
[rank5]:W0910 13:58:22.377000 2608035 torch/_dynamo/variables/tensor.py:1379] [4/0] to include these operations in the captured graph.
[rank5]:W0910 13:58:22.377000 2608035 torch/_dynamo/variables/tensor.py:1379] [4/0] 
[rank5]:W0910 13:58:22.377000 2608035 torch/_dynamo/variables/tensor.py:1379] [4/0] Graph break: from user code at:
[rank5]:W0910 13:58:22.377000 2608035 torch/_dynamo/variables/tensor.py:1379] [4/0]   File "/work/aupai/model.py", line 2642, in forward
[rank5]:W0910 13:58:22.377000 2608035 torch/_dynamo/variables/tensor.py:1379] [4/0]     hidden = self.norm(self._body(emb, cu))
[rank5]:W0910 13:58:22.377000 2608035 torch/_dynamo/variables/tensor.py:1379] [4/0]   File "/work/aupai/model.py", line 2557, in _body
[rank5]:W0910 13:58:22.377000 2608035 torch/_dynamo/variables/tensor.py:1379] [4/0]     x = torch.utils.checkpoint.checkpoint(b, x, cu, use_reentrant=False) if ckpt else b(x, cu)
[rank5]:W0910 13:58:22.377000 2608035 torch/_dynamo/variables/tensor.py:1379] [4/0]   File "/work/aupai/model.py", line 2129, in forward
[rank5]:W0910 13:58:22.377000 2608035 torch/_dynamo/variables/tensor.py:1379] [4/0]     x = x + self.mixer(self.n1(x), cu)
[rank5]:W0910 13:58:22.377000 2608035 torch/_dynamo/variables/tensor.py:1379] [4/0]   File "/work/aupai/model.py", line 1030, in forward
[rank5]:W0910 13:58:22.377000 2608035 torch/_dynamo/variables/tensor.py:1379] [4/0]     y = self.csa(q, k, v, cu, x, getattr(self, "_pkg", None))
[rank5]:W0910 13:58:22.377000 2608035 torch/_dynamo/variables/tensor.py:1379] [4/0]   File "/work/aupai/model.py", line 520, in forward
[rank5]:W0910 13:58:22.377000 2608035 torch/_dynamo/variables/tensor.py:1379] [4/0]     return self._forward_csa2(q, k, v, cu, x)
[rank5]:W0910 13:58:22.377000 2608035 torch/_dynamo/variables/tensor.py:1379] [4/0]   File "/work/aupai/model.py", line 606, in _forward_csa2
[rank5]:W0910 13:58:22.377000 2608035 torch/_dynamo/variables/tensor.py:1379] [4/0]     kc, vc, vis, doc = entries_per_doc(q, kh, vh, cu, self.m,
[rank5]:W0910 13:58:22.377000 2608035 torch/_dynamo/variables/tensor.py:1379] [4/0]   File "/work/aupai/model.py", line 369, in entries_per_doc
[rank5]:W0910 13:58:22.377000 2608035 torch/_dynamo/variables/tensor.py:1379] [4/0]     block_id, doc, vis, NB = _doc_blocks(q, cu, m)
[rank5]:W0910 13:58:22.377000 2608035 torch/_dynamo/variables/tensor.py:1379] [4/0]   File "/work/aupai/model.py", line 303, in _doc_blocks
[rank5]:W0910 13:58:22.377000 2608035 torch/_dynamo/variables/tensor.py:1379] [4/0]     - offset[first_doc]).max().item())
[rank5]:W0910 13:58:22.377000 2608035 torch/_dynamo/variables/tensor.py:1379] [4/0] 
[rank5]:W0910 13:58:22.377000 2608035 torch/_dynamo/variables/tensor.py:1379] [4/0] 
[rank4]:W0910 13:58:22.403000 2608034 torch/_dynamo/variables/tensor.py:1379] [4/0] Graph break from `Tensor.item()`, consider setting:
[rank4]:W0910 13:58:22.403000 2608034 torch/_dynamo/variables/tensor.py:1379] [4/0]     torch._dynamo.config.capture_scalar_outputs = True
[rank4]:W0910 13:58:22.403000 2608034 torch/_dynamo/variables/tensor.py:1379] [4/0] or:
[rank4]:W0910 13:58:22.403000 2608034 torch/_dynamo/variables/tensor.py:1379] [4/0]     env TORCHDYNAMO_CAPTURE_SCALAR_OUTPUTS=1
[rank4]:W0910 13:58:22.403000 2608034 torch/_dynamo/variables/tensor.py:1379] [4/0] to include these operations in the captured graph.
[rank4]:W0910 13:58:22.403000 2608034 torch/_dynamo/variables/tensor.py:1379] [4/0] 
[rank4]:W0910 13:58:22.403000 2608034 torch/_dynamo/variables/tensor.py:1379] [4/0] Graph break: from user code at:
[rank4]:W0910 13:58:22.403000 2608034 torch/_dynamo/variables/tensor.py:1379] [4/0]   File "/work/aupai/model.py", line 2642, in forward
[rank4]:W0910 13:58:22.403000 2608034 torch/_dynamo/variables/tensor.py:1379] [4/0]     hidden = self.norm(self._body(emb, cu))
[rank4]:W0910 13:58:22.403000 2608034 torch/_dynamo/variables/tensor.py:1379] [4/0]   File "/work/aupai/model.py", line 2557, in _body
[rank4]:W0910 13:58:22.403000 2608034 torch/_dynamo/variables/tensor.py:1379] [4/0]     x = torch.utils.checkpoint.checkpoint(b, x, cu, use_reentrant=False) if ckpt else b(x, cu)
[rank4]:W0910 13:58:22.403000 2608034 torch/_dynamo/variables/tensor.py:1379] [4/0]   File "/work/aupai/model.py", line 2129, in forward
[rank4]:W0910 13:58:22.403000 2608034 torch/_dynamo/variables/tensor.py:1379] [4/0]     x = x + self.mixer(self.n1(x), cu)
[rank4]:W0910 13:58:22.403000 2608034 torch/_dynamo/variables/tensor.py:1379] [4/0]   File "/work/aupai/model.py", line 1030, in forward
[rank4]:W0910 13:58:22.403000 2608034 torch/_dynamo/variables/tensor.py:1379] [4/0]     y = self.csa(q, k, v, cu, x, getattr(self, "_pkg", None))
[rank4]:W0910 13:58:22.403000 2608034 torch/_dynamo/variables/tensor.py:1379] [4/0]   File "/work/aupai/model.py", line 520, in forward
[rank4]:W0910 13:58:22.403000 2608034 torch/_dynamo/variables/tensor.py:1379] [4/0]     return self._forward_csa2(q, k, v, cu, x)
[rank4]:W0910 13:58:22.403000 2608034 torch/_dynamo/variables/tensor.py:1379] [4/0]   File "/work/aupai/model.py", line 606, in _forward_csa2
[rank4]:W0910 13:58:22.403000 2608034 torch/_dynamo/variables/tensor.py:1379] [4/0]     kc, vc, vis, doc = entries_per_doc(q, kh, vh, cu, self.m,
[rank4]:W0910 13:58:22.403000 2608034 torch/_dynamo/variables/tensor.py:1379] [4/0]   File "/work/aupai/model.py", line 369, in entries_per_doc
[rank4]:W0910 13:58:22.403000 2608034 torch/_dynamo/variables/tensor.py:1379] [4/0]     block_id, doc, vis, NB = _doc_blocks(q, cu, m)
[rank4]:W0910 13:58:22.403000 2608034 torch/_dynamo/variables/tensor.py:1379] [4/0]   File "/work/aupai/model.py", line 303, in _doc_blocks
[rank4]:W0910 13:58:22.403000 2608034 torch/_dynamo/variables/tensor.py:1379] [4/0]     - offset[first_doc]).max().item())
[rank4]:W0910 13:58:22.403000 2608034 torch/_dynamo/variables/tensor.py:1379] [4/0] 
[rank4]:W0910 13:58:22.403000 2608034 torch/_dynamo/variables/tensor.py:1379] [4/0] 
[rank6]:W0910 13:58:22.404000 2608036 torch/_dynamo/variables/tensor.py:1379] [4/0] Graph break from `Tensor.item()`, consider setting:
[rank6]:W0910 13:58:22.404000 2608036 torch/_dynamo/variables/tensor.py:1379] [4/0]     torch._dynamo.config.capture_scalar_outputs = True
[rank6]:W0910 13:58:22.404000 2608036 torch/_dynamo/variables/tensor.py:1379] [4/0] or:
[rank6]:W0910 13:58:22.404000 2608036 torch/_dynamo/variables/tensor.py:1379] [4/0]     env TORCHDYNAMO_CAPTURE_SCALAR_OUTPUTS=1
[rank6]:W0910 13:58:22.404000 2608036 torch/_dynamo/variables/tensor.py:1379] [4/0] to include these operations in the captured graph.
[rank6]:W0910 13:58:22.404000 2608036 torch/_dynamo/variables/tensor.py:1379] [4/0] 
[rank6]:W0910 13:58:22.404000 2608036 torch/_dynamo/variables/tensor.py:1379] [4/0] Graph break: from user code at:
[rank6]:W0910 13:58:22.404000 2608036 torch/_dynamo/variables/tensor.py:1379] [4/0]   File "/work/aupai/model.py", line 2642, in forward
[rank6]:W0910 13:58:22.404000 2608036 torch/_dynamo/variables/tensor.py:1379] [4/0]     hidden = self.norm(self._body(emb, cu))
[rank6]:W0910 13:58:22.404000 2608036 torch/_dynamo/variables/tensor.py:1379] [4/0]   File "/work/aupai/model.py", line 2557, in _body
[rank6]:W0910 13:58:22.404000 2608036 torch/_dynamo/variables/tensor.py:1379] [4/0]     x = torch.utils.checkpoint.checkpoint(b, x, cu, use_reentrant=False) if ckpt else b(x, cu)
[rank6]:W0910 13:58:22.404000 2608036 torch/_dynamo/variables/tensor.py:1379] [4/0]   File "/work/aupai/model.py", line 2129, in forward
[rank6]:W0910 13:58:22.404000 2608036 torch/_dynamo/variables/tensor.py:1379] [4/0]     x = x + self.mixer(self.n1(x), cu)
[rank6]:W0910 13:58:22.404000 2608036 torch/_dynamo/variables/tensor.py:1379] [4/0]   File "/work/aupai/model.py", line 1030, in forward
[rank6]:W0910 13:58:22.404000 2608036 torch/_dynamo/variables/tensor.py:1379] [4/0]     y = self.csa(q, k, v, cu, x, getattr(self, "_pkg", None))
[rank6]:W0910 13:58:22.404000 2608036 torch/_dynamo/variables/tensor.py:1379] [4/0]   File "/work/aupai/model.py", line 520, in forward
[rank6]:W0910 13:58:22.404000 2608036 torch/_dynamo/variables/tensor.py:1379] [4/0]     return self._forward_csa2(q, k, v, cu, x)
[rank6]:W0910 13:58:22.404000 2608036 torch/_dynamo/variables/tensor.py:1379] [4/0]   File "/work/aupai/model.py", line 606, in _forward_csa2
[rank6]:W0910 13:58:22.404000 2608036 torch/_dynamo/variables/tensor.py:1379] [4/0]     kc, vc, vis, doc = entries_per_doc(q, kh, vh, cu, self.m,
[rank6]:W0910 13:58:22.404000 2608036 torch/_dynamo/variables/tensor.py:1379] [4/0]   File "/work/aupai/model.py", line 369, in entries_per_doc
[rank6]:W0910 13:58:22.404000 2608036 torch/_dynamo/variables/tensor.py:1379] [4/0]     block_id, doc, vis, NB = _doc_blocks(q, cu, m)
[rank6]:W0910 13:58:22.404000 2608036 torch/_dynamo/variables/tensor.py:1379] [4/0]   File "/work/aupai/model.py", line 303, in _doc_blocks
[rank6]:W0910 13:58:22.404000 2608036 torch/_dynamo/variables/tensor.py:1379] [4/0]     - offset[first_doc]).max().item())
[rank6]:W0910 13:58:22.404000 2608036 torch/_dynamo/variables/tensor.py:1379] [4/0] 
[rank6]:W0910 13:58:22.404000 2608036 torch/_dynamo/variables/tensor.py:1379] [4/0] 
[rank7]:W0910 13:58:22.409000 2608037 torch/_dynamo/variables/tensor.py:1379] [4/0] Graph break from `Tensor.item()`, consider setting:
[rank7]:W0910 13:58:22.409000 2608037 torch/_dynamo/variables/tensor.py:1379] [4/0]     torch._dynamo.config.capture_scalar_outputs = True
[rank7]:W0910 13:58:22.409000 2608037 torch/_dynamo/variables/tensor.py:1379] [4/0] or:
[rank7]:W0910 13:58:22.409000 2608037 torch/_dynamo/variables/tensor.py:1379] [4/0]     env TORCHDYNAMO_CAPTURE_SCALAR_OUTPUTS=1
[rank7]:W0910 13:58:22.409000 2608037 torch/_dynamo/variables/tensor.py:1379] [4/0] to include these operations in the captured graph.
[rank7]:W0910 13:58:22.409000 2608037 torch/_dynamo/variables/tensor.py:1379] [4/0] 
[rank7]:W0910 13:58:22.409000 2608037 torch/_dynamo/variables/tensor.py:1379] [4/0] Graph break: from user code at:
[rank7]:W0910 13:58:22.409000 2608037 torch/_dynamo/variables/tensor.py:1379] [4/0]   File "/work/aupai/model.py", line 2642, in forward
[rank7]:W0910 13:58:22.409000 2608037 torch/_dynamo/variables/tensor.py:1379] [4/0]     hidden = self.norm(self._body(emb, cu))
[rank7]:W0910 13:58:22.409000 2608037 torch/_dynamo/variables/tensor.py:1379] [4/0]   File "/work/aupai/model.py", line 2557, in _body
[rank7]:W0910 13:58:22.409000 2608037 torch/_dynamo/variables/tensor.py:1379] [4/0]     x = torch.utils.checkpoint.checkpoint(b, x, cu, use_reentrant=False) if ckpt else b(x, cu)
[rank7]:W0910 13:58:22.409000 2608037 torch/_dynamo/variables/tensor.py:1379] [4/0]   File "/work/aupai/model.py", line 2129, in forward
[rank7]:W0910 13:58:22.409000 2608037 torch/_dynamo/variables/tensor.py:1379] [4/0]     x = x + self.mixer(self.n1(x), cu)
[rank7]:W0910 13:58:22.409000 2608037 torch/_dynamo/variables/tensor.py:1379] [4/0]   File "/work/aupai/model.py", line 1030, in forward
[rank7]:W0910 13:58:22.409000 2608037 torch/_dynamo/variables/tensor.py:1379] [4/0]     y = self.csa(q, k, v, cu, x, getattr(self, "_pkg", None))
[rank7]:W0910 13:58:22.409000 2608037 torch/_dynamo/variables/tensor.py:1379] [4/0]   File "/work/aupai/model.py", line 520, in forward
[rank7]:W0910 13:58:22.409000 2608037 torch/_dynamo/variables/tensor.py:1379] [4/0]     return self._forward_csa2(q, k, v, cu, x)
[rank7]:W0910 13:58:22.409000 2608037 torch/_dynamo/variables/tensor.py:1379] [4/0]   File "/work/aupai/model.py", line 606, in _forward_csa2
[rank7]:W0910 13:58:22.409000 2608037 torch/_dynamo/variables/tensor.py:1379] [4/0]     kc, vc, vis, doc = entries_per_doc(q, kh, vh, cu, self.m,
[rank7]:W0910 13:58:22.409000 2608037 torch/_dynamo/variables/tensor.py:1379] [4/0]   File "/work/aupai/model.py", line 369, in entries_per_doc
[rank7]:W0910 13:58:22.409000 2608037 torch/_dynamo/variables/tensor.py:1379] [4/0]     block_id, doc, vis, NB = _doc_blocks(q, cu, m)
[rank7]:W0910 13:58:22.409000 2608037 torch/_dynamo/variables/tensor.py:1379] [4/0]   File "/work/aupai/model.py", line 303, in _doc_blocks
[rank7]:W0910 13:58:22.409000 2608037 torch/_dynamo/variables/tensor.py:1379] [4/0]     - offset[first_doc]).max().item())
[rank7]:W0910 13:58:22.409000 2608037 torch/_dynamo/variables/tensor.py:1379] [4/0] 
[rank7]:W0910 13:58:22.409000 2608037 torch/_dynamo/variables/tensor.py:1379] [4/0] 
[rank2]:W0910 13:58:27.153000 2608032 torch/_dynamo/convert_frame.py:2147] WON'T CONVERT forward /work/aupai/model.py line 981 
[rank2]:W0910 13:58:27.153000 2608032 torch/_dynamo/convert_frame.py:2147] due to: 
[rank2]:W0910 13:58:27.153000 2608032 torch/_dynamo/convert_frame.py:2147] Traceback (most recent call last):
[rank2]:W0910 13:58:27.153000 2608032 torch/_dynamo/convert_frame.py:2147]   File "/usr/local/lib/python3.12/dist-packages/torch/_dynamo/convert_frame.py", line 2052, in __call__
[rank2]:W0910 13:58:27.153000 2608032 torch/_dynamo/convert_frame.py:2147]     result = self._inner_convert(
[rank2]:W0910 13:58:27.153000 2608032 torch/_dynamo/convert_frame.py:2147]              ^^^^^^^^^^^^^^^^^^^^
[rank2]:W0910 13:58:27.153000 2608032 torch/_dynamo/convert_frame.py:2147]   File "/usr/local/lib/python3.12/dist-packages/torch/_dynamo/convert_frame.py", line 729, in __call__
[rank2]:W0910 13:58:27.153000 2608032 torch/_dynamo/convert_frame.py:2147]     result = _compile(
[rank2]:W0910 13:58:27.153000 2608032 torch/_dynamo/convert_frame.py:2147]              ^^^^^^^^^
[rank2]:W0910 13:58:27.153000 2608032 torch/_dynamo/convert_frame.py:2147]   File "/usr/local/lib/python3.12/dist-packages/torch/_dynamo/convert_frame.py", line 1827, in _compile
[rank2]:W0910 13:58:27.153000 2608032 torch/_dynamo/convert_frame.py:2147]     guarded_code, tracer_output = compile_inner(code, one_graph, hooks)
[rank2]:W0910 13:58:27.153000 2608032 torch/_dynamo/convert_frame.py:2147]                                   ^^^^^^^^^^^^^^^^^^^^^^^^^^^^^^^^^^^^^
[rank2]:W0910 13:58:27.153000 2608032 torch/_dynamo/convert_frame.py:2147]   File "/usr/local/lib/python3.12/dist-packages/torch/_utils_internal.py", line 96, in wrapper_function
[rank2]:W0910 13:58:27.153000 2608032 torch/_dynamo/convert_frame.py:2147]     return function(*args, **kwargs)
[rank2]:W0910 13:58:27.153000 2608032 torch/_dynamo/convert_frame.py:2147]            ^^^^^^^^^^^^^^^^^^^^^^^^^
[rank2]:W0910 13:58:27.153000 2608032 torch/_dynamo/convert_frame.py:2147]   File "/usr/local/lib/python3.12/dist-packages/torch/_dynamo/convert_frame.py", line 1500, in compile_inner
[rank2]:W0910 13:58:27.153000 2608032 torch/_dynamo/convert_frame.py:2147]     return _compile_inner(code, one_graph, hooks)
[rank2]:W0910 13:58:27.153000 2608032 torch/_dynamo/convert_frame.py:2147]            ^^^^^^^^^^^^^^^^^^^^^^^^^^^^^^^^^^^^^^
[rank2]:W0910 13:58:27.153000 2608032 torch/_dynamo/convert_frame.py:2147]   File "/usr/local/lib/python3.12/dist-packages/torch/_dynamo/convert_frame.py", line 1534, in _compile_inner
[rank2]:W0910 13:58:27.153000 2608032 torch/_dynamo/convert_frame.py:2147]     dynamo_output = compile_frame(
[rank2]:W0910 13:58:27.153000 2608032 torch/_dynamo/convert_frame.py:2147]                     ^^^^^^^^^^^^^^
[rank2]:W0910 13:58:27.153000 2608032 torch/_dynamo/convert_frame.py:2147]   File "/usr/local/lib/python3.12/dist-packages/torch/_dynamo/convert_frame.py", line 1408, in compile_frame
[rank2]:W0910 13:58:27.153000 2608032 torch/_dynamo/convert_frame.py:2147]     bytecode, tracer_output = transform_code_object(code, transform)
[rank2]:W0910 13:58:27.153000 2608032 torch/_dynamo/convert_frame.py:2147]                               ^^^^^^^^^^^^^^^^^^^^^^^^^^^^^^^^^^^^^^
[rank2]:W0910 13:58:27.153000 2608032 torch/_dynamo/convert_frame.py:2147]   File "/usr/local/lib/python3.12/dist-packages/torch/_dynamo/bytecode_transformation.py", line 1608, in transform_code_object
[rank2]:W0910 13:58:27.153000 2608032 torch/_dynamo/convert_frame.py:2147]     tracer_output = transformations(instructions, code_options)
[rank2]:W0910 13:58:27.153000 2608032 torch/_dynamo/convert_frame.py:2147]                     ^^^^^^^^^^^^^^^^^^^^^^^^^^^^^^^^^^^^^^^^^^^
[rank2]:W0910 13:58:27.153000 2608032 torch/_dynamo/convert_frame.py:2147]   File "/usr/local/lib/python3.12/dist-packages/torch/_dynamo/convert_frame.py", line 1380, in transform
[rank2]:W0910 13:58:27.153000 2608032 torch/_dynamo/convert_frame.py:2147]     tracer_output = trace_frame(
[rank2]:W0910 13:58:27.153000 2608032 torch/_dynamo/convert_frame.py:2147]                     ^^^^^^^^^^^^
[rank2]:W0910 13:58:27.153000 2608032 torch/_dynamo/convert_frame.py:2147]   File "/usr/local/lib/python3.12/dist-packages/torch/_dynamo/convert_frame.py", line 341, in _fn
[rank2]:W0910 13:58:27.153000 2608032 torch/_dynamo/convert_frame.py:2147]     return fn(*args, **kwargs)
[rank2]:W0910 13:58:27.153000 2608032 torch/_dynamo/convert_frame.py:2147]            ^^^^^^^^^^^^^^^^^^^
[rank2]:W0910 13:58:27.153000 2608032 torch/_dynamo/convert_frame.py:2147]   File "/usr/local/lib/python3.12/dist-packages/torch/_dynamo/convert_frame.py", line 863, in trace_frame
[rank2]:W0910 13:58:27.153000 2608032 torch/_dynamo/convert_frame.py:2147]     run_tracer()
[rank2]:W0910 13:58:27.153000 2608032 torch/_dynamo/convert_frame.py:2147]   File "/usr/local/lib/python3.12/dist-packages/torch/_dynamo/convert_frame.py", line 844, in run_tracer
[rank2]:W0910 13:58:27.153000 2608032 torch/_dynamo/convert_frame.py:2147]     tracer.run()
[rank2]:W0910 13:58:27.153000 2608032 torch/_dynamo/convert_frame.py:2147]   File "/usr/local/lib/python3.12/dist-packages/torch/_dynamo/symbolic_convert.py", line 1794, in run
[rank2]:W0910 13:58:27.153000 2608032 torch/_dynamo/convert_frame.py:2147]     while self.step():
[rank2]:W0910 13:58:27.153000 2608032 torch/_dynamo/convert_frame.py:2147]           ^^^^^^^^^^^
[rank2]:W0910 13:58:27.153000 2608032 torch/_dynamo/convert_frame.py:2147]   File "/usr/local/lib/python3.12/dist-packages/torch/_dynamo/symbolic_convert.py", line 1459, in step
[rank2]:W0910 13:58:27.153000 2608032 torch/_dynamo/convert_frame.py:2147]     self.dispatch_table[inst.opcode](self, inst)
[rank2]:W0910 13:58:27.153000 2608032 torch/_dynamo/convert_frame.py:2147]   File "/usr/local/lib/python3.12/dist-packages/torch/_dynamo/symbolic_convert.py", line 999, in wrapper
[rank2]:W0910 13:58:27.153000 2608032 torch/_dynamo/convert_frame.py:2147]     return handle_graph_break(self, inst, speculation.reason)
[rank2]:W0910 13:58:27.153000 2608032 torch/_dynamo/convert_frame.py:2147]            ^^^^^^^^^^^^^^^^^^^^^^^^^^^^^^^^^^^^^^^^^^^^^^^^^^
[rank2]:W0910 13:58:27.153000 2608032 torch/_dynamo/convert_frame.py:2147]   File "/usr/local/lib/python3.12/dist-packages/torch/_dynamo/symbolic_convert.py", line 1062, in handle_graph_break
[rank2]:W0910 13:58:27.153000 2608032 torch/_dynamo/convert_frame.py:2147]     all_stack_locals_metadata = self.output.compile_subgraph(
[rank2]:W0910 13:58:27.153000 2608032 torch/_dynamo/convert_frame.py:2147]                                 ^^^^^^^^^^^^^^^^^^^^^^^^^^^^^
[rank2]:W0910 13:58:27.153000 2608032 torch/_dynamo/convert_frame.py:2147]   File "/usr/local/lib/python3.12/dist-packages/torch/_dynamo/output_graph.py", line 1889, in compile_subgraph
[rank2]:W0910 13:58:27.153000 2608032 torch/_dynamo/convert_frame.py:2147]     self.compile_and_call_fx_graph(tx, pass2.graph_output_vars(), root)
[rank2]:W0910 13:58:27.153000 2608032 torch/_dynamo/convert_frame.py:2147]   File "/usr/local/lib/python3.12/dist-packages/torch/_dynamo/output_graph.py", line 2460, in compile_and_call_fx_graph
[rank2]:W0910 13:58:27.153000 2608032 torch/_dynamo/convert_frame.py:2147]     compiled_fn = self.call_user_compiler(gm, self.example_inputs())
[rank2]:W0910 13:58:27.153000 2608032 torch/_dynamo/convert_frame.py:2147]                   ^^^^^^^^^^^^^^^^^^^^^^^^^^^^^^^^^^^^^^^^^^^^^^^^^^
[rank2]:W0910 13:58:27.153000 2608032 torch/_dynamo/convert_frame.py:2147]   File "/usr/local/lib/python3.12/dist-packages/torch/_dynamo/output_graph.py", line 2613, in call_user_compiler
[rank2]:W0910 13:58:27.153000 2608032 torch/_dynamo/convert_frame.py:2147]     return self._call_user_compiler(gm, example_inputs)
[rank2]:W0910 13:58:27.153000 2608032 torch/_dynamo/convert_frame.py:2147]            ^^^^^^^^^^^^^^^^^^^^^^^^^^^^^^^^^^^^^^^^^^^^
[rank2]:W0910 13:58:27.153000 2608032 torch/_dynamo/convert_frame.py:2147]   File "/usr/local/lib/python3.12/dist-packages/torch/_dynamo/output_graph.py", line 2664, in _call_user_compiler
[rank2]:W0910 13:58:27.153000 2608032 torch/_dynamo/convert_frame.py:2147]     compiled_fn = compiler_fn(gm, example_inputs)
[rank2]:W0910 13:58:27.153000 2608032 torch/_dynamo/convert_frame.py:2147]                   ^^^^^^^^^^^^^^^^^^^^^^^^^^^^^^^
[rank2]:W0910 13:58:27.153000 2608032 torch/_dynamo/convert_frame.py:2147]   File "/usr/local/lib/python3.12/dist-packages/torch/_dynamo/backends/distributed.py", line 616, in compile_fn
[rank2]:W0910 13:58:27.153000 2608032 torch/_dynamo/convert_frame.py:2147]     submod_compiler.run(*example_inputs)
[rank2]:W0910 13:58:27.153000 2608032 torch/_dynamo/convert_frame.py:2147]   File "/usr/local/lib/python3.12/dist-packages/torch/fx/interpreter.py", line 200, in run
[rank2]:W0910 13:58:27.153000 2608032 torch/_dynamo/convert_frame.py:2147]     self.env[node] = self.run_node(node)
[rank2]:W0910 13:58:27.153000 2608032 torch/_dynamo/convert_frame.py:2147]                      ^^^^^^^^^^^^^^^^^^^
[rank2]:W0910 13:58:27.153000 2608032 torch/_dynamo/convert_frame.py:2147]   File "/usr/local/lib/python3.12/dist-packages/torch/_dynamo/backends/distributed.py", line 327, in run_node
[rank2]:W0910 13:58:27.153000 2608032 torch/_dynamo/convert_frame.py:2147]     compiled_submod_real = self.compile_submod(real_mod, new_args, kwargs)
[rank2]:W0910 13:58:27.153000 2608032 torch/_dynamo/convert_frame.py:2147]                            ^^^^^^^^^^^^^^^^^^^^^^^^^^^^^^^^^^^^^^^^^^^^^^^
[rank2]:W0910 13:58:27.153000 2608032 torch/_dynamo/convert_frame.py:2147]   File "/usr/local/lib/python3.12/dist-packages/torch/_dynamo/backends/distributed.py", line 242, in compile_submod
[rank2]:W0910 13:58:27.153000 2608032 torch/_dynamo/convert_frame.py:2147]     self.compiler(input_mod, args),
[rank2]:W0910 13:58:27.153000 2608032 torch/_dynamo/convert_frame.py:2147]     ^^^^^^^^^^^^^^^^^^^^^^^^^^^^^^
[rank2]:W0910 13:58:27.153000 2608032 torch/_dynamo/convert_frame.py:2147]   File "/usr/local/lib/python3.12/dist-packages/torch/_dynamo/repro/after_dynamo.py", line 156, in __call__
[rank2]:W0910 13:58:27.153000 2608032 torch/_dynamo/convert_frame.py:2147]     compiled_gm = compiler_fn(gm, example_inputs)
[rank2]:W0910 13:58:27.153000 2608032 torch/_dynamo/convert_frame.py:2147]                   ^^^^^^^^^^^^^^^^^^^^^^^^^^^^^^^
[rank2]:W0910 13:58:27.153000 2608032 torch/_dynamo/convert_frame.py:2147]   File "/usr/local/lib/python3.12/dist-packages/torch/__init__.py", line 2461, in __call__
[rank2]:W0910 13:58:27.153000 2608032 torch/_dynamo/convert_frame.py:2147]     return compile_fx(model_, inputs_, config_patches=self.config)
[rank2]:W0910 13:58:27.153000 2608032 torch/_dynamo/convert_frame.py:2147]            ^^^^^^^^^^^^^^^^^^^^^^^^^^^^^^^^^^^^^^^^^^^^^^^^^^^^^^^
[rank2]:W0910 13:58:27.153000 2608032 torch/_dynamo/convert_frame.py:2147]   File "/usr/local/lib/python3.12/dist-packages/torch/_inductor/compile_fx.py", line 2578, in compile_fx
[rank2]:W0910 13:58:27.153000 2608032 torch/_dynamo/convert_frame.py:2147]     return _maybe_wrap_and_compile_fx_main(
[rank2]:W0910 13:58:27.153000 2608032 torch/_dynamo/convert_frame.py:2147]            ^^^^^^^^^^^^^^^^^^^^^^^^^^^^^^^^
[rank2]:W0910 13:58:27.153000 2608032 torch/_dynamo/convert_frame.py:2147]   File "/usr/local/lib/python3.12/dist-packages/torch/_inductor/compile_fx.py", line 2655, in _maybe_wrap_and_compile_fx_main
[rank2]:W0910 13:58:27.153000 2608032 torch/_dynamo/convert_frame.py:2147]     return _compile_fx_main(
[rank2]:W0910 13:58:27.153000 2608032 torch/_dynamo/convert_frame.py:2147]            ^^^^^^^^^^^^^^^^^
[rank2]:W0910 13:58:27.153000 2608032 torch/_dynamo/convert_frame.py:2147]   File "/usr/local/lib/python3.12/dist-packages/torch/_inductor/compile_fx.py", line 2864, in _compile_fx_main
[rank2]:W0910 13:58:27.153000 2608032 torch/_dynamo/convert_frame.py:2147]     raise e.remove_dynamo_frames() from None  # see TORCHDYNAMO_VERBOSE=1
[rank2]:W0910 13:58:27.153000 2608032 torch/_dynamo/convert_frame.py:2147]     ^^^^^^^^^^^^^^^^^^^^^^^^^^^^^^^^^^^^^^^^
[rank2]:W0910 13:58:27.153000 2608032 torch/_dynamo/convert_frame.py:2147]   File "/usr/local/lib/python3.12/dist-packages/torch/_inductor/compile_fx.py", line 1053, in _compile_fx_inner
[rank2]:W0910 13:58:27.153000 2608032 torch/_dynamo/convert_frame.py:2147]     raise InductorError(e, currentframe()).with_traceback(
[rank2]:W0910 13:58:27.153000 2608032 torch/_dynamo/convert_frame.py:2147]   File "/usr/local/lib/python3.12/dist-packages/torch/_inductor/compile_fx.py", line 1037, in _compile_fx_inner
[rank2]:W0910 13:58:27.153000 2608032 torch/_dynamo/convert_frame.py:2147]     mb_compiled_graph = fx_codegen_and_compile(
[rank2]:W0910 13:58:27.153000 2608032 torch/_dynamo/convert_frame.py:2147]                         ^^^^^^^^^^^^^^^^^^^^^^^
[rank2]:W0910 13:58:27.153000 2608032 torch/_dynamo/convert_frame.py:2147]   File "/usr/local/lib/python3.12/dist-packages/torch/_inductor/compile_fx.py", line 1798, in fx_codegen_and_compile
[rank2]:W0910 13:58:27.153000 2608032 torch/_dynamo/convert_frame.py:2147]     return scheme.codegen_and_compile(gm, example_inputs, inputs_to_check, graph_kwargs)
[rank2]:W0910 13:58:27.153000 2608032 torch/_dynamo/convert_frame.py:2147]            ^^^^^^^^^^^^^^^^^^^^^^^^^^^^^^^^^^^^^^^^^^^^^^^^^^^^^^^^^^^^^^^^^^^^^^^^^^^^^
[rank2]:W0910 13:58:27.153000 2608032 torch/_dynamo/convert_frame.py:2147]   File "/usr/local/lib/python3.12/dist-packages/torch/_inductor/compile_fx.py", line 1485, in codegen_and_compile
[rank2]:W0910 13:58:27.153000 2608032 torch/_dynamo/convert_frame.py:2147]     graph.run(*example_inputs)
[rank2]:W0910 13:58:27.153000 2608032 torch/_dynamo/convert_frame.py:2147]   File "/usr/local/lib/python3.12/dist-packages/torch/_inductor/graph.py", line 1025, in run
[rank2]:W0910 13:58:27.153000 2608032 torch/_dynamo/convert_frame.py:2147]     return super().run(*args)
[rank2]:W0910 13:58:27.153000 2608032 torch/_dynamo/convert_frame.py:2147]            ^^^^^^^^^^^^^^^^^^
[rank2]:W0910 13:58:27.153000 2608032 torch/_dynamo/convert_frame.py:2147]   File "/usr/local/lib/python3.12/dist-packages/torch/fx/interpreter.py", line 200, in run
[rank2]:W0910 13:58:27.153000 2608032 torch/_dynamo/convert_frame.py:2147]     self.env[node] = self.run_node(node)
[rank2]:W0910 13:58:27.153000 2608032 torch/_dynamo/convert_frame.py:2147]                      ^^^^^^^^^^^^^^^^^^^
[rank2]:W0910 13:58:27.153000 2608032 torch/_dynamo/convert_frame.py:2147]   File "/usr/local/lib/python3.12/dist-packages/torch/_inductor/graph.py", line 1997, in run_node
[rank2]:W0910 13:58:27.153000 2608032 torch/_dynamo/convert_frame.py:2147]     self.register_users_of(result)
[rank2]:W0910 13:58:27.153000 2608032 torch/_dynamo/convert_frame.py:2147]   File "/usr/local/lib/python3.12/dist-packages/torch/_inductor/graph.py", line 1072, in register_users_of
[rank2]:W0910 13:58:27.153000 2608032 torch/_dynamo/convert_frame.py:2147]     register(node_output)
[rank2]:W0910 13:58:27.153000 2608032 torch/_dynamo/convert_frame.py:2147]   File "/usr/local/lib/python3.12/dist-packages/torch/_inductor/graph.py", line 1069, in register
[rank2]:W0910 13:58:27.153000 2608032 torch/_dynamo/convert_frame.py:2147]     for read_name in value.get_read_names():
[rank2]:W0910 13:58:27.153000 2608032 torch/_dynamo/convert_frame.py:2147]                      ^^^^^^^^^^^^^^^^^^^^^^
[rank2]:W0910 13:58:27.153000 2608032 torch/_dynamo/convert_frame.py:2147]   File "/usr/local/lib/python3.12/dist-packages/torch/_inductor/ir.py", line 8658, in get_read_names
[rank2]:W0910 13:58:27.153000 2608032 torch/_dynamo/convert_frame.py:2147]     return self.data.get_read_names()
[rank2]:W0910 13:58:27.153000 2608032 torch/_dynamo/convert_frame.py:2147]            ^^^^^^^^^^^^^^^^^^^^^^^^^^
[rank2]:W0910 13:58:27.153000 2608032 torch/_dynamo/convert_frame.py:2147]   File "/usr/local/lib/python3.12/dist-packages/torch/_inductor/ir.py", line 8658, in get_read_names
[rank2]:W0910 13:58:27.153000 2608032 torch/_dynamo/convert_frame.py:2147]     return self.data.get_read_names()
[rank2]:W0910 13:58:27.153000 2608032 torch/_dynamo/convert_frame.py:2147]            ^^^^^^^^^^^^^^^^^^^^^^^^^^
[rank2]:W0910 13:58:27.153000 2608032 torch/_dynamo/convert_frame.py:2147]   File "/usr/local/lib/python3.12/dist-packages/torch/_inductor/ir.py", line 4766, in get_read_names
[rank2]:W0910 13:58:27.153000 2608032 torch/_dynamo/convert_frame.py:2147]     return self.data.get_read_names()
[rank2]:W0910 13:58:27.153000 2608032 torch/_dynamo/convert_frame.py:2147]            ^^^^^^^^^^^^^^^^^^^^^^^^^^
[rank2]:W0910 13:58:27.153000 2608032 torch/_dynamo/convert_frame.py:2147]   File "/usr/local/lib/python3.12/dist-packages/torch/_inductor/ir.py", line 1042, in get_read_names
[rank2]:W0910 13:58:27.153000 2608032 torch/_dynamo/convert_frame.py:2147]     return OrderedSet(self.inner_fn_opcount().read_buffers)
[rank2]:W0910 13:58:27.153000 2608032 torch/_dynamo/convert_frame.py:2147]                       ^^^^^^^^^^^^^^^^^^^^^^^
[rank2]:W0910 13:58:27.153000 2608032 torch/_dynamo/convert_frame.py:2147]   File "<string>", line 6, in inner_fn_opcount_cache_on_self
[rank2]:W0910 13:58:27.153000 2608032 torch/_dynamo/convert_frame.py:2147]   File "/usr/local/lib/python3.12/dist-packages/torch/_inductor/ir.py", line 1005, in inner_fn_opcount
[rank2]:W0910 13:58:27.153000 2608032 torch/_dynamo/convert_frame.py:2147]     self.inner_fn(*self.inner_fn_args())
[rank2]:W0910 13:58:27.153000 2608032 torch/_dynamo/convert_frame.py:2147]   File "/usr/local/lib/python3.12/dist-packages/torch/_inductor/lowering.py", line 2735, in inner_fn
[rank2]:W0910 13:58:27.153000 2608032 torch/_dynamo/convert_frame.py:2147]     _boundaries_helper(boundaries),
[rank2]:W0910 13:58:27.153000 2608032 torch/_dynamo/convert_frame.py:2147]     ^^^^^^^^^^^^^^^^^^^^^^^^^^^^^^
[rank2]:W0910 13:58:27.153000 2608032 torch/_dynamo/convert_frame.py:2147]   File "/usr/local/lib/python3.12/dist-packages/torch/_inductor/lowering.py", line 2589, in _boundaries_helper
[rank2]:W0910 13:58:27.153000 2608032 torch/_dynamo/convert_frame.py:2147]     stride = tb.get_stride()
[rank2]:W0910 13:58:27.153000 2608032 torch/_dynamo/convert_frame.py:2147]              ^^^^^^^^^^^^^^^
[rank2]:W0910 13:58:27.153000 2608032 torch/_dynamo/convert_frame.py:2147]   File "/usr/local/lib/python3.12/dist-packages/torch/_inductor/ir.py", line 8573, in get_stride
[rank2]:W0910 13:58:27.153000 2608032 torch/_dynamo/convert_frame.py:2147]     return self.data.get_stride()
[rank2]:W0910 13:58:27.153000 2608032 torch/_dynamo/convert_frame.py:2147]            ^^^^^^^^^^^^^^^^^^^^^^
[rank2]:W0910 13:58:27.153000 2608032 torch/_dynamo/convert_frame.py:2147]   File "/usr/local/lib/python3.12/dist-packages/torch/_inductor/ir.py", line 758, in get_stride
[rank2]:W0910 13:58:27.153000 2608032 torch/_dynamo/convert_frame.py:2147]     raise NotImplementedError(type(self).__name__)
[rank2]:W0910 13:58:27.153000 2608032 torch/_dynamo/convert_frame.py:2147] torch._inductor.exc.InductorError: NotImplementedError: SliceView
[rank2]:W0910 13:58:27.153000 2608032 torch/_dynamo/convert_frame.py:2147] 
[rank2]:W0910 13:58:27.153000 2608032 torch/_dynamo/convert_frame.py:2147] While executing %submod_1 : [num_users=4] = call_module[target=submod_1](args = (%l_self_modules_qg_parameters_weight_, %getitem, %getitem_1, %getitem_2, %l_cu_, %s42, %l_self_modules_rope_buffers_inv_freq_), kwargs = {})
[rank2]:W0910 13:58:27.153000 2608032 torch/_dynamo/convert_frame.py:2147] Original traceback:
[rank2]:W0910 13:58:27.153000 2608032 torch/_dynamo/convert_frame.py:2147] None
[rank2]:W0910 13:58:27.153000 2608032 torch/_dynamo/convert_frame.py:2147] Use tlparse to see full graph. (https://github.com/pytorch/tlparse?tab=readme-ov-file#tlparse-parse-structured-pt2-logs)
[rank2]:W0910 13:58:27.153000 2608032 torch/_dynamo/convert_frame.py:2147] 
[rank2]:W0910 13:58:27.153000 2608032 torch/_dynamo/convert_frame.py:2147] Set TORCHDYNAMO_VERBOSE=1 for the internal stack trace (please do this especially if you're reporting a bug to PyTorch). For even more developer context, set TORCH_LOGS="+dynamo"
[rank2]:W0910 13:58:27.153000 2608032 torch/_dynamo/convert_frame.py:2147] 
[rank2]:W0910 13:58:27.153000 2608032 torch/_dynamo/convert_frame.py:2147] Traceback (most recent call last):
[rank2]:W0910 13:58:27.153000 2608032 torch/_dynamo/convert_frame.py:2147]   File "/usr/local/lib/python3.12/dist-packages/torch/_dynamo/convert_frame.py", line 2052, in __call__
[rank2]:W0910 13:58:27.153000 2608032 torch/_dynamo/convert_frame.py:2147]     result = self._inner_convert(
[rank2]:W0910 13:58:27.153000 2608032 torch/_dynamo/convert_frame.py:2147]              ^^^^^^^^^^^^^^^^^^^^
[rank2]:W0910 13:58:27.153000 2608032 torch/_dynamo/convert_frame.py:2147]   File "/usr/local/lib/python3.12/dist-packages/torch/_dynamo/convert_frame.py", line 729, in __call__
[rank2]:W0910 13:58:27.153000 2608032 torch/_dynamo/convert_frame.py:2147]     result = _compile(
[rank2]:W0910 13:58:27.153000 2608032 torch/_dynamo/convert_frame.py:2147]              ^^^^^^^^^
[rank2]:W0910 13:58:27.153000 2608032 torch/_dynamo/convert_frame.py:2147]   File "/usr/local/lib/python3.12/dist-packages/torch/_dynamo/convert_frame.py", line 1827, in _compile
[rank2]:W0910 13:58:27.153000 2608032 torch/_dynamo/convert_frame.py:2147]     guarded_code, tracer_output = compile_inner(code, one_graph, hooks)
[rank2]:W0910 13:58:27.153000 2608032 torch/_dynamo/convert_frame.py:2147]                                   ^^^^^^^^^^^^^^^^^^^^^^^^^^^^^^^^^^^^^
[rank2]:W0910 13:58:27.153000 2608032 torch/_dynamo/convert_frame.py:2147]   File "/usr/local/lib/python3.12/dist-packages/torch/_utils_internal.py", line 96, in wrapper_function
[rank2]:W0910 13:58:27.153000 2608032 torch/_dynamo/convert_frame.py:2147]     return function(*args, **kwargs)
[rank2]:W0910 13:58:27.153000 2608032 torch/_dynamo/convert_frame.py:2147]            ^^^^^^^^^^^^^^^^^^^^^^^^^
[rank2]:W0910 13:58:27.153000 2608032 torch/_dynamo/convert_frame.py:2147]   File "/usr/local/lib/python3.12/dist-packages/torch/_dynamo/convert_frame.py", line 1500, in compile_inner
[rank2]:W0910 13:58:27.153000 2608032 torch/_dynamo/convert_frame.py:2147]     return _compile_inner(code, one_graph, hooks)
[rank2]:W0910 13:58:27.153000 2608032 torch/_dynamo/convert_frame.py:2147]            ^^^^^^^^^^^^^^^^^^^^^^^^^^^^^^^^^^^^^^
[rank2]:W0910 13:58:27.153000 2608032 torch/_dynamo/convert_frame.py:2147]   File "/usr/local/lib/python3.12/dist-packages/torch/_dynamo/convert_frame.py", line 1534, in _compile_inner
[rank2]:W0910 13:58:27.153000 2608032 torch/_dynamo/convert_frame.py:2147]     dynamo_output = compile_frame(
[rank2]:W0910 13:58:27.153000 2608032 torch/_dynamo/convert_frame.py:2147]                     ^^^^^^^^^^^^^^
[rank2]:W0910 13:58:27.153000 2608032 torch/_dynamo/convert_frame.py:2147]   File "/usr/local/lib/python3.12/dist-packages/torch/_dynamo/convert_frame.py", line 1408, in compile_frame
[rank2]:W0910 13:58:27.153000 2608032 torch/_dynamo/convert_frame.py:2147]     bytecode, tracer_output = transform_code_object(code, transform)
[rank2]:W0910 13:58:27.153000 2608032 torch/_dynamo/convert_frame.py:2147]                               ^^^^^^^^^^^^^^^^^^^^^^^^^^^^^^^^^^^^^^
[rank2]:W0910 13:58:27.153000 2608032 torch/_dynamo/convert_frame.py:2147]   File "/usr/local/lib/python3.12/dist-packages/torch/_dynamo/bytecode_transformation.py", line 1608, in transform_code_object
[rank2]:W0910 13:58:27.153000 2608032 torch/_dynamo/convert_frame.py:2147]     tracer_output = transformations(instructions, code_options)
[rank2]:W0910 13:58:27.153000 2608032 torch/_dynamo/convert_frame.py:2147]                     ^^^^^^^^^^^^^^^^^^^^^^^^^^^^^^^^^^^^^^^^^^^
[rank2]:W0910 13:58:27.153000 2608032 torch/_dynamo/convert_frame.py:2147]   File "/usr/local/lib/python3.12/dist-packages/torch/_dynamo/convert_frame.py", line 1380, in transform
[rank2]:W0910 13:58:27.153000 2608032 torch/_dynamo/convert_frame.py:2147]     tracer_output = trace_frame(
[rank2]:W0910 13:58:27.153000 2608032 torch/_dynamo/convert_frame.py:2147]                     ^^^^^^^^^^^^
[rank2]:W0910 13:58:27.153000 2608032 torch/_dynamo/convert_frame.py:2147]   File "/usr/local/lib/python3.12/dist-packages/torch/_dynamo/convert_frame.py", line 341, in _fn
[rank2]:W0910 13:58:27.153000 2608032 torch/_dynamo/convert_frame.py:2147]     return fn(*args, **kwargs)
[rank2]:W0910 13:58:27.153000 2608032 torch/_dynamo/convert_frame.py:2147]            ^^^^^^^^^^^^^^^^^^^
[rank2]:W0910 13:58:27.153000 2608032 torch/_dynamo/convert_frame.py:2147]   File "/usr/local/lib/python3.12/dist-packages/torch/_dynamo/convert_frame.py", line 863, in trace_frame
[rank2]:W0910 13:58:27.153000 2608032 torch/_dynamo/convert_frame.py:2147]     run_tracer()
[rank2]:W0910 13:58:27.153000 2608032 torch/_dynamo/convert_frame.py:2147]   File "/usr/local/lib/python3.12/dist-packages/torch/_dynamo/convert_frame.py", line 844, in run_tracer
[rank2]:W0910 13:58:27.153000 2608032 torch/_dynamo/convert_frame.py:2147]     tracer.run()
[rank2]:W0910 13:58:27.153000 2608032 torch/_dynamo/convert_frame.py:2147]   File "/usr/local/lib/python3.12/dist-packages/torch/_dynamo/symbolic_convert.py", line 1794, in run
[rank2]:W0910 13:58:27.153000 2608032 torch/_dynamo/convert_frame.py:2147]     while self.step():
[rank2]:W0910 13:58:27.153000 2608032 torch/_dynamo/convert_frame.py:2147]           ^^^^^^^^^^^
[rank2]:W0910 13:58:27.153000 2608032 torch/_dynamo/convert_frame.py:2147]   File "/usr/local/lib/python3.12/dist-packages/torch/_dynamo/symbolic_convert.py", line 1459, in step
[rank2]:W0910 13:58:27.153000 2608032 torch/_dynamo/convert_frame.py:2147]     self.dispatch_table[inst.opcode](self, inst)
[rank2]:W0910 13:58:27.153000 2608032 torch/_dynamo/convert_frame.py:2147]   File "/usr/local/lib/python3.12/dist-packages/torch/_dynamo/symbolic_convert.py", line 999, in wrapper
[rank2]:W0910 13:58:27.153000 2608032 torch/_dynamo/convert_frame.py:2147]     return handle_graph_break(self, inst, speculation.reason)
[rank2]:W0910 13:58:27.153000 2608032 torch/_dynamo/convert_frame.py:2147]            ^^^^^^^^^^^^^^^^^^^^^^^^^^^^^^^^^^^^^^^^^^^^^^^^^^
[rank2]:W0910 13:58:27.153000 2608032 torch/_dynamo/convert_frame.py:2147]   File "/usr/local/lib/python3.12/dist-packages/torch/_dynamo/symbolic_convert.py", line 1062, in handle_graph_break
[rank2]:W0910 13:58:27.153000 2608032 torch/_dynamo/convert_frame.py:2147]     all_stack_locals_metadata = self.output.compile_subgraph(
[rank2]:W0910 13:58:27.153000 2608032 torch/_dynamo/convert_frame.py:2147]                                 ^^^^^^^^^^^^^^^^^^^^^^^^^^^^^
[rank2]:W0910 13:58:27.153000 2608032 torch/_dynamo/convert_frame.py:2147]   File "/usr/local/lib/python3.12/dist-packages/torch/_dynamo/output_graph.py", line 1889, in compile_subgraph
[rank2]:W0910 13:58:27.153000 2608032 torch/_dynamo/convert_frame.py:2147]     self.compile_and_call_fx_graph(tx, pass2.graph_output_vars(), root)
[rank2]:W0910 13:58:27.153000 2608032 torch/_dynamo/convert_frame.py:2147]   File "/usr/local/lib/python3.12/dist-packages/torch/_dynamo/output_graph.py", line 2460, in compile_and_call_fx_graph
[rank2]:W0910 13:58:27.153000 2608032 torch/_dynamo/convert_frame.py:2147]     compiled_fn = self.call_user_compiler(gm, self.example_inputs())
[rank2]:W0910 13:58:27.153000 2608032 torch/_dynamo/convert_frame.py:2147]                   ^^^^^^^^^^^^^^^^^^^^^^^^^^^^^^^^^^^^^^^^^^^^^^^^^^
[rank2]:W0910 13:58:27.153000 2608032 torch/_dynamo/convert_frame.py:2147]   File "/usr/local/lib/python3.12/dist-packages/torch/_dynamo/output_graph.py", line 2613, in call_user_compiler
[rank2]:W0910 13:58:27.153000 2608032 torch/_dynamo/convert_frame.py:2147]     return self._call_user_compiler(gm, example_inputs)
[rank2]:W0910 13:58:27.153000 2608032 torch/_dynamo/convert_frame.py:2147]            ^^^^^^^^^^^^^^^^^^^^^^^^^^^^^^^^^^^^^^^^^^^^
[rank2]:W0910 13:58:27.153000 2608032 torch/_dynamo/convert_frame.py:2147]   File "/usr/local/lib/python3.12/dist-packages/torch/_dynamo/output_graph.py", line 2664, in _call_user_compiler
[rank2]:W0910 13:58:27.153000 2608032 torch/_dynamo/convert_frame.py:2147]     compiled_fn = compiler_fn(gm, example_inputs)
[rank2]:W0910 13:58:27.153000 2608032 torch/_dynamo/convert_frame.py:2147]                   ^^^^^^^^^^^^^^^^^^^^^^^^^^^^^^^
[rank2]:W0910 13:58:27.153000 2608032 torch/_dynamo/convert_frame.py:2147]   File "/usr/local/lib/python3.12/dist-packages/torch/_dynamo/backends/distributed.py", line 616, in compile_fn
[rank2]:W0910 13:58:27.153000 2608032 torch/_dynamo/convert_frame.py:2147]     submod_compiler.run(*example_inputs)
[rank2]:W0910 13:58:27.153000 2608032 torch/_dynamo/convert_frame.py:2147]   File "/usr/local/lib/python3.12/dist-packages/torch/fx/interpreter.py", line 200, in run
[rank2]:W0910 13:58:27.153000 2608032 torch/_dynamo/convert_frame.py:2147]     self.env[node] = self.run_node(node)
[rank2]:W0910 13:58:27.153000 2608032 torch/_dynamo/convert_frame.py:2147]                      ^^^^^^^^^^^^^^^^^^^
[rank2]:W0910 13:58:27.153000 2608032 torch/_dynamo/convert_frame.py:2147]   File "/usr/local/lib/python3.12/dist-packages/torch/_dynamo/backends/distributed.py", line 327, in run_node
[rank2]:W0910 13:58:27.153000 2608032 torch/_dynamo/convert_frame.py:2147]     compiled_submod_real = self.compile_submod(real_mod, new_args, kwargs)
[rank2]:W0910 13:58:27.153000 2608032 torch/_dynamo/convert_frame.py:2147]                            ^^^^^^^^^^^^^^^^^^^^^^^^^^^^^^^^^^^^^^^^^^^^^^^
[rank2]:W0910 13:58:27.153000 2608032 torch/_dynamo/convert_frame.py:2147]   File "/usr/local/lib/python3.12/dist-packages/torch/_dynamo/backends/distributed.py", line 242, in compile_submod
[rank2]:W0910 13:58:27.153000 2608032 torch/_dynamo/convert_frame.py:2147]     self.compiler(input_mod, args),
[rank2]:W0910 13:58:27.153000 2608032 torch/_dynamo/convert_frame.py:2147]     ^^^^^^^^^^^^^^^^^^^^^^^^^^^^^^
[rank2]:W0910 13:58:27.153000 2608032 torch/_dynamo/convert_frame.py:2147]   File "/usr/local/lib/python3.12/dist-packages/torch/_dynamo/repro/after_dynamo.py", line 156, in __call__
[rank2]:W0910 13:58:27.153000 2608032 torch/_dynamo/convert_frame.py:2147]     compiled_gm = compiler_fn(gm, example_inputs)
[rank2]:W0910 13:58:27.153000 2608032 torch/_dynamo/convert_frame.py:2147]                   ^^^^^^^^^^^^^^^^^^^^^^^^^^^^^^^
[rank2]:W0910 13:58:27.153000 2608032 torch/_dynamo/convert_frame.py:2147]   File "/usr/local/lib/python3.12/dist-packages/torch/__init__.py", line 2461, in __call__
[rank2]:W0910 13:58:27.153000 2608032 torch/_dynamo/convert_frame.py:2147]     return compile_fx(model_, inputs_, config_patches=self.config)
[rank2]:W0910 13:58:27.153000 2608032 torch/_dynamo/convert_frame.py:2147]            ^^^^^^^^^^^^^^^^^^^^^^^^^^^^^^^^^^^^^^^^^^^^^^^^^^^^^^^
[rank2]:W0910 13:58:27.153000 2608032 torch/_dynamo/convert_frame.py:2147]   File "/usr/local/lib/python3.12/dist-packages/torch/_inductor/compile_fx.py", line 2578, in compile_fx
[rank2]:W0910 13:58:27.153000 2608032 torch/_dynamo/convert_frame.py:2147]     return _maybe_wrap_and_compile_fx_main(
[rank2]:W0910 13:58:27.153000 2608032 torch/_dynamo/convert_frame.py:2147]            ^^^^^^^^^^^^^^^^^^^^^^^^^^^^^^^^
[rank2]:W0910 13:58:27.153000 2608032 torch/_dynamo/convert_frame.py:2147]   File "/usr/local/lib/python3.12/dist-packages/torch/_inductor/compile_fx.py", line 2655, in _maybe_wrap_and_compile_fx_main
[rank2]:W0910 13:58:27.153000 2608032 torch/_dynamo/convert_frame.py:2147]     return _compile_fx_main(
[rank2]:W0910 13:58:27.153000 2608032 torch/_dynamo/convert_frame.py:2147]            ^^^^^^^^^^^^^^^^^
[rank2]:W0910 13:58:27.153000 2608032 torch/_dynamo/convert_frame.py:2147]   File "/usr/local/lib/python3.12/dist-packages/torch/_inductor/compile_fx.py", line 2864, in _compile_fx_main
[rank2]:W0910 13:58:27.153000 2608032 torch/_dynamo/convert_frame.py:2147]     raise e.remove_dynamo_frames() from None  # see TORCHDYNAMO_VERBOSE=1
[rank2]:W0910 13:58:27.153000 2608032 torch/_dynamo/convert_frame.py:2147]     ^^^^^^^^^^^^^^^^^^^^^^^^^^^^^^^^^^^^^^^^
[rank2]:W0910 13:58:27.153000 2608032 torch/_dynamo/convert_frame.py:2147]   File "/usr/local/lib/python3.12/dist-packages/torch/_inductor/compile_fx.py", line 1053, in _compile_fx_inner
[rank2]:W0910 13:58:27.153000 2608032 torch/_dynamo/convert_frame.py:2147]     raise InductorError(e, currentframe()).with_traceback(
[rank2]:W0910 13:58:27.153000 2608032 torch/_dynamo/convert_frame.py:2147]   File "/usr/local/lib/python3.12/dist-packages/torch/_inductor/compile_fx.py", line 1037, in _compile_fx_inner
[rank2]:W0910 13:58:27.153000 2608032 torch/_dynamo/convert_frame.py:2147]     mb_compiled_graph = fx_codegen_and_compile(
[rank2]:W0910 13:58:27.153000 2608032 torch/_dynamo/convert_frame.py:2147]                         ^^^^^^^^^^^^^^^^^^^^^^^
[rank2]:W0910 13:58:27.153000 2608032 torch/_dynamo/convert_frame.py:2147]   File "/usr/local/lib/python3.12/dist-packages/torch/_inductor/compile_fx.py", line 1798, in fx_codegen_and_compile
[rank2]:W0910 13:58:27.153000 2608032 torch/_dynamo/convert_frame.py:2147]     return scheme.codegen_and_compile(gm, example_inputs, inputs_to_check, graph_kwargs)
[rank2]:W0910 13:58:27.153000 2608032 torch/_dynamo/convert_frame.py:2147]            ^^^^^^^^^^^^^^^^^^^^^^^^^^^^^^^^^^^^^^^^^^^^^^^^^^^^^^^^^^^^^^^^^^^^^^^^^^^^^
[rank2]:W0910 13:58:27.153000 2608032 torch/_dynamo/convert_frame.py:2147]   File "/usr/local/lib/python3.12/dist-packages/torch/_inductor/compile_fx.py", line 1485, in codegen_and_compile
[rank2]:W0910 13:58:27.153000 2608032 torch/_dynamo/convert_frame.py:2147]     graph.run(*example_inputs)
[rank2]:W0910 13:58:27.153000 2608032 torch/_dynamo/convert_frame.py:2147]   File "/usr/local/lib/python3.12/dist-packages/torch/_inductor/graph.py", line 1025, in run
[rank2]:W0910 13:58:27.153000 2608032 torch/_dynamo/convert_frame.py:2147]     return super().run(*args)
[rank2]:W0910 13:58:27.153000 2608032 torch/_dynamo/convert_frame.py:2147]            ^^^^^^^^^^^^^^^^^^
[rank2]:W0910 13:58:27.153000 2608032 torch/_dynamo/convert_frame.py:2147]   File "/usr/local/lib/python3.12/dist-packages/torch/fx/interpreter.py", line 200, in run
[rank2]:W0910 13:58:27.153000 2608032 torch/_dynamo/convert_frame.py:2147]     self.env[node] = self.run_node(node)
[rank2]:W0910 13:58:27.153000 2608032 torch/_dynamo/convert_frame.py:2147]                      ^^^^^^^^^^^^^^^^^^^
[rank2]:W0910 13:58:27.153000 2608032 torch/_dynamo/convert_frame.py:2147]   File "/usr/local/lib/python3.12/dist-packages/torch/_inductor/graph.py", line 1997, in run_node
[rank2]:W0910 13:58:27.153000 2608032 torch/_dynamo/convert_frame.py:2147]     self.register_users_of(result)
[rank2]:W0910 13:58:27.153000 2608032 torch/_dynamo/convert_frame.py:2147]   File "/usr/local/lib/python3.12/dist-packages/torch/_inductor/graph.py", line 1072, in register_users_of
[rank2]:W0910 13:58:27.153000 2608032 torch/_dynamo/convert_frame.py:2147]     register(node_output)
[rank2]:W0910 13:58:27.153000 2608032 torch/_dynamo/convert_frame.py:2147]   File "/usr/local/lib/python3.12/dist-packages/torch/_inductor/graph.py", line 1069, in register
[rank2]:W0910 13:58:27.153000 2608032 torch/_dynamo/convert_frame.py:2147]     for read_name in value.get_read_names():
[rank2]:W0910 13:58:27.153000 2608032 torch/_dynamo/convert_frame.py:2147]                      ^^^^^^^^^^^^^^^^^^^^^^
[rank2]:W0910 13:58:27.153000 2608032 torch/_dynamo/convert_frame.py:2147]   File "/usr/local/lib/python3.12/dist-packages/torch/_inductor/ir.py", line 8658, in get_read_names
[rank2]:W0910 13:58:27.153000 2608032 torch/_dynamo/convert_frame.py:2147]     return self.data.get_read_names()
[rank2]:W0910 13:58:27.153000 2608032 torch/_dynamo/convert_frame.py:2147]            ^^^^^^^^^^^^^^^^^^^^^^^^^^
[rank2]:W0910 13:58:27.153000 2608032 torch/_dynamo/convert_frame.py:2147]   File "/usr/local/lib/python3.12/dist-packages/torch/_inductor/ir.py", line 8658, in get_read_names
[rank2]:W0910 13:58:27.153000 2608032 torch/_dynamo/convert_frame.py:2147]     return self.data.get_read_names()
[rank2]:W0910 13:58:27.153000 2608032 torch/_dynamo/convert_frame.py:2147]            ^^^^^^^^^^^^^^^^^^^^^^^^^^
[rank2]:W0910 13:58:27.153000 2608032 torch/_dynamo/convert_frame.py:2147]   File "/usr/local/lib/python3.12/dist-packages/torch/_inductor/ir.py", line 4766, in get_read_names
[rank2]:W0910 13:58:27.153000 2608032 torch/_dynamo/convert_frame.py:2147]     return self.data.get_read_names()
[rank2]:W0910 13:58:27.153000 2608032 torch/_dynamo/convert_frame.py:2147]            ^^^^^^^^^^^^^^^^^^^^^^^^^^
[rank2]:W0910 13:58:27.153000 2608032 torch/_dynamo/convert_frame.py:2147]   File "/usr/local/lib/python3.12/dist-packages/torch/_inductor/ir.py", line 1042, in get_read_names
[rank2]:W0910 13:58:27.153000 2608032 torch/_dynamo/convert_frame.py:2147]     return OrderedSet(self.inner_fn_opcount().read_buffers)
[rank2]:W0910 13:58:27.153000 2608032 torch/_dynamo/convert_frame.py:2147]                       ^^^^^^^^^^^^^^^^^^^^^^^
[rank2]:W0910 13:58:27.153000 2608032 torch/_dynamo/convert_frame.py:2147]   File "<string>", line 6, in inner_fn_opcount_cache_on_self
[rank2]:W0910 13:58:27.153000 2608032 torch/_dynamo/convert_frame.py:2147]   File "/usr/local/lib/python3.12/dist-packages/torch/_inductor/ir.py", line 1005, in inner_fn_opcount
[rank2]:W0910 13:58:27.153000 2608032 torch/_dynamo/convert_frame.py:2147]     self.inner_fn(*self.inner_fn_args())
[rank2]:W0910 13:58:27.153000 2608032 torch/_dynamo/convert_frame.py:2147]   File "/usr/local/lib/python3.12/dist-packages/torch/_inductor/lowering.py", line 2735, in inner_fn
[rank2]:W0910 13:58:27.153000 2608032 torch/_dynamo/convert_frame.py:2147]     _boundaries_helper(boundaries),
[rank2]:W0910 13:58:27.153000 2608032 torch/_dynamo/convert_frame.py:2147]     ^^^^^^^^^^^^^^^^^^^^^^^^^^^^^^
[rank2]:W0910 13:58:27.153000 2608032 torch/_dynamo/convert_frame.py:2147]   File "/usr/local/lib/python3.12/dist-packages/torch/_inductor/lowering.py", line 2589, in _boundaries_helper
[rank2]:W0910 13:58:27.153000 2608032 torch/_dynamo/convert_frame.py:2147]     stride = tb.get_stride()
[rank2]:W0910 13:58:27.153000 2608032 torch/_dynamo/convert_frame.py:2147]              ^^^^^^^^^^^^^^^
[rank2]:W0910 13:58:27.153000 2608032 torch/_dynamo/convert_frame.py:2147]   File "/usr/local/lib/python3.12/dist-packages/torch/_inductor/ir.py", line 8573, in get_stride
[rank2]:W0910 13:58:27.153000 2608032 torch/_dynamo/convert_frame.py:2147]     return self.data.get_stride()
[rank2]:W0910 13:58:27.153000 2608032 torch/_dynamo/convert_frame.py:2147]            ^^^^^^^^^^^^^^^^^^^^^^
[rank2]:W0910 13:58:27.153000 2608032 torch/_dynamo/convert_frame.py:2147]   File "/usr/local/lib/python3.12/dist-packages/torch/_inductor/ir.py", line 758, in get_stride
[rank2]:W0910 13:58:27.153000 2608032 torch/_dynamo/convert_frame.py:2147]     raise NotImplementedError(type(self).__name__)
[rank2]:W0910 13:58:27.153000 2608032 torch/_dynamo/convert_frame.py:2147] torch._inductor.exc.InductorError: NotImplementedError: SliceView
[rank2]:W0910 13:58:27.153000 2608032 torch/_dynamo/convert_frame.py:2147] 
[rank2]:W0910 13:58:27.153000 2608032 torch/_dynamo/convert_frame.py:2147] While executing %submod_1 : [num_users=4] = call_module[target=submod_1](args = (%l_self_modules_qg_parameters_weight_, %getitem, %getitem_1, %getitem_2, %l_cu_, %s42, %l_self_modules_rope_buffers_inv_freq_), kwargs = {})
[rank2]:W0910 13:58:27.153000 2608032 torch/_dynamo/convert_frame.py:2147] Original traceback:
[rank2]:W0910 13:58:27.153000 2608032 torch/_dynamo/convert_frame.py:2147] None
[rank2]:W0910 13:58:27.153000 2608032 torch/_dynamo/convert_frame.py:2147] Use tlparse to see full graph. (https://github.com/pytorch/tlparse?tab=readme-ov-file#tlparse-parse-structured-pt2-logs)
[rank2]:W0910 13:58:27.153000 2608032 torch/_dynamo/convert_frame.py:2147] 
[rank2]:W0910 13:58:27.153000 2608032 torch/_dynamo/convert_frame.py:2147] Set TORCHDYNAMO_VERBOSE=1 for the internal stack trace (please do this especially if you're reporting a bug to PyTorch). For even more developer context, set TORCH_LOGS="+dynamo"
[rank2]:W0910 13:58:27.153000 2608032 torch/_dynamo/convert_frame.py:2147] 
[rank1]:W0910 13:58:27.194000 2608031 torch/_dynamo/convert_frame.py:2147] WON'T CONVERT forward /work/aupai/model.py line 981 
[rank1]:W0910 13:58:27.194000 2608031 torch/_dynamo/convert_frame.py:2147] due to: 
[rank1]:W0910 13:58:27.194000 2608031 torch/_dynamo/convert_frame.py:2147] Traceback (most recent call last):
[rank1]:W0910 13:58:27.194000 2608031 torch/_dynamo/convert_frame.py:2147]   File "/usr/local/lib/python3.12/dist-packages/torch/_dynamo/convert_frame.py", line 2052, in __call__
[rank1]:W0910 13:58:27.194000 2608031 torch/_dynamo/convert_frame.py:2147]     result = self._inner_convert(
[rank1]:W0910 13:58:27.194000 2608031 torch/_dynamo/convert_frame.py:2147]              ^^^^^^^^^^^^^^^^^^^^
[rank1]:W0910 13:58:27.194000 2608031 torch/_dynamo/convert_frame.py:2147]   File "/usr/local/lib/python3.12/dist-packages/torch/_dynamo/convert_frame.py", line 729, in __call__
[rank1]:W0910 13:58:27.194000 2608031 torch/_dynamo/convert_frame.py:2147]     result = _compile(
[rank1]:W0910 13:58:27.194000 2608031 torch/_dynamo/convert_frame.py:2147]              ^^^^^^^^^
[rank1]:W0910 13:58:27.194000 2608031 torch/_dynamo/convert_frame.py:2147]   File "/usr/local/lib/python3.12/dist-packages/torch/_dynamo/convert_frame.py", line 1827, in _compile
[rank1]:W0910 13:58:27.194000 2608031 torch/_dynamo/convert_frame.py:2147]     guarded_code, tracer_output = compile_inner(code, one_graph, hooks)
[rank1]:W0910 13:58:27.194000 2608031 torch/_dynamo/convert_frame.py:2147]                                   ^^^^^^^^^^^^^^^^^^^^^^^^^^^^^^^^^^^^^
[rank1]:W0910 13:58:27.194000 2608031 torch/_dynamo/convert_frame.py:2147]   File "/usr/local/lib/python3.12/dist-packages/torch/_utils_internal.py", line 96, in wrapper_function
[rank1]:W0910 13:58:27.194000 2608031 torch/_dynamo/convert_frame.py:2147]     return function(*args, **kwargs)
[rank1]:W0910 13:58:27.194000 2608031 torch/_dynamo/convert_frame.py:2147]            ^^^^^^^^^^^^^^^^^^^^^^^^^
[rank1]:W0910 13:58:27.194000 2608031 torch/_dynamo/convert_frame.py:2147]   File "/usr/local/lib/python3.12/dist-packages/torch/_dynamo/convert_frame.py", line 1500, in compile_inner
[rank1]:W0910 13:58:27.194000 2608031 torch/_dynamo/convert_frame.py:2147]     return _compile_inner(code, one_graph, hooks)
[rank1]:W0910 13:58:27.194000 2608031 torch/_dynamo/convert_frame.py:2147]            ^^^^^^^^^^^^^^^^^^^^^^^^^^^^^^^^^^^^^^
[rank1]:W0910 13:58:27.194000 2608031 torch/_dynamo/convert_frame.py:2147]   File "/usr/local/lib/python3.12/dist-packages/torch/_dynamo/convert_frame.py", line 1534, in _compile_inner
[rank1]:W0910 13:58:27.194000 2608031 torch/_dynamo/convert_frame.py:2147]     dynamo_output = compile_frame(
[rank1]:W0910 13:58:27.194000 2608031 torch/_dynamo/convert_frame.py:2147]                     ^^^^^^^^^^^^^^
[rank1]:W0910 13:58:27.194000 2608031 torch/_dynamo/convert_frame.py:2147]   File "/usr/local/lib/python3.12/dist-packages/torch/_dynamo/convert_frame.py", line 1408, in compile_frame
[rank1]:W0910 13:58:27.194000 2608031 torch/_dynamo/convert_frame.py:2147]     bytecode, tracer_output = transform_code_object(code, transform)
[rank1]:W0910 13:58:27.194000 2608031 torch/_dynamo/convert_frame.py:2147]                               ^^^^^^^^^^^^^^^^^^^^^^^^^^^^^^^^^^^^^^
[rank1]:W0910 13:58:27.194000 2608031 torch/_dynamo/convert_frame.py:2147]   File "/usr/local/lib/python3.12/dist-packages/torch/_dynamo/bytecode_transformation.py", line 1608, in transform_code_object
[rank1]:W0910 13:58:27.194000 2608031 torch/_dynamo/convert_frame.py:2147]     tracer_output = transformations(instructions, code_options)
[rank1]:W0910 13:58:27.194000 2608031 torch/_dynamo/convert_frame.py:2147]                     ^^^^^^^^^^^^^^^^^^^^^^^^^^^^^^^^^^^^^^^^^^^
[rank1]:W0910 13:58:27.194000 2608031 torch/_dynamo/convert_frame.py:2147]   File "/usr/local/lib/python3.12/dist-packages/torch/_dynamo/convert_frame.py", line 1380, in transform
[rank1]:W0910 13:58:27.194000 2608031 torch/_dynamo/convert_frame.py:2147]     tracer_output = trace_frame(
[rank1]:W0910 13:58:27.194000 2608031 torch/_dynamo/convert_frame.py:2147]                     ^^^^^^^^^^^^
[rank1]:W0910 13:58:27.194000 2608031 torch/_dynamo/convert_frame.py:2147]   File "/usr/local/lib/python3.12/dist-packages/torch/_dynamo/convert_frame.py", line 341, in _fn
[rank1]:W0910 13:58:27.194000 2608031 torch/_dynamo/convert_frame.py:2147]     return fn(*args, **kwargs)
[rank1]:W0910 13:58:27.194000 2608031 torch/_dynamo/convert_frame.py:2147]            ^^^^^^^^^^^^^^^^^^^
[rank1]:W0910 13:58:27.194000 2608031 torch/_dynamo/convert_frame.py:2147]   File "/usr/local/lib/python3.12/dist-packages/torch/_dynamo/convert_frame.py", line 863, in trace_frame
[rank1]:W0910 13:58:27.194000 2608031 torch/_dynamo/convert_frame.py:2147]     run_tracer()
[rank1]:W0910 13:58:27.194000 2608031 torch/_dynamo/convert_frame.py:2147]   File "/usr/local/lib/python3.12/dist-packages/torch/_dynamo/convert_frame.py", line 844, in run_tracer
[rank1]:W0910 13:58:27.194000 2608031 torch/_dynamo/convert_frame.py:2147]     tracer.run()
[rank1]:W0910 13:58:27.194000 2608031 torch/_dynamo/convert_frame.py:2147]   File "/usr/local/lib/python3.12/dist-packages/torch/_dynamo/symbolic_convert.py", line 1794, in run
[rank1]:W0910 13:58:27.194000 2608031 torch/_dynamo/convert_frame.py:2147]     while self.step():
[rank1]:W0910 13:58:27.194000 2608031 torch/_dynamo/convert_frame.py:2147]           ^^^^^^^^^^^
[rank1]:W0910 13:58:27.194000 2608031 torch/_dynamo/convert_frame.py:2147]   File "/usr/local/lib/python3.12/dist-packages/torch/_dynamo/symbolic_convert.py", line 1459, in step
[rank1]:W0910 13:58:27.194000 2608031 torch/_dynamo/convert_frame.py:2147]     self.dispatch_table[inst.opcode](self, inst)
[rank1]:W0910 13:58:27.194000 2608031 torch/_dynamo/convert_frame.py:2147]   File "/usr/local/lib/python3.12/dist-packages/torch/_dynamo/symbolic_convert.py", line 999, in wrapper
[rank1]:W0910 13:58:27.194000 2608031 torch/_dynamo/convert_frame.py:2147]     return handle_graph_break(self, inst, speculation.reason)
[rank1]:W0910 13:58:27.194000 2608031 torch/_dynamo/convert_frame.py:2147]            ^^^^^^^^^^^^^^^^^^^^^^^^^^^^^^^^^^^^^^^^^^^^^^^^^^
[rank1]:W0910 13:58:27.194000 2608031 torch/_dynamo/convert_frame.py:2147]   File "/usr/local/lib/python3.12/dist-packages/torch/_dynamo/symbolic_convert.py", line 1062, in handle_graph_break
[rank1]:W0910 13:58:27.194000 2608031 torch/_dynamo/convert_frame.py:2147]     all_stack_locals_metadata = self.output.compile_subgraph(
[rank1]:W0910 13:58:27.194000 2608031 torch/_dynamo/convert_frame.py:2147]                                 ^^^^^^^^^^^^^^^^^^^^^^^^^^^^^
[rank1]:W0910 13:58:27.194000 2608031 torch/_dynamo/convert_frame.py:2147]   File "/usr/local/lib/python3.12/dist-packages/torch/_dynamo/output_graph.py", line 1889, in compile_subgraph
[rank1]:W0910 13:58:27.194000 2608031 torch/_dynamo/convert_frame.py:2147]     self.compile_and_call_fx_graph(tx, pass2.graph_output_vars(), root)
[rank1]:W0910 13:58:27.194000 2608031 torch/_dynamo/convert_frame.py:2147]   File "/usr/local/lib/python3.12/dist-packages/torch/_dynamo/output_graph.py", line 2460, in compile_and_call_fx_graph
[rank1]:W0910 13:58:27.194000 2608031 torch/_dynamo/convert_frame.py:2147]     compiled_fn = self.call_user_compiler(gm, self.example_inputs())
[rank1]:W0910 13:58:27.194000 2608031 torch/_dynamo/convert_frame.py:2147]                   ^^^^^^^^^^^^^^^^^^^^^^^^^^^^^^^^^^^^^^^^^^^^^^^^^^
[rank1]:W0910 13:58:27.194000 2608031 torch/_dynamo/convert_frame.py:2147]   File "/usr/local/lib/python3.12/dist-packages/torch/_dynamo/output_graph.py", line 2613, in call_user_compiler
[rank1]:W0910 13:58:27.194000 2608031 torch/_dynamo/convert_frame.py:2147]     return self._call_user_compiler(gm, example_inputs)
[rank1]:W0910 13:58:27.194000 2608031 torch/_dynamo/convert_frame.py:2147]            ^^^^^^^^^^^^^^^^^^^^^^^^^^^^^^^^^^^^^^^^^^^^
[rank1]:W0910 13:58:27.194000 2608031 torch/_dynamo/convert_frame.py:2147]   File "/usr/local/lib/python3.12/dist-packages/torch/_dynamo/output_graph.py", line 2664, in _call_user_compiler
[rank1]:W0910 13:58:27.194000 2608031 torch/_dynamo/convert_frame.py:2147]     compiled_fn = compiler_fn(gm, example_inputs)
[rank1]:W0910 13:58:27.194000 2608031 torch/_dynamo/convert_frame.py:2147]                   ^^^^^^^^^^^^^^^^^^^^^^^^^^^^^^^
[rank1]:W0910 13:58:27.194000 2608031 torch/_dynamo/convert_frame.py:2147]   File "/usr/local/lib/python3.12/dist-packages/torch/_dynamo/backends/distributed.py", line 616, in compile_fn
[rank1]:W0910 13:58:27.194000 2608031 torch/_dynamo/convert_frame.py:2147]     submod_compiler.run(*example_inputs)
[rank1]:W0910 13:58:27.194000 2608031 torch/_dynamo/convert_frame.py:2147]   File "/usr/local/lib/python3.12/dist-packages/torch/fx/interpreter.py", line 200, in run
[rank1]:W0910 13:58:27.194000 2608031 torch/_dynamo/convert_frame.py:2147]     self.env[node] = self.run_node(node)
[rank1]:W0910 13:58:27.194000 2608031 torch/_dynamo/convert_frame.py:2147]                      ^^^^^^^^^^^^^^^^^^^
[rank1]:W0910 13:58:27.194000 2608031 torch/_dynamo/convert_frame.py:2147]   File "/usr/local/lib/python3.12/dist-packages/torch/_dynamo/backends/distributed.py", line 327, in run_node
[rank1]:W0910 13:58:27.194000 2608031 torch/_dynamo/convert_frame.py:2147]     compiled_submod_real = self.compile_submod(real_mod, new_args, kwargs)
[rank1]:W0910 13:58:27.194000 2608031 torch/_dynamo/convert_frame.py:2147]                            ^^^^^^^^^^^^^^^^^^^^^^^^^^^^^^^^^^^^^^^^^^^^^^^
[rank1]:W0910 13:58:27.194000 2608031 torch/_dynamo/convert_frame.py:2147]   File "/usr/local/lib/python3.12/dist-packages/torch/_dynamo/backends/distributed.py", line 242, in compile_submod
[rank1]:W0910 13:58:27.194000 2608031 torch/_dynamo/convert_frame.py:2147]     self.compiler(input_mod, args),
[rank1]:W0910 13:58:27.194000 2608031 torch/_dynamo/convert_frame.py:2147]     ^^^^^^^^^^^^^^^^^^^^^^^^^^^^^^
[rank1]:W0910 13:58:27.194000 2608031 torch/_dynamo/convert_frame.py:2147]   File "/usr/local/lib/python3.12/dist-packages/torch/_dynamo/repro/after_dynamo.py", line 156, in __call__
[rank1]:W0910 13:58:27.194000 2608031 torch/_dynamo/convert_frame.py:2147]     compiled_gm = compiler_fn(gm, example_inputs)
[rank1]:W0910 13:58:27.194000 2608031 torch/_dynamo/convert_frame.py:2147]                   ^^^^^^^^^^^^^^^^^^^^^^^^^^^^^^^
[rank1]:W0910 13:58:27.194000 2608031 torch/_dynamo/convert_frame.py:2147]   File "/usr/local/lib/python3.12/dist-packages/torch/__init__.py", line 2461, in __call__
[rank1]:W0910 13:58:27.194000 2608031 torch/_dynamo/convert_frame.py:2147]     return compile_fx(model_, inputs_, config_patches=self.config)
[rank1]:W0910 13:58:27.194000 2608031 torch/_dynamo/convert_frame.py:2147]            ^^^^^^^^^^^^^^^^^^^^^^^^^^^^^^^^^^^^^^^^^^^^^^^^^^^^^^^
[rank1]:W0910 13:58:27.194000 2608031 torch/_dynamo/convert_frame.py:2147]   File "/usr/local/lib/python3.12/dist-packages/torch/_inductor/compile_fx.py", line 2578, in compile_fx
[rank1]:W0910 13:58:27.194000 2608031 torch/_dynamo/convert_frame.py:2147]     return _maybe_wrap_and_compile_fx_main(
[rank1]:W0910 13:58:27.194000 2608031 torch/_dynamo/convert_frame.py:2147]            ^^^^^^^^^^^^^^^^^^^^^^^^^^^^^^^^
[rank1]:W0910 13:58:27.194000 2608031 torch/_dynamo/convert_frame.py:2147]   File "/usr/local/lib/python3.12/dist-packages/torch/_inductor/compile_fx.py", line 2655, in _maybe_wrap_and_compile_fx_main
[rank1]:W0910 13:58:27.194000 2608031 torch/_dynamo/convert_frame.py:2147]     return _compile_fx_main(
[rank1]:W0910 13:58:27.194000 2608031 torch/_dynamo/convert_frame.py:2147]            ^^^^^^^^^^^^^^^^^
[rank1]:W0910 13:58:27.194000 2608031 torch/_dynamo/convert_frame.py:2147]   File "/usr/local/lib/python3.12/dist-packages/torch/_inductor/compile_fx.py", line 2864, in _compile_fx_main
[rank1]:W0910 13:58:27.194000 2608031 torch/_dynamo/convert_frame.py:2147]     raise e.remove_dynamo_frames() from None  # see TORCHDYNAMO_VERBOSE=1
[rank1]:W0910 13:58:27.194000 2608031 torch/_dynamo/convert_frame.py:2147]     ^^^^^^^^^^^^^^^^^^^^^^^^^^^^^^^^^^^^^^^^
[rank1]:W0910 13:58:27.194000 2608031 torch/_dynamo/convert_frame.py:2147]   File "/usr/local/lib/python3.12/dist-packages/torch/_inductor/compile_fx.py", line 1053, in _compile_fx_inner
[rank1]:W0910 13:58:27.194000 2608031 torch/_dynamo/convert_frame.py:2147]     raise InductorError(e, currentframe()).with_traceback(
[rank1]:W0910 13:58:27.194000 2608031 torch/_dynamo/convert_frame.py:2147]   File "/usr/local/lib/python3.12/dist-packages/torch/_inductor/compile_fx.py", line 1037, in _compile_fx_inner
[rank1]:W0910 13:58:27.194000 2608031 torch/_dynamo/convert_frame.py:2147]     mb_compiled_graph = fx_codegen_and_compile(
[rank1]:W0910 13:58:27.194000 2608031 torch/_dynamo/convert_frame.py:2147]                         ^^^^^^^^^^^^^^^^^^^^^^^
[rank1]:W0910 13:58:27.194000 2608031 torch/_dynamo/convert_frame.py:2147]   File "/usr/local/lib/python3.12/dist-packages/torch/_inductor/compile_fx.py", line 1798, in fx_codegen_and_compile
[rank1]:W0910 13:58:27.194000 2608031 torch/_dynamo/convert_frame.py:2147]     return scheme.codegen_and_compile(gm, example_inputs, inputs_to_check, graph_kwargs)
[rank1]:W0910 13:58:27.194000 2608031 torch/_dynamo/convert_frame.py:2147]            ^^^^^^^^^^^^^^^^^^^^^^^^^^^^^^^^^^^^^^^^^^^^^^^^^^^^^^^^^^^^^^^^^^^^^^^^^^^^^
[rank1]:W0910 13:58:27.194000 2608031 torch/_dynamo/convert_frame.py:2147]   File "/usr/local/lib/python3.12/dist-packages/torch/_inductor/compile_fx.py", line 1485, in codegen_and_compile
[rank1]:W0910 13:58:27.194000 2608031 torch/_dynamo/convert_frame.py:2147]     graph.run(*example_inputs)
[rank1]:W0910 13:58:27.194000 2608031 torch/_dynamo/convert_frame.py:2147]   File "/usr/local/lib/python3.12/dist-packages/torch/_inductor/graph.py", line 1025, in run
[rank1]:W0910 13:58:27.194000 2608031 torch/_dynamo/convert_frame.py:2147]     return super().run(*args)
[rank1]:W0910 13:58:27.194000 2608031 torch/_dynamo/convert_frame.py:2147]            ^^^^^^^^^^^^^^^^^^
[rank1]:W0910 13:58:27.194000 2608031 torch/_dynamo/convert_frame.py:2147]   File "/usr/local/lib/python3.12/dist-packages/torch/fx/interpreter.py", line 200, in run
[rank1]:W0910 13:58:27.194000 2608031 torch/_dynamo/convert_frame.py:2147]     self.env[node] = self.run_node(node)
[rank1]:W0910 13:58:27.194000 2608031 torch/_dynamo/convert_frame.py:2147]                      ^^^^^^^^^^^^^^^^^^^
[rank1]:W0910 13:58:27.194000 2608031 torch/_dynamo/convert_frame.py:2147]   File "/usr/local/lib/python3.12/dist-packages/torch/_inductor/graph.py", line 1997, in run_node
[rank1]:W0910 13:58:27.194000 2608031 torch/_dynamo/convert_frame.py:2147]     self.register_users_of(result)
[rank1]:W0910 13:58:27.194000 2608031 torch/_dynamo/convert_frame.py:2147]   File "/usr/local/lib/python3.12/dist-packages/torch/_inductor/graph.py", line 1072, in register_users_of
[rank1]:W0910 13:58:27.194000 2608031 torch/_dynamo/convert_frame.py:2147]     register(node_output)
[rank1]:W0910 13:58:27.194000 2608031 torch/_dynamo/convert_frame.py:2147]   File "/usr/local/lib/python3.12/dist-packages/torch/_inductor/graph.py", line 1069, in register
[rank1]:W0910 13:58:27.194000 2608031 torch/_dynamo/convert_frame.py:2147]     for read_name in value.get_read_names():
[rank1]:W0910 13:58:27.194000 2608031 torch/_dynamo/convert_frame.py:2147]                      ^^^^^^^^^^^^^^^^^^^^^^
[rank1]:W0910 13:58:27.194000 2608031 torch/_dynamo/convert_frame.py:2147]   File "/usr/local/lib/python3.12/dist-packages/torch/_inductor/ir.py", line 8658, in get_read_names
[rank1]:W0910 13:58:27.194000 2608031 torch/_dynamo/convert_frame.py:2147]     return self.data.get_read_names()
[rank1]:W0910 13:58:27.194000 2608031 torch/_dynamo/convert_frame.py:2147]            ^^^^^^^^^^^^^^^^^^^^^^^^^^
[rank1]:W0910 13:58:27.194000 2608031 torch/_dynamo/convert_frame.py:2147]   File "/usr/local/lib/python3.12/dist-packages/torch/_inductor/ir.py", line 8658, in get_read_names
[rank1]:W0910 13:58:27.194000 2608031 torch/_dynamo/convert_frame.py:2147]     return self.data.get_read_names()
[rank1]:W0910 13:58:27.194000 2608031 torch/_dynamo/convert_frame.py:2147]            ^^^^^^^^^^^^^^^^^^^^^^^^^^
[rank1]:W0910 13:58:27.194000 2608031 torch/_dynamo/convert_frame.py:2147]   File "/usr/local/lib/python3.12/dist-packages/torch/_inductor/ir.py", line 4766, in get_read_names
[rank1]:W0910 13:58:27.194000 2608031 torch/_dynamo/convert_frame.py:2147]     return self.data.get_read_names()
[rank1]:W0910 13:58:27.194000 2608031 torch/_dynamo/convert_frame.py:2147]            ^^^^^^^^^^^^^^^^^^^^^^^^^^
[rank1]:W0910 13:58:27.194000 2608031 torch/_dynamo/convert_frame.py:2147]   File "/usr/local/lib/python3.12/dist-packages/torch/_inductor/ir.py", line 1042, in get_read_names
[rank1]:W0910 13:58:27.194000 2608031 torch/_dynamo/convert_frame.py:2147]     return OrderedSet(self.inner_fn_opcount().read_buffers)
[rank1]:W0910 13:58:27.194000 2608031 torch/_dynamo/convert_frame.py:2147]                       ^^^^^^^^^^^^^^^^^^^^^^^
[rank1]:W0910 13:58:27.194000 2608031 torch/_dynamo/convert_frame.py:2147]   File "<string>", line 6, in inner_fn_opcount_cache_on_self
[rank1]:W0910 13:58:27.194000 2608031 torch/_dynamo/convert_frame.py:2147]   File "/usr/local/lib/python3.12/dist-packages/torch/_inductor/ir.py", line 1005, in inner_fn_opcount
[rank1]:W0910 13:58:27.194000 2608031 torch/_dynamo/convert_frame.py:2147]     self.inner_fn(*self.inner_fn_args())
[rank1]:W0910 13:58:27.194000 2608031 torch/_dynamo/convert_frame.py:2147]   File "/usr/local/lib/python3.12/dist-packages/torch/_inductor/lowering.py", line 2735, in inner_fn
[rank1]:W0910 13:58:27.194000 2608031 torch/_dynamo/convert_frame.py:2147]     _boundaries_helper(boundaries),
[rank1]:W0910 13:58:27.194000 2608031 torch/_dynamo/convert_frame.py:2147]     ^^^^^^^^^^^^^^^^^^^^^^^^^^^^^^
[rank1]:W0910 13:58:27.194000 2608031 torch/_dynamo/convert_frame.py:2147]   File "/usr/local/lib/python3.12/dist-packages/torch/_inductor/lowering.py", line 2589, in _boundaries_helper
[rank1]:W0910 13:58:27.194000 2608031 torch/_dynamo/convert_frame.py:2147]     stride = tb.get_stride()
[rank1]:W0910 13:58:27.194000 2608031 torch/_dynamo/convert_frame.py:2147]              ^^^^^^^^^^^^^^^
[rank1]:W0910 13:58:27.194000 2608031 torch/_dynamo/convert_frame.py:2147]   File "/usr/local/lib/python3.12/dist-packages/torch/_inductor/ir.py", line 8573, in get_stride
[rank1]:W0910 13:58:27.194000 2608031 torch/_dynamo/convert_frame.py:2147]     return self.data.get_stride()
[rank1]:W0910 13:58:27.194000 2608031 torch/_dynamo/convert_frame.py:2147]            ^^^^^^^^^^^^^^^^^^^^^^
[rank1]:W0910 13:58:27.194000 2608031 torch/_dynamo/convert_frame.py:2147]   File "/usr/local/lib/python3.12/dist-packages/torch/_inductor/ir.py", line 758, in get_stride
[rank1]:W0910 13:58:27.194000 2608031 torch/_dynamo/convert_frame.py:2147]     raise NotImplementedError(type(self).__name__)
[rank1]:W0910 13:58:27.194000 2608031 torch/_dynamo/convert_frame.py:2147] torch._inductor.exc.InductorError: NotImplementedError: SliceView
[rank1]:W0910 13:58:27.194000 2608031 torch/_dynamo/convert_frame.py:2147] 
[rank1]:W0910 13:58:27.194000 2608031 torch/_dynamo/convert_frame.py:2147] While executing %submod_1 : [num_users=4] = call_module[target=submod_1](args = (%l_self_modules_qg_parameters_weight_, %getitem, %getitem_1, %getitem_2, %l_cu_, %s42, %l_self_modules_rope_buffers_inv_freq_), kwargs = {})
[rank1]:W0910 13:58:27.194000 2608031 torch/_dynamo/convert_frame.py:2147] Original traceback:
[rank1]:W0910 13:58:27.194000 2608031 torch/_dynamo/convert_frame.py:2147] None
[rank1]:W0910 13:58:27.194000 2608031 torch/_dynamo/convert_frame.py:2147] Use tlparse to see full graph. (https://github.com/pytorch/tlparse?tab=readme-ov-file#tlparse-parse-structured-pt2-logs)
[rank1]:W0910 13:58:27.194000 2608031 torch/_dynamo/convert_frame.py:2147] 
[rank1]:W0910 13:58:27.194000 2608031 torch/_dynamo/convert_frame.py:2147] Set TORCHDYNAMO_VERBOSE=1 for the internal stack trace (please do this especially if you're reporting a bug to PyTorch). For even more developer context, set TORCH_LOGS="+dynamo"
[rank1]:W0910 13:58:27.194000 2608031 torch/_dynamo/convert_frame.py:2147] 
[rank1]:W0910 13:58:27.194000 2608031 torch/_dynamo/convert_frame.py:2147] Traceback (most recent call last):
[rank1]:W0910 13:58:27.194000 2608031 torch/_dynamo/convert_frame.py:2147]   File "/usr/local/lib/python3.12/dist-packages/torch/_dynamo/convert_frame.py", line 2052, in __call__
[rank1]:W0910 13:58:27.194000 2608031 torch/_dynamo/convert_frame.py:2147]     result = self._inner_convert(
[rank1]:W0910 13:58:27.194000 2608031 torch/_dynamo/convert_frame.py:2147]              ^^^^^^^^^^^^^^^^^^^^
[rank1]:W0910 13:58:27.194000 2608031 torch/_dynamo/convert_frame.py:2147]   File "/usr/local/lib/python3.12/dist-packages/torch/_dynamo/convert_frame.py", line 729, in __call__
[rank1]:W0910 13:58:27.194000 2608031 torch/_dynamo/convert_frame.py:2147]     result = _compile(
[rank1]:W0910 13:58:27.194000 2608031 torch/_dynamo/convert_frame.py:2147]              ^^^^^^^^^
[rank1]:W0910 13:58:27.194000 2608031 torch/_dynamo/convert_frame.py:2147]   File "/usr/local/lib/python3.12/dist-packages/torch/_dynamo/convert_frame.py", line 1827, in _compile
[rank1]:W0910 13:58:27.194000 2608031 torch/_dynamo/convert_frame.py:2147]     guarded_code, tracer_output = compile_inner(code, one_graph, hooks)
[rank1]:W0910 13:58:27.194000 2608031 torch/_dynamo/convert_frame.py:2147]                                   ^^^^^^^^^^^^^^^^^^^^^^^^^^^^^^^^^^^^^
[rank1]:W0910 13:58:27.194000 2608031 torch/_dynamo/convert_frame.py:2147]   File "/usr/local/lib/python3.12/dist-packages/torch/_utils_internal.py", line 96, in wrapper_function
[rank1]:W0910 13:58:27.194000 2608031 torch/_dynamo/convert_frame.py:2147]     return function(*args, **kwargs)
[rank1]:W0910 13:58:27.194000 2608031 torch/_dynamo/convert_frame.py:2147]            ^^^^^^^^^^^^^^^^^^^^^^^^^
[rank1]:W0910 13:58:27.194000 2608031 torch/_dynamo/convert_frame.py:2147]   File "/usr/local/lib/python3.12/dist-packages/torch/_dynamo/convert_frame.py", line 1500, in compile_inner
[rank1]:W0910 13:58:27.194000 2608031 torch/_dynamo/convert_frame.py:2147]     return _compile_inner(code, one_graph, hooks)
[rank1]:W0910 13:58:27.194000 2608031 torch/_dynamo/convert_frame.py:2147]            ^^^^^^^^^^^^^^^^^^^^^^^^^^^^^^^^^^^^^^
[rank1]:W0910 13:58:27.194000 2608031 torch/_dynamo/convert_frame.py:2147]   File "/usr/local/lib/python3.12/dist-packages/torch/_dynamo/convert_frame.py", line 1534, in _compile_inner
[rank1]:W0910 13:58:27.194000 2608031 torch/_dynamo/convert_frame.py:2147]     dynamo_output = compile_frame(
[rank1]:W0910 13:58:27.194000 2608031 torch/_dynamo/convert_frame.py:2147]                     ^^^^^^^^^^^^^^
[rank1]:W0910 13:58:27.194000 2608031 torch/_dynamo/convert_frame.py:2147]   File "/usr/local/lib/python3.12/dist-packages/torch/_dynamo/convert_frame.py", line 1408, in compile_frame
[rank1]:W0910 13:58:27.194000 2608031 torch/_dynamo/convert_frame.py:2147]     bytecode, tracer_output = transform_code_object(code, transform)
[rank1]:W0910 13:58:27.194000 2608031 torch/_dynamo/convert_frame.py:2147]                               ^^^^^^^^^^^^^^^^^^^^^^^^^^^^^^^^^^^^^^
[rank1]:W0910 13:58:27.194000 2608031 torch/_dynamo/convert_frame.py:2147]   File "/usr/local/lib/python3.12/dist-packages/torch/_dynamo/bytecode_transformation.py", line 1608, in transform_code_object
[rank1]:W0910 13:58:27.194000 2608031 torch/_dynamo/convert_frame.py:2147]     tracer_output = transformations(instructions, code_options)
[rank1]:W0910 13:58:27.194000 2608031 torch/_dynamo/convert_frame.py:2147]                     ^^^^^^^^^^^^^^^^^^^^^^^^^^^^^^^^^^^^^^^^^^^
[rank1]:W0910 13:58:27.194000 2608031 torch/_dynamo/convert_frame.py:2147]   File "/usr/local/lib/python3.12/dist-packages/torch/_dynamo/convert_frame.py", line 1380, in transform
[rank1]:W0910 13:58:27.194000 2608031 torch/_dynamo/convert_frame.py:2147]     tracer_output = trace_frame(
[rank1]:W0910 13:58:27.194000 2608031 torch/_dynamo/convert_frame.py:2147]                     ^^^^^^^^^^^^
[rank1]:W0910 13:58:27.194000 2608031 torch/_dynamo/convert_frame.py:2147]   File "/usr/local/lib/python3.12/dist-packages/torch/_dynamo/convert_frame.py", line 341, in _fn
[rank1]:W0910 13:58:27.194000 2608031 torch/_dynamo/convert_frame.py:2147]     return fn(*args, **kwargs)
[rank1]:W0910 13:58:27.194000 2608031 torch/_dynamo/convert_frame.py:2147]            ^^^^^^^^^^^^^^^^^^^
[rank1]:W0910 13:58:27.194000 2608031 torch/_dynamo/convert_frame.py:2147]   File "/usr/local/lib/python3.12/dist-packages/torch/_dynamo/convert_frame.py", line 863, in trace_frame
[rank1]:W0910 13:58:27.194000 2608031 torch/_dynamo/convert_frame.py:2147]     run_tracer()
[rank1]:W0910 13:58:27.194000 2608031 torch/_dynamo/convert_frame.py:2147]   File "/usr/local/lib/python3.12/dist-packages/torch/_dynamo/convert_frame.py", line 844, in run_tracer
[rank1]:W0910 13:58:27.194000 2608031 torch/_dynamo/convert_frame.py:2147]     tracer.run()
[rank1]:W0910 13:58:27.194000 2608031 torch/_dynamo/convert_frame.py:2147]   File "/usr/local/lib/python3.12/dist-packages/torch/_dynamo/symbolic_convert.py", line 1794, in run
[rank1]:W0910 13:58:27.194000 2608031 torch/_dynamo/convert_frame.py:2147]     while self.step():
[rank1]:W0910 13:58:27.194000 2608031 torch/_dynamo/convert_frame.py:2147]           ^^^^^^^^^^^
[rank1]:W0910 13:58:27.194000 2608031 torch/_dynamo/convert_frame.py:2147]   File "/usr/local/lib/python3.12/dist-packages/torch/_dynamo/symbolic_convert.py", line 1459, in step
[rank1]:W0910 13:58:27.194000 2608031 torch/_dynamo/convert_frame.py:2147]     self.dispatch_table[inst.opcode](self, inst)
[rank1]:W0910 13:58:27.194000 2608031 torch/_dynamo/convert_frame.py:2147]   File "/usr/local/lib/python3.12/dist-packages/torch/_dynamo/symbolic_convert.py", line 999, in wrapper
[rank1]:W0910 13:58:27.194000 2608031 torch/_dynamo/convert_frame.py:2147]     return handle_graph_break(self, inst, speculation.reason)
[rank1]:W0910 13:58:27.194000 2608031 torch/_dynamo/convert_frame.py:2147]            ^^^^^^^^^^^^^^^^^^^^^^^^^^^^^^^^^^^^^^^^^^^^^^^^^^
[rank1]:W0910 13:58:27.194000 2608031 torch/_dynamo/convert_frame.py:2147]   File "/usr/local/lib/python3.12/dist-packages/torch/_dynamo/symbolic_convert.py", line 1062, in handle_graph_break
[rank1]:W0910 13:58:27.194000 2608031 torch/_dynamo/convert_frame.py:2147]     all_stack_locals_metadata = self.output.compile_subgraph(
[rank1]:W0910 13:58:27.194000 2608031 torch/_dynamo/convert_frame.py:2147]                                 ^^^^^^^^^^^^^^^^^^^^^^^^^^^^^
[rank1]:W0910 13:58:27.194000 2608031 torch/_dynamo/convert_frame.py:2147]   File "/usr/local/lib/python3.12/dist-packages/torch/_dynamo/output_graph.py", line 1889, in compile_subgraph
[rank1]:W0910 13:58:27.194000 2608031 torch/_dynamo/convert_frame.py:2147]     self.compile_and_call_fx_graph(tx, pass2.graph_output_vars(), root)
[rank1]:W0910 13:58:27.194000 2608031 torch/_dynamo/convert_frame.py:2147]   File "/usr/local/lib/python3.12/dist-packages/torch/_dynamo/output_graph.py", line 2460, in compile_and_call_fx_graph
[rank1]:W0910 13:58:27.194000 2608031 torch/_dynamo/convert_frame.py:2147]     compiled_fn = self.call_user_compiler(gm, self.example_inputs())
[rank1]:W0910 13:58:27.194000 2608031 torch/_dynamo/convert_frame.py:2147]                   ^^^^^^^^^^^^^^^^^^^^^^^^^^^^^^^^^^^^^^^^^^^^^^^^^^
[rank1]:W0910 13:58:27.194000 2608031 torch/_dynamo/convert_frame.py:2147]   File "/usr/local/lib/python3.12/dist-packages/torch/_dynamo/output_graph.py", line 2613, in call_user_compiler
[rank1]:W0910 13:58:27.194000 2608031 torch/_dynamo/convert_frame.py:2147]     return self._call_user_compiler(gm, example_inputs)
[rank1]:W0910 13:58:27.194000 2608031 torch/_dynamo/convert_frame.py:2147]            ^^^^^^^^^^^^^^^^^^^^^^^^^^^^^^^^^^^^^^^^^^^^
[rank1]:W0910 13:58:27.194000 2608031 torch/_dynamo/convert_frame.py:2147]   File "/usr/local/lib/python3.12/dist-packages/torch/_dynamo/output_graph.py", line 2664, in _call_user_compiler
[rank1]:W0910 13:58:27.194000 2608031 torch/_dynamo/convert_frame.py:2147]     compiled_fn = compiler_fn(gm, example_inputs)
[rank1]:W0910 13:58:27.194000 2608031 torch/_dynamo/convert_frame.py:2147]                   ^^^^^^^^^^^^^^^^^^^^^^^^^^^^^^^
[rank1]:W0910 13:58:27.194000 2608031 torch/_dynamo/convert_frame.py:2147]   File "/usr/local/lib/python3.12/dist-packages/torch/_dynamo/backends/distributed.py", line 616, in compile_fn
[rank1]:W0910 13:58:27.194000 2608031 torch/_dynamo/convert_frame.py:2147]     submod_compiler.run(*example_inputs)
[rank1]:W0910 13:58:27.194000 2608031 torch/_dynamo/convert_frame.py:2147]   File "/usr/local/lib/python3.12/dist-packages/torch/fx/interpreter.py", line 200, in run
[rank1]:W0910 13:58:27.194000 2608031 torch/_dynamo/convert_frame.py:2147]     self.env[node] = self.run_node(node)
[rank1]:W0910 13:58:27.194000 2608031 torch/_dynamo/convert_frame.py:2147]                      ^^^^^^^^^^^^^^^^^^^
[rank1]:W0910 13:58:27.194000 2608031 torch/_dynamo/convert_frame.py:2147]   File "/usr/local/lib/python3.12/dist-packages/torch/_dynamo/backends/distributed.py", line 327, in run_node
[rank1]:W0910 13:58:27.194000 2608031 torch/_dynamo/convert_frame.py:2147]     compiled_submod_real = self.compile_submod(real_mod, new_args, kwargs)
[rank1]:W0910 13:58:27.194000 2608031 torch/_dynamo/convert_frame.py:2147]                            ^^^^^^^^^^^^^^^^^^^^^^^^^^^^^^^^^^^^^^^^^^^^^^^
[rank1]:W0910 13:58:27.194000 2608031 torch/_dynamo/convert_frame.py:2147]   File "/usr/local/lib/python3.12/dist-packages/torch/_dynamo/backends/distributed.py", line 242, in compile_submod
[rank1]:W0910 13:58:27.194000 2608031 torch/_dynamo/convert_frame.py:2147]     self.compiler(input_mod, args),
[rank1]:W0910 13:58:27.194000 2608031 torch/_dynamo/convert_frame.py:2147]     ^^^^^^^^^^^^^^^^^^^^^^^^^^^^^^
[rank1]:W0910 13:58:27.194000 2608031 torch/_dynamo/convert_frame.py:2147]   File "/usr/local/lib/python3.12/dist-packages/torch/_dynamo/repro/after_dynamo.py", line 156, in __call__
[rank1]:W0910 13:58:27.194000 2608031 torch/_dynamo/convert_frame.py:2147]     compiled_gm = compiler_fn(gm, example_inputs)
[rank1]:W0910 13:58:27.194000 2608031 torch/_dynamo/convert_frame.py:2147]                   ^^^^^^^^^^^^^^^^^^^^^^^^^^^^^^^
[rank1]:W0910 13:58:27.194000 2608031 torch/_dynamo/convert_frame.py:2147]   File "/usr/local/lib/python3.12/dist-packages/torch/__init__.py", line 2461, in __call__
[rank1]:W0910 13:58:27.194000 2608031 torch/_dynamo/convert_frame.py:2147]     return compile_fx(model_, inputs_, config_patches=self.config)
[rank1]:W0910 13:58:27.194000 2608031 torch/_dynamo/convert_frame.py:2147]            ^^^^^^^^^^^^^^^^^^^^^^^^^^^^^^^^^^^^^^^^^^^^^^^^^^^^^^^
[rank1]:W0910 13:58:27.194000 2608031 torch/_dynamo/convert_frame.py:2147]   File "/usr/local/lib/python3.12/dist-packages/torch/_inductor/compile_fx.py", line 2578, in compile_fx
[rank1]:W0910 13:58:27.194000 2608031 torch/_dynamo/convert_frame.py:2147]     return _maybe_wrap_and_compile_fx_main(
[rank1]:W0910 13:58:27.194000 2608031 torch/_dynamo/convert_frame.py:2147]            ^^^^^^^^^^^^^^^^^^^^^^^^^^^^^^^^
[rank1]:W0910 13:58:27.194000 2608031 torch/_dynamo/convert_frame.py:2147]   File "/usr/local/lib/python3.12/dist-packages/torch/_inductor/compile_fx.py", line 2655, in _maybe_wrap_and_compile_fx_main
[rank1]:W0910 13:58:27.194000 2608031 torch/_dynamo/convert_frame.py:2147]     return _compile_fx_main(
[rank1]:W0910 13:58:27.194000 2608031 torch/_dynamo/convert_frame.py:2147]            ^^^^^^^^^^^^^^^^^
[rank1]:W0910 13:58:27.194000 2608031 torch/_dynamo/convert_frame.py:2147]   File "/usr/local/lib/python3.12/dist-packages/torch/_inductor/compile_fx.py", line 2864, in _compile_fx_main
[rank1]:W0910 13:58:27.194000 2608031 torch/_dynamo/convert_frame.py:2147]     raise e.remove_dynamo_frames() from None  # see TORCHDYNAMO_VERBOSE=1
[rank1]:W0910 13:58:27.194000 2608031 torch/_dynamo/convert_frame.py:2147]     ^^^^^^^^^^^^^^^^^^^^^^^^^^^^^^^^^^^^^^^^
[rank1]:W0910 13:58:27.194000 2608031 torch/_dynamo/convert_frame.py:2147]   File "/usr/local/lib/python3.12/dist-packages/torch/_inductor/compile_fx.py", line 1053, in _compile_fx_inner
[rank1]:W0910 13:58:27.194000 2608031 torch/_dynamo/convert_frame.py:2147]     raise InductorError(e, currentframe()).with_traceback(
[rank1]:W0910 13:58:27.194000 2608031 torch/_dynamo/convert_frame.py:2147]   File "/usr/local/lib/python3.12/dist-packages/torch/_inductor/compile_fx.py", line 1037, in _compile_fx_inner
[rank1]:W0910 13:58:27.194000 2608031 torch/_dynamo/convert_frame.py:2147]     mb_compiled_graph = fx_codegen_and_compile(
[rank1]:W0910 13:58:27.194000 2608031 torch/_dynamo/convert_frame.py:2147]                         ^^^^^^^^^^^^^^^^^^^^^^^
[rank1]:W0910 13:58:27.194000 2608031 torch/_dynamo/convert_frame.py:2147]   File "/usr/local/lib/python3.12/dist-packages/torch/_inductor/compile_fx.py", line 1798, in fx_codegen_and_compile
[rank1]:W0910 13:58:27.194000 2608031 torch/_dynamo/convert_frame.py:2147]     return scheme.codegen_and_compile(gm, example_inputs, inputs_to_check, graph_kwargs)
[rank1]:W0910 13:58:27.194000 2608031 torch/_dynamo/convert_frame.py:2147]            ^^^^^^^^^^^^^^^^^^^^^^^^^^^^^^^^^^^^^^^^^^^^^^^^^^^^^^^^^^^^^^^^^^^^^^^^^^^^^
[rank1]:W0910 13:58:27.194000 2608031 torch/_dynamo/convert_frame.py:2147]   File "/usr/local/lib/python3.12/dist-packages/torch/_inductor/compile_fx.py", line 1485, in codegen_and_compile
[rank1]:W0910 13:58:27.194000 2608031 torch/_dynamo/convert_frame.py:2147]     graph.run(*example_inputs)
[rank1]:W0910 13:58:27.194000 2608031 torch/_dynamo/convert_frame.py:2147]   File "/usr/local/lib/python3.12/dist-packages/torch/_inductor/graph.py", line 1025, in run
[rank1]:W0910 13:58:27.194000 2608031 torch/_dynamo/convert_frame.py:2147]     return super().run(*args)
[rank1]:W0910 13:58:27.194000 2608031 torch/_dynamo/convert_frame.py:2147]            ^^^^^^^^^^^^^^^^^^
[rank1]:W0910 13:58:27.194000 2608031 torch/_dynamo/convert_frame.py:2147]   File "/usr/local/lib/python3.12/dist-packages/torch/fx/interpreter.py", line 200, in run
[rank1]:W0910 13:58:27.194000 2608031 torch/_dynamo/convert_frame.py:2147]     self.env[node] = self.run_node(node)
[rank1]:W0910 13:58:27.194000 2608031 torch/_dynamo/convert_frame.py:2147]                      ^^^^^^^^^^^^^^^^^^^
[rank1]:W0910 13:58:27.194000 2608031 torch/_dynamo/convert_frame.py:2147]   File "/usr/local/lib/python3.12/dist-packages/torch/_inductor/graph.py", line 1997, in run_node
[rank1]:W0910 13:58:27.194000 2608031 torch/_dynamo/convert_frame.py:2147]     self.register_users_of(result)
[rank1]:W0910 13:58:27.194000 2608031 torch/_dynamo/convert_frame.py:2147]   File "/usr/local/lib/python3.12/dist-packages/torch/_inductor/graph.py", line 1072, in register_users_of
[rank1]:W0910 13:58:27.194000 2608031 torch/_dynamo/convert_frame.py:2147]     register(node_output)
[rank1]:W0910 13:58:27.194000 2608031 torch/_dynamo/convert_frame.py:2147]   File "/usr/local/lib/python3.12/dist-packages/torch/_inductor/graph.py", line 1069, in register
[rank1]:W0910 13:58:27.194000 2608031 torch/_dynamo/convert_frame.py:2147]     for read_name in value.get_read_names():
[rank1]:W0910 13:58:27.194000 2608031 torch/_dynamo/convert_frame.py:2147]                      ^^^^^^^^^^^^^^^^^^^^^^
[rank1]:W0910 13:58:27.194000 2608031 torch/_dynamo/convert_frame.py:2147]   File "/usr/local/lib/python3.12/dist-packages/torch/_inductor/ir.py", line 8658, in get_read_names
[rank1]:W0910 13:58:27.194000 2608031 torch/_dynamo/convert_frame.py:2147]     return self.data.get_read_names()
[rank1]:W0910 13:58:27.194000 2608031 torch/_dynamo/convert_frame.py:2147]            ^^^^^^^^^^^^^^^^^^^^^^^^^^
[rank1]:W0910 13:58:27.194000 2608031 torch/_dynamo/convert_frame.py:2147]   File "/usr/local/lib/python3.12/dist-packages/torch/_inductor/ir.py", line 8658, in get_read_names
[rank1]:W0910 13:58:27.194000 2608031 torch/_dynamo/convert_frame.py:2147]     return self.data.get_read_names()
[rank1]:W0910 13:58:27.194000 2608031 torch/_dynamo/convert_frame.py:2147]            ^^^^^^^^^^^^^^^^^^^^^^^^^^
[rank1]:W0910 13:58:27.194000 2608031 torch/_dynamo/convert_frame.py:2147]   File "/usr/local/lib/python3.12/dist-packages/torch/_inductor/ir.py", line 4766, in get_read_names
[rank1]:W0910 13:58:27.194000 2608031 torch/_dynamo/convert_frame.py:2147]     return self.data.get_read_names()
[rank1]:W0910 13:58:27.194000 2608031 torch/_dynamo/convert_frame.py:2147]            ^^^^^^^^^^^^^^^^^^^^^^^^^^
[rank1]:W0910 13:58:27.194000 2608031 torch/_dynamo/convert_frame.py:2147]   File "/usr/local/lib/python3.12/dist-packages/torch/_inductor/ir.py", line 1042, in get_read_names
[rank1]:W0910 13:58:27.194000 2608031 torch/_dynamo/convert_frame.py:2147]     return OrderedSet(self.inner_fn_opcount().read_buffers)
[rank1]:W0910 13:58:27.194000 2608031 torch/_dynamo/convert_frame.py:2147]                       ^^^^^^^^^^^^^^^^^^^^^^^
[rank1]:W0910 13:58:27.194000 2608031 torch/_dynamo/convert_frame.py:2147]   File "<string>", line 6, in inner_fn_opcount_cache_on_self
[rank1]:W0910 13:58:27.194000 2608031 torch/_dynamo/convert_frame.py:2147]   File "/usr/local/lib/python3.12/dist-packages/torch/_inductor/ir.py", line 1005, in inner_fn_opcount
[rank1]:W0910 13:58:27.194000 2608031 torch/_dynamo/convert_frame.py:2147]     self.inner_fn(*self.inner_fn_args())
[rank1]:W0910 13:58:27.194000 2608031 torch/_dynamo/convert_frame.py:2147]   File "/usr/local/lib/python3.12/dist-packages/torch/_inductor/lowering.py", line 2735, in inner_fn
[rank1]:W0910 13:58:27.194000 2608031 torch/_dynamo/convert_frame.py:2147]     _boundaries_helper(boundaries),
[rank1]:W0910 13:58:27.194000 2608031 torch/_dynamo/convert_frame.py:2147]     ^^^^^^^^^^^^^^^^^^^^^^^^^^^^^^
[rank1]:W0910 13:58:27.194000 2608031 torch/_dynamo/convert_frame.py:2147]   File "/usr/local/lib/python3.12/dist-packages/torch/_inductor/lowering.py", line 2589, in _boundaries_helper
[rank1]:W0910 13:58:27.194000 2608031 torch/_dynamo/convert_frame.py:2147]     stride = tb.get_stride()
[rank1]:W0910 13:58:27.194000 2608031 torch/_dynamo/convert_frame.py:2147]              ^^^^^^^^^^^^^^^
[rank1]:W0910 13:58:27.194000 2608031 torch/_dynamo/convert_frame.py:2147]   File "/usr/local/lib/python3.12/dist-packages/torch/_inductor/ir.py", line 8573, in get_stride
[rank1]:W0910 13:58:27.194000 2608031 torch/_dynamo/convert_frame.py:2147]     return self.data.get_stride()
[rank1]:W0910 13:58:27.194000 2608031 torch/_dynamo/convert_frame.py:2147]            ^^^^^^^^^^^^^^^^^^^^^^
[rank1]:W0910 13:58:27.194000 2608031 torch/_dynamo/convert_frame.py:2147]   File "/usr/local/lib/python3.12/dist-packages/torch/_inductor/ir.py", line 758, in get_stride
[rank1]:W0910 13:58:27.194000 2608031 torch/_dynamo/convert_frame.py:2147]     raise NotImplementedError(type(self).__name__)
[rank1]:W0910 13:58:27.194000 2608031 torch/_dynamo/convert_frame.py:2147] torch._inductor.exc.InductorError: NotImplementedError: SliceView
[rank1]:W0910 13:58:27.194000 2608031 torch/_dynamo/convert_frame.py:2147] 
[rank1]:W0910 13:58:27.194000 2608031 torch/_dynamo/convert_frame.py:2147] While executing %submod_1 : [num_users=4] = call_module[target=submod_1](args = (%l_self_modules_qg_parameters_weight_, %getitem, %getitem_1, %getitem_2, %l_cu_, %s42, %l_self_modules_rope_buffers_inv_freq_), kwargs = {})
[rank1]:W0910 13:58:27.194000 2608031 torch/_dynamo/convert_frame.py:2147] Original traceback:
[rank1]:W0910 13:58:27.194000 2608031 torch/_dynamo/convert_frame.py:2147] None
[rank1]:W0910 13:58:27.194000 2608031 torch/_dynamo/convert_frame.py:2147] Use tlparse to see full graph. (https://github.com/pytorch/tlparse?tab=readme-ov-file#tlparse-parse-structured-pt2-logs)
[rank1]:W0910 13:58:27.194000 2608031 torch/_dynamo/convert_frame.py:2147] 
[rank1]:W0910 13:58:27.194000 2608031 torch/_dynamo/convert_frame.py:2147] Set TORCHDYNAMO_VERBOSE=1 for the internal stack trace (please do this especially if you're reporting a bug to PyTorch). For even more developer context, set TORCH_LOGS="+dynamo"
[rank1]:W0910 13:58:27.194000 2608031 torch/_dynamo/convert_frame.py:2147] 
[rank3]:W0910 13:58:28.040000 2608033 torch/_dynamo/convert_frame.py:2147] WON'T CONVERT forward /work/aupai/model.py line 981 
[rank3]:W0910 13:58:28.040000 2608033 torch/_dynamo/convert_frame.py:2147] due to: 
[rank3]:W0910 13:58:28.040000 2608033 torch/_dynamo/convert_frame.py:2147] Traceback (most recent call last):
[rank3]:W0910 13:58:28.040000 2608033 torch/_dynamo/convert_frame.py:2147]   File "/usr/local/lib/python3.12/dist-packages/torch/_dynamo/convert_frame.py", line 2052, in __call__
[rank3]:W0910 13:58:28.040000 2608033 torch/_dynamo/convert_frame.py:2147]     result = self._inner_convert(
[rank3]:W0910 13:58:28.040000 2608033 torch/_dynamo/convert_frame.py:2147]              ^^^^^^^^^^^^^^^^^^^^
[rank3]:W0910 13:58:28.040000 2608033 torch/_dynamo/convert_frame.py:2147]   File "/usr/local/lib/python3.12/dist-packages/torch/_dynamo/convert_frame.py", line 729, in __call__
[rank3]:W0910 13:58:28.040000 2608033 torch/_dynamo/convert_frame.py:2147]     result = _compile(
[rank3]:W0910 13:58:28.040000 2608033 torch/_dynamo/convert_frame.py:2147]              ^^^^^^^^^
[rank3]:W0910 13:58:28.040000 2608033 torch/_dynamo/convert_frame.py:2147]   File "/usr/local/lib/python3.12/dist-packages/torch/_dynamo/convert_frame.py", line 1827, in _compile
[rank3]:W0910 13:58:28.040000 2608033 torch/_dynamo/convert_frame.py:2147]     guarded_code, tracer_output = compile_inner(code, one_graph, hooks)
[rank3]:W0910 13:58:28.040000 2608033 torch/_dynamo/convert_frame.py:2147]                                   ^^^^^^^^^^^^^^^^^^^^^^^^^^^^^^^^^^^^^
[rank3]:W0910 13:58:28.040000 2608033 torch/_dynamo/convert_frame.py:2147]   File "/usr/local/lib/python3.12/dist-packages/torch/_utils_internal.py", line 96, in wrapper_function
[rank3]:W0910 13:58:28.040000 2608033 torch/_dynamo/convert_frame.py:2147]     return function(*args, **kwargs)
[rank3]:W0910 13:58:28.040000 2608033 torch/_dynamo/convert_frame.py:2147]            ^^^^^^^^^^^^^^^^^^^^^^^^^
[rank3]:W0910 13:58:28.040000 2608033 torch/_dynamo/convert_frame.py:2147]   File "/usr/local/lib/python3.12/dist-packages/torch/_dynamo/convert_frame.py", line 1500, in compile_inner
[rank3]:W0910 13:58:28.040000 2608033 torch/_dynamo/convert_frame.py:2147]     return _compile_inner(code, one_graph, hooks)
[rank3]:W0910 13:58:28.040000 2608033 torch/_dynamo/convert_frame.py:2147]            ^^^^^^^^^^^^^^^^^^^^^^^^^^^^^^^^^^^^^^
[rank3]:W0910 13:58:28.040000 2608033 torch/_dynamo/convert_frame.py:2147]   File "/usr/local/lib/python3.12/dist-packages/torch/_dynamo/convert_frame.py", line 1534, in _compile_inner
[rank3]:W0910 13:58:28.040000 2608033 torch/_dynamo/convert_frame.py:2147]     dynamo_output = compile_frame(
[rank3]:W0910 13:58:28.040000 2608033 torch/_dynamo/convert_frame.py:2147]                     ^^^^^^^^^^^^^^
[rank3]:W0910 13:58:28.040000 2608033 torch/_dynamo/convert_frame.py:2147]   File "/usr/local/lib/python3.12/dist-packages/torch/_dynamo/convert_frame.py", line 1408, in compile_frame
[rank3]:W0910 13:58:28.040000 2608033 torch/_dynamo/convert_frame.py:2147]     bytecode, tracer_output = transform_code_object(code, transform)
[rank3]:W0910 13:58:28.040000 2608033 torch/_dynamo/convert_frame.py:2147]                               ^^^^^^^^^^^^^^^^^^^^^^^^^^^^^^^^^^^^^^
[rank3]:W0910 13:58:28.040000 2608033 torch/_dynamo/convert_frame.py:2147]   File "/usr/local/lib/python3.12/dist-packages/torch/_dynamo/bytecode_transformation.py", line 1608, in transform_code_object
[rank3]:W0910 13:58:28.040000 2608033 torch/_dynamo/convert_frame.py:2147]     tracer_output = transformations(instructions, code_options)
[rank3]:W0910 13:58:28.040000 2608033 torch/_dynamo/convert_frame.py:2147]                     ^^^^^^^^^^^^^^^^^^^^^^^^^^^^^^^^^^^^^^^^^^^
[rank3]:W0910 13:58:28.040000 2608033 torch/_dynamo/convert_frame.py:2147]   File "/usr/local/lib/python3.12/dist-packages/torch/_dynamo/convert_frame.py", line 1380, in transform
[rank3]:W0910 13:58:28.040000 2608033 torch/_dynamo/convert_frame.py:2147]     tracer_output = trace_frame(
[rank3]:W0910 13:58:28.040000 2608033 torch/_dynamo/convert_frame.py:2147]                     ^^^^^^^^^^^^
[rank3]:W0910 13:58:28.040000 2608033 torch/_dynamo/convert_frame.py:2147]   File "/usr/local/lib/python3.12/dist-packages/torch/_dynamo/convert_frame.py", line 341, in _fn
[rank3]:W0910 13:58:28.040000 2608033 torch/_dynamo/convert_frame.py:2147]     return fn(*args, **kwargs)
[rank3]:W0910 13:58:28.040000 2608033 torch/_dynamo/convert_frame.py:2147]            ^^^^^^^^^^^^^^^^^^^
[rank3]:W0910 13:58:28.040000 2608033 torch/_dynamo/convert_frame.py:2147]   File "/usr/local/lib/python3.12/dist-packages/torch/_dynamo/convert_frame.py", line 863, in trace_frame
[rank3]:W0910 13:58:28.040000 2608033 torch/_dynamo/convert_frame.py:2147]     run_tracer()
[rank3]:W0910 13:58:28.040000 2608033 torch/_dynamo/convert_frame.py:2147]   File "/usr/local/lib/python3.12/dist-packages/torch/_dynamo/convert_frame.py", line 844, in run_tracer
[rank3]:W0910 13:58:28.040000 2608033 torch/_dynamo/convert_frame.py:2147]     tracer.run()
[rank3]:W0910 13:58:28.040000 2608033 torch/_dynamo/convert_frame.py:2147]   File "/usr/local/lib/python3.12/dist-packages/torch/_dynamo/symbolic_convert.py", line 1794, in run
[rank3]:W0910 13:58:28.040000 2608033 torch/_dynamo/convert_frame.py:2147]     while self.step():
[rank3]:W0910 13:58:28.040000 2608033 torch/_dynamo/convert_frame.py:2147]           ^^^^^^^^^^^
[rank3]:W0910 13:58:28.040000 2608033 torch/_dynamo/convert_frame.py:2147]   File "/usr/local/lib/python3.12/dist-packages/torch/_dynamo/symbolic_convert.py", line 1459, in step
[rank3]:W0910 13:58:28.040000 2608033 torch/_dynamo/convert_frame.py:2147]     self.dispatch_table[inst.opcode](self, inst)
[rank3]:W0910 13:58:28.040000 2608033 torch/_dynamo/convert_frame.py:2147]   File "/usr/local/lib/python3.12/dist-packages/torch/_dynamo/symbolic_convert.py", line 999, in wrapper
[rank3]:W0910 13:58:28.040000 2608033 torch/_dynamo/convert_frame.py:2147]     return handle_graph_break(self, inst, speculation.reason)
[rank3]:W0910 13:58:28.040000 2608033 torch/_dynamo/convert_frame.py:2147]            ^^^^^^^^^^^^^^^^^^^^^^^^^^^^^^^^^^^^^^^^^^^^^^^^^^
[rank3]:W0910 13:58:28.040000 2608033 torch/_dynamo/convert_frame.py:2147]   File "/usr/local/lib/python3.12/dist-packages/torch/_dynamo/symbolic_convert.py", line 1062, in handle_graph_break
[rank3]:W0910 13:58:28.040000 2608033 torch/_dynamo/convert_frame.py:2147]     all_stack_locals_metadata = self.output.compile_subgraph(
[rank3]:W0910 13:58:28.040000 2608033 torch/_dynamo/convert_frame.py:2147]                                 ^^^^^^^^^^^^^^^^^^^^^^^^^^^^^
[rank3]:W0910 13:58:28.040000 2608033 torch/_dynamo/convert_frame.py:2147]   File "/usr/local/lib/python3.12/dist-packages/torch/_dynamo/output_graph.py", line 1889, in compile_subgraph
[rank3]:W0910 13:58:28.040000 2608033 torch/_dynamo/convert_frame.py:2147]     self.compile_and_call_fx_graph(tx, pass2.graph_output_vars(), root)
[rank3]:W0910 13:58:28.040000 2608033 torch/_dynamo/convert_frame.py:2147]   File "/usr/local/lib/python3.12/dist-packages/torch/_dynamo/output_graph.py", line 2460, in compile_and_call_fx_graph
[rank3]:W0910 13:58:28.040000 2608033 torch/_dynamo/convert_frame.py:2147]     compiled_fn = self.call_user_compiler(gm, self.example_inputs())
[rank3]:W0910 13:58:28.040000 2608033 torch/_dynamo/convert_frame.py:2147]                   ^^^^^^^^^^^^^^^^^^^^^^^^^^^^^^^^^^^^^^^^^^^^^^^^^^
[rank3]:W0910 13:58:28.040000 2608033 torch/_dynamo/convert_frame.py:2147]   File "/usr/local/lib/python3.12/dist-packages/torch/_dynamo/output_graph.py", line 2613, in call_user_compiler
[rank3]:W0910 13:58:28.040000 2608033 torch/_dynamo/convert_frame.py:2147]     return self._call_user_compiler(gm, example_inputs)
[rank3]:W0910 13:58:28.040000 2608033 torch/_dynamo/convert_frame.py:2147]            ^^^^^^^^^^^^^^^^^^^^^^^^^^^^^^^^^^^^^^^^^^^^
[rank3]:W0910 13:58:28.040000 2608033 torch/_dynamo/convert_frame.py:2147]   File "/usr/local/lib/python3.12/dist-packages/torch/_dynamo/output_graph.py", line 2664, in _call_user_compiler
[rank3]:W0910 13:58:28.040000 2608033 torch/_dynamo/convert_frame.py:2147]     compiled_fn = compiler_fn(gm, example_inputs)
[rank3]:W0910 13:58:28.040000 2608033 torch/_dynamo/convert_frame.py:2147]                   ^^^^^^^^^^^^^^^^^^^^^^^^^^^^^^^
[rank3]:W0910 13:58:28.040000 2608033 torch/_dynamo/convert_frame.py:2147]   File "/usr/local/lib/python3.12/dist-packages/torch/_dynamo/backends/distributed.py", line 616, in compile_fn
[rank3]:W0910 13:58:28.040000 2608033 torch/_dynamo/convert_frame.py:2147]     submod_compiler.run(*example_inputs)
[rank3]:W0910 13:58:28.040000 2608033 torch/_dynamo/convert_frame.py:2147]   File "/usr/local/lib/python3.12/dist-packages/torch/fx/interpreter.py", line 200, in run
[rank3]:W0910 13:58:28.040000 2608033 torch/_dynamo/convert_frame.py:2147]     self.env[node] = self.run_node(node)
[rank3]:W0910 13:58:28.040000 2608033 torch/_dynamo/convert_frame.py:2147]                      ^^^^^^^^^^^^^^^^^^^
[rank3]:W0910 13:58:28.040000 2608033 torch/_dynamo/convert_frame.py:2147]   File "/usr/local/lib/python3.12/dist-packages/torch/_dynamo/backends/distributed.py", line 327, in run_node
[rank3]:W0910 13:58:28.040000 2608033 torch/_dynamo/convert_frame.py:2147]     compiled_submod_real = self.compile_submod(real_mod, new_args, kwargs)
[rank3]:W0910 13:58:28.040000 2608033 torch/_dynamo/convert_frame.py:2147]                            ^^^^^^^^^^^^^^^^^^^^^^^^^^^^^^^^^^^^^^^^^^^^^^^
[rank3]:W0910 13:58:28.040000 2608033 torch/_dynamo/convert_frame.py:2147]   File "/usr/local/lib/python3.12/dist-packages/torch/_dynamo/backends/distributed.py", line 242, in compile_submod
[rank3]:W0910 13:58:28.040000 2608033 torch/_dynamo/convert_frame.py:2147]     self.compiler(input_mod, args),
[rank3]:W0910 13:58:28.040000 2608033 torch/_dynamo/convert_frame.py:2147]     ^^^^^^^^^^^^^^^^^^^^^^^^^^^^^^
[rank3]:W0910 13:58:28.040000 2608033 torch/_dynamo/convert_frame.py:2147]   File "/usr/local/lib/python3.12/dist-packages/torch/_dynamo/repro/after_dynamo.py", line 156, in __call__
[rank3]:W0910 13:58:28.040000 2608033 torch/_dynamo/convert_frame.py:2147]     compiled_gm = compiler_fn(gm, example_inputs)
[rank3]:W0910 13:58:28.040000 2608033 torch/_dynamo/convert_frame.py:2147]                   ^^^^^^^^^^^^^^^^^^^^^^^^^^^^^^^
[rank3]:W0910 13:58:28.040000 2608033 torch/_dynamo/convert_frame.py:2147]   File "/usr/local/lib/python3.12/dist-packages/torch/__init__.py", line 2461, in __call__
[rank3]:W0910 13:58:28.040000 2608033 torch/_dynamo/convert_frame.py:2147]     return compile_fx(model_, inputs_, config_patches=self.config)
[rank3]:W0910 13:58:28.040000 2608033 torch/_dynamo/convert_frame.py:2147]            ^^^^^^^^^^^^^^^^^^^^^^^^^^^^^^^^^^^^^^^^^^^^^^^^^^^^^^^
[rank3]:W0910 13:58:28.040000 2608033 torch/_dynamo/convert_frame.py:2147]   File "/usr/local/lib/python3.12/dist-packages/torch/_inductor/compile_fx.py", line 2578, in compile_fx
[rank3]:W0910 13:58:28.040000 2608033 torch/_dynamo/convert_frame.py:2147]     return _maybe_wrap_and_compile_fx_main(
[rank3]:W0910 13:58:28.040000 2608033 torch/_dynamo/convert_frame.py:2147]            ^^^^^^^^^^^^^^^^^^^^^^^^^^^^^^^^
[rank3]:W0910 13:58:28.040000 2608033 torch/_dynamo/convert_frame.py:2147]   File "/usr/local/lib/python3.12/dist-packages/torch/_inductor/compile_fx.py", line 2655, in _maybe_wrap_and_compile_fx_main
[rank3]:W0910 13:58:28.040000 2608033 torch/_dynamo/convert_frame.py:2147]     return _compile_fx_main(
[rank3]:W0910 13:58:28.040000 2608033 torch/_dynamo/convert_frame.py:2147]            ^^^^^^^^^^^^^^^^^
[rank3]:W0910 13:58:28.040000 2608033 torch/_dynamo/convert_frame.py:2147]   File "/usr/local/lib/python3.12/dist-packages/torch/_inductor/compile_fx.py", line 2864, in _compile_fx_main
[rank3]:W0910 13:58:28.040000 2608033 torch/_dynamo/convert_frame.py:2147]     raise e.remove_dynamo_frames() from None  # see TORCHDYNAMO_VERBOSE=1
[rank3]:W0910 13:58:28.040000 2608033 torch/_dynamo/convert_frame.py:2147]     ^^^^^^^^^^^^^^^^^^^^^^^^^^^^^^^^^^^^^^^^
[rank3]:W0910 13:58:28.040000 2608033 torch/_dynamo/convert_frame.py:2147]   File "/usr/local/lib/python3.12/dist-packages/torch/_inductor/compile_fx.py", line 1053, in _compile_fx_inner
[rank3]:W0910 13:58:28.040000 2608033 torch/_dynamo/convert_frame.py:2147]     raise InductorError(e, currentframe()).with_traceback(
[rank3]:W0910 13:58:28.040000 2608033 torch/_dynamo/convert_frame.py:2147]   File "/usr/local/lib/python3.12/dist-packages/torch/_inductor/compile_fx.py", line 1037, in _compile_fx_inner
[rank3]:W0910 13:58:28.040000 2608033 torch/_dynamo/convert_frame.py:2147]     mb_compiled_graph = fx_codegen_and_compile(
[rank3]:W0910 13:58:28.040000 2608033 torch/_dynamo/convert_frame.py:2147]                         ^^^^^^^^^^^^^^^^^^^^^^^
[rank3]:W0910 13:58:28.040000 2608033 torch/_dynamo/convert_frame.py:2147]   File "/usr/local/lib/python3.12/dist-packages/torch/_inductor/compile_fx.py", line 1798, in fx_codegen_and_compile
[rank3]:W0910 13:58:28.040000 2608033 torch/_dynamo/convert_frame.py:2147]     return scheme.codegen_and_compile(gm, example_inputs, inputs_to_check, graph_kwargs)
[rank3]:W0910 13:58:28.040000 2608033 torch/_dynamo/convert_frame.py:2147]            ^^^^^^^^^^^^^^^^^^^^^^^^^^^^^^^^^^^^^^^^^^^^^^^^^^^^^^^^^^^^^^^^^^^^^^^^^^^^^
[rank3]:W0910 13:58:28.040000 2608033 torch/_dynamo/convert_frame.py:2147]   File "/usr/local/lib/python3.12/dist-packages/torch/_inductor/compile_fx.py", line 1485, in codegen_and_compile
[rank3]:W0910 13:58:28.040000 2608033 torch/_dynamo/convert_frame.py:2147]     graph.run(*example_inputs)
[rank3]:W0910 13:58:28.040000 2608033 torch/_dynamo/convert_frame.py:2147]   File "/usr/local/lib/python3.12/dist-packages/torch/_inductor/graph.py", line 1025, in run
[rank3]:W0910 13:58:28.040000 2608033 torch/_dynamo/convert_frame.py:2147]     return super().run(*args)
[rank3]:W0910 13:58:28.040000 2608033 torch/_dynamo/convert_frame.py:2147]            ^^^^^^^^^^^^^^^^^^
[rank3]:W0910 13:58:28.040000 2608033 torch/_dynamo/convert_frame.py:2147]   File "/usr/local/lib/python3.12/dist-packages/torch/fx/interpreter.py", line 200, in run
[rank3]:W0910 13:58:28.040000 2608033 torch/_dynamo/convert_frame.py:2147]     self.env[node] = self.run_node(node)
[rank3]:W0910 13:58:28.040000 2608033 torch/_dynamo/convert_frame.py:2147]                      ^^^^^^^^^^^^^^^^^^^
[rank3]:W0910 13:58:28.040000 2608033 torch/_dynamo/convert_frame.py:2147]   File "/usr/local/lib/python3.12/dist-packages/torch/_inductor/graph.py", line 1997, in run_node
[rank3]:W0910 13:58:28.040000 2608033 torch/_dynamo/convert_frame.py:2147]     self.register_users_of(result)
[rank3]:W0910 13:58:28.040000 2608033 torch/_dynamo/convert_frame.py:2147]   File "/usr/local/lib/python3.12/dist-packages/torch/_inductor/graph.py", line 1072, in register_users_of
[rank3]:W0910 13:58:28.040000 2608033 torch/_dynamo/convert_frame.py:2147]     register(node_output)
[rank3]:W0910 13:58:28.040000 2608033 torch/_dynamo/convert_frame.py:2147]   File "/usr/local/lib/python3.12/dist-packages/torch/_inductor/graph.py", line 1069, in register
[rank3]:W0910 13:58:28.040000 2608033 torch/_dynamo/convert_frame.py:2147]     for read_name in value.get_read_names():
[rank3]:W0910 13:58:28.040000 2608033 torch/_dynamo/convert_frame.py:2147]                      ^^^^^^^^^^^^^^^^^^^^^^
[rank3]:W0910 13:58:28.040000 2608033 torch/_dynamo/convert_frame.py:2147]   File "/usr/local/lib/python3.12/dist-packages/torch/_inductor/ir.py", line 8658, in get_read_names
[rank3]:W0910 13:58:28.040000 2608033 torch/_dynamo/convert_frame.py:2147]     return self.data.get_read_names()
[rank3]:W0910 13:58:28.040000 2608033 torch/_dynamo/convert_frame.py:2147]            ^^^^^^^^^^^^^^^^^^^^^^^^^^
[rank3]:W0910 13:58:28.040000 2608033 torch/_dynamo/convert_frame.py:2147]   File "/usr/local/lib/python3.12/dist-packages/torch/_inductor/ir.py", line 8658, in get_read_names
[rank3]:W0910 13:58:28.040000 2608033 torch/_dynamo/convert_frame.py:2147]     return self.data.get_read_names()
[rank3]:W0910 13:58:28.040000 2608033 torch/_dynamo/convert_frame.py:2147]            ^^^^^^^^^^^^^^^^^^^^^^^^^^
[rank3]:W0910 13:58:28.040000 2608033 torch/_dynamo/convert_frame.py:2147]   File "/usr/local/lib/python3.12/dist-packages/torch/_inductor/ir.py", line 4766, in get_read_names
[rank3]:W0910 13:58:28.040000 2608033 torch/_dynamo/convert_frame.py:2147]     return self.data.get_read_names()
[rank3]:W0910 13:58:28.040000 2608033 torch/_dynamo/convert_frame.py:2147]            ^^^^^^^^^^^^^^^^^^^^^^^^^^
[rank3]:W0910 13:58:28.040000 2608033 torch/_dynamo/convert_frame.py:2147]   File "/usr/local/lib/python3.12/dist-packages/torch/_inductor/ir.py", line 1042, in get_read_names
[rank3]:W0910 13:58:28.040000 2608033 torch/_dynamo/convert_frame.py:2147]     return OrderedSet(self.inner_fn_opcount().read_buffers)
[rank3]:W0910 13:58:28.040000 2608033 torch/_dynamo/convert_frame.py:2147]                       ^^^^^^^^^^^^^^^^^^^^^^^
[rank3]:W0910 13:58:28.040000 2608033 torch/_dynamo/convert_frame.py:2147]   File "<string>", line 6, in inner_fn_opcount_cache_on_self
[rank3]:W0910 13:58:28.040000 2608033 torch/_dynamo/convert_frame.py:2147]   File "/usr/local/lib/python3.12/dist-packages/torch/_inductor/ir.py", line 1005, in inner_fn_opcount
[rank3]:W0910 13:58:28.040000 2608033 torch/_dynamo/convert_frame.py:2147]     self.inner_fn(*self.inner_fn_args())
[rank3]:W0910 13:58:28.040000 2608033 torch/_dynamo/convert_frame.py:2147]   File "/usr/local/lib/python3.12/dist-packages/torch/_inductor/lowering.py", line 2735, in inner_fn
[rank3]:W0910 13:58:28.040000 2608033 torch/_dynamo/convert_frame.py:2147]     _boundaries_helper(boundaries),
[rank3]:W0910 13:58:28.040000 2608033 torch/_dynamo/convert_frame.py:2147]     ^^^^^^^^^^^^^^^^^^^^^^^^^^^^^^
[rank3]:W0910 13:58:28.040000 2608033 torch/_dynamo/convert_frame.py:2147]   File "/usr/local/lib/python3.12/dist-packages/torch/_inductor/lowering.py", line 2589, in _boundaries_helper
[rank3]:W0910 13:58:28.040000 2608033 torch/_dynamo/convert_frame.py:2147]     stride = tb.get_stride()
[rank3]:W0910 13:58:28.040000 2608033 torch/_dynamo/convert_frame.py:2147]              ^^^^^^^^^^^^^^^
[rank3]:W0910 13:58:28.040000 2608033 torch/_dynamo/convert_frame.py:2147]   File "/usr/local/lib/python3.12/dist-packages/torch/_inductor/ir.py", line 8573, in get_stride
[rank3]:W0910 13:58:28.040000 2608033 torch/_dynamo/convert_frame.py:2147]     return self.data.get_stride()
[rank3]:W0910 13:58:28.040000 2608033 torch/_dynamo/convert_frame.py:2147]            ^^^^^^^^^^^^^^^^^^^^^^
[rank3]:W0910 13:58:28.040000 2608033 torch/_dynamo/convert_frame.py:2147]   File "/usr/local/lib/python3.12/dist-packages/torch/_inductor/ir.py", line 758, in get_stride
[rank3]:W0910 13:58:28.040000 2608033 torch/_dynamo/convert_frame.py:2147]     raise NotImplementedError(type(self).__name__)
[rank3]:W0910 13:58:28.040000 2608033 torch/_dynamo/convert_frame.py:2147] torch._inductor.exc.InductorError: NotImplementedError: SliceView
[rank3]:W0910 13:58:28.040000 2608033 torch/_dynamo/convert_frame.py:2147] 
[rank3]:W0910 13:58:28.040000 2608033 torch/_dynamo/convert_frame.py:2147] While executing %submod_1 : [num_users=4] = call_module[target=submod_1](args = (%l_self_modules_qg_parameters_weight_, %getitem, %getitem_1, %getitem_2, %l_cu_, %s42, %l_self_modules_rope_buffers_inv_freq_), kwargs = {})
[rank3]:W0910 13:58:28.040000 2608033 torch/_dynamo/convert_frame.py:2147] Original traceback:
[rank3]:W0910 13:58:28.040000 2608033 torch/_dynamo/convert_frame.py:2147] None
[rank3]:W0910 13:58:28.040000 2608033 torch/_dynamo/convert_frame.py:2147] Use tlparse to see full graph. (https://github.com/pytorch/tlparse?tab=readme-ov-file#tlparse-parse-structured-pt2-logs)
[rank3]:W0910 13:58:28.040000 2608033 torch/_dynamo/convert_frame.py:2147] 
[rank3]:W0910 13:58:28.040000 2608033 torch/_dynamo/convert_frame.py:2147] Set TORCHDYNAMO_VERBOSE=1 for the internal stack trace (please do this especially if you're reporting a bug to PyTorch). For even more developer context, set TORCH_LOGS="+dynamo"
[rank3]:W0910 13:58:28.040000 2608033 torch/_dynamo/convert_frame.py:2147] 
[rank3]:W0910 13:58:28.040000 2608033 torch/_dynamo/convert_frame.py:2147] Traceback (most recent call last):
[rank3]:W0910 13:58:28.040000 2608033 torch/_dynamo/convert_frame.py:2147]   File "/usr/local/lib/python3.12/dist-packages/torch/_dynamo/convert_frame.py", line 2052, in __call__
[rank3]:W0910 13:58:28.040000 2608033 torch/_dynamo/convert_frame.py:2147]     result = self._inner_convert(
[rank3]:W0910 13:58:28.040000 2608033 torch/_dynamo/convert_frame.py:2147]              ^^^^^^^^^^^^^^^^^^^^
[rank3]:W0910 13:58:28.040000 2608033 torch/_dynamo/convert_frame.py:2147]   File "/usr/local/lib/python3.12/dist-packages/torch/_dynamo/convert_frame.py", line 729, in __call__
[rank3]:W0910 13:58:28.040000 2608033 torch/_dynamo/convert_frame.py:2147]     result = _compile(
[rank3]:W0910 13:58:28.040000 2608033 torch/_dynamo/convert_frame.py:2147]              ^^^^^^^^^
[rank3]:W0910 13:58:28.040000 2608033 torch/_dynamo/convert_frame.py:2147]   File "/usr/local/lib/python3.12/dist-packages/torch/_dynamo/convert_frame.py", line 1827, in _compile
[rank3]:W0910 13:58:28.040000 2608033 torch/_dynamo/convert_frame.py:2147]     guarded_code, tracer_output = compile_inner(code, one_graph, hooks)
[rank3]:W0910 13:58:28.040000 2608033 torch/_dynamo/convert_frame.py:2147]                                   ^^^^^^^^^^^^^^^^^^^^^^^^^^^^^^^^^^^^^
[rank3]:W0910 13:58:28.040000 2608033 torch/_dynamo/convert_frame.py:2147]   File "/usr/local/lib/python3.12/dist-packages/torch/_utils_internal.py", line 96, in wrapper_function
[rank3]:W0910 13:58:28.040000 2608033 torch/_dynamo/convert_frame.py:2147]     return function(*args, **kwargs)
[rank3]:W0910 13:58:28.040000 2608033 torch/_dynamo/convert_frame.py:2147]            ^^^^^^^^^^^^^^^^^^^^^^^^^
[rank3]:W0910 13:58:28.040000 2608033 torch/_dynamo/convert_frame.py:2147]   File "/usr/local/lib/python3.12/dist-packages/torch/_dynamo/convert_frame.py", line 1500, in compile_inner
[rank3]:W0910 13:58:28.040000 2608033 torch/_dynamo/convert_frame.py:2147]     return _compile_inner(code, one_graph, hooks)
[rank3]:W0910 13:58:28.040000 2608033 torch/_dynamo/convert_frame.py:2147]            ^^^^^^^^^^^^^^^^^^^^^^^^^^^^^^^^^^^^^^
[rank3]:W0910 13:58:28.040000 2608033 torch/_dynamo/convert_frame.py:2147]   File "/usr/local/lib/python3.12/dist-packages/torch/_dynamo/convert_frame.py", line 1534, in _compile_inner
[rank3]:W0910 13:58:28.040000 2608033 torch/_dynamo/convert_frame.py:2147]     dynamo_output = compile_frame(
[rank3]:W0910 13:58:28.040000 2608033 torch/_dynamo/convert_frame.py:2147]                     ^^^^^^^^^^^^^^
[rank3]:W0910 13:58:28.040000 2608033 torch/_dynamo/convert_frame.py:2147]   File "/usr/local/lib/python3.12/dist-packages/torch/_dynamo/convert_frame.py", line 1408, in compile_frame
[rank3]:W0910 13:58:28.040000 2608033 torch/_dynamo/convert_frame.py:2147]     bytecode, tracer_output = transform_code_object(code, transform)
[rank3]:W0910 13:58:28.040000 2608033 torch/_dynamo/convert_frame.py:2147]                               ^^^^^^^^^^^^^^^^^^^^^^^^^^^^^^^^^^^^^^
[rank3]:W0910 13:58:28.040000 2608033 torch/_dynamo/convert_frame.py:2147]   File "/usr/local/lib/python3.12/dist-packages/torch/_dynamo/bytecode_transformation.py", line 1608, in transform_code_object
[rank3]:W0910 13:58:28.040000 2608033 torch/_dynamo/convert_frame.py:2147]     tracer_output = transformations(instructions, code_options)
[rank3]:W0910 13:58:28.040000 2608033 torch/_dynamo/convert_frame.py:2147]                     ^^^^^^^^^^^^^^^^^^^^^^^^^^^^^^^^^^^^^^^^^^^
[rank3]:W0910 13:58:28.040000 2608033 torch/_dynamo/convert_frame.py:2147]   File "/usr/local/lib/python3.12/dist-packages/torch/_dynamo/convert_frame.py", line 1380, in transform
[rank3]:W0910 13:58:28.040000 2608033 torch/_dynamo/convert_frame.py:2147]     tracer_output = trace_frame(
[rank3]:W0910 13:58:28.040000 2608033 torch/_dynamo/convert_frame.py:2147]                     ^^^^^^^^^^^^
[rank3]:W0910 13:58:28.040000 2608033 torch/_dynamo/convert_frame.py:2147]   File "/usr/local/lib/python3.12/dist-packages/torch/_dynamo/convert_frame.py", line 341, in _fn
[rank3]:W0910 13:58:28.040000 2608033 torch/_dynamo/convert_frame.py:2147]     return fn(*args, **kwargs)
[rank3]:W0910 13:58:28.040000 2608033 torch/_dynamo/convert_frame.py:2147]            ^^^^^^^^^^^^^^^^^^^
[rank3]:W0910 13:58:28.040000 2608033 torch/_dynamo/convert_frame.py:2147]   File "/usr/local/lib/python3.12/dist-packages/torch/_dynamo/convert_frame.py", line 863, in trace_frame
[rank3]:W0910 13:58:28.040000 2608033 torch/_dynamo/convert_frame.py:2147]     run_tracer()
[rank3]:W0910 13:58:28.040000 2608033 torch/_dynamo/convert_frame.py:2147]   File "/usr/local/lib/python3.12/dist-packages/torch/_dynamo/convert_frame.py", line 844, in run_tracer
[rank3]:W0910 13:58:28.040000 2608033 torch/_dynamo/convert_frame.py:2147]     tracer.run()
[rank3]:W0910 13:58:28.040000 2608033 torch/_dynamo/convert_frame.py:2147]   File "/usr/local/lib/python3.12/dist-packages/torch/_dynamo/symbolic_convert.py", line 1794, in run
[rank3]:W0910 13:58:28.040000 2608033 torch/_dynamo/convert_frame.py:2147]     while self.step():
[rank3]:W0910 13:58:28.040000 2608033 torch/_dynamo/convert_frame.py:2147]           ^^^^^^^^^^^
[rank3]:W0910 13:58:28.040000 2608033 torch/_dynamo/convert_frame.py:2147]   File "/usr/local/lib/python3.12/dist-packages/torch/_dynamo/symbolic_convert.py", line 1459, in step
[rank3]:W0910 13:58:28.040000 2608033 torch/_dynamo/convert_frame.py:2147]     self.dispatch_table[inst.opcode](self, inst)
[rank3]:W0910 13:58:28.040000 2608033 torch/_dynamo/convert_frame.py:2147]   File "/usr/local/lib/python3.12/dist-packages/torch/_dynamo/symbolic_convert.py", line 999, in wrapper
[rank3]:W0910 13:58:28.040000 2608033 torch/_dynamo/convert_frame.py:2147]     return handle_graph_break(self, inst, speculation.reason)
[rank3]:W0910 13:58:28.040000 2608033 torch/_dynamo/convert_frame.py:2147]            ^^^^^^^^^^^^^^^^^^^^^^^^^^^^^^^^^^^^^^^^^^^^^^^^^^
[rank3]:W0910 13:58:28.040000 2608033 torch/_dynamo/convert_frame.py:2147]   File "/usr/local/lib/python3.12/dist-packages/torch/_dynamo/symbolic_convert.py", line 1062, in handle_graph_break
[rank3]:W0910 13:58:28.040000 2608033 torch/_dynamo/convert_frame.py:2147]     all_stack_locals_metadata = self.output.compile_subgraph(
[rank3]:W0910 13:58:28.040000 2608033 torch/_dynamo/convert_frame.py:2147]                                 ^^^^^^^^^^^^^^^^^^^^^^^^^^^^^
[rank3]:W0910 13:58:28.040000 2608033 torch/_dynamo/convert_frame.py:2147]   File "/usr/local/lib/python3.12/dist-packages/torch/_dynamo/output_graph.py", line 1889, in compile_subgraph
[rank3]:W0910 13:58:28.040000 2608033 torch/_dynamo/convert_frame.py:2147]     self.compile_and_call_fx_graph(tx, pass2.graph_output_vars(), root)
[rank3]:W0910 13:58:28.040000 2608033 torch/_dynamo/convert_frame.py:2147]   File "/usr/local/lib/python3.12/dist-packages/torch/_dynamo/output_graph.py", line 2460, in compile_and_call_fx_graph
[rank3]:W0910 13:58:28.040000 2608033 torch/_dynamo/convert_frame.py:2147]     compiled_fn = self.call_user_compiler(gm, self.example_inputs())
[rank3]:W0910 13:58:28.040000 2608033 torch/_dynamo/convert_frame.py:2147]                   ^^^^^^^^^^^^^^^^^^^^^^^^^^^^^^^^^^^^^^^^^^^^^^^^^^
[rank3]:W0910 13:58:28.040000 2608033 torch/_dynamo/convert_frame.py:2147]   File "/usr/local/lib/python3.12/dist-packages/torch/_dynamo/output_graph.py", line 2613, in call_user_compiler
[rank3]:W0910 13:58:28.040000 2608033 torch/_dynamo/convert_frame.py:2147]     return self._call_user_compiler(gm, example_inputs)
[rank3]:W0910 13:58:28.040000 2608033 torch/_dynamo/convert_frame.py:2147]            ^^^^^^^^^^^^^^^^^^^^^^^^^^^^^^^^^^^^^^^^^^^^
[rank3]:W0910 13:58:28.040000 2608033 torch/_dynamo/convert_frame.py:2147]   File "/usr/local/lib/python3.12/dist-packages/torch/_dynamo/output_graph.py", line 2664, in _call_user_compiler
[rank3]:W0910 13:58:28.040000 2608033 torch/_dynamo/convert_frame.py:2147]     compiled_fn = compiler_fn(gm, example_inputs)
[rank3]:W0910 13:58:28.040000 2608033 torch/_dynamo/convert_frame.py:2147]                   ^^^^^^^^^^^^^^^^^^^^^^^^^^^^^^^
[rank3]:W0910 13:58:28.040000 2608033 torch/_dynamo/convert_frame.py:2147]   File "/usr/local/lib/python3.12/dist-packages/torch/_dynamo/backends/distributed.py", line 616, in compile_fn
[rank3]:W0910 13:58:28.040000 2608033 torch/_dynamo/convert_frame.py:2147]     submod_compiler.run(*example_inputs)
[rank3]:W0910 13:58:28.040000 2608033 torch/_dynamo/convert_frame.py:2147]   File "/usr/local/lib/python3.12/dist-packages/torch/fx/interpreter.py", line 200, in run
[rank3]:W0910 13:58:28.040000 2608033 torch/_dynamo/convert_frame.py:2147]     self.env[node] = self.run_node(node)
[rank3]:W0910 13:58:28.040000 2608033 torch/_dynamo/convert_frame.py:2147]                      ^^^^^^^^^^^^^^^^^^^
[rank3]:W0910 13:58:28.040000 2608033 torch/_dynamo/convert_frame.py:2147]   File "/usr/local/lib/python3.12/dist-packages/torch/_dynamo/backends/distributed.py", line 327, in run_node
[rank3]:W0910 13:58:28.040000 2608033 torch/_dynamo/convert_frame.py:2147]     compiled_submod_real = self.compile_submod(real_mod, new_args, kwargs)
[rank3]:W0910 13:58:28.040000 2608033 torch/_dynamo/convert_frame.py:2147]                            ^^^^^^^^^^^^^^^^^^^^^^^^^^^^^^^^^^^^^^^^^^^^^^^
[rank3]:W0910 13:58:28.040000 2608033 torch/_dynamo/convert_frame.py:2147]   File "/usr/local/lib/python3.12/dist-packages/torch/_dynamo/backends/distributed.py", line 242, in compile_submod
[rank3]:W0910 13:58:28.040000 2608033 torch/_dynamo/convert_frame.py:2147]     self.compiler(input_mod, args),
[rank3]:W0910 13:58:28.040000 2608033 torch/_dynamo/convert_frame.py:2147]     ^^^^^^^^^^^^^^^^^^^^^^^^^^^^^^
[rank3]:W0910 13:58:28.040000 2608033 torch/_dynamo/convert_frame.py:2147]   File "/usr/local/lib/python3.12/dist-packages/torch/_dynamo/repro/after_dynamo.py", line 156, in __call__
[rank3]:W0910 13:58:28.040000 2608033 torch/_dynamo/convert_frame.py:2147]     compiled_gm = compiler_fn(gm, example_inputs)
[rank3]:W0910 13:58:28.040000 2608033 torch/_dynamo/convert_frame.py:2147]                   ^^^^^^^^^^^^^^^^^^^^^^^^^^^^^^^
[rank3]:W0910 13:58:28.040000 2608033 torch/_dynamo/convert_frame.py:2147]   File "/usr/local/lib/python3.12/dist-packages/torch/__init__.py", line 2461, in __call__
[rank3]:W0910 13:58:28.040000 2608033 torch/_dynamo/convert_frame.py:2147]     return compile_fx(model_, inputs_, config_patches=self.config)
[rank3]:W0910 13:58:28.040000 2608033 torch/_dynamo/convert_frame.py:2147]            ^^^^^^^^^^^^^^^^^^^^^^^^^^^^^^^^^^^^^^^^^^^^^^^^^^^^^^^
[rank3]:W0910 13:58:28.040000 2608033 torch/_dynamo/convert_frame.py:2147]   File "/usr/local/lib/python3.12/dist-packages/torch/_inductor/compile_fx.py", line 2578, in compile_fx
[rank3]:W0910 13:58:28.040000 2608033 torch/_dynamo/convert_frame.py:2147]     return _maybe_wrap_and_compile_fx_main(
[rank3]:W0910 13:58:28.040000 2608033 torch/_dynamo/convert_frame.py:2147]            ^^^^^^^^^^^^^^^^^^^^^^^^^^^^^^^^
[rank3]:W0910 13:58:28.040000 2608033 torch/_dynamo/convert_frame.py:2147]   File "/usr/local/lib/python3.12/dist-packages/torch/_inductor/compile_fx.py", line 2655, in _maybe_wrap_and_compile_fx_main
[rank3]:W0910 13:58:28.040000 2608033 torch/_dynamo/convert_frame.py:2147]     return _compile_fx_main(
[rank3]:W0910 13:58:28.040000 2608033 torch/_dynamo/convert_frame.py:2147]            ^^^^^^^^^^^^^^^^^
[rank3]:W0910 13:58:28.040000 2608033 torch/_dynamo/convert_frame.py:2147]   File "/usr/local/lib/python3.12/dist-packages/torch/_inductor/compile_fx.py", line 2864, in _compile_fx_main
[rank3]:W0910 13:58:28.040000 2608033 torch/_dynamo/convert_frame.py:2147]     raise e.remove_dynamo_frames() from None  # see TORCHDYNAMO_VERBOSE=1
[rank3]:W0910 13:58:28.040000 2608033 torch/_dynamo/convert_frame.py:2147]     ^^^^^^^^^^^^^^^^^^^^^^^^^^^^^^^^^^^^^^^^
[rank3]:W0910 13:58:28.040000 2608033 torch/_dynamo/convert_frame.py:2147]   File "/usr/local/lib/python3.12/dist-packages/torch/_inductor/compile_fx.py", line 1053, in _compile_fx_inner
[rank3]:W0910 13:58:28.040000 2608033 torch/_dynamo/convert_frame.py:2147]     raise InductorError(e, currentframe()).with_traceback(
[rank3]:W0910 13:58:28.040000 2608033 torch/_dynamo/convert_frame.py:2147]   File "/usr/local/lib/python3.12/dist-packages/torch/_inductor/compile_fx.py", line 1037, in _compile_fx_inner
[rank3]:W0910 13:58:28.040000 2608033 torch/_dynamo/convert_frame.py:2147]     mb_compiled_graph = fx_codegen_and_compile(
[rank3]:W0910 13:58:28.040000 2608033 torch/_dynamo/convert_frame.py:2147]                         ^^^^^^^^^^^^^^^^^^^^^^^
[rank3]:W0910 13:58:28.040000 2608033 torch/_dynamo/convert_frame.py:2147]   File "/usr/local/lib/python3.12/dist-packages/torch/_inductor/compile_fx.py", line 1798, in fx_codegen_and_compile
[rank3]:W0910 13:58:28.040000 2608033 torch/_dynamo/convert_frame.py:2147]     return scheme.codegen_and_compile(gm, example_inputs, inputs_to_check, graph_kwargs)
[rank3]:W0910 13:58:28.040000 2608033 torch/_dynamo/convert_frame.py:2147]            ^^^^^^^^^^^^^^^^^^^^^^^^^^^^^^^^^^^^^^^^^^^^^^^^^^^^^^^^^^^^^^^^^^^^^^^^^^^^^
[rank3]:W0910 13:58:28.040000 2608033 torch/_dynamo/convert_frame.py:2147]   File "/usr/local/lib/python3.12/dist-packages/torch/_inductor/compile_fx.py", line 1485, in codegen_and_compile
[rank3]:W0910 13:58:28.040000 2608033 torch/_dynamo/convert_frame.py:2147]     graph.run(*example_inputs)
[rank3]:W0910 13:58:28.040000 2608033 torch/_dynamo/convert_frame.py:2147]   File "/usr/local/lib/python3.12/dist-packages/torch/_inductor/graph.py", line 1025, in run
[rank3]:W0910 13:58:28.040000 2608033 torch/_dynamo/convert_frame.py:2147]     return super().run(*args)
[rank3]:W0910 13:58:28.040000 2608033 torch/_dynamo/convert_frame.py:2147]            ^^^^^^^^^^^^^^^^^^
[rank3]:W0910 13:58:28.040000 2608033 torch/_dynamo/convert_frame.py:2147]   File "/usr/local/lib/python3.12/dist-packages/torch/fx/interpreter.py", line 200, in run
[rank3]:W0910 13:58:28.040000 2608033 torch/_dynamo/convert_frame.py:2147]     self.env[node] = self.run_node(node)
[rank3]:W0910 13:58:28.040000 2608033 torch/_dynamo/convert_frame.py:2147]                      ^^^^^^^^^^^^^^^^^^^
[rank3]:W0910 13:58:28.040000 2608033 torch/_dynamo/convert_frame.py:2147]   File "/usr/local/lib/python3.12/dist-packages/torch/_inductor/graph.py", line 1997, in run_node
[rank3]:W0910 13:58:28.040000 2608033 torch/_dynamo/convert_frame.py:2147]     self.register_users_of(result)
[rank3]:W0910 13:58:28.040000 2608033 torch/_dynamo/convert_frame.py:2147]   File "/usr/local/lib/python3.12/dist-packages/torch/_inductor/graph.py", line 1072, in register_users_of
[rank3]:W0910 13:58:28.040000 2608033 torch/_dynamo/convert_frame.py:2147]     register(node_output)
[rank3]:W0910 13:58:28.040000 2608033 torch/_dynamo/convert_frame.py:2147]   File "/usr/local/lib/python3.12/dist-packages/torch/_inductor/graph.py", line 1069, in register
[rank3]:W0910 13:58:28.040000 2608033 torch/_dynamo/convert_frame.py:2147]     for read_name in value.get_read_names():
[rank3]:W0910 13:58:28.040000 2608033 torch/_dynamo/convert_frame.py:2147]                      ^^^^^^^^^^^^^^^^^^^^^^
[rank3]:W0910 13:58:28.040000 2608033 torch/_dynamo/convert_frame.py:2147]   File "/usr/local/lib/python3.12/dist-packages/torch/_inductor/ir.py", line 8658, in get_read_names
[rank3]:W0910 13:58:28.040000 2608033 torch/_dynamo/convert_frame.py:2147]     return self.data.get_read_names()
[rank3]:W0910 13:58:28.040000 2608033 torch/_dynamo/convert_frame.py:2147]            ^^^^^^^^^^^^^^^^^^^^^^^^^^
[rank3]:W0910 13:58:28.040000 2608033 torch/_dynamo/convert_frame.py:2147]   File "/usr/local/lib/python3.12/dist-packages/torch/_inductor/ir.py", line 8658, in get_read_names
[rank3]:W0910 13:58:28.040000 2608033 torch/_dynamo/convert_frame.py:2147]     return self.data.get_read_names()
[rank3]:W0910 13:58:28.040000 2608033 torch/_dynamo/convert_frame.py:2147]            ^^^^^^^^^^^^^^^^^^^^^^^^^^
[rank3]:W0910 13:58:28.040000 2608033 torch/_dynamo/convert_frame.py:2147]   File "/usr/local/lib/python3.12/dist-packages/torch/_inductor/ir.py", line 4766, in get_read_names
[rank3]:W0910 13:58:28.040000 2608033 torch/_dynamo/convert_frame.py:2147]     return self.data.get_read_names()
[rank3]:W0910 13:58:28.040000 2608033 torch/_dynamo/convert_frame.py:2147]            ^^^^^^^^^^^^^^^^^^^^^^^^^^
[rank3]:W0910 13:58:28.040000 2608033 torch/_dynamo/convert_frame.py:2147]   File "/usr/local/lib/python3.12/dist-packages/torch/_inductor/ir.py", line 1042, in get_read_names
[rank3]:W0910 13:58:28.040000 2608033 torch/_dynamo/convert_frame.py:2147]     return OrderedSet(self.inner_fn_opcount().read_buffers)
[rank3]:W0910 13:58:28.040000 2608033 torch/_dynamo/convert_frame.py:2147]                       ^^^^^^^^^^^^^^^^^^^^^^^
[rank3]:W0910 13:58:28.040000 2608033 torch/_dynamo/convert_frame.py:2147]   File "<string>", line 6, in inner_fn_opcount_cache_on_self
[rank3]:W0910 13:58:28.040000 2608033 torch/_dynamo/convert_frame.py:2147]   File "/usr/local/lib/python3.12/dist-packages/torch/_inductor/ir.py", line 1005, in inner_fn_opcount
[rank3]:W0910 13:58:28.040000 2608033 torch/_dynamo/convert_frame.py:2147]     self.inner_fn(*self.inner_fn_args())
[rank3]:W0910 13:58:28.040000 2608033 torch/_dynamo/convert_frame.py:2147]   File "/usr/local/lib/python3.12/dist-packages/torch/_inductor/lowering.py", line 2735, in inner_fn
[rank3]:W0910 13:58:28.040000 2608033 torch/_dynamo/convert_frame.py:2147]     _boundaries_helper(boundaries),
[rank3]:W0910 13:58:28.040000 2608033 torch/_dynamo/convert_frame.py:2147]     ^^^^^^^^^^^^^^^^^^^^^^^^^^^^^^
[rank3]:W0910 13:58:28.040000 2608033 torch/_dynamo/convert_frame.py:2147]   File "/usr/local/lib/python3.12/dist-packages/torch/_inductor/lowering.py", line 2589, in _boundaries_helper
[rank3]:W0910 13:58:28.040000 2608033 torch/_dynamo/convert_frame.py:2147]     stride = tb.get_stride()
[rank3]:W0910 13:58:28.040000 2608033 torch/_dynamo/convert_frame.py:2147]              ^^^^^^^^^^^^^^^
[rank3]:W0910 13:58:28.040000 2608033 torch/_dynamo/convert_frame.py:2147]   File "/usr/local/lib/python3.12/dist-packages/torch/_inductor/ir.py", line 8573, in get_stride
[rank3]:W0910 13:58:28.040000 2608033 torch/_dynamo/convert_frame.py:2147]     return self.data.get_stride()
[rank3]:W0910 13:58:28.040000 2608033 torch/_dynamo/convert_frame.py:2147]            ^^^^^^^^^^^^^^^^^^^^^^
[rank3]:W0910 13:58:28.040000 2608033 torch/_dynamo/convert_frame.py:2147]   File "/usr/local/lib/python3.12/dist-packages/torch/_inductor/ir.py", line 758, in get_stride
[rank3]:W0910 13:58:28.040000 2608033 torch/_dynamo/convert_frame.py:2147]     raise NotImplementedError(type(self).__name__)
[rank3]:W0910 13:58:28.040000 2608033 torch/_dynamo/convert_frame.py:2147] torch._inductor.exc.InductorError: NotImplementedError: SliceView
[rank3]:W0910 13:58:28.040000 2608033 torch/_dynamo/convert_frame.py:2147] 
[rank3]:W0910 13:58:28.040000 2608033 torch/_dynamo/convert_frame.py:2147] While executing %submod_1 : [num_users=4] = call_module[target=submod_1](args = (%l_self_modules_qg_parameters_weight_, %getitem, %getitem_1, %getitem_2, %l_cu_, %s42, %l_self_modules_rope_buffers_inv_freq_), kwargs = {})
[rank3]:W0910 13:58:28.040000 2608033 torch/_dynamo/convert_frame.py:2147] Original traceback:
[rank3]:W0910 13:58:28.040000 2608033 torch/_dynamo/convert_frame.py:2147] None
[rank3]:W0910 13:58:28.040000 2608033 torch/_dynamo/convert_frame.py:2147] Use tlparse to see full graph. (https://github.com/pytorch/tlparse?tab=readme-ov-file#tlparse-parse-structured-pt2-logs)
[rank3]:W0910 13:58:28.040000 2608033 torch/_dynamo/convert_frame.py:2147] 
[rank3]:W0910 13:58:28.040000 2608033 torch/_dynamo/convert_frame.py:2147] Set TORCHDYNAMO_VERBOSE=1 for the internal stack trace (please do this especially if you're reporting a bug to PyTorch). For even more developer context, set TORCH_LOGS="+dynamo"
[rank3]:W0910 13:58:28.040000 2608033 torch/_dynamo/convert_frame.py:2147] 
[rank5]:W0910 13:58:28.046000 2608035 torch/_dynamo/convert_frame.py:2147] WON'T CONVERT forward /work/aupai/model.py line 981 
[rank5]:W0910 13:58:28.046000 2608035 torch/_dynamo/convert_frame.py:2147] due to: 
[rank5]:W0910 13:58:28.046000 2608035 torch/_dynamo/convert_frame.py:2147] Traceback (most recent call last):
[rank5]:W0910 13:58:28.046000 2608035 torch/_dynamo/convert_frame.py:2147]   File "/usr/local/lib/python3.12/dist-packages/torch/_dynamo/convert_frame.py", line 2052, in __call__
[rank5]:W0910 13:58:28.046000 2608035 torch/_dynamo/convert_frame.py:2147]     result = self._inner_convert(
[rank5]:W0910 13:58:28.046000 2608035 torch/_dynamo/convert_frame.py:2147]              ^^^^^^^^^^^^^^^^^^^^
[rank5]:W0910 13:58:28.046000 2608035 torch/_dynamo/convert_frame.py:2147]   File "/usr/local/lib/python3.12/dist-packages/torch/_dynamo/convert_frame.py", line 729, in __call__
[rank5]:W0910 13:58:28.046000 2608035 torch/_dynamo/convert_frame.py:2147]     result = _compile(
[rank5]:W0910 13:58:28.046000 2608035 torch/_dynamo/convert_frame.py:2147]              ^^^^^^^^^
[rank5]:W0910 13:58:28.046000 2608035 torch/_dynamo/convert_frame.py:2147]   File "/usr/local/lib/python3.12/dist-packages/torch/_dynamo/convert_frame.py", line 1827, in _compile
[rank5]:W0910 13:58:28.046000 2608035 torch/_dynamo/convert_frame.py:2147]     guarded_code, tracer_output = compile_inner(code, one_graph, hooks)
[rank5]:W0910 13:58:28.046000 2608035 torch/_dynamo/convert_frame.py:2147]                                   ^^^^^^^^^^^^^^^^^^^^^^^^^^^^^^^^^^^^^
[rank5]:W0910 13:58:28.046000 2608035 torch/_dynamo/convert_frame.py:2147]   File "/usr/local/lib/python3.12/dist-packages/torch/_utils_internal.py", line 96, in wrapper_function
[rank5]:W0910 13:58:28.046000 2608035 torch/_dynamo/convert_frame.py:2147]     return function(*args, **kwargs)
[rank5]:W0910 13:58:28.046000 2608035 torch/_dynamo/convert_frame.py:2147]            ^^^^^^^^^^^^^^^^^^^^^^^^^
[rank5]:W0910 13:58:28.046000 2608035 torch/_dynamo/convert_frame.py:2147]   File "/usr/local/lib/python3.12/dist-packages/torch/_dynamo/convert_frame.py", line 1500, in compile_inner
[rank5]:W0910 13:58:28.046000 2608035 torch/_dynamo/convert_frame.py:2147]     return _compile_inner(code, one_graph, hooks)
[rank5]:W0910 13:58:28.046000 2608035 torch/_dynamo/convert_frame.py:2147]            ^^^^^^^^^^^^^^^^^^^^^^^^^^^^^^^^^^^^^^
[rank5]:W0910 13:58:28.046000 2608035 torch/_dynamo/convert_frame.py:2147]   File "/usr/local/lib/python3.12/dist-packages/torch/_dynamo/convert_frame.py", line 1534, in _compile_inner
[rank5]:W0910 13:58:28.046000 2608035 torch/_dynamo/convert_frame.py:2147]     dynamo_output = compile_frame(
[rank5]:W0910 13:58:28.046000 2608035 torch/_dynamo/convert_frame.py:2147]                     ^^^^^^^^^^^^^^
[rank5]:W0910 13:58:28.046000 2608035 torch/_dynamo/convert_frame.py:2147]   File "/usr/local/lib/python3.12/dist-packages/torch/_dynamo/convert_frame.py", line 1408, in compile_frame
[rank5]:W0910 13:58:28.046000 2608035 torch/_dynamo/convert_frame.py:2147]     bytecode, tracer_output = transform_code_object(code, transform)
[rank5]:W0910 13:58:28.046000 2608035 torch/_dynamo/convert_frame.py:2147]                               ^^^^^^^^^^^^^^^^^^^^^^^^^^^^^^^^^^^^^^
[rank5]:W0910 13:58:28.046000 2608035 torch/_dynamo/convert_frame.py:2147]   File "/usr/local/lib/python3.12/dist-packages/torch/_dynamo/bytecode_transformation.py", line 1608, in transform_code_object
[rank5]:W0910 13:58:28.046000 2608035 torch/_dynamo/convert_frame.py:2147]     tracer_output = transformations(instructions, code_options)
[rank5]:W0910 13:58:28.046000 2608035 torch/_dynamo/convert_frame.py:2147]                     ^^^^^^^^^^^^^^^^^^^^^^^^^^^^^^^^^^^^^^^^^^^
[rank5]:W0910 13:58:28.046000 2608035 torch/_dynamo/convert_frame.py:2147]   File "/usr/local/lib/python3.12/dist-packages/torch/_dynamo/convert_frame.py", line 1380, in transform
[rank5]:W0910 13:58:28.046000 2608035 torch/_dynamo/convert_frame.py:2147]     tracer_output = trace_frame(
[rank5]:W0910 13:58:28.046000 2608035 torch/_dynamo/convert_frame.py:2147]                     ^^^^^^^^^^^^
[rank5]:W0910 13:58:28.046000 2608035 torch/_dynamo/convert_frame.py:2147]   File "/usr/local/lib/python3.12/dist-packages/torch/_dynamo/convert_frame.py", line 341, in _fn
[rank5]:W0910 13:58:28.046000 2608035 torch/_dynamo/convert_frame.py:2147]     return fn(*args, **kwargs)
[rank5]:W0910 13:58:28.046000 2608035 torch/_dynamo/convert_frame.py:2147]            ^^^^^^^^^^^^^^^^^^^
[rank5]:W0910 13:58:28.046000 2608035 torch/_dynamo/convert_frame.py:2147]   File "/usr/local/lib/python3.12/dist-packages/torch/_dynamo/convert_frame.py", line 863, in trace_frame
[rank5]:W0910 13:58:28.046000 2608035 torch/_dynamo/convert_frame.py:2147]     run_tracer()
[rank5]:W0910 13:58:28.046000 2608035 torch/_dynamo/convert_frame.py:2147]   File "/usr/local/lib/python3.12/dist-packages/torch/_dynamo/convert_frame.py", line 844, in run_tracer
[rank5]:W0910 13:58:28.046000 2608035 torch/_dynamo/convert_frame.py:2147]     tracer.run()
[rank5]:W0910 13:58:28.046000 2608035 torch/_dynamo/convert_frame.py:2147]   File "/usr/local/lib/python3.12/dist-packages/torch/_dynamo/symbolic_convert.py", line 1794, in run
[rank5]:W0910 13:58:28.046000 2608035 torch/_dynamo/convert_frame.py:2147]     while self.step():
[rank5]:W0910 13:58:28.046000 2608035 torch/_dynamo/convert_frame.py:2147]           ^^^^^^^^^^^
[rank5]:W0910 13:58:28.046000 2608035 torch/_dynamo/convert_frame.py:2147]   File "/usr/local/lib/python3.12/dist-packages/torch/_dynamo/symbolic_convert.py", line 1459, in step
[rank5]:W0910 13:58:28.046000 2608035 torch/_dynamo/convert_frame.py:2147]     self.dispatch_table[inst.opcode](self, inst)
[rank5]:W0910 13:58:28.046000 2608035 torch/_dynamo/convert_frame.py:2147]   File "/usr/local/lib/python3.12/dist-packages/torch/_dynamo/symbolic_convert.py", line 999, in wrapper
[rank5]:W0910 13:58:28.046000 2608035 torch/_dynamo/convert_frame.py:2147]     return handle_graph_break(self, inst, speculation.reason)
[rank5]:W0910 13:58:28.046000 2608035 torch/_dynamo/convert_frame.py:2147]            ^^^^^^^^^^^^^^^^^^^^^^^^^^^^^^^^^^^^^^^^^^^^^^^^^^
[rank5]:W0910 13:58:28.046000 2608035 torch/_dynamo/convert_frame.py:2147]   File "/usr/local/lib/python3.12/dist-packages/torch/_dynamo/symbolic_convert.py", line 1062, in handle_graph_break
[rank5]:W0910 13:58:28.046000 2608035 torch/_dynamo/convert_frame.py:2147]     all_stack_locals_metadata = self.output.compile_subgraph(
[rank5]:W0910 13:58:28.046000 2608035 torch/_dynamo/convert_frame.py:2147]                                 ^^^^^^^^^^^^^^^^^^^^^^^^^^^^^
[rank5]:W0910 13:58:28.046000 2608035 torch/_dynamo/convert_frame.py:2147]   File "/usr/local/lib/python3.12/dist-packages/torch/_dynamo/output_graph.py", line 1889, in compile_subgraph
[rank5]:W0910 13:58:28.046000 2608035 torch/_dynamo/convert_frame.py:2147]     self.compile_and_call_fx_graph(tx, pass2.graph_output_vars(), root)
[rank5]:W0910 13:58:28.046000 2608035 torch/_dynamo/convert_frame.py:2147]   File "/usr/local/lib/python3.12/dist-packages/torch/_dynamo/output_graph.py", line 2460, in compile_and_call_fx_graph
[rank5]:W0910 13:58:28.046000 2608035 torch/_dynamo/convert_frame.py:2147]     compiled_fn = self.call_user_compiler(gm, self.example_inputs())
[rank5]:W0910 13:58:28.046000 2608035 torch/_dynamo/convert_frame.py:2147]                   ^^^^^^^^^^^^^^^^^^^^^^^^^^^^^^^^^^^^^^^^^^^^^^^^^^
[rank5]:W0910 13:58:28.046000 2608035 torch/_dynamo/convert_frame.py:2147]   File "/usr/local/lib/python3.12/dist-packages/torch/_dynamo/output_graph.py", line 2613, in call_user_compiler
[rank5]:W0910 13:58:28.046000 2608035 torch/_dynamo/convert_frame.py:2147]     return self._call_user_compiler(gm, example_inputs)
[rank5]:W0910 13:58:28.046000 2608035 torch/_dynamo/convert_frame.py:2147]            ^^^^^^^^^^^^^^^^^^^^^^^^^^^^^^^^^^^^^^^^^^^^
[rank5]:W0910 13:58:28.046000 2608035 torch/_dynamo/convert_frame.py:2147]   File "/usr/local/lib/python3.12/dist-packages/torch/_dynamo/output_graph.py", line 2664, in _call_user_compiler
[rank5]:W0910 13:58:28.046000 2608035 torch/_dynamo/convert_frame.py:2147]     compiled_fn = compiler_fn(gm, example_inputs)
[rank5]:W0910 13:58:28.046000 2608035 torch/_dynamo/convert_frame.py:2147]                   ^^^^^^^^^^^^^^^^^^^^^^^^^^^^^^^
[rank5]:W0910 13:58:28.046000 2608035 torch/_dynamo/convert_frame.py:2147]   File "/usr/local/lib/python3.12/dist-packages/torch/_dynamo/backends/distributed.py", line 616, in compile_fn
[rank5]:W0910 13:58:28.046000 2608035 torch/_dynamo/convert_frame.py:2147]     submod_compiler.run(*example_inputs)
[rank5]:W0910 13:58:28.046000 2608035 torch/_dynamo/convert_frame.py:2147]   File "/usr/local/lib/python3.12/dist-packages/torch/fx/interpreter.py", line 200, in run
[rank5]:W0910 13:58:28.046000 2608035 torch/_dynamo/convert_frame.py:2147]     self.env[node] = self.run_node(node)
[rank5]:W0910 13:58:28.046000 2608035 torch/_dynamo/convert_frame.py:2147]                      ^^^^^^^^^^^^^^^^^^^
[rank5]:W0910 13:58:28.046000 2608035 torch/_dynamo/convert_frame.py:2147]   File "/usr/local/lib/python3.12/dist-packages/torch/_dynamo/backends/distributed.py", line 327, in run_node
[rank5]:W0910 13:58:28.046000 2608035 torch/_dynamo/convert_frame.py:2147]     compiled_submod_real = self.compile_submod(real_mod, new_args, kwargs)
[rank5]:W0910 13:58:28.046000 2608035 torch/_dynamo/convert_frame.py:2147]                            ^^^^^^^^^^^^^^^^^^^^^^^^^^^^^^^^^^^^^^^^^^^^^^^
[rank5]:W0910 13:58:28.046000 2608035 torch/_dynamo/convert_frame.py:2147]   File "/usr/local/lib/python3.12/dist-packages/torch/_dynamo/backends/distributed.py", line 242, in compile_submod
[rank5]:W0910 13:58:28.046000 2608035 torch/_dynamo/convert_frame.py:2147]     self.compiler(input_mod, args),
[rank5]:W0910 13:58:28.046000 2608035 torch/_dynamo/convert_frame.py:2147]     ^^^^^^^^^^^^^^^^^^^^^^^^^^^^^^
[rank5]:W0910 13:58:28.046000 2608035 torch/_dynamo/convert_frame.py:2147]   File "/usr/local/lib/python3.12/dist-packages/torch/_dynamo/repro/after_dynamo.py", line 156, in __call__
[rank5]:W0910 13:58:28.046000 2608035 torch/_dynamo/convert_frame.py:2147]     compiled_gm = compiler_fn(gm, example_inputs)
[rank5]:W0910 13:58:28.046000 2608035 torch/_dynamo/convert_frame.py:2147]                   ^^^^^^^^^^^^^^^^^^^^^^^^^^^^^^^
[rank5]:W0910 13:58:28.046000 2608035 torch/_dynamo/convert_frame.py:2147]   File "/usr/local/lib/python3.12/dist-packages/torch/__init__.py", line 2461, in __call__
[rank5]:W0910 13:58:28.046000 2608035 torch/_dynamo/convert_frame.py:2147]     return compile_fx(model_, inputs_, config_patches=self.config)
[rank5]:W0910 13:58:28.046000 2608035 torch/_dynamo/convert_frame.py:2147]            ^^^^^^^^^^^^^^^^^^^^^^^^^^^^^^^^^^^^^^^^^^^^^^^^^^^^^^^
[rank5]:W0910 13:58:28.046000 2608035 torch/_dynamo/convert_frame.py:2147]   File "/usr/local/lib/python3.12/dist-packages/torch/_inductor/compile_fx.py", line 2578, in compile_fx
[rank5]:W0910 13:58:28.046000 2608035 torch/_dynamo/convert_frame.py:2147]     return _maybe_wrap_and_compile_fx_main(
[rank5]:W0910 13:58:28.046000 2608035 torch/_dynamo/convert_frame.py:2147]            ^^^^^^^^^^^^^^^^^^^^^^^^^^^^^^^^
[rank5]:W0910 13:58:28.046000 2608035 torch/_dynamo/convert_frame.py:2147]   File "/usr/local/lib/python3.12/dist-packages/torch/_inductor/compile_fx.py", line 2655, in _maybe_wrap_and_compile_fx_main
[rank5]:W0910 13:58:28.046000 2608035 torch/_dynamo/convert_frame.py:2147]     return _compile_fx_main(
[rank5]:W0910 13:58:28.046000 2608035 torch/_dynamo/convert_frame.py:2147]            ^^^^^^^^^^^^^^^^^
[rank5]:W0910 13:58:28.046000 2608035 torch/_dynamo/convert_frame.py:2147]   File "/usr/local/lib/python3.12/dist-packages/torch/_inductor/compile_fx.py", line 2864, in _compile_fx_main
[rank5]:W0910 13:58:28.046000 2608035 torch/_dynamo/convert_frame.py:2147]     raise e.remove_dynamo_frames() from None  # see TORCHDYNAMO_VERBOSE=1
[rank5]:W0910 13:58:28.046000 2608035 torch/_dynamo/convert_frame.py:2147]     ^^^^^^^^^^^^^^^^^^^^^^^^^^^^^^^^^^^^^^^^
[rank5]:W0910 13:58:28.046000 2608035 torch/_dynamo/convert_frame.py:2147]   File "/usr/local/lib/python3.12/dist-packages/torch/_inductor/compile_fx.py", line 1053, in _compile_fx_inner
[rank5]:W0910 13:58:28.046000 2608035 torch/_dynamo/convert_frame.py:2147]     raise InductorError(e, currentframe()).with_traceback(
[rank5]:W0910 13:58:28.046000 2608035 torch/_dynamo/convert_frame.py:2147]   File "/usr/local/lib/python3.12/dist-packages/torch/_inductor/compile_fx.py", line 1037, in _compile_fx_inner
[rank5]:W0910 13:58:28.046000 2608035 torch/_dynamo/convert_frame.py:2147]     mb_compiled_graph = fx_codegen_and_compile(
[rank5]:W0910 13:58:28.046000 2608035 torch/_dynamo/convert_frame.py:2147]                         ^^^^^^^^^^^^^^^^^^^^^^^
[rank5]:W0910 13:58:28.046000 2608035 torch/_dynamo/convert_frame.py:2147]   File "/usr/local/lib/python3.12/dist-packages/torch/_inductor/compile_fx.py", line 1798, in fx_codegen_and_compile
[rank5]:W0910 13:58:28.046000 2608035 torch/_dynamo/convert_frame.py:2147]     return scheme.codegen_and_compile(gm, example_inputs, inputs_to_check, graph_kwargs)
[rank5]:W0910 13:58:28.046000 2608035 torch/_dynamo/convert_frame.py:2147]            ^^^^^^^^^^^^^^^^^^^^^^^^^^^^^^^^^^^^^^^^^^^^^^^^^^^^^^^^^^^^^^^^^^^^^^^^^^^^^
[rank5]:W0910 13:58:28.046000 2608035 torch/_dynamo/convert_frame.py:2147]   File "/usr/local/lib/python3.12/dist-packages/torch/_inductor/compile_fx.py", line 1485, in codegen_and_compile
[rank5]:W0910 13:58:28.046000 2608035 torch/_dynamo/convert_frame.py:2147]     graph.run(*example_inputs)
[rank5]:W0910 13:58:28.046000 2608035 torch/_dynamo/convert_frame.py:2147]   File "/usr/local/lib/python3.12/dist-packages/torch/_inductor/graph.py", line 1025, in run
[rank5]:W0910 13:58:28.046000 2608035 torch/_dynamo/convert_frame.py:2147]     return super().run(*args)
[rank5]:W0910 13:58:28.046000 2608035 torch/_dynamo/convert_frame.py:2147]            ^^^^^^^^^^^^^^^^^^
[rank5]:W0910 13:58:28.046000 2608035 torch/_dynamo/convert_frame.py:2147]   File "/usr/local/lib/python3.12/dist-packages/torch/fx/interpreter.py", line 200, in run
[rank5]:W0910 13:58:28.046000 2608035 torch/_dynamo/convert_frame.py:2147]     self.env[node] = self.run_node(node)
[rank5]:W0910 13:58:28.046000 2608035 torch/_dynamo/convert_frame.py:2147]                      ^^^^^^^^^^^^^^^^^^^
[rank5]:W0910 13:58:28.046000 2608035 torch/_dynamo/convert_frame.py:2147]   File "/usr/local/lib/python3.12/dist-packages/torch/_inductor/graph.py", line 1997, in run_node
[rank5]:W0910 13:58:28.046000 2608035 torch/_dynamo/convert_frame.py:2147]     self.register_users_of(result)
[rank5]:W0910 13:58:28.046000 2608035 torch/_dynamo/convert_frame.py:2147]   File "/usr/local/lib/python3.12/dist-packages/torch/_inductor/graph.py", line 1072, in register_users_of
[rank5]:W0910 13:58:28.046000 2608035 torch/_dynamo/convert_frame.py:2147]     register(node_output)
[rank5]:W0910 13:58:28.046000 2608035 torch/_dynamo/convert_frame.py:2147]   File "/usr/local/lib/python3.12/dist-packages/torch/_inductor/graph.py", line 1069, in register
[rank5]:W0910 13:58:28.046000 2608035 torch/_dynamo/convert_frame.py:2147]     for read_name in value.get_read_names():
[rank5]:W0910 13:58:28.046000 2608035 torch/_dynamo/convert_frame.py:2147]                      ^^^^^^^^^^^^^^^^^^^^^^
[rank5]:W0910 13:58:28.046000 2608035 torch/_dynamo/convert_frame.py:2147]   File "/usr/local/lib/python3.12/dist-packages/torch/_inductor/ir.py", line 8658, in get_read_names
[rank5]:W0910 13:58:28.046000 2608035 torch/_dynamo/convert_frame.py:2147]     return self.data.get_read_names()
[rank5]:W0910 13:58:28.046000 2608035 torch/_dynamo/convert_frame.py:2147]            ^^^^^^^^^^^^^^^^^^^^^^^^^^
[rank5]:W0910 13:58:28.046000 2608035 torch/_dynamo/convert_frame.py:2147]   File "/usr/local/lib/python3.12/dist-packages/torch/_inductor/ir.py", line 8658, in get_read_names
[rank5]:W0910 13:58:28.046000 2608035 torch/_dynamo/convert_frame.py:2147]     return self.data.get_read_names()
[rank5]:W0910 13:58:28.046000 2608035 torch/_dynamo/convert_frame.py:2147]            ^^^^^^^^^^^^^^^^^^^^^^^^^^
[rank5]:W0910 13:58:28.046000 2608035 torch/_dynamo/convert_frame.py:2147]   File "/usr/local/lib/python3.12/dist-packages/torch/_inductor/ir.py", line 4766, in get_read_names
[rank5]:W0910 13:58:28.046000 2608035 torch/_dynamo/convert_frame.py:2147]     return self.data.get_read_names()
[rank5]:W0910 13:58:28.046000 2608035 torch/_dynamo/convert_frame.py:2147]            ^^^^^^^^^^^^^^^^^^^^^^^^^^
[rank5]:W0910 13:58:28.046000 2608035 torch/_dynamo/convert_frame.py:2147]   File "/usr/local/lib/python3.12/dist-packages/torch/_inductor/ir.py", line 1042, in get_read_names
[rank5]:W0910 13:58:28.046000 2608035 torch/_dynamo/convert_frame.py:2147]     return OrderedSet(self.inner_fn_opcount().read_buffers)
[rank5]:W0910 13:58:28.046000 2608035 torch/_dynamo/convert_frame.py:2147]                       ^^^^^^^^^^^^^^^^^^^^^^^
[rank5]:W0910 13:58:28.046000 2608035 torch/_dynamo/convert_frame.py:2147]   File "<string>", line 6, in inner_fn_opcount_cache_on_self
[rank5]:W0910 13:58:28.046000 2608035 torch/_dynamo/convert_frame.py:2147]   File "/usr/local/lib/python3.12/dist-packages/torch/_inductor/ir.py", line 1005, in inner_fn_opcount
[rank5]:W0910 13:58:28.046000 2608035 torch/_dynamo/convert_frame.py:2147]     self.inner_fn(*self.inner_fn_args())
[rank5]:W0910 13:58:28.046000 2608035 torch/_dynamo/convert_frame.py:2147]   File "/usr/local/lib/python3.12/dist-packages/torch/_inductor/lowering.py", line 2735, in inner_fn
[rank5]:W0910 13:58:28.046000 2608035 torch/_dynamo/convert_frame.py:2147]     _boundaries_helper(boundaries),
[rank5]:W0910 13:58:28.046000 2608035 torch/_dynamo/convert_frame.py:2147]     ^^^^^^^^^^^^^^^^^^^^^^^^^^^^^^
[rank5]:W0910 13:58:28.046000 2608035 torch/_dynamo/convert_frame.py:2147]   File "/usr/local/lib/python3.12/dist-packages/torch/_inductor/lowering.py", line 2589, in _boundaries_helper
[rank5]:W0910 13:58:28.046000 2608035 torch/_dynamo/convert_frame.py:2147]     stride = tb.get_stride()
[rank5]:W0910 13:58:28.046000 2608035 torch/_dynamo/convert_frame.py:2147]              ^^^^^^^^^^^^^^^
[rank5]:W0910 13:58:28.046000 2608035 torch/_dynamo/convert_frame.py:2147]   File "/usr/local/lib/python3.12/dist-packages/torch/_inductor/ir.py", line 8573, in get_stride
[rank5]:W0910 13:58:28.046000 2608035 torch/_dynamo/convert_frame.py:2147]     return self.data.get_stride()
[rank5]:W0910 13:58:28.046000 2608035 torch/_dynamo/convert_frame.py:2147]            ^^^^^^^^^^^^^^^^^^^^^^
[rank5]:W0910 13:58:28.046000 2608035 torch/_dynamo/convert_frame.py:2147]   File "/usr/local/lib/python3.12/dist-packages/torch/_inductor/ir.py", line 758, in get_stride
[rank5]:W0910 13:58:28.046000 2608035 torch/_dynamo/convert_frame.py:2147]     raise NotImplementedError(type(self).__name__)
[rank5]:W0910 13:58:28.046000 2608035 torch/_dynamo/convert_frame.py:2147] torch._inductor.exc.InductorError: NotImplementedError: SliceView
[rank5]:W0910 13:58:28.046000 2608035 torch/_dynamo/convert_frame.py:2147] 
[rank5]:W0910 13:58:28.046000 2608035 torch/_dynamo/convert_frame.py:2147] While executing %submod_1 : [num_users=4] = call_module[target=submod_1](args = (%l_self_modules_qg_parameters_weight_, %getitem, %getitem_1, %getitem_2, %l_cu_, %s42, %l_self_modules_rope_buffers_inv_freq_), kwargs = {})
[rank5]:W0910 13:58:28.046000 2608035 torch/_dynamo/convert_frame.py:2147] Original traceback:
[rank5]:W0910 13:58:28.046000 2608035 torch/_dynamo/convert_frame.py:2147] None
[rank5]:W0910 13:58:28.046000 2608035 torch/_dynamo/convert_frame.py:2147] Use tlparse to see full graph. (https://github.com/pytorch/tlparse?tab=readme-ov-file#tlparse-parse-structured-pt2-logs)
[rank5]:W0910 13:58:28.046000 2608035 torch/_dynamo/convert_frame.py:2147] 
[rank5]:W0910 13:58:28.046000 2608035 torch/_dynamo/convert_frame.py:2147] Set TORCHDYNAMO_VERBOSE=1 for the internal stack trace (please do this especially if you're reporting a bug to PyTorch). For even more developer context, set TORCH_LOGS="+dynamo"
[rank5]:W0910 13:58:28.046000 2608035 torch/_dynamo/convert_frame.py:2147] 
[rank5]:W0910 13:58:28.046000 2608035 torch/_dynamo/convert_frame.py:2147] Traceback (most recent call last):
[rank5]:W0910 13:58:28.046000 2608035 torch/_dynamo/convert_frame.py:2147]   File "/usr/local/lib/python3.12/dist-packages/torch/_dynamo/convert_frame.py", line 2052, in __call__
[rank5]:W0910 13:58:28.046000 2608035 torch/_dynamo/convert_frame.py:2147]     result = self._inner_convert(
[rank5]:W0910 13:58:28.046000 2608035 torch/_dynamo/convert_frame.py:2147]              ^^^^^^^^^^^^^^^^^^^^
[rank5]:W0910 13:58:28.046000 2608035 torch/_dynamo/convert_frame.py:2147]   File "/usr/local/lib/python3.12/dist-packages/torch/_dynamo/convert_frame.py", line 729, in __call__
[rank5]:W0910 13:58:28.046000 2608035 torch/_dynamo/convert_frame.py:2147]     result = _compile(
[rank5]:W0910 13:58:28.046000 2608035 torch/_dynamo/convert_frame.py:2147]              ^^^^^^^^^
[rank5]:W0910 13:58:28.046000 2608035 torch/_dynamo/convert_frame.py:2147]   File "/usr/local/lib/python3.12/dist-packages/torch/_dynamo/convert_frame.py", line 1827, in _compile
[rank5]:W0910 13:58:28.046000 2608035 torch/_dynamo/convert_frame.py:2147]     guarded_code, tracer_output = compile_inner(code, one_graph, hooks)
[rank5]:W0910 13:58:28.046000 2608035 torch/_dynamo/convert_frame.py:2147]                                   ^^^^^^^^^^^^^^^^^^^^^^^^^^^^^^^^^^^^^
[rank5]:W0910 13:58:28.046000 2608035 torch/_dynamo/convert_frame.py:2147]   File "/usr/local/lib/python3.12/dist-packages/torch/_utils_internal.py", line 96, in wrapper_function
[rank5]:W0910 13:58:28.046000 2608035 torch/_dynamo/convert_frame.py:2147]     return function(*args, **kwargs)
[rank5]:W0910 13:58:28.046000 2608035 torch/_dynamo/convert_frame.py:2147]            ^^^^^^^^^^^^^^^^^^^^^^^^^
[rank5]:W0910 13:58:28.046000 2608035 torch/_dynamo/convert_frame.py:2147]   File "/usr/local/lib/python3.12/dist-packages/torch/_dynamo/convert_frame.py", line 1500, in compile_inner
[rank5]:W0910 13:58:28.046000 2608035 torch/_dynamo/convert_frame.py:2147]     return _compile_inner(code, one_graph, hooks)
[rank5]:W0910 13:58:28.046000 2608035 torch/_dynamo/convert_frame.py:2147]            ^^^^^^^^^^^^^^^^^^^^^^^^^^^^^^^^^^^^^^
[rank5]:W0910 13:58:28.046000 2608035 torch/_dynamo/convert_frame.py:2147]   File "/usr/local/lib/python3.12/dist-packages/torch/_dynamo/convert_frame.py", line 1534, in _compile_inner
[rank5]:W0910 13:58:28.046000 2608035 torch/_dynamo/convert_frame.py:2147]     dynamo_output = compile_frame(
[rank5]:W0910 13:58:28.046000 2608035 torch/_dynamo/convert_frame.py:2147]                     ^^^^^^^^^^^^^^
[rank5]:W0910 13:58:28.046000 2608035 torch/_dynamo/convert_frame.py:2147]   File "/usr/local/lib/python3.12/dist-packages/torch/_dynamo/convert_frame.py", line 1408, in compile_frame
[rank5]:W0910 13:58:28.046000 2608035 torch/_dynamo/convert_frame.py:2147]     bytecode, tracer_output = transform_code_object(code, transform)
[rank5]:W0910 13:58:28.046000 2608035 torch/_dynamo/convert_frame.py:2147]                               ^^^^^^^^^^^^^^^^^^^^^^^^^^^^^^^^^^^^^^
[rank5]:W0910 13:58:28.046000 2608035 torch/_dynamo/convert_frame.py:2147]   File "/usr/local/lib/python3.12/dist-packages/torch/_dynamo/bytecode_transformation.py", line 1608, in transform_code_object
[rank5]:W0910 13:58:28.046000 2608035 torch/_dynamo/convert_frame.py:2147]     tracer_output = transformations(instructions, code_options)
[rank5]:W0910 13:58:28.046000 2608035 torch/_dynamo/convert_frame.py:2147]                     ^^^^^^^^^^^^^^^^^^^^^^^^^^^^^^^^^^^^^^^^^^^
[rank5]:W0910 13:58:28.046000 2608035 torch/_dynamo/convert_frame.py:2147]   File "/usr/local/lib/python3.12/dist-packages/torch/_dynamo/convert_frame.py", line 1380, in transform
[rank5]:W0910 13:58:28.046000 2608035 torch/_dynamo/convert_frame.py:2147]     tracer_output = trace_frame(
[rank5]:W0910 13:58:28.046000 2608035 torch/_dynamo/convert_frame.py:2147]                     ^^^^^^^^^^^^
[rank5]:W0910 13:58:28.046000 2608035 torch/_dynamo/convert_frame.py:2147]   File "/usr/local/lib/python3.12/dist-packages/torch/_dynamo/convert_frame.py", line 341, in _fn
[rank5]:W0910 13:58:28.046000 2608035 torch/_dynamo/convert_frame.py:2147]     return fn(*args, **kwargs)
[rank5]:W0910 13:58:28.046000 2608035 torch/_dynamo/convert_frame.py:2147]            ^^^^^^^^^^^^^^^^^^^
[rank5]:W0910 13:58:28.046000 2608035 torch/_dynamo/convert_frame.py:2147]   File "/usr/local/lib/python3.12/dist-packages/torch/_dynamo/convert_frame.py", line 863, in trace_frame
[rank5]:W0910 13:58:28.046000 2608035 torch/_dynamo/convert_frame.py:2147]     run_tracer()
[rank5]:W0910 13:58:28.046000 2608035 torch/_dynamo/convert_frame.py:2147]   File "/usr/local/lib/python3.12/dist-packages/torch/_dynamo/convert_frame.py", line 844, in run_tracer
[rank5]:W0910 13:58:28.046000 2608035 torch/_dynamo/convert_frame.py:2147]     tracer.run()
[rank5]:W0910 13:58:28.046000 2608035 torch/_dynamo/convert_frame.py:2147]   File "/usr/local/lib/python3.12/dist-packages/torch/_dynamo/symbolic_convert.py", line 1794, in run
[rank5]:W0910 13:58:28.046000 2608035 torch/_dynamo/convert_frame.py:2147]     while self.step():
[rank5]:W0910 13:58:28.046000 2608035 torch/_dynamo/convert_frame.py:2147]           ^^^^^^^^^^^
[rank5]:W0910 13:58:28.046000 2608035 torch/_dynamo/convert_frame.py:2147]   File "/usr/local/lib/python3.12/dist-packages/torch/_dynamo/symbolic_convert.py", line 1459, in step
[rank5]:W0910 13:58:28.046000 2608035 torch/_dynamo/convert_frame.py:2147]     self.dispatch_table[inst.opcode](self, inst)
[rank5]:W0910 13:58:28.046000 2608035 torch/_dynamo/convert_frame.py:2147]   File "/usr/local/lib/python3.12/dist-packages/torch/_dynamo/symbolic_convert.py", line 999, in wrapper
[rank5]:W0910 13:58:28.046000 2608035 torch/_dynamo/convert_frame.py:2147]     return handle_graph_break(self, inst, speculation.reason)
[rank5]:W0910 13:58:28.046000 2608035 torch/_dynamo/convert_frame.py:2147]            ^^^^^^^^^^^^^^^^^^^^^^^^^^^^^^^^^^^^^^^^^^^^^^^^^^
[rank5]:W0910 13:58:28.046000 2608035 torch/_dynamo/convert_frame.py:2147]   File "/usr/local/lib/python3.12/dist-packages/torch/_dynamo/symbolic_convert.py", line 1062, in handle_graph_break
[rank5]:W0910 13:58:28.046000 2608035 torch/_dynamo/convert_frame.py:2147]     all_stack_locals_metadata = self.output.compile_subgraph(
[rank5]:W0910 13:58:28.046000 2608035 torch/_dynamo/convert_frame.py:2147]                                 ^^^^^^^^^^^^^^^^^^^^^^^^^^^^^
[rank5]:W0910 13:58:28.046000 2608035 torch/_dynamo/convert_frame.py:2147]   File "/usr/local/lib/python3.12/dist-packages/torch/_dynamo/output_graph.py", line 1889, in compile_subgraph
[rank5]:W0910 13:58:28.046000 2608035 torch/_dynamo/convert_frame.py:2147]     self.compile_and_call_fx_graph(tx, pass2.graph_output_vars(), root)
[rank5]:W0910 13:58:28.046000 2608035 torch/_dynamo/convert_frame.py:2147]   File "/usr/local/lib/python3.12/dist-packages/torch/_dynamo/output_graph.py", line 2460, in compile_and_call_fx_graph
[rank5]:W0910 13:58:28.046000 2608035 torch/_dynamo/convert_frame.py:2147]     compiled_fn = self.call_user_compiler(gm, self.example_inputs())
[rank5]:W0910 13:58:28.046000 2608035 torch/_dynamo/convert_frame.py:2147]                   ^^^^^^^^^^^^^^^^^^^^^^^^^^^^^^^^^^^^^^^^^^^^^^^^^^
[rank5]:W0910 13:58:28.046000 2608035 torch/_dynamo/convert_frame.py:2147]   File "/usr/local/lib/python3.12/dist-packages/torch/_dynamo/output_graph.py", line 2613, in call_user_compiler
[rank5]:W0910 13:58:28.046000 2608035 torch/_dynamo/convert_frame.py:2147]     return self._call_user_compiler(gm, example_inputs)
[rank5]:W0910 13:58:28.046000 2608035 torch/_dynamo/convert_frame.py:2147]            ^^^^^^^^^^^^^^^^^^^^^^^^^^^^^^^^^^^^^^^^^^^^
[rank5]:W0910 13:58:28.046000 2608035 torch/_dynamo/convert_frame.py:2147]   File "/usr/local/lib/python3.12/dist-packages/torch/_dynamo/output_graph.py", line 2664, in _call_user_compiler
[rank5]:W0910 13:58:28.046000 2608035 torch/_dynamo/convert_frame.py:2147]     compiled_fn = compiler_fn(gm, example_inputs)
[rank5]:W0910 13:58:28.046000 2608035 torch/_dynamo/convert_frame.py:2147]                   ^^^^^^^^^^^^^^^^^^^^^^^^^^^^^^^
[rank5]:W0910 13:58:28.046000 2608035 torch/_dynamo/convert_frame.py:2147]   File "/usr/local/lib/python3.12/dist-packages/torch/_dynamo/backends/distributed.py", line 616, in compile_fn
[rank5]:W0910 13:58:28.046000 2608035 torch/_dynamo/convert_frame.py:2147]     submod_compiler.run(*example_inputs)
[rank5]:W0910 13:58:28.046000 2608035 torch/_dynamo/convert_frame.py:2147]   File "/usr/local/lib/python3.12/dist-packages/torch/fx/interpreter.py", line 200, in run
[rank5]:W0910 13:58:28.046000 2608035 torch/_dynamo/convert_frame.py:2147]     self.env[node] = self.run_node(node)
[rank5]:W0910 13:58:28.046000 2608035 torch/_dynamo/convert_frame.py:2147]                      ^^^^^^^^^^^^^^^^^^^
[rank5]:W0910 13:58:28.046000 2608035 torch/_dynamo/convert_frame.py:2147]   File "/usr/local/lib/python3.12/dist-packages/torch/_dynamo/backends/distributed.py", line 327, in run_node
[rank5]:W0910 13:58:28.046000 2608035 torch/_dynamo/convert_frame.py:2147]     compiled_submod_real = self.compile_submod(real_mod, new_args, kwargs)
[rank5]:W0910 13:58:28.046000 2608035 torch/_dynamo/convert_frame.py:2147]                            ^^^^^^^^^^^^^^^^^^^^^^^^^^^^^^^^^^^^^^^^^^^^^^^
[rank5]:W0910 13:58:28.046000 2608035 torch/_dynamo/convert_frame.py:2147]   File "/usr/local/lib/python3.12/dist-packages/torch/_dynamo/backends/distributed.py", line 242, in compile_submod
[rank5]:W0910 13:58:28.046000 2608035 torch/_dynamo/convert_frame.py:2147]     self.compiler(input_mod, args),
[rank5]:W0910 13:58:28.046000 2608035 torch/_dynamo/convert_frame.py:2147]     ^^^^^^^^^^^^^^^^^^^^^^^^^^^^^^
[rank5]:W0910 13:58:28.046000 2608035 torch/_dynamo/convert_frame.py:2147]   File "/usr/local/lib/python3.12/dist-packages/torch/_dynamo/repro/after_dynamo.py", line 156, in __call__
[rank5]:W0910 13:58:28.046000 2608035 torch/_dynamo/convert_frame.py:2147]     compiled_gm = compiler_fn(gm, example_inputs)
[rank5]:W0910 13:58:28.046000 2608035 torch/_dynamo/convert_frame.py:2147]                   ^^^^^^^^^^^^^^^^^^^^^^^^^^^^^^^
[rank5]:W0910 13:58:28.046000 2608035 torch/_dynamo/convert_frame.py:2147]   File "/usr/local/lib/python3.12/dist-packages/torch/__init__.py", line 2461, in __call__
[rank5]:W0910 13:58:28.046000 2608035 torch/_dynamo/convert_frame.py:2147]     return compile_fx(model_, inputs_, config_patches=self.config)
[rank5]:W0910 13:58:28.046000 2608035 torch/_dynamo/convert_frame.py:2147]            ^^^^^^^^^^^^^^^^^^^^^^^^^^^^^^^^^^^^^^^^^^^^^^^^^^^^^^^
[rank5]:W0910 13:58:28.046000 2608035 torch/_dynamo/convert_frame.py:2147]   File "/usr/local/lib/python3.12/dist-packages/torch/_inductor/compile_fx.py", line 2578, in compile_fx
[rank5]:W0910 13:58:28.046000 2608035 torch/_dynamo/convert_frame.py:2147]     return _maybe_wrap_and_compile_fx_main(
[rank5]:W0910 13:58:28.046000 2608035 torch/_dynamo/convert_frame.py:2147]            ^^^^^^^^^^^^^^^^^^^^^^^^^^^^^^^^
[rank5]:W0910 13:58:28.046000 2608035 torch/_dynamo/convert_frame.py:2147]   File "/usr/local/lib/python3.12/dist-packages/torch/_inductor/compile_fx.py", line 2655, in _maybe_wrap_and_compile_fx_main
[rank5]:W0910 13:58:28.046000 2608035 torch/_dynamo/convert_frame.py:2147]     return _compile_fx_main(
[rank5]:W0910 13:58:28.046000 2608035 torch/_dynamo/convert_frame.py:2147]            ^^^^^^^^^^^^^^^^^
[rank5]:W0910 13:58:28.046000 2608035 torch/_dynamo/convert_frame.py:2147]   File "/usr/local/lib/python3.12/dist-packages/torch/_inductor/compile_fx.py", line 2864, in _compile_fx_main
[rank5]:W0910 13:58:28.046000 2608035 torch/_dynamo/convert_frame.py:2147]     raise e.remove_dynamo_frames() from None  # see TORCHDYNAMO_VERBOSE=1
[rank5]:W0910 13:58:28.046000 2608035 torch/_dynamo/convert_frame.py:2147]     ^^^^^^^^^^^^^^^^^^^^^^^^^^^^^^^^^^^^^^^^
[rank5]:W0910 13:58:28.046000 2608035 torch/_dynamo/convert_frame.py:2147]   File "/usr/local/lib/python3.12/dist-packages/torch/_inductor/compile_fx.py", line 1053, in _compile_fx_inner
[rank5]:W0910 13:58:28.046000 2608035 torch/_dynamo/convert_frame.py:2147]     raise InductorError(e, currentframe()).with_traceback(
[rank5]:W0910 13:58:28.046000 2608035 torch/_dynamo/convert_frame.py:2147]   File "/usr/local/lib/python3.12/dist-packages/torch/_inductor/compile_fx.py", line 1037, in _compile_fx_inner
[rank5]:W0910 13:58:28.046000 2608035 torch/_dynamo/convert_frame.py:2147]     mb_compiled_graph = fx_codegen_and_compile(
[rank5]:W0910 13:58:28.046000 2608035 torch/_dynamo/convert_frame.py:2147]                         ^^^^^^^^^^^^^^^^^^^^^^^
[rank5]:W0910 13:58:28.046000 2608035 torch/_dynamo/convert_frame.py:2147]   File "/usr/local/lib/python3.12/dist-packages/torch/_inductor/compile_fx.py", line 1798, in fx_codegen_and_compile
[rank5]:W0910 13:58:28.046000 2608035 torch/_dynamo/convert_frame.py:2147]     return scheme.codegen_and_compile(gm, example_inputs, inputs_to_check, graph_kwargs)
[rank5]:W0910 13:58:28.046000 2608035 torch/_dynamo/convert_frame.py:2147]            ^^^^^^^^^^^^^^^^^^^^^^^^^^^^^^^^^^^^^^^^^^^^^^^^^^^^^^^^^^^^^^^^^^^^^^^^^^^^^
[rank5]:W0910 13:58:28.046000 2608035 torch/_dynamo/convert_frame.py:2147]   File "/usr/local/lib/python3.12/dist-packages/torch/_inductor/compile_fx.py", line 1485, in codegen_and_compile
[rank5]:W0910 13:58:28.046000 2608035 torch/_dynamo/convert_frame.py:2147]     graph.run(*example_inputs)
[rank5]:W0910 13:58:28.046000 2608035 torch/_dynamo/convert_frame.py:2147]   File "/usr/local/lib/python3.12/dist-packages/torch/_inductor/graph.py", line 1025, in run
[rank5]:W0910 13:58:28.046000 2608035 torch/_dynamo/convert_frame.py:2147]     return super().run(*args)
[rank5]:W0910 13:58:28.046000 2608035 torch/_dynamo/convert_frame.py:2147]            ^^^^^^^^^^^^^^^^^^
[rank5]:W0910 13:58:28.046000 2608035 torch/_dynamo/convert_frame.py:2147]   File "/usr/local/lib/python3.12/dist-packages/torch/fx/interpreter.py", line 200, in run
[rank5]:W0910 13:58:28.046000 2608035 torch/_dynamo/convert_frame.py:2147]     self.env[node] = self.run_node(node)
[rank5]:W0910 13:58:28.046000 2608035 torch/_dynamo/convert_frame.py:2147]                      ^^^^^^^^^^^^^^^^^^^
[rank5]:W0910 13:58:28.046000 2608035 torch/_dynamo/convert_frame.py:2147]   File "/usr/local/lib/python3.12/dist-packages/torch/_inductor/graph.py", line 1997, in run_node
[rank5]:W0910 13:58:28.046000 2608035 torch/_dynamo/convert_frame.py:2147]     self.register_users_of(result)
[rank5]:W0910 13:58:28.046000 2608035 torch/_dynamo/convert_frame.py:2147]   File "/usr/local/lib/python3.12/dist-packages/torch/_inductor/graph.py", line 1072, in register_users_of
[rank5]:W0910 13:58:28.046000 2608035 torch/_dynamo/convert_frame.py:2147]     register(node_output)
[rank5]:W0910 13:58:28.046000 2608035 torch/_dynamo/convert_frame.py:2147]   File "/usr/local/lib/python3.12/dist-packages/torch/_inductor/graph.py", line 1069, in register
[rank5]:W0910 13:58:28.046000 2608035 torch/_dynamo/convert_frame.py:2147]     for read_name in value.get_read_names():
[rank5]:W0910 13:58:28.046000 2608035 torch/_dynamo/convert_frame.py:2147]                      ^^^^^^^^^^^^^^^^^^^^^^
[rank5]:W0910 13:58:28.046000 2608035 torch/_dynamo/convert_frame.py:2147]   File "/usr/local/lib/python3.12/dist-packages/torch/_inductor/ir.py", line 8658, in get_read_names
[rank5]:W0910 13:58:28.046000 2608035 torch/_dynamo/convert_frame.py:2147]     return self.data.get_read_names()
[rank5]:W0910 13:58:28.046000 2608035 torch/_dynamo/convert_frame.py:2147]            ^^^^^^^^^^^^^^^^^^^^^^^^^^
[rank5]:W0910 13:58:28.046000 2608035 torch/_dynamo/convert_frame.py:2147]   File "/usr/local/lib/python3.12/dist-packages/torch/_inductor/ir.py", line 8658, in get_read_names
[rank5]:W0910 13:58:28.046000 2608035 torch/_dynamo/convert_frame.py:2147]     return self.data.get_read_names()
[rank5]:W0910 13:58:28.046000 2608035 torch/_dynamo/convert_frame.py:2147]            ^^^^^^^^^^^^^^^^^^^^^^^^^^
[rank5]:W0910 13:58:28.046000 2608035 torch/_dynamo/convert_frame.py:2147]   File "/usr/local/lib/python3.12/dist-packages/torch/_inductor/ir.py", line 4766, in get_read_names
[rank5]:W0910 13:58:28.046000 2608035 torch/_dynamo/convert_frame.py:2147]     return self.data.get_read_names()
[rank5]:W0910 13:58:28.046000 2608035 torch/_dynamo/convert_frame.py:2147]            ^^^^^^^^^^^^^^^^^^^^^^^^^^
[rank5]:W0910 13:58:28.046000 2608035 torch/_dynamo/convert_frame.py:2147]   File "/usr/local/lib/python3.12/dist-packages/torch/_inductor/ir.py", line 1042, in get_read_names
[rank5]:W0910 13:58:28.046000 2608035 torch/_dynamo/convert_frame.py:2147]     return OrderedSet(self.inner_fn_opcount().read_buffers)
[rank5]:W0910 13:58:28.046000 2608035 torch/_dynamo/convert_frame.py:2147]                       ^^^^^^^^^^^^^^^^^^^^^^^
[rank5]:W0910 13:58:28.046000 2608035 torch/_dynamo/convert_frame.py:2147]   File "<string>", line 6, in inner_fn_opcount_cache_on_self
[rank5]:W0910 13:58:28.046000 2608035 torch/_dynamo/convert_frame.py:2147]   File "/usr/local/lib/python3.12/dist-packages/torch/_inductor/ir.py", line 1005, in inner_fn_opcount
[rank5]:W0910 13:58:28.046000 2608035 torch/_dynamo/convert_frame.py:2147]     self.inner_fn(*self.inner_fn_args())
[rank5]:W0910 13:58:28.046000 2608035 torch/_dynamo/convert_frame.py:2147]   File "/usr/local/lib/python3.12/dist-packages/torch/_inductor/lowering.py", line 2735, in inner_fn
[rank5]:W0910 13:58:28.046000 2608035 torch/_dynamo/convert_frame.py:2147]     _boundaries_helper(boundaries),
[rank5]:W0910 13:58:28.046000 2608035 torch/_dynamo/convert_frame.py:2147]     ^^^^^^^^^^^^^^^^^^^^^^^^^^^^^^
[rank5]:W0910 13:58:28.046000 2608035 torch/_dynamo/convert_frame.py:2147]   File "/usr/local/lib/python3.12/dist-packages/torch/_inductor/lowering.py", line 2589, in _boundaries_helper
[rank5]:W0910 13:58:28.046000 2608035 torch/_dynamo/convert_frame.py:2147]     stride = tb.get_stride()
[rank5]:W0910 13:58:28.046000 2608035 torch/_dynamo/convert_frame.py:2147]              ^^^^^^^^^^^^^^^
[rank5]:W0910 13:58:28.046000 2608035 torch/_dynamo/convert_frame.py:2147]   File "/usr/local/lib/python3.12/dist-packages/torch/_inductor/ir.py", line 8573, in get_stride
[rank5]:W0910 13:58:28.046000 2608035 torch/_dynamo/convert_frame.py:2147]     return self.data.get_stride()
[rank5]:W0910 13:58:28.046000 2608035 torch/_dynamo/convert_frame.py:2147]            ^^^^^^^^^^^^^^^^^^^^^^
[rank5]:W0910 13:58:28.046000 2608035 torch/_dynamo/convert_frame.py:2147]   File "/usr/local/lib/python3.12/dist-packages/torch/_inductor/ir.py", line 758, in get_stride
[rank5]:W0910 13:58:28.046000 2608035 torch/_dynamo/convert_frame.py:2147]     raise NotImplementedError(type(self).__name__)
[rank5]:W0910 13:58:28.046000 2608035 torch/_dynamo/convert_frame.py:2147] torch._inductor.exc.InductorError: NotImplementedError: SliceView
[rank5]:W0910 13:58:28.046000 2608035 torch/_dynamo/convert_frame.py:2147] 
[rank5]:W0910 13:58:28.046000 2608035 torch/_dynamo/convert_frame.py:2147] While executing %submod_1 : [num_users=4] = call_module[target=submod_1](args = (%l_self_modules_qg_parameters_weight_, %getitem, %getitem_1, %getitem_2, %l_cu_, %s42, %l_self_modules_rope_buffers_inv_freq_), kwargs = {})
[rank5]:W0910 13:58:28.046000 2608035 torch/_dynamo/convert_frame.py:2147] Original traceback:
[rank5]:W0910 13:58:28.046000 2608035 torch/_dynamo/convert_frame.py:2147] None
[rank5]:W0910 13:58:28.046000 2608035 torch/_dynamo/convert_frame.py:2147] Use tlparse to see full graph. (https://github.com/pytorch/tlparse?tab=readme-ov-file#tlparse-parse-structured-pt2-logs)
[rank5]:W0910 13:58:28.046000 2608035 torch/_dynamo/convert_frame.py:2147] 
[rank5]:W0910 13:58:28.046000 2608035 torch/_dynamo/convert_frame.py:2147] Set TORCHDYNAMO_VERBOSE=1 for the internal stack trace (please do this especially if you're reporting a bug to PyTorch). For even more developer context, set TORCH_LOGS="+dynamo"
[rank5]:W0910 13:58:28.046000 2608035 torch/_dynamo/convert_frame.py:2147] 
[rank6]:W0910 13:58:28.081000 2608036 torch/_dynamo/convert_frame.py:2147] WON'T CONVERT forward /work/aupai/model.py line 981 
[rank6]:W0910 13:58:28.081000 2608036 torch/_dynamo/convert_frame.py:2147] due to: 
[rank6]:W0910 13:58:28.081000 2608036 torch/_dynamo/convert_frame.py:2147] Traceback (most recent call last):
[rank6]:W0910 13:58:28.081000 2608036 torch/_dynamo/convert_frame.py:2147]   File "/usr/local/lib/python3.12/dist-packages/torch/_dynamo/convert_frame.py", line 2052, in __call__
[rank6]:W0910 13:58:28.081000 2608036 torch/_dynamo/convert_frame.py:2147]     result = self._inner_convert(
[rank6]:W0910 13:58:28.081000 2608036 torch/_dynamo/convert_frame.py:2147]              ^^^^^^^^^^^^^^^^^^^^
[rank6]:W0910 13:58:28.081000 2608036 torch/_dynamo/convert_frame.py:2147]   File "/usr/local/lib/python3.12/dist-packages/torch/_dynamo/convert_frame.py", line 729, in __call__
[rank6]:W0910 13:58:28.081000 2608036 torch/_dynamo/convert_frame.py:2147]     result = _compile(
[rank6]:W0910 13:58:28.081000 2608036 torch/_dynamo/convert_frame.py:2147]              ^^^^^^^^^
[rank6]:W0910 13:58:28.081000 2608036 torch/_dynamo/convert_frame.py:2147]   File "/usr/local/lib/python3.12/dist-packages/torch/_dynamo/convert_frame.py", line 1827, in _compile
[rank6]:W0910 13:58:28.081000 2608036 torch/_dynamo/convert_frame.py:2147]     guarded_code, tracer_output = compile_inner(code, one_graph, hooks)
[rank6]:W0910 13:58:28.081000 2608036 torch/_dynamo/convert_frame.py:2147]                                   ^^^^^^^^^^^^^^^^^^^^^^^^^^^^^^^^^^^^^
[rank6]:W0910 13:58:28.081000 2608036 torch/_dynamo/convert_frame.py:2147]   File "/usr/local/lib/python3.12/dist-packages/torch/_utils_internal.py", line 96, in wrapper_function
[rank6]:W0910 13:58:28.081000 2608036 torch/_dynamo/convert_frame.py:2147]     return function(*args, **kwargs)
[rank6]:W0910 13:58:28.081000 2608036 torch/_dynamo/convert_frame.py:2147]            ^^^^^^^^^^^^^^^^^^^^^^^^^
[rank6]:W0910 13:58:28.081000 2608036 torch/_dynamo/convert_frame.py:2147]   File "/usr/local/lib/python3.12/dist-packages/torch/_dynamo/convert_frame.py", line 1500, in compile_inner
[rank6]:W0910 13:58:28.081000 2608036 torch/_dynamo/convert_frame.py:2147]     return _compile_inner(code, one_graph, hooks)
[rank6]:W0910 13:58:28.081000 2608036 torch/_dynamo/convert_frame.py:2147]            ^^^^^^^^^^^^^^^^^^^^^^^^^^^^^^^^^^^^^^
[rank6]:W0910 13:58:28.081000 2608036 torch/_dynamo/convert_frame.py:2147]   File "/usr/local/lib/python3.12/dist-packages/torch/_dynamo/convert_frame.py", line 1534, in _compile_inner
[rank6]:W0910 13:58:28.081000 2608036 torch/_dynamo/convert_frame.py:2147]     dynamo_output = compile_frame(
[rank6]:W0910 13:58:28.081000 2608036 torch/_dynamo/convert_frame.py:2147]                     ^^^^^^^^^^^^^^
[rank6]:W0910 13:58:28.081000 2608036 torch/_dynamo/convert_frame.py:2147]   File "/usr/local/lib/python3.12/dist-packages/torch/_dynamo/convert_frame.py", line 1408, in compile_frame
[rank6]:W0910 13:58:28.081000 2608036 torch/_dynamo/convert_frame.py:2147]     bytecode, tracer_output = transform_code_object(code, transform)
[rank6]:W0910 13:58:28.081000 2608036 torch/_dynamo/convert_frame.py:2147]                               ^^^^^^^^^^^^^^^^^^^^^^^^^^^^^^^^^^^^^^
[rank6]:W0910 13:58:28.081000 2608036 torch/_dynamo/convert_frame.py:2147]   File "/usr/local/lib/python3.12/dist-packages/torch/_dynamo/bytecode_transformation.py", line 1608, in transform_code_object
[rank6]:W0910 13:58:28.081000 2608036 torch/_dynamo/convert_frame.py:2147]     tracer_output = transformations(instructions, code_options)
[rank6]:W0910 13:58:28.081000 2608036 torch/_dynamo/convert_frame.py:2147]                     ^^^^^^^^^^^^^^^^^^^^^^^^^^^^^^^^^^^^^^^^^^^
[rank6]:W0910 13:58:28.081000 2608036 torch/_dynamo/convert_frame.py:2147]   File "/usr/local/lib/python3.12/dist-packages/torch/_dynamo/convert_frame.py", line 1380, in transform
[rank6]:W0910 13:58:28.081000 2608036 torch/_dynamo/convert_frame.py:2147]     tracer_output = trace_frame(
[rank6]:W0910 13:58:28.081000 2608036 torch/_dynamo/convert_frame.py:2147]                     ^^^^^^^^^^^^
[rank6]:W0910 13:58:28.081000 2608036 torch/_dynamo/convert_frame.py:2147]   File "/usr/local/lib/python3.12/dist-packages/torch/_dynamo/convert_frame.py", line 341, in _fn
[rank6]:W0910 13:58:28.081000 2608036 torch/_dynamo/convert_frame.py:2147]     return fn(*args, **kwargs)
[rank6]:W0910 13:58:28.081000 2608036 torch/_dynamo/convert_frame.py:2147]            ^^^^^^^^^^^^^^^^^^^
[rank6]:W0910 13:58:28.081000 2608036 torch/_dynamo/convert_frame.py:2147]   File "/usr/local/lib/python3.12/dist-packages/torch/_dynamo/convert_frame.py", line 863, in trace_frame
[rank6]:W0910 13:58:28.081000 2608036 torch/_dynamo/convert_frame.py:2147]     run_tracer()
[rank6]:W0910 13:58:28.081000 2608036 torch/_dynamo/convert_frame.py:2147]   File "/usr/local/lib/python3.12/dist-packages/torch/_dynamo/convert_frame.py", line 844, in run_tracer
[rank6]:W0910 13:58:28.081000 2608036 torch/_dynamo/convert_frame.py:2147]     tracer.run()
[rank6]:W0910 13:58:28.081000 2608036 torch/_dynamo/convert_frame.py:2147]   File "/usr/local/lib/python3.12/dist-packages/torch/_dynamo/symbolic_convert.py", line 1794, in run
[rank6]:W0910 13:58:28.081000 2608036 torch/_dynamo/convert_frame.py:2147]     while self.step():
[rank6]:W0910 13:58:28.081000 2608036 torch/_dynamo/convert_frame.py:2147]           ^^^^^^^^^^^
[rank6]:W0910 13:58:28.081000 2608036 torch/_dynamo/convert_frame.py:2147]   File "/usr/local/lib/python3.12/dist-packages/torch/_dynamo/symbolic_convert.py", line 1459, in step
[rank6]:W0910 13:58:28.081000 2608036 torch/_dynamo/convert_frame.py:2147]     self.dispatch_table[inst.opcode](self, inst)
[rank6]:W0910 13:58:28.081000 2608036 torch/_dynamo/convert_frame.py:2147]   File "/usr/local/lib/python3.12/dist-packages/torch/_dynamo/symbolic_convert.py", line 999, in wrapper
[rank6]:W0910 13:58:28.081000 2608036 torch/_dynamo/convert_frame.py:2147]     return handle_graph_break(self, inst, speculation.reason)
[rank6]:W0910 13:58:28.081000 2608036 torch/_dynamo/convert_frame.py:2147]            ^^^^^^^^^^^^^^^^^^^^^^^^^^^^^^^^^^^^^^^^^^^^^^^^^^
[rank6]:W0910 13:58:28.081000 2608036 torch/_dynamo/convert_frame.py:2147]   File "/usr/local/lib/python3.12/dist-packages/torch/_dynamo/symbolic_convert.py", line 1062, in handle_graph_break
[rank6]:W0910 13:58:28.081000 2608036 torch/_dynamo/convert_frame.py:2147]     all_stack_locals_metadata = self.output.compile_subgraph(
[rank6]:W0910 13:58:28.081000 2608036 torch/_dynamo/convert_frame.py:2147]                                 ^^^^^^^^^^^^^^^^^^^^^^^^^^^^^
[rank6]:W0910 13:58:28.081000 2608036 torch/_dynamo/convert_frame.py:2147]   File "/usr/local/lib/python3.12/dist-packages/torch/_dynamo/output_graph.py", line 1889, in compile_subgraph
[rank6]:W0910 13:58:28.081000 2608036 torch/_dynamo/convert_frame.py:2147]     self.compile_and_call_fx_graph(tx, pass2.graph_output_vars(), root)
[rank6]:W0910 13:58:28.081000 2608036 torch/_dynamo/convert_frame.py:2147]   File "/usr/local/lib/python3.12/dist-packages/torch/_dynamo/output_graph.py", line 2460, in compile_and_call_fx_graph
[rank6]:W0910 13:58:28.081000 2608036 torch/_dynamo/convert_frame.py:2147]     compiled_fn = self.call_user_compiler(gm, self.example_inputs())
[rank6]:W0910 13:58:28.081000 2608036 torch/_dynamo/convert_frame.py:2147]                   ^^^^^^^^^^^^^^^^^^^^^^^^^^^^^^^^^^^^^^^^^^^^^^^^^^
[rank6]:W0910 13:58:28.081000 2608036 torch/_dynamo/convert_frame.py:2147]   File "/usr/local/lib/python3.12/dist-packages/torch/_dynamo/output_graph.py", line 2613, in call_user_compiler
[rank6]:W0910 13:58:28.081000 2608036 torch/_dynamo/convert_frame.py:2147]     return self._call_user_compiler(gm, example_inputs)
[rank6]:W0910 13:58:28.081000 2608036 torch/_dynamo/convert_frame.py:2147]            ^^^^^^^^^^^^^^^^^^^^^^^^^^^^^^^^^^^^^^^^^^^^
[rank6]:W0910 13:58:28.081000 2608036 torch/_dynamo/convert_frame.py:2147]   File "/usr/local/lib/python3.12/dist-packages/torch/_dynamo/output_graph.py", line 2664, in _call_user_compiler
[rank6]:W0910 13:58:28.081000 2608036 torch/_dynamo/convert_frame.py:2147]     compiled_fn = compiler_fn(gm, example_inputs)
[rank6]:W0910 13:58:28.081000 2608036 torch/_dynamo/convert_frame.py:2147]                   ^^^^^^^^^^^^^^^^^^^^^^^^^^^^^^^
[rank6]:W0910 13:58:28.081000 2608036 torch/_dynamo/convert_frame.py:2147]   File "/usr/local/lib/python3.12/dist-packages/torch/_dynamo/backends/distributed.py", line 616, in compile_fn
[rank6]:W0910 13:58:28.081000 2608036 torch/_dynamo/convert_frame.py:2147]     submod_compiler.run(*example_inputs)
[rank6]:W0910 13:58:28.081000 2608036 torch/_dynamo/convert_frame.py:2147]   File "/usr/local/lib/python3.12/dist-packages/torch/fx/interpreter.py", line 200, in run
[rank6]:W0910 13:58:28.081000 2608036 torch/_dynamo/convert_frame.py:2147]     self.env[node] = self.run_node(node)
[rank6]:W0910 13:58:28.081000 2608036 torch/_dynamo/convert_frame.py:2147]                      ^^^^^^^^^^^^^^^^^^^
[rank6]:W0910 13:58:28.081000 2608036 torch/_dynamo/convert_frame.py:2147]   File "/usr/local/lib/python3.12/dist-packages/torch/_dynamo/backends/distributed.py", line 327, in run_node
[rank6]:W0910 13:58:28.081000 2608036 torch/_dynamo/convert_frame.py:2147]     compiled_submod_real = self.compile_submod(real_mod, new_args, kwargs)
[rank6]:W0910 13:58:28.081000 2608036 torch/_dynamo/convert_frame.py:2147]                            ^^^^^^^^^^^^^^^^^^^^^^^^^^^^^^^^^^^^^^^^^^^^^^^
[rank6]:W0910 13:58:28.081000 2608036 torch/_dynamo/convert_frame.py:2147]   File "/usr/local/lib/python3.12/dist-packages/torch/_dynamo/backends/distributed.py", line 242, in compile_submod
[rank6]:W0910 13:58:28.081000 2608036 torch/_dynamo/convert_frame.py:2147]     self.compiler(input_mod, args),
[rank6]:W0910 13:58:28.081000 2608036 torch/_dynamo/convert_frame.py:2147]     ^^^^^^^^^^^^^^^^^^^^^^^^^^^^^^
[rank6]:W0910 13:58:28.081000 2608036 torch/_dynamo/convert_frame.py:2147]   File "/usr/local/lib/python3.12/dist-packages/torch/_dynamo/repro/after_dynamo.py", line 156, in __call__
[rank6]:W0910 13:58:28.081000 2608036 torch/_dynamo/convert_frame.py:2147]     compiled_gm = compiler_fn(gm, example_inputs)
[rank6]:W0910 13:58:28.081000 2608036 torch/_dynamo/convert_frame.py:2147]                   ^^^^^^^^^^^^^^^^^^^^^^^^^^^^^^^
[rank6]:W0910 13:58:28.081000 2608036 torch/_dynamo/convert_frame.py:2147]   File "/usr/local/lib/python3.12/dist-packages/torch/__init__.py", line 2461, in __call__
[rank6]:W0910 13:58:28.081000 2608036 torch/_dynamo/convert_frame.py:2147]     return compile_fx(model_, inputs_, config_patches=self.config)
[rank6]:W0910 13:58:28.081000 2608036 torch/_dynamo/convert_frame.py:2147]            ^^^^^^^^^^^^^^^^^^^^^^^^^^^^^^^^^^^^^^^^^^^^^^^^^^^^^^^
[rank6]:W0910 13:58:28.081000 2608036 torch/_dynamo/convert_frame.py:2147]   File "/usr/local/lib/python3.12/dist-packages/torch/_inductor/compile_fx.py", line 2578, in compile_fx
[rank6]:W0910 13:58:28.081000 2608036 torch/_dynamo/convert_frame.py:2147]     return _maybe_wrap_and_compile_fx_main(
[rank6]:W0910 13:58:28.081000 2608036 torch/_dynamo/convert_frame.py:2147]            ^^^^^^^^^^^^^^^^^^^^^^^^^^^^^^^^
[rank6]:W0910 13:58:28.081000 2608036 torch/_dynamo/convert_frame.py:2147]   File "/usr/local/lib/python3.12/dist-packages/torch/_inductor/compile_fx.py", line 2655, in _maybe_wrap_and_compile_fx_main
[rank6]:W0910 13:58:28.081000 2608036 torch/_dynamo/convert_frame.py:2147]     return _compile_fx_main(
[rank6]:W0910 13:58:28.081000 2608036 torch/_dynamo/convert_frame.py:2147]            ^^^^^^^^^^^^^^^^^
[rank6]:W0910 13:58:28.081000 2608036 torch/_dynamo/convert_frame.py:2147]   File "/usr/local/lib/python3.12/dist-packages/torch/_inductor/compile_fx.py", line 2864, in _compile_fx_main
[rank6]:W0910 13:58:28.081000 2608036 torch/_dynamo/convert_frame.py:2147]     raise e.remove_dynamo_frames() from None  # see TORCHDYNAMO_VERBOSE=1
[rank6]:W0910 13:58:28.081000 2608036 torch/_dynamo/convert_frame.py:2147]     ^^^^^^^^^^^^^^^^^^^^^^^^^^^^^^^^^^^^^^^^
[rank6]:W0910 13:58:28.081000 2608036 torch/_dynamo/convert_frame.py:2147]   File "/usr/local/lib/python3.12/dist-packages/torch/_inductor/compile_fx.py", line 1053, in _compile_fx_inner
[rank6]:W0910 13:58:28.081000 2608036 torch/_dynamo/convert_frame.py:2147]     raise InductorError(e, currentframe()).with_traceback(
[rank6]:W0910 13:58:28.081000 2608036 torch/_dynamo/convert_frame.py:2147]   File "/usr/local/lib/python3.12/dist-packages/torch/_inductor/compile_fx.py", line 1037, in _compile_fx_inner
[rank6]:W0910 13:58:28.081000 2608036 torch/_dynamo/convert_frame.py:2147]     mb_compiled_graph = fx_codegen_and_compile(
[rank6]:W0910 13:58:28.081000 2608036 torch/_dynamo/convert_frame.py:2147]                         ^^^^^^^^^^^^^^^^^^^^^^^
[rank6]:W0910 13:58:28.081000 2608036 torch/_dynamo/convert_frame.py:2147]   File "/usr/local/lib/python3.12/dist-packages/torch/_inductor/compile_fx.py", line 1798, in fx_codegen_and_compile
[rank6]:W0910 13:58:28.081000 2608036 torch/_dynamo/convert_frame.py:2147]     return scheme.codegen_and_compile(gm, example_inputs, inputs_to_check, graph_kwargs)
[rank6]:W0910 13:58:28.081000 2608036 torch/_dynamo/convert_frame.py:2147]            ^^^^^^^^^^^^^^^^^^^^^^^^^^^^^^^^^^^^^^^^^^^^^^^^^^^^^^^^^^^^^^^^^^^^^^^^^^^^^
[rank6]:W0910 13:58:28.081000 2608036 torch/_dynamo/convert_frame.py:2147]   File "/usr/local/lib/python3.12/dist-packages/torch/_inductor/compile_fx.py", line 1485, in codegen_and_compile
[rank6]:W0910 13:58:28.081000 2608036 torch/_dynamo/convert_frame.py:2147]     graph.run(*example_inputs)
[rank6]:W0910 13:58:28.081000 2608036 torch/_dynamo/convert_frame.py:2147]   File "/usr/local/lib/python3.12/dist-packages/torch/_inductor/graph.py", line 1025, in run
[rank6]:W0910 13:58:28.081000 2608036 torch/_dynamo/convert_frame.py:2147]     return super().run(*args)
[rank6]:W0910 13:58:28.081000 2608036 torch/_dynamo/convert_frame.py:2147]            ^^^^^^^^^^^^^^^^^^
[rank6]:W0910 13:58:28.081000 2608036 torch/_dynamo/convert_frame.py:2147]   File "/usr/local/lib/python3.12/dist-packages/torch/fx/interpreter.py", line 200, in run
[rank6]:W0910 13:58:28.081000 2608036 torch/_dynamo/convert_frame.py:2147]     self.env[node] = self.run_node(node)
[rank6]:W0910 13:58:28.081000 2608036 torch/_dynamo/convert_frame.py:2147]                      ^^^^^^^^^^^^^^^^^^^
[rank6]:W0910 13:58:28.081000 2608036 torch/_dynamo/convert_frame.py:2147]   File "/usr/local/lib/python3.12/dist-packages/torch/_inductor/graph.py", line 1997, in run_node
[rank6]:W0910 13:58:28.081000 2608036 torch/_dynamo/convert_frame.py:2147]     self.register_users_of(result)
[rank6]:W0910 13:58:28.081000 2608036 torch/_dynamo/convert_frame.py:2147]   File "/usr/local/lib/python3.12/dist-packages/torch/_inductor/graph.py", line 1072, in register_users_of
[rank6]:W0910 13:58:28.081000 2608036 torch/_dynamo/convert_frame.py:2147]     register(node_output)
[rank6]:W0910 13:58:28.081000 2608036 torch/_dynamo/convert_frame.py:2147]   File "/usr/local/lib/python3.12/dist-packages/torch/_inductor/graph.py", line 1069, in register
[rank6]:W0910 13:58:28.081000 2608036 torch/_dynamo/convert_frame.py:2147]     for read_name in value.get_read_names():
[rank6]:W0910 13:58:28.081000 2608036 torch/_dynamo/convert_frame.py:2147]                      ^^^^^^^^^^^^^^^^^^^^^^
[rank6]:W0910 13:58:28.081000 2608036 torch/_dynamo/convert_frame.py:2147]   File "/usr/local/lib/python3.12/dist-packages/torch/_inductor/ir.py", line 8658, in get_read_names
[rank6]:W0910 13:58:28.081000 2608036 torch/_dynamo/convert_frame.py:2147]     return self.data.get_read_names()
[rank6]:W0910 13:58:28.081000 2608036 torch/_dynamo/convert_frame.py:2147]            ^^^^^^^^^^^^^^^^^^^^^^^^^^
[rank6]:W0910 13:58:28.081000 2608036 torch/_dynamo/convert_frame.py:2147]   File "/usr/local/lib/python3.12/dist-packages/torch/_inductor/ir.py", line 8658, in get_read_names
[rank6]:W0910 13:58:28.081000 2608036 torch/_dynamo/convert_frame.py:2147]     return self.data.get_read_names()
[rank6]:W0910 13:58:28.081000 2608036 torch/_dynamo/convert_frame.py:2147]            ^^^^^^^^^^^^^^^^^^^^^^^^^^
[rank6]:W0910 13:58:28.081000 2608036 torch/_dynamo/convert_frame.py:2147]   File "/usr/local/lib/python3.12/dist-packages/torch/_inductor/ir.py", line 4766, in get_read_names
[rank6]:W0910 13:58:28.081000 2608036 torch/_dynamo/convert_frame.py:2147]     return self.data.get_read_names()
[rank6]:W0910 13:58:28.081000 2608036 torch/_dynamo/convert_frame.py:2147]            ^^^^^^^^^^^^^^^^^^^^^^^^^^
[rank6]:W0910 13:58:28.081000 2608036 torch/_dynamo/convert_frame.py:2147]   File "/usr/local/lib/python3.12/dist-packages/torch/_inductor/ir.py", line 1042, in get_read_names
[rank6]:W0910 13:58:28.081000 2608036 torch/_dynamo/convert_frame.py:2147]     return OrderedSet(self.inner_fn_opcount().read_buffers)
[rank6]:W0910 13:58:28.081000 2608036 torch/_dynamo/convert_frame.py:2147]                       ^^^^^^^^^^^^^^^^^^^^^^^
[rank6]:W0910 13:58:28.081000 2608036 torch/_dynamo/convert_frame.py:2147]   File "<string>", line 6, in inner_fn_opcount_cache_on_self
[rank6]:W0910 13:58:28.081000 2608036 torch/_dynamo/convert_frame.py:2147]   File "/usr/local/lib/python3.12/dist-packages/torch/_inductor/ir.py", line 1005, in inner_fn_opcount
[rank6]:W0910 13:58:28.081000 2608036 torch/_dynamo/convert_frame.py:2147]     self.inner_fn(*self.inner_fn_args())
[rank6]:W0910 13:58:28.081000 2608036 torch/_dynamo/convert_frame.py:2147]   File "/usr/local/lib/python3.12/dist-packages/torch/_inductor/lowering.py", line 2735, in inner_fn
[rank6]:W0910 13:58:28.081000 2608036 torch/_dynamo/convert_frame.py:2147]     _boundaries_helper(boundaries),
[rank6]:W0910 13:58:28.081000 2608036 torch/_dynamo/convert_frame.py:2147]     ^^^^^^^^^^^^^^^^^^^^^^^^^^^^^^
[rank6]:W0910 13:58:28.081000 2608036 torch/_dynamo/convert_frame.py:2147]   File "/usr/local/lib/python3.12/dist-packages/torch/_inductor/lowering.py", line 2589, in _boundaries_helper
[rank6]:W0910 13:58:28.081000 2608036 torch/_dynamo/convert_frame.py:2147]     stride = tb.get_stride()
[rank6]:W0910 13:58:28.081000 2608036 torch/_dynamo/convert_frame.py:2147]              ^^^^^^^^^^^^^^^
[rank6]:W0910 13:58:28.081000 2608036 torch/_dynamo/convert_frame.py:2147]   File "/usr/local/lib/python3.12/dist-packages/torch/_inductor/ir.py", line 8573, in get_stride
[rank6]:W0910 13:58:28.081000 2608036 torch/_dynamo/convert_frame.py:2147]     return self.data.get_stride()
[rank6]:W0910 13:58:28.081000 2608036 torch/_dynamo/convert_frame.py:2147]            ^^^^^^^^^^^^^^^^^^^^^^
[rank6]:W0910 13:58:28.081000 2608036 torch/_dynamo/convert_frame.py:2147]   File "/usr/local/lib/python3.12/dist-packages/torch/_inductor/ir.py", line 758, in get_stride
[rank6]:W0910 13:58:28.081000 2608036 torch/_dynamo/convert_frame.py:2147]     raise NotImplementedError(type(self).__name__)
[rank6]:W0910 13:58:28.081000 2608036 torch/_dynamo/convert_frame.py:2147] torch._inductor.exc.InductorError: NotImplementedError: SliceView
[rank6]:W0910 13:58:28.081000 2608036 torch/_dynamo/convert_frame.py:2147] 
[rank6]:W0910 13:58:28.081000 2608036 torch/_dynamo/convert_frame.py:2147] While executing %submod_1 : [num_users=4] = call_module[target=submod_1](args = (%l_self_modules_qg_parameters_weight_, %getitem, %getitem_1, %getitem_2, %l_cu_, %s42, %l_self_modules_rope_buffers_inv_freq_), kwargs = {})
[rank6]:W0910 13:58:28.081000 2608036 torch/_dynamo/convert_frame.py:2147] Original traceback:
[rank6]:W0910 13:58:28.081000 2608036 torch/_dynamo/convert_frame.py:2147] None
[rank6]:W0910 13:58:28.081000 2608036 torch/_dynamo/convert_frame.py:2147] Use tlparse to see full graph. (https://github.com/pytorch/tlparse?tab=readme-ov-file#tlparse-parse-structured-pt2-logs)
[rank6]:W0910 13:58:28.081000 2608036 torch/_dynamo/convert_frame.py:2147] 
[rank6]:W0910 13:58:28.081000 2608036 torch/_dynamo/convert_frame.py:2147] Set TORCHDYNAMO_VERBOSE=1 for the internal stack trace (please do this especially if you're reporting a bug to PyTorch). For even more developer context, set TORCH_LOGS="+dynamo"
[rank6]:W0910 13:58:28.081000 2608036 torch/_dynamo/convert_frame.py:2147] 
[rank6]:W0910 13:58:28.081000 2608036 torch/_dynamo/convert_frame.py:2147] Traceback (most recent call last):
[rank6]:W0910 13:58:28.081000 2608036 torch/_dynamo/convert_frame.py:2147]   File "/usr/local/lib/python3.12/dist-packages/torch/_dynamo/convert_frame.py", line 2052, in __call__
[rank6]:W0910 13:58:28.081000 2608036 torch/_dynamo/convert_frame.py:2147]     result = self._inner_convert(
[rank6]:W0910 13:58:28.081000 2608036 torch/_dynamo/convert_frame.py:2147]              ^^^^^^^^^^^^^^^^^^^^
[rank6]:W0910 13:58:28.081000 2608036 torch/_dynamo/convert_frame.py:2147]   File "/usr/local/lib/python3.12/dist-packages/torch/_dynamo/convert_frame.py", line 729, in __call__
[rank6]:W0910 13:58:28.081000 2608036 torch/_dynamo/convert_frame.py:2147]     result = _compile(
[rank6]:W0910 13:58:28.081000 2608036 torch/_dynamo/convert_frame.py:2147]              ^^^^^^^^^
[rank6]:W0910 13:58:28.081000 2608036 torch/_dynamo/convert_frame.py:2147]   File "/usr/local/lib/python3.12/dist-packages/torch/_dynamo/convert_frame.py", line 1827, in _compile
[rank6]:W0910 13:58:28.081000 2608036 torch/_dynamo/convert_frame.py:2147]     guarded_code, tracer_output = compile_inner(code, one_graph, hooks)
[rank6]:W0910 13:58:28.081000 2608036 torch/_dynamo/convert_frame.py:2147]                                   ^^^^^^^^^^^^^^^^^^^^^^^^^^^^^^^^^^^^^
[rank6]:W0910 13:58:28.081000 2608036 torch/_dynamo/convert_frame.py:2147]   File "/usr/local/lib/python3.12/dist-packages/torch/_utils_internal.py", line 96, in wrapper_function
[rank6]:W0910 13:58:28.081000 2608036 torch/_dynamo/convert_frame.py:2147]     return function(*args, **kwargs)
[rank6]:W0910 13:58:28.081000 2608036 torch/_dynamo/convert_frame.py:2147]            ^^^^^^^^^^^^^^^^^^^^^^^^^
[rank6]:W0910 13:58:28.081000 2608036 torch/_dynamo/convert_frame.py:2147]   File "/usr/local/lib/python3.12/dist-packages/torch/_dynamo/convert_frame.py", line 1500, in compile_inner
[rank6]:W0910 13:58:28.081000 2608036 torch/_dynamo/convert_frame.py:2147]     return _compile_inner(code, one_graph, hooks)
[rank6]:W0910 13:58:28.081000 2608036 torch/_dynamo/convert_frame.py:2147]            ^^^^^^^^^^^^^^^^^^^^^^^^^^^^^^^^^^^^^^
[rank6]:W0910 13:58:28.081000 2608036 torch/_dynamo/convert_frame.py:2147]   File "/usr/local/lib/python3.12/dist-packages/torch/_dynamo/convert_frame.py", line 1534, in _compile_inner
[rank6]:W0910 13:58:28.081000 2608036 torch/_dynamo/convert_frame.py:2147]     dynamo_output = compile_frame(
[rank6]:W0910 13:58:28.081000 2608036 torch/_dynamo/convert_frame.py:2147]                     ^^^^^^^^^^^^^^
[rank6]:W0910 13:58:28.081000 2608036 torch/_dynamo/convert_frame.py:2147]   File "/usr/local/lib/python3.12/dist-packages/torch/_dynamo/convert_frame.py", line 1408, in compile_frame
[rank6]:W0910 13:58:28.081000 2608036 torch/_dynamo/convert_frame.py:2147]     bytecode, tracer_output = transform_code_object(code, transform)
[rank6]:W0910 13:58:28.081000 2608036 torch/_dynamo/convert_frame.py:2147]                               ^^^^^^^^^^^^^^^^^^^^^^^^^^^^^^^^^^^^^^
[rank6]:W0910 13:58:28.081000 2608036 torch/_dynamo/convert_frame.py:2147]   File "/usr/local/lib/python3.12/dist-packages/torch/_dynamo/bytecode_transformation.py", line 1608, in transform_code_object
[rank6]:W0910 13:58:28.081000 2608036 torch/_dynamo/convert_frame.py:2147]     tracer_output = transformations(instructions, code_options)
[rank6]:W0910 13:58:28.081000 2608036 torch/_dynamo/convert_frame.py:2147]                     ^^^^^^^^^^^^^^^^^^^^^^^^^^^^^^^^^^^^^^^^^^^
[rank6]:W0910 13:58:28.081000 2608036 torch/_dynamo/convert_frame.py:2147]   File "/usr/local/lib/python3.12/dist-packages/torch/_dynamo/convert_frame.py", line 1380, in transform
[rank6]:W0910 13:58:28.081000 2608036 torch/_dynamo/convert_frame.py:2147]     tracer_output = trace_frame(
[rank6]:W0910 13:58:28.081000 2608036 torch/_dynamo/convert_frame.py:2147]                     ^^^^^^^^^^^^
[rank6]:W0910 13:58:28.081000 2608036 torch/_dynamo/convert_frame.py:2147]   File "/usr/local/lib/python3.12/dist-packages/torch/_dynamo/convert_frame.py", line 341, in _fn
[rank6]:W0910 13:58:28.081000 2608036 torch/_dynamo/convert_frame.py:2147]     return fn(*args, **kwargs)
[rank6]:W0910 13:58:28.081000 2608036 torch/_dynamo/convert_frame.py:2147]            ^^^^^^^^^^^^^^^^^^^
[rank6]:W0910 13:58:28.081000 2608036 torch/_dynamo/convert_frame.py:2147]   File "/usr/local/lib/python3.12/dist-packages/torch/_dynamo/convert_frame.py", line 863, in trace_frame
[rank6]:W0910 13:58:28.081000 2608036 torch/_dynamo/convert_frame.py:2147]     run_tracer()
[rank6]:W0910 13:58:28.081000 2608036 torch/_dynamo/convert_frame.py:2147]   File "/usr/local/lib/python3.12/dist-packages/torch/_dynamo/convert_frame.py", line 844, in run_tracer
[rank6]:W0910 13:58:28.081000 2608036 torch/_dynamo/convert_frame.py:2147]     tracer.run()
[rank6]:W0910 13:58:28.081000 2608036 torch/_dynamo/convert_frame.py:2147]   File "/usr/local/lib/python3.12/dist-packages/torch/_dynamo/symbolic_convert.py", line 1794, in run
[rank6]:W0910 13:58:28.081000 2608036 torch/_dynamo/convert_frame.py:2147]     while self.step():
[rank6]:W0910 13:58:28.081000 2608036 torch/_dynamo/convert_frame.py:2147]           ^^^^^^^^^^^
[rank6]:W0910 13:58:28.081000 2608036 torch/_dynamo/convert_frame.py:2147]   File "/usr/local/lib/python3.12/dist-packages/torch/_dynamo/symbolic_convert.py", line 1459, in step
[rank6]:W0910 13:58:28.081000 2608036 torch/_dynamo/convert_frame.py:2147]     self.dispatch_table[inst.opcode](self, inst)
[rank6]:W0910 13:58:28.081000 2608036 torch/_dynamo/convert_frame.py:2147]   File "/usr/local/lib/python3.12/dist-packages/torch/_dynamo/symbolic_convert.py", line 999, in wrapper
[rank6]:W0910 13:58:28.081000 2608036 torch/_dynamo/convert_frame.py:2147]     return handle_graph_break(self, inst, speculation.reason)
[rank6]:W0910 13:58:28.081000 2608036 torch/_dynamo/convert_frame.py:2147]            ^^^^^^^^^^^^^^^^^^^^^^^^^^^^^^^^^^^^^^^^^^^^^^^^^^
[rank6]:W0910 13:58:28.081000 2608036 torch/_dynamo/convert_frame.py:2147]   File "/usr/local/lib/python3.12/dist-packages/torch/_dynamo/symbolic_convert.py", line 1062, in handle_graph_break
[rank6]:W0910 13:58:28.081000 2608036 torch/_dynamo/convert_frame.py:2147]     all_stack_locals_metadata = self.output.compile_subgraph(
[rank6]:W0910 13:58:28.081000 2608036 torch/_dynamo/convert_frame.py:2147]                                 ^^^^^^^^^^^^^^^^^^^^^^^^^^^^^
[rank6]:W0910 13:58:28.081000 2608036 torch/_dynamo/convert_frame.py:2147]   File "/usr/local/lib/python3.12/dist-packages/torch/_dynamo/output_graph.py", line 1889, in compile_subgraph
[rank6]:W0910 13:58:28.081000 2608036 torch/_dynamo/convert_frame.py:2147]     self.compile_and_call_fx_graph(tx, pass2.graph_output_vars(), root)
[rank6]:W0910 13:58:28.081000 2608036 torch/_dynamo/convert_frame.py:2147]   File "/usr/local/lib/python3.12/dist-packages/torch/_dynamo/output_graph.py", line 2460, in compile_and_call_fx_graph
[rank6]:W0910 13:58:28.081000 2608036 torch/_dynamo/convert_frame.py:2147]     compiled_fn = self.call_user_compiler(gm, self.example_inputs())
[rank6]:W0910 13:58:28.081000 2608036 torch/_dynamo/convert_frame.py:2147]                   ^^^^^^^^^^^^^^^^^^^^^^^^^^^^^^^^^^^^^^^^^^^^^^^^^^
[rank6]:W0910 13:58:28.081000 2608036 torch/_dynamo/convert_frame.py:2147]   File "/usr/local/lib/python3.12/dist-packages/torch/_dynamo/output_graph.py", line 2613, in call_user_compiler
[rank6]:W0910 13:58:28.081000 2608036 torch/_dynamo/convert_frame.py:2147]     return self._call_user_compiler(gm, example_inputs)
[rank6]:W0910 13:58:28.081000 2608036 torch/_dynamo/convert_frame.py:2147]            ^^^^^^^^^^^^^^^^^^^^^^^^^^^^^^^^^^^^^^^^^^^^
[rank6]:W0910 13:58:28.081000 2608036 torch/_dynamo/convert_frame.py:2147]   File "/usr/local/lib/python3.12/dist-packages/torch/_dynamo/output_graph.py", line 2664, in _call_user_compiler
[rank6]:W0910 13:58:28.081000 2608036 torch/_dynamo/convert_frame.py:2147]     compiled_fn = compiler_fn(gm, example_inputs)
[rank6]:W0910 13:58:28.081000 2608036 torch/_dynamo/convert_frame.py:2147]                   ^^^^^^^^^^^^^^^^^^^^^^^^^^^^^^^
[rank6]:W0910 13:58:28.081000 2608036 torch/_dynamo/convert_frame.py:2147]   File "/usr/local/lib/python3.12/dist-packages/torch/_dynamo/backends/distributed.py", line 616, in compile_fn
[rank6]:W0910 13:58:28.081000 2608036 torch/_dynamo/convert_frame.py:2147]     submod_compiler.run(*example_inputs)
[rank6]:W0910 13:58:28.081000 2608036 torch/_dynamo/convert_frame.py:2147]   File "/usr/local/lib/python3.12/dist-packages/torch/fx/interpreter.py", line 200, in run
[rank6]:W0910 13:58:28.081000 2608036 torch/_dynamo/convert_frame.py:2147]     self.env[node] = self.run_node(node)
[rank6]:W0910 13:58:28.081000 2608036 torch/_dynamo/convert_frame.py:2147]                      ^^^^^^^^^^^^^^^^^^^
[rank6]:W0910 13:58:28.081000 2608036 torch/_dynamo/convert_frame.py:2147]   File "/usr/local/lib/python3.12/dist-packages/torch/_dynamo/backends/distributed.py", line 327, in run_node
[rank6]:W0910 13:58:28.081000 2608036 torch/_dynamo/convert_frame.py:2147]     compiled_submod_real = self.compile_submod(real_mod, new_args, kwargs)
[rank6]:W0910 13:58:28.081000 2608036 torch/_dynamo/convert_frame.py:2147]                            ^^^^^^^^^^^^^^^^^^^^^^^^^^^^^^^^^^^^^^^^^^^^^^^
[rank6]:W0910 13:58:28.081000 2608036 torch/_dynamo/convert_frame.py:2147]   File "/usr/local/lib/python3.12/dist-packages/torch/_dynamo/backends/distributed.py", line 242, in compile_submod
[rank6]:W0910 13:58:28.081000 2608036 torch/_dynamo/convert_frame.py:2147]     self.compiler(input_mod, args),
[rank6]:W0910 13:58:28.081000 2608036 torch/_dynamo/convert_frame.py:2147]     ^^^^^^^^^^^^^^^^^^^^^^^^^^^^^^
[rank6]:W0910 13:58:28.081000 2608036 torch/_dynamo/convert_frame.py:2147]   File "/usr/local/lib/python3.12/dist-packages/torch/_dynamo/repro/after_dynamo.py", line 156, in __call__
[rank6]:W0910 13:58:28.081000 2608036 torch/_dynamo/convert_frame.py:2147]     compiled_gm = compiler_fn(gm, example_inputs)
[rank6]:W0910 13:58:28.081000 2608036 torch/_dynamo/convert_frame.py:2147]                   ^^^^^^^^^^^^^^^^^^^^^^^^^^^^^^^
[rank6]:W0910 13:58:28.081000 2608036 torch/_dynamo/convert_frame.py:2147]   File "/usr/local/lib/python3.12/dist-packages/torch/__init__.py", line 2461, in __call__
[rank6]:W0910 13:58:28.081000 2608036 torch/_dynamo/convert_frame.py:2147]     return compile_fx(model_, inputs_, config_patches=self.config)
[rank6]:W0910 13:58:28.081000 2608036 torch/_dynamo/convert_frame.py:2147]            ^^^^^^^^^^^^^^^^^^^^^^^^^^^^^^^^^^^^^^^^^^^^^^^^^^^^^^^
[rank6]:W0910 13:58:28.081000 2608036 torch/_dynamo/convert_frame.py:2147]   File "/usr/local/lib/python3.12/dist-packages/torch/_inductor/compile_fx.py", line 2578, in compile_fx
[rank6]:W0910 13:58:28.081000 2608036 torch/_dynamo/convert_frame.py:2147]     return _maybe_wrap_and_compile_fx_main(
[rank6]:W0910 13:58:28.081000 2608036 torch/_dynamo/convert_frame.py:2147]            ^^^^^^^^^^^^^^^^^^^^^^^^^^^^^^^^
[rank6]:W0910 13:58:28.081000 2608036 torch/_dynamo/convert_frame.py:2147]   File "/usr/local/lib/python3.12/dist-packages/torch/_inductor/compile_fx.py", line 2655, in _maybe_wrap_and_compile_fx_main
[rank6]:W0910 13:58:28.081000 2608036 torch/_dynamo/convert_frame.py:2147]     return _compile_fx_main(
[rank6]:W0910 13:58:28.081000 2608036 torch/_dynamo/convert_frame.py:2147]            ^^^^^^^^^^^^^^^^^
[rank6]:W0910 13:58:28.081000 2608036 torch/_dynamo/convert_frame.py:2147]   File "/usr/local/lib/python3.12/dist-packages/torch/_inductor/compile_fx.py", line 2864, in _compile_fx_main
[rank6]:W0910 13:58:28.081000 2608036 torch/_dynamo/convert_frame.py:2147]     raise e.remove_dynamo_frames() from None  # see TORCHDYNAMO_VERBOSE=1
[rank6]:W0910 13:58:28.081000 2608036 torch/_dynamo/convert_frame.py:2147]     ^^^^^^^^^^^^^^^^^^^^^^^^^^^^^^^^^^^^^^^^
[rank6]:W0910 13:58:28.081000 2608036 torch/_dynamo/convert_frame.py:2147]   File "/usr/local/lib/python3.12/dist-packages/torch/_inductor/compile_fx.py", line 1053, in _compile_fx_inner
[rank6]:W0910 13:58:28.081000 2608036 torch/_dynamo/convert_frame.py:2147]     raise InductorError(e, currentframe()).with_traceback(
[rank6]:W0910 13:58:28.081000 2608036 torch/_dynamo/convert_frame.py:2147]   File "/usr/local/lib/python3.12/dist-packages/torch/_inductor/compile_fx.py", line 1037, in _compile_fx_inner
[rank6]:W0910 13:58:28.081000 2608036 torch/_dynamo/convert_frame.py:2147]     mb_compiled_graph = fx_codegen_and_compile(
[rank6]:W0910 13:58:28.081000 2608036 torch/_dynamo/convert_frame.py:2147]                         ^^^^^^^^^^^^^^^^^^^^^^^
[rank6]:W0910 13:58:28.081000 2608036 torch/_dynamo/convert_frame.py:2147]   File "/usr/local/lib/python3.12/dist-packages/torch/_inductor/compile_fx.py", line 1798, in fx_codegen_and_compile
[rank6]:W0910 13:58:28.081000 2608036 torch/_dynamo/convert_frame.py:2147]     return scheme.codegen_and_compile(gm, example_inputs, inputs_to_check, graph_kwargs)
[rank6]:W0910 13:58:28.081000 2608036 torch/_dynamo/convert_frame.py:2147]            ^^^^^^^^^^^^^^^^^^^^^^^^^^^^^^^^^^^^^^^^^^^^^^^^^^^^^^^^^^^^^^^^^^^^^^^^^^^^^
[rank6]:W0910 13:58:28.081000 2608036 torch/_dynamo/convert_frame.py:2147]   File "/usr/local/lib/python3.12/dist-packages/torch/_inductor/compile_fx.py", line 1485, in codegen_and_compile
[rank6]:W0910 13:58:28.081000 2608036 torch/_dynamo/convert_frame.py:2147]     graph.run(*example_inputs)
[rank6]:W0910 13:58:28.081000 2608036 torch/_dynamo/convert_frame.py:2147]   File "/usr/local/lib/python3.12/dist-packages/torch/_inductor/graph.py", line 1025, in run
[rank6]:W0910 13:58:28.081000 2608036 torch/_dynamo/convert_frame.py:2147]     return super().run(*args)
[rank6]:W0910 13:58:28.081000 2608036 torch/_dynamo/convert_frame.py:2147]            ^^^^^^^^^^^^^^^^^^
[rank6]:W0910 13:58:28.081000 2608036 torch/_dynamo/convert_frame.py:2147]   File "/usr/local/lib/python3.12/dist-packages/torch/fx/interpreter.py", line 200, in run
[rank6]:W0910 13:58:28.081000 2608036 torch/_dynamo/convert_frame.py:2147]     self.env[node] = self.run_node(node)
[rank6]:W0910 13:58:28.081000 2608036 torch/_dynamo/convert_frame.py:2147]                      ^^^^^^^^^^^^^^^^^^^
[rank6]:W0910 13:58:28.081000 2608036 torch/_dynamo/convert_frame.py:2147]   File "/usr/local/lib/python3.12/dist-packages/torch/_inductor/graph.py", line 1997, in run_node
[rank6]:W0910 13:58:28.081000 2608036 torch/_dynamo/convert_frame.py:2147]     self.register_users_of(result)
[rank6]:W0910 13:58:28.081000 2608036 torch/_dynamo/convert_frame.py:2147]   File "/usr/local/lib/python3.12/dist-packages/torch/_inductor/graph.py", line 1072, in register_users_of
[rank6]:W0910 13:58:28.081000 2608036 torch/_dynamo/convert_frame.py:2147]     register(node_output)
[rank6]:W0910 13:58:28.081000 2608036 torch/_dynamo/convert_frame.py:2147]   File "/usr/local/lib/python3.12/dist-packages/torch/_inductor/graph.py", line 1069, in register
[rank6]:W0910 13:58:28.081000 2608036 torch/_dynamo/convert_frame.py:2147]     for read_name in value.get_read_names():
[rank6]:W0910 13:58:28.081000 2608036 torch/_dynamo/convert_frame.py:2147]                      ^^^^^^^^^^^^^^^^^^^^^^
[rank6]:W0910 13:58:28.081000 2608036 torch/_dynamo/convert_frame.py:2147]   File "/usr/local/lib/python3.12/dist-packages/torch/_inductor/ir.py", line 8658, in get_read_names
[rank6]:W0910 13:58:28.081000 2608036 torch/_dynamo/convert_frame.py:2147]     return self.data.get_read_names()
[rank6]:W0910 13:58:28.081000 2608036 torch/_dynamo/convert_frame.py:2147]            ^^^^^^^^^^^^^^^^^^^^^^^^^^
[rank6]:W0910 13:58:28.081000 2608036 torch/_dynamo/convert_frame.py:2147]   File "/usr/local/lib/python3.12/dist-packages/torch/_inductor/ir.py", line 8658, in get_read_names
[rank6]:W0910 13:58:28.081000 2608036 torch/_dynamo/convert_frame.py:2147]     return self.data.get_read_names()
[rank6]:W0910 13:58:28.081000 2608036 torch/_dynamo/convert_frame.py:2147]            ^^^^^^^^^^^^^^^^^^^^^^^^^^
[rank6]:W0910 13:58:28.081000 2608036 torch/_dynamo/convert_frame.py:2147]   File "/usr/local/lib/python3.12/dist-packages/torch/_inductor/ir.py", line 4766, in get_read_names
[rank6]:W0910 13:58:28.081000 2608036 torch/_dynamo/convert_frame.py:2147]     return self.data.get_read_names()
[rank6]:W0910 13:58:28.081000 2608036 torch/_dynamo/convert_frame.py:2147]            ^^^^^^^^^^^^^^^^^^^^^^^^^^
[rank6]:W0910 13:58:28.081000 2608036 torch/_dynamo/convert_frame.py:2147]   File "/usr/local/lib/python3.12/dist-packages/torch/_inductor/ir.py", line 1042, in get_read_names
[rank6]:W0910 13:58:28.081000 2608036 torch/_dynamo/convert_frame.py:2147]     return OrderedSet(self.inner_fn_opcount().read_buffers)
[rank6]:W0910 13:58:28.081000 2608036 torch/_dynamo/convert_frame.py:2147]                       ^^^^^^^^^^^^^^^^^^^^^^^
[rank6]:W0910 13:58:28.081000 2608036 torch/_dynamo/convert_frame.py:2147]   File "<string>", line 6, in inner_fn_opcount_cache_on_self
[rank6]:W0910 13:58:28.081000 2608036 torch/_dynamo/convert_frame.py:2147]   File "/usr/local/lib/python3.12/dist-packages/torch/_inductor/ir.py", line 1005, in inner_fn_opcount
[rank6]:W0910 13:58:28.081000 2608036 torch/_dynamo/convert_frame.py:2147]     self.inner_fn(*self.inner_fn_args())
[rank6]:W0910 13:58:28.081000 2608036 torch/_dynamo/convert_frame.py:2147]   File "/usr/local/lib/python3.12/dist-packages/torch/_inductor/lowering.py", line 2735, in inner_fn
[rank6]:W0910 13:58:28.081000 2608036 torch/_dynamo/convert_frame.py:2147]     _boundaries_helper(boundaries),
[rank6]:W0910 13:58:28.081000 2608036 torch/_dynamo/convert_frame.py:2147]     ^^^^^^^^^^^^^^^^^^^^^^^^^^^^^^
[rank6]:W0910 13:58:28.081000 2608036 torch/_dynamo/convert_frame.py:2147]   File "/usr/local/lib/python3.12/dist-packages/torch/_inductor/lowering.py", line 2589, in _boundaries_helper
[rank6]:W0910 13:58:28.081000 2608036 torch/_dynamo/convert_frame.py:2147]     stride = tb.get_stride()
[rank6]:W0910 13:58:28.081000 2608036 torch/_dynamo/convert_frame.py:2147]              ^^^^^^^^^^^^^^^
[rank6]:W0910 13:58:28.081000 2608036 torch/_dynamo/convert_frame.py:2147]   File "/usr/local/lib/python3.12/dist-packages/torch/_inductor/ir.py", line 8573, in get_stride
[rank6]:W0910 13:58:28.081000 2608036 torch/_dynamo/convert_frame.py:2147]     return self.data.get_stride()
[rank6]:W0910 13:58:28.081000 2608036 torch/_dynamo/convert_frame.py:2147]            ^^^^^^^^^^^^^^^^^^^^^^
[rank6]:W0910 13:58:28.081000 2608036 torch/_dynamo/convert_frame.py:2147]   File "/usr/local/lib/python3.12/dist-packages/torch/_inductor/ir.py", line 758, in get_stride
[rank6]:W0910 13:58:28.081000 2608036 torch/_dynamo/convert_frame.py:2147]     raise NotImplementedError(type(self).__name__)
[rank6]:W0910 13:58:28.081000 2608036 torch/_dynamo/convert_frame.py:2147] torch._inductor.exc.InductorError: NotImplementedError: SliceView
[rank6]:W0910 13:58:28.081000 2608036 torch/_dynamo/convert_frame.py:2147] 
[rank6]:W0910 13:58:28.081000 2608036 torch/_dynamo/convert_frame.py:2147] While executing %submod_1 : [num_users=4] = call_module[target=submod_1](args = (%l_self_modules_qg_parameters_weight_, %getitem, %getitem_1, %getitem_2, %l_cu_, %s42, %l_self_modules_rope_buffers_inv_freq_), kwargs = {})
[rank6]:W0910 13:58:28.081000 2608036 torch/_dynamo/convert_frame.py:2147] Original traceback:
[rank6]:W0910 13:58:28.081000 2608036 torch/_dynamo/convert_frame.py:2147] None
[rank6]:W0910 13:58:28.081000 2608036 torch/_dynamo/convert_frame.py:2147] Use tlparse to see full graph. (https://github.com/pytorch/tlparse?tab=readme-ov-file#tlparse-parse-structured-pt2-logs)
[rank6]:W0910 13:58:28.081000 2608036 torch/_dynamo/convert_frame.py:2147] 
[rank6]:W0910 13:58:28.081000 2608036 torch/_dynamo/convert_frame.py:2147] Set TORCHDYNAMO_VERBOSE=1 for the internal stack trace (please do this especially if you're reporting a bug to PyTorch). For even more developer context, set TORCH_LOGS="+dynamo"
[rank6]:W0910 13:58:28.081000 2608036 torch/_dynamo/convert_frame.py:2147] 
[rank4]:W0910 13:58:28.222000 2608034 torch/_dynamo/convert_frame.py:2147] WON'T CONVERT forward /work/aupai/model.py line 981 
[rank4]:W0910 13:58:28.222000 2608034 torch/_dynamo/convert_frame.py:2147] due to: 
[rank4]:W0910 13:58:28.222000 2608034 torch/_dynamo/convert_frame.py:2147] Traceback (most recent call last):
[rank4]:W0910 13:58:28.222000 2608034 torch/_dynamo/convert_frame.py:2147]   File "/usr/local/lib/python3.12/dist-packages/torch/_dynamo/convert_frame.py", line 2052, in __call__
[rank4]:W0910 13:58:28.222000 2608034 torch/_dynamo/convert_frame.py:2147]     result = self._inner_convert(
[rank4]:W0910 13:58:28.222000 2608034 torch/_dynamo/convert_frame.py:2147]              ^^^^^^^^^^^^^^^^^^^^
[rank4]:W0910 13:58:28.222000 2608034 torch/_dynamo/convert_frame.py:2147]   File "/usr/local/lib/python3.12/dist-packages/torch/_dynamo/convert_frame.py", line 729, in __call__
[rank4]:W0910 13:58:28.222000 2608034 torch/_dynamo/convert_frame.py:2147]     result = _compile(
[rank4]:W0910 13:58:28.222000 2608034 torch/_dynamo/convert_frame.py:2147]              ^^^^^^^^^
[rank4]:W0910 13:58:28.222000 2608034 torch/_dynamo/convert_frame.py:2147]   File "/usr/local/lib/python3.12/dist-packages/torch/_dynamo/convert_frame.py", line 1827, in _compile
[rank4]:W0910 13:58:28.222000 2608034 torch/_dynamo/convert_frame.py:2147]     guarded_code, tracer_output = compile_inner(code, one_graph, hooks)
[rank4]:W0910 13:58:28.222000 2608034 torch/_dynamo/convert_frame.py:2147]                                   ^^^^^^^^^^^^^^^^^^^^^^^^^^^^^^^^^^^^^
[rank4]:W0910 13:58:28.222000 2608034 torch/_dynamo/convert_frame.py:2147]   File "/usr/local/lib/python3.12/dist-packages/torch/_utils_internal.py", line 96, in wrapper_function
[rank4]:W0910 13:58:28.222000 2608034 torch/_dynamo/convert_frame.py:2147]     return function(*args, **kwargs)
[rank4]:W0910 13:58:28.222000 2608034 torch/_dynamo/convert_frame.py:2147]            ^^^^^^^^^^^^^^^^^^^^^^^^^
[rank4]:W0910 13:58:28.222000 2608034 torch/_dynamo/convert_frame.py:2147]   File "/usr/local/lib/python3.12/dist-packages/torch/_dynamo/convert_frame.py", line 1500, in compile_inner
[rank4]:W0910 13:58:28.222000 2608034 torch/_dynamo/convert_frame.py:2147]     return _compile_inner(code, one_graph, hooks)
[rank4]:W0910 13:58:28.222000 2608034 torch/_dynamo/convert_frame.py:2147]            ^^^^^^^^^^^^^^^^^^^^^^^^^^^^^^^^^^^^^^
[rank4]:W0910 13:58:28.222000 2608034 torch/_dynamo/convert_frame.py:2147]   File "/usr/local/lib/python3.12/dist-packages/torch/_dynamo/convert_frame.py", line 1534, in _compile_inner
[rank4]:W0910 13:58:28.222000 2608034 torch/_dynamo/convert_frame.py:2147]     dynamo_output = compile_frame(
[rank4]:W0910 13:58:28.222000 2608034 torch/_dynamo/convert_frame.py:2147]                     ^^^^^^^^^^^^^^
[rank4]:W0910 13:58:28.222000 2608034 torch/_dynamo/convert_frame.py:2147]   File "/usr/local/lib/python3.12/dist-packages/torch/_dynamo/convert_frame.py", line 1408, in compile_frame
[rank4]:W0910 13:58:28.222000 2608034 torch/_dynamo/convert_frame.py:2147]     bytecode, tracer_output = transform_code_object(code, transform)
[rank4]:W0910 13:58:28.222000 2608034 torch/_dynamo/convert_frame.py:2147]                               ^^^^^^^^^^^^^^^^^^^^^^^^^^^^^^^^^^^^^^
[rank4]:W0910 13:58:28.222000 2608034 torch/_dynamo/convert_frame.py:2147]   File "/usr/local/lib/python3.12/dist-packages/torch/_dynamo/bytecode_transformation.py", line 1608, in transform_code_object
[rank4]:W0910 13:58:28.222000 2608034 torch/_dynamo/convert_frame.py:2147]     tracer_output = transformations(instructions, code_options)
[rank4]:W0910 13:58:28.222000 2608034 torch/_dynamo/convert_frame.py:2147]                     ^^^^^^^^^^^^^^^^^^^^^^^^^^^^^^^^^^^^^^^^^^^
[rank4]:W0910 13:58:28.222000 2608034 torch/_dynamo/convert_frame.py:2147]   File "/usr/local/lib/python3.12/dist-packages/torch/_dynamo/convert_frame.py", line 1380, in transform
[rank4]:W0910 13:58:28.222000 2608034 torch/_dynamo/convert_frame.py:2147]     tracer_output = trace_frame(
[rank4]:W0910 13:58:28.222000 2608034 torch/_dynamo/convert_frame.py:2147]                     ^^^^^^^^^^^^
[rank4]:W0910 13:58:28.222000 2608034 torch/_dynamo/convert_frame.py:2147]   File "/usr/local/lib/python3.12/dist-packages/torch/_dynamo/convert_frame.py", line 341, in _fn
[rank4]:W0910 13:58:28.222000 2608034 torch/_dynamo/convert_frame.py:2147]     return fn(*args, **kwargs)
[rank4]:W0910 13:58:28.222000 2608034 torch/_dynamo/convert_frame.py:2147]            ^^^^^^^^^^^^^^^^^^^
[rank4]:W0910 13:58:28.222000 2608034 torch/_dynamo/convert_frame.py:2147]   File "/usr/local/lib/python3.12/dist-packages/torch/_dynamo/convert_frame.py", line 863, in trace_frame
[rank4]:W0910 13:58:28.222000 2608034 torch/_dynamo/convert_frame.py:2147]     run_tracer()
[rank4]:W0910 13:58:28.222000 2608034 torch/_dynamo/convert_frame.py:2147]   File "/usr/local/lib/python3.12/dist-packages/torch/_dynamo/convert_frame.py", line 844, in run_tracer
[rank4]:W0910 13:58:28.222000 2608034 torch/_dynamo/convert_frame.py:2147]     tracer.run()
[rank4]:W0910 13:58:28.222000 2608034 torch/_dynamo/convert_frame.py:2147]   File "/usr/local/lib/python3.12/dist-packages/torch/_dynamo/symbolic_convert.py", line 1794, in run
[rank4]:W0910 13:58:28.222000 2608034 torch/_dynamo/convert_frame.py:2147]     while self.step():
[rank4]:W0910 13:58:28.222000 2608034 torch/_dynamo/convert_frame.py:2147]           ^^^^^^^^^^^
[rank4]:W0910 13:58:28.222000 2608034 torch/_dynamo/convert_frame.py:2147]   File "/usr/local/lib/python3.12/dist-packages/torch/_dynamo/symbolic_convert.py", line 1459, in step
[rank4]:W0910 13:58:28.222000 2608034 torch/_dynamo/convert_frame.py:2147]     self.dispatch_table[inst.opcode](self, inst)
[rank4]:W0910 13:58:28.222000 2608034 torch/_dynamo/convert_frame.py:2147]   File "/usr/local/lib/python3.12/dist-packages/torch/_dynamo/symbolic_convert.py", line 999, in wrapper
[rank4]:W0910 13:58:28.222000 2608034 torch/_dynamo/convert_frame.py:2147]     return handle_graph_break(self, inst, speculation.reason)
[rank4]:W0910 13:58:28.222000 2608034 torch/_dynamo/convert_frame.py:2147]            ^^^^^^^^^^^^^^^^^^^^^^^^^^^^^^^^^^^^^^^^^^^^^^^^^^
[rank4]:W0910 13:58:28.222000 2608034 torch/_dynamo/convert_frame.py:2147]   File "/usr/local/lib/python3.12/dist-packages/torch/_dynamo/symbolic_convert.py", line 1062, in handle_graph_break
[rank4]:W0910 13:58:28.222000 2608034 torch/_dynamo/convert_frame.py:2147]     all_stack_locals_metadata = self.output.compile_subgraph(
[rank4]:W0910 13:58:28.222000 2608034 torch/_dynamo/convert_frame.py:2147]                                 ^^^^^^^^^^^^^^^^^^^^^^^^^^^^^
[rank4]:W0910 13:58:28.222000 2608034 torch/_dynamo/convert_frame.py:2147]   File "/usr/local/lib/python3.12/dist-packages/torch/_dynamo/output_graph.py", line 1889, in compile_subgraph
[rank4]:W0910 13:58:28.222000 2608034 torch/_dynamo/convert_frame.py:2147]     self.compile_and_call_fx_graph(tx, pass2.graph_output_vars(), root)
[rank4]:W0910 13:58:28.222000 2608034 torch/_dynamo/convert_frame.py:2147]   File "/usr/local/lib/python3.12/dist-packages/torch/_dynamo/output_graph.py", line 2460, in compile_and_call_fx_graph
[rank4]:W0910 13:58:28.222000 2608034 torch/_dynamo/convert_frame.py:2147]     compiled_fn = self.call_user_compiler(gm, self.example_inputs())
[rank4]:W0910 13:58:28.222000 2608034 torch/_dynamo/convert_frame.py:2147]                   ^^^^^^^^^^^^^^^^^^^^^^^^^^^^^^^^^^^^^^^^^^^^^^^^^^
[rank4]:W0910 13:58:28.222000 2608034 torch/_dynamo/convert_frame.py:2147]   File "/usr/local/lib/python3.12/dist-packages/torch/_dynamo/output_graph.py", line 2613, in call_user_compiler
[rank4]:W0910 13:58:28.222000 2608034 torch/_dynamo/convert_frame.py:2147]     return self._call_user_compiler(gm, example_inputs)
[rank4]:W0910 13:58:28.222000 2608034 torch/_dynamo/convert_frame.py:2147]            ^^^^^^^^^^^^^^^^^^^^^^^^^^^^^^^^^^^^^^^^^^^^
[rank4]:W0910 13:58:28.222000 2608034 torch/_dynamo/convert_frame.py:2147]   File "/usr/local/lib/python3.12/dist-packages/torch/_dynamo/output_graph.py", line 2664, in _call_user_compiler
[rank4]:W0910 13:58:28.222000 2608034 torch/_dynamo/convert_frame.py:2147]     compiled_fn = compiler_fn(gm, example_inputs)
[rank4]:W0910 13:58:28.222000 2608034 torch/_dynamo/convert_frame.py:2147]                   ^^^^^^^^^^^^^^^^^^^^^^^^^^^^^^^
[rank4]:W0910 13:58:28.222000 2608034 torch/_dynamo/convert_frame.py:2147]   File "/usr/local/lib/python3.12/dist-packages/torch/_dynamo/backends/distributed.py", line 616, in compile_fn
[rank4]:W0910 13:58:28.222000 2608034 torch/_dynamo/convert_frame.py:2147]     submod_compiler.run(*example_inputs)
[rank4]:W0910 13:58:28.222000 2608034 torch/_dynamo/convert_frame.py:2147]   File "/usr/local/lib/python3.12/dist-packages/torch/fx/interpreter.py", line 200, in run
[rank4]:W0910 13:58:28.222000 2608034 torch/_dynamo/convert_frame.py:2147]     self.env[node] = self.run_node(node)
[rank4]:W0910 13:58:28.222000 2608034 torch/_dynamo/convert_frame.py:2147]                      ^^^^^^^^^^^^^^^^^^^
[rank4]:W0910 13:58:28.222000 2608034 torch/_dynamo/convert_frame.py:2147]   File "/usr/local/lib/python3.12/dist-packages/torch/_dynamo/backends/distributed.py", line 327, in run_node
[rank4]:W0910 13:58:28.222000 2608034 torch/_dynamo/convert_frame.py:2147]     compiled_submod_real = self.compile_submod(real_mod, new_args, kwargs)
[rank4]:W0910 13:58:28.222000 2608034 torch/_dynamo/convert_frame.py:2147]                            ^^^^^^^^^^^^^^^^^^^^^^^^^^^^^^^^^^^^^^^^^^^^^^^
[rank4]:W0910 13:58:28.222000 2608034 torch/_dynamo/convert_frame.py:2147]   File "/usr/local/lib/python3.12/dist-packages/torch/_dynamo/backends/distributed.py", line 242, in compile_submod
[rank4]:W0910 13:58:28.222000 2608034 torch/_dynamo/convert_frame.py:2147]     self.compiler(input_mod, args),
[rank4]:W0910 13:58:28.222000 2608034 torch/_dynamo/convert_frame.py:2147]     ^^^^^^^^^^^^^^^^^^^^^^^^^^^^^^
[rank4]:W0910 13:58:28.222000 2608034 torch/_dynamo/convert_frame.py:2147]   File "/usr/local/lib/python3.12/dist-packages/torch/_dynamo/repro/after_dynamo.py", line 156, in __call__
[rank4]:W0910 13:58:28.222000 2608034 torch/_dynamo/convert_frame.py:2147]     compiled_gm = compiler_fn(gm, example_inputs)
[rank4]:W0910 13:58:28.222000 2608034 torch/_dynamo/convert_frame.py:2147]                   ^^^^^^^^^^^^^^^^^^^^^^^^^^^^^^^
[rank4]:W0910 13:58:28.222000 2608034 torch/_dynamo/convert_frame.py:2147]   File "/usr/local/lib/python3.12/dist-packages/torch/__init__.py", line 2461, in __call__
[rank4]:W0910 13:58:28.222000 2608034 torch/_dynamo/convert_frame.py:2147]     return compile_fx(model_, inputs_, config_patches=self.config)
[rank4]:W0910 13:58:28.222000 2608034 torch/_dynamo/convert_frame.py:2147]            ^^^^^^^^^^^^^^^^^^^^^^^^^^^^^^^^^^^^^^^^^^^^^^^^^^^^^^^
[rank4]:W0910 13:58:28.222000 2608034 torch/_dynamo/convert_frame.py:2147]   File "/usr/local/lib/python3.12/dist-packages/torch/_inductor/compile_fx.py", line 2578, in compile_fx
[rank4]:W0910 13:58:28.222000 2608034 torch/_dynamo/convert_frame.py:2147]     return _maybe_wrap_and_compile_fx_main(
[rank4]:W0910 13:58:28.222000 2608034 torch/_dynamo/convert_frame.py:2147]            ^^^^^^^^^^^^^^^^^^^^^^^^^^^^^^^^
[rank4]:W0910 13:58:28.222000 2608034 torch/_dynamo/convert_frame.py:2147]   File "/usr/local/lib/python3.12/dist-packages/torch/_inductor/compile_fx.py", line 2655, in _maybe_wrap_and_compile_fx_main
[rank4]:W0910 13:58:28.222000 2608034 torch/_dynamo/convert_frame.py:2147]     return _compile_fx_main(
[rank4]:W0910 13:58:28.222000 2608034 torch/_dynamo/convert_frame.py:2147]            ^^^^^^^^^^^^^^^^^
[rank4]:W0910 13:58:28.222000 2608034 torch/_dynamo/convert_frame.py:2147]   File "/usr/local/lib/python3.12/dist-packages/torch/_inductor/compile_fx.py", line 2864, in _compile_fx_main
[rank4]:W0910 13:58:28.222000 2608034 torch/_dynamo/convert_frame.py:2147]     raise e.remove_dynamo_frames() from None  # see TORCHDYNAMO_VERBOSE=1
[rank4]:W0910 13:58:28.222000 2608034 torch/_dynamo/convert_frame.py:2147]     ^^^^^^^^^^^^^^^^^^^^^^^^^^^^^^^^^^^^^^^^
[rank4]:W0910 13:58:28.222000 2608034 torch/_dynamo/convert_frame.py:2147]   File "/usr/local/lib/python3.12/dist-packages/torch/_inductor/compile_fx.py", line 1053, in _compile_fx_inner
[rank4]:W0910 13:58:28.222000 2608034 torch/_dynamo/convert_frame.py:2147]     raise InductorError(e, currentframe()).with_traceback(
[rank4]:W0910 13:58:28.222000 2608034 torch/_dynamo/convert_frame.py:2147]   File "/usr/local/lib/python3.12/dist-packages/torch/_inductor/compile_fx.py", line 1037, in _compile_fx_inner
[rank4]:W0910 13:58:28.222000 2608034 torch/_dynamo/convert_frame.py:2147]     mb_compiled_graph = fx_codegen_and_compile(
[rank4]:W0910 13:58:28.222000 2608034 torch/_dynamo/convert_frame.py:2147]                         ^^^^^^^^^^^^^^^^^^^^^^^
[rank4]:W0910 13:58:28.222000 2608034 torch/_dynamo/convert_frame.py:2147]   File "/usr/local/lib/python3.12/dist-packages/torch/_inductor/compile_fx.py", line 1798, in fx_codegen_and_compile
[rank4]:W0910 13:58:28.222000 2608034 torch/_dynamo/convert_frame.py:2147]     return scheme.codegen_and_compile(gm, example_inputs, inputs_to_check, graph_kwargs)
[rank4]:W0910 13:58:28.222000 2608034 torch/_dynamo/convert_frame.py:2147]            ^^^^^^^^^^^^^^^^^^^^^^^^^^^^^^^^^^^^^^^^^^^^^^^^^^^^^^^^^^^^^^^^^^^^^^^^^^^^^
[rank4]:W0910 13:58:28.222000 2608034 torch/_dynamo/convert_frame.py:2147]   File "/usr/local/lib/python3.12/dist-packages/torch/_inductor/compile_fx.py", line 1485, in codegen_and_compile
[rank4]:W0910 13:58:28.222000 2608034 torch/_dynamo/convert_frame.py:2147]     graph.run(*example_inputs)
[rank4]:W0910 13:58:28.222000 2608034 torch/_dynamo/convert_frame.py:2147]   File "/usr/local/lib/python3.12/dist-packages/torch/_inductor/graph.py", line 1025, in run
[rank4]:W0910 13:58:28.222000 2608034 torch/_dynamo/convert_frame.py:2147]     return super().run(*args)
[rank4]:W0910 13:58:28.222000 2608034 torch/_dynamo/convert_frame.py:2147]            ^^^^^^^^^^^^^^^^^^
[rank4]:W0910 13:58:28.222000 2608034 torch/_dynamo/convert_frame.py:2147]   File "/usr/local/lib/python3.12/dist-packages/torch/fx/interpreter.py", line 200, in run
[rank4]:W0910 13:58:28.222000 2608034 torch/_dynamo/convert_frame.py:2147]     self.env[node] = self.run_node(node)
[rank4]:W0910 13:58:28.222000 2608034 torch/_dynamo/convert_frame.py:2147]                      ^^^^^^^^^^^^^^^^^^^
[rank4]:W0910 13:58:28.222000 2608034 torch/_dynamo/convert_frame.py:2147]   File "/usr/local/lib/python3.12/dist-packages/torch/_inductor/graph.py", line 1997, in run_node
[rank4]:W0910 13:58:28.222000 2608034 torch/_dynamo/convert_frame.py:2147]     self.register_users_of(result)
[rank4]:W0910 13:58:28.222000 2608034 torch/_dynamo/convert_frame.py:2147]   File "/usr/local/lib/python3.12/dist-packages/torch/_inductor/graph.py", line 1072, in register_users_of
[rank4]:W0910 13:58:28.222000 2608034 torch/_dynamo/convert_frame.py:2147]     register(node_output)
[rank4]:W0910 13:58:28.222000 2608034 torch/_dynamo/convert_frame.py:2147]   File "/usr/local/lib/python3.12/dist-packages/torch/_inductor/graph.py", line 1069, in register
[rank4]:W0910 13:58:28.222000 2608034 torch/_dynamo/convert_frame.py:2147]     for read_name in value.get_read_names():
[rank4]:W0910 13:58:28.222000 2608034 torch/_dynamo/convert_frame.py:2147]                      ^^^^^^^^^^^^^^^^^^^^^^
[rank4]:W0910 13:58:28.222000 2608034 torch/_dynamo/convert_frame.py:2147]   File "/usr/local/lib/python3.12/dist-packages/torch/_inductor/ir.py", line 8658, in get_read_names
[rank4]:W0910 13:58:28.222000 2608034 torch/_dynamo/convert_frame.py:2147]     return self.data.get_read_names()
[rank4]:W0910 13:58:28.222000 2608034 torch/_dynamo/convert_frame.py:2147]            ^^^^^^^^^^^^^^^^^^^^^^^^^^
[rank4]:W0910 13:58:28.222000 2608034 torch/_dynamo/convert_frame.py:2147]   File "/usr/local/lib/python3.12/dist-packages/torch/_inductor/ir.py", line 8658, in get_read_names
[rank4]:W0910 13:58:28.222000 2608034 torch/_dynamo/convert_frame.py:2147]     return self.data.get_read_names()
[rank4]:W0910 13:58:28.222000 2608034 torch/_dynamo/convert_frame.py:2147]            ^^^^^^^^^^^^^^^^^^^^^^^^^^
[rank4]:W0910 13:58:28.222000 2608034 torch/_dynamo/convert_frame.py:2147]   File "/usr/local/lib/python3.12/dist-packages/torch/_inductor/ir.py", line 4766, in get_read_names
[rank4]:W0910 13:58:28.222000 2608034 torch/_dynamo/convert_frame.py:2147]     return self.data.get_read_names()
[rank4]:W0910 13:58:28.222000 2608034 torch/_dynamo/convert_frame.py:2147]            ^^^^^^^^^^^^^^^^^^^^^^^^^^
[rank4]:W0910 13:58:28.222000 2608034 torch/_dynamo/convert_frame.py:2147]   File "/usr/local/lib/python3.12/dist-packages/torch/_inductor/ir.py", line 1042, in get_read_names
[rank4]:W0910 13:58:28.222000 2608034 torch/_dynamo/convert_frame.py:2147]     return OrderedSet(self.inner_fn_opcount().read_buffers)
[rank4]:W0910 13:58:28.222000 2608034 torch/_dynamo/convert_frame.py:2147]                       ^^^^^^^^^^^^^^^^^^^^^^^
[rank4]:W0910 13:58:28.222000 2608034 torch/_dynamo/convert_frame.py:2147]   File "<string>", line 6, in inner_fn_opcount_cache_on_self
[rank4]:W0910 13:58:28.222000 2608034 torch/_dynamo/convert_frame.py:2147]   File "/usr/local/lib/python3.12/dist-packages/torch/_inductor/ir.py", line 1005, in inner_fn_opcount
[rank4]:W0910 13:58:28.222000 2608034 torch/_dynamo/convert_frame.py:2147]     self.inner_fn(*self.inner_fn_args())
[rank4]:W0910 13:58:28.222000 2608034 torch/_dynamo/convert_frame.py:2147]   File "/usr/local/lib/python3.12/dist-packages/torch/_inductor/lowering.py", line 2735, in inner_fn
[rank4]:W0910 13:58:28.222000 2608034 torch/_dynamo/convert_frame.py:2147]     _boundaries_helper(boundaries),
[rank4]:W0910 13:58:28.222000 2608034 torch/_dynamo/convert_frame.py:2147]     ^^^^^^^^^^^^^^^^^^^^^^^^^^^^^^
[rank4]:W0910 13:58:28.222000 2608034 torch/_dynamo/convert_frame.py:2147]   File "/usr/local/lib/python3.12/dist-packages/torch/_inductor/lowering.py", line 2589, in _boundaries_helper
[rank4]:W0910 13:58:28.222000 2608034 torch/_dynamo/convert_frame.py:2147]     stride = tb.get_stride()
[rank4]:W0910 13:58:28.222000 2608034 torch/_dynamo/convert_frame.py:2147]              ^^^^^^^^^^^^^^^
[rank4]:W0910 13:58:28.222000 2608034 torch/_dynamo/convert_frame.py:2147]   File "/usr/local/lib/python3.12/dist-packages/torch/_inductor/ir.py", line 8573, in get_stride
[rank4]:W0910 13:58:28.222000 2608034 torch/_dynamo/convert_frame.py:2147]     return self.data.get_stride()
[rank4]:W0910 13:58:28.222000 2608034 torch/_dynamo/convert_frame.py:2147]            ^^^^^^^^^^^^^^^^^^^^^^
[rank4]:W0910 13:58:28.222000 2608034 torch/_dynamo/convert_frame.py:2147]   File "/usr/local/lib/python3.12/dist-packages/torch/_inductor/ir.py", line 758, in get_stride
[rank4]:W0910 13:58:28.222000 2608034 torch/_dynamo/convert_frame.py:2147]     raise NotImplementedError(type(self).__name__)
[rank4]:W0910 13:58:28.222000 2608034 torch/_dynamo/convert_frame.py:2147] torch._inductor.exc.InductorError: NotImplementedError: SliceView
[rank4]:W0910 13:58:28.222000 2608034 torch/_dynamo/convert_frame.py:2147] 
[rank4]:W0910 13:58:28.222000 2608034 torch/_dynamo/convert_frame.py:2147] While executing %submod_1 : [num_users=4] = call_module[target=submod_1](args = (%l_self_modules_qg_parameters_weight_, %getitem, %getitem_1, %getitem_2, %l_cu_, %s42, %l_self_modules_rope_buffers_inv_freq_), kwargs = {})
[rank4]:W0910 13:58:28.222000 2608034 torch/_dynamo/convert_frame.py:2147] Original traceback:
[rank4]:W0910 13:58:28.222000 2608034 torch/_dynamo/convert_frame.py:2147] None
[rank4]:W0910 13:58:28.222000 2608034 torch/_dynamo/convert_frame.py:2147] Use tlparse to see full graph. (https://github.com/pytorch/tlparse?tab=readme-ov-file#tlparse-parse-structured-pt2-logs)
[rank4]:W0910 13:58:28.222000 2608034 torch/_dynamo/convert_frame.py:2147] 
[rank4]:W0910 13:58:28.222000 2608034 torch/_dynamo/convert_frame.py:2147] Set TORCHDYNAMO_VERBOSE=1 for the internal stack trace (please do this especially if you're reporting a bug to PyTorch). For even more developer context, set TORCH_LOGS="+dynamo"
[rank4]:W0910 13:58:28.222000 2608034 torch/_dynamo/convert_frame.py:2147] 
[rank4]:W0910 13:58:28.222000 2608034 torch/_dynamo/convert_frame.py:2147] Traceback (most recent call last):
[rank4]:W0910 13:58:28.222000 2608034 torch/_dynamo/convert_frame.py:2147]   File "/usr/local/lib/python3.12/dist-packages/torch/_dynamo/convert_frame.py", line 2052, in __call__
[rank4]:W0910 13:58:28.222000 2608034 torch/_dynamo/convert_frame.py:2147]     result = self._inner_convert(
[rank4]:W0910 13:58:28.222000 2608034 torch/_dynamo/convert_frame.py:2147]              ^^^^^^^^^^^^^^^^^^^^
[rank4]:W0910 13:58:28.222000 2608034 torch/_dynamo/convert_frame.py:2147]   File "/usr/local/lib/python3.12/dist-packages/torch/_dynamo/convert_frame.py", line 729, in __call__
[rank4]:W0910 13:58:28.222000 2608034 torch/_dynamo/convert_frame.py:2147]     result = _compile(
[rank4]:W0910 13:58:28.222000 2608034 torch/_dynamo/convert_frame.py:2147]              ^^^^^^^^^
[rank4]:W0910 13:58:28.222000 2608034 torch/_dynamo/convert_frame.py:2147]   File "/usr/local/lib/python3.12/dist-packages/torch/_dynamo/convert_frame.py", line 1827, in _compile
[rank4]:W0910 13:58:28.222000 2608034 torch/_dynamo/convert_frame.py:2147]     guarded_code, tracer_output = compile_inner(code, one_graph, hooks)
[rank4]:W0910 13:58:28.222000 2608034 torch/_dynamo/convert_frame.py:2147]                                   ^^^^^^^^^^^^^^^^^^^^^^^^^^^^^^^^^^^^^
[rank4]:W0910 13:58:28.222000 2608034 torch/_dynamo/convert_frame.py:2147]   File "/usr/local/lib/python3.12/dist-packages/torch/_utils_internal.py", line 96, in wrapper_function
[rank4]:W0910 13:58:28.222000 2608034 torch/_dynamo/convert_frame.py:2147]     return function(*args, **kwargs)
[rank4]:W0910 13:58:28.222000 2608034 torch/_dynamo/convert_frame.py:2147]            ^^^^^^^^^^^^^^^^^^^^^^^^^
[rank4]:W0910 13:58:28.222000 2608034 torch/_dynamo/convert_frame.py:2147]   File "/usr/local/lib/python3.12/dist-packages/torch/_dynamo/convert_frame.py", line 1500, in compile_inner
[rank4]:W0910 13:58:28.222000 2608034 torch/_dynamo/convert_frame.py:2147]     return _compile_inner(code, one_graph, hooks)
[rank4]:W0910 13:58:28.222000 2608034 torch/_dynamo/convert_frame.py:2147]            ^^^^^^^^^^^^^^^^^^^^^^^^^^^^^^^^^^^^^^
[rank4]:W0910 13:58:28.222000 2608034 torch/_dynamo/convert_frame.py:2147]   File "/usr/local/lib/python3.12/dist-packages/torch/_dynamo/convert_frame.py", line 1534, in _compile_inner
[rank4]:W0910 13:58:28.222000 2608034 torch/_dynamo/convert_frame.py:2147]     dynamo_output = compile_frame(
[rank4]:W0910 13:58:28.222000 2608034 torch/_dynamo/convert_frame.py:2147]                     ^^^^^^^^^^^^^^
[rank4]:W0910 13:58:28.222000 2608034 torch/_dynamo/convert_frame.py:2147]   File "/usr/local/lib/python3.12/dist-packages/torch/_dynamo/convert_frame.py", line 1408, in compile_frame
[rank4]:W0910 13:58:28.222000 2608034 torch/_dynamo/convert_frame.py:2147]     bytecode, tracer_output = transform_code_object(code, transform)
[rank4]:W0910 13:58:28.222000 2608034 torch/_dynamo/convert_frame.py:2147]                               ^^^^^^^^^^^^^^^^^^^^^^^^^^^^^^^^^^^^^^
[rank4]:W0910 13:58:28.222000 2608034 torch/_dynamo/convert_frame.py:2147]   File "/usr/local/lib/python3.12/dist-packages/torch/_dynamo/bytecode_transformation.py", line 1608, in transform_code_object
[rank4]:W0910 13:58:28.222000 2608034 torch/_dynamo/convert_frame.py:2147]     tracer_output = transformations(instructions, code_options)
[rank4]:W0910 13:58:28.222000 2608034 torch/_dynamo/convert_frame.py:2147]                     ^^^^^^^^^^^^^^^^^^^^^^^^^^^^^^^^^^^^^^^^^^^
[rank4]:W0910 13:58:28.222000 2608034 torch/_dynamo/convert_frame.py:2147]   File "/usr/local/lib/python3.12/dist-packages/torch/_dynamo/convert_frame.py", line 1380, in transform
[rank4]:W0910 13:58:28.222000 2608034 torch/_dynamo/convert_frame.py:2147]     tracer_output = trace_frame(
[rank4]:W0910 13:58:28.222000 2608034 torch/_dynamo/convert_frame.py:2147]                     ^^^^^^^^^^^^
[rank4]:W0910 13:58:28.222000 2608034 torch/_dynamo/convert_frame.py:2147]   File "/usr/local/lib/python3.12/dist-packages/torch/_dynamo/convert_frame.py", line 341, in _fn
[rank4]:W0910 13:58:28.222000 2608034 torch/_dynamo/convert_frame.py:2147]     return fn(*args, **kwargs)
[rank4]:W0910 13:58:28.222000 2608034 torch/_dynamo/convert_frame.py:2147]            ^^^^^^^^^^^^^^^^^^^
[rank4]:W0910 13:58:28.222000 2608034 torch/_dynamo/convert_frame.py:2147]   File "/usr/local/lib/python3.12/dist-packages/torch/_dynamo/convert_frame.py", line 863, in trace_frame
[rank4]:W0910 13:58:28.222000 2608034 torch/_dynamo/convert_frame.py:2147]     run_tracer()
[rank4]:W0910 13:58:28.222000 2608034 torch/_dynamo/convert_frame.py:2147]   File "/usr/local/lib/python3.12/dist-packages/torch/_dynamo/convert_frame.py", line 844, in run_tracer
[rank4]:W0910 13:58:28.222000 2608034 torch/_dynamo/convert_frame.py:2147]     tracer.run()
[rank4]:W0910 13:58:28.222000 2608034 torch/_dynamo/convert_frame.py:2147]   File "/usr/local/lib/python3.12/dist-packages/torch/_dynamo/symbolic_convert.py", line 1794, in run
[rank4]:W0910 13:58:28.222000 2608034 torch/_dynamo/convert_frame.py:2147]     while self.step():
[rank4]:W0910 13:58:28.222000 2608034 torch/_dynamo/convert_frame.py:2147]           ^^^^^^^^^^^
[rank4]:W0910 13:58:28.222000 2608034 torch/_dynamo/convert_frame.py:2147]   File "/usr/local/lib/python3.12/dist-packages/torch/_dynamo/symbolic_convert.py", line 1459, in step
[rank4]:W0910 13:58:28.222000 2608034 torch/_dynamo/convert_frame.py:2147]     self.dispatch_table[inst.opcode](self, inst)
[rank4]:W0910 13:58:28.222000 2608034 torch/_dynamo/convert_frame.py:2147]   File "/usr/local/lib/python3.12/dist-packages/torch/_dynamo/symbolic_convert.py", line 999, in wrapper
[rank4]:W0910 13:58:28.222000 2608034 torch/_dynamo/convert_frame.py:2147]     return handle_graph_break(self, inst, speculation.reason)
[rank4]:W0910 13:58:28.222000 2608034 torch/_dynamo/convert_frame.py:2147]            ^^^^^^^^^^^^^^^^^^^^^^^^^^^^^^^^^^^^^^^^^^^^^^^^^^
[rank4]:W0910 13:58:28.222000 2608034 torch/_dynamo/convert_frame.py:2147]   File "/usr/local/lib/python3.12/dist-packages/torch/_dynamo/symbolic_convert.py", line 1062, in handle_graph_break
[rank4]:W0910 13:58:28.222000 2608034 torch/_dynamo/convert_frame.py:2147]     all_stack_locals_metadata = self.output.compile_subgraph(
[rank4]:W0910 13:58:28.222000 2608034 torch/_dynamo/convert_frame.py:2147]                                 ^^^^^^^^^^^^^^^^^^^^^^^^^^^^^
[rank4]:W0910 13:58:28.222000 2608034 torch/_dynamo/convert_frame.py:2147]   File "/usr/local/lib/python3.12/dist-packages/torch/_dynamo/output_graph.py", line 1889, in compile_subgraph
[rank4]:W0910 13:58:28.222000 2608034 torch/_dynamo/convert_frame.py:2147]     self.compile_and_call_fx_graph(tx, pass2.graph_output_vars(), root)
[rank4]:W0910 13:58:28.222000 2608034 torch/_dynamo/convert_frame.py:2147]   File "/usr/local/lib/python3.12/dist-packages/torch/_dynamo/output_graph.py", line 2460, in compile_and_call_fx_graph
[rank4]:W0910 13:58:28.222000 2608034 torch/_dynamo/convert_frame.py:2147]     compiled_fn = self.call_user_compiler(gm, self.example_inputs())
[rank4]:W0910 13:58:28.222000 2608034 torch/_dynamo/convert_frame.py:2147]                   ^^^^^^^^^^^^^^^^^^^^^^^^^^^^^^^^^^^^^^^^^^^^^^^^^^
[rank4]:W0910 13:58:28.222000 2608034 torch/_dynamo/convert_frame.py:2147]   File "/usr/local/lib/python3.12/dist-packages/torch/_dynamo/output_graph.py", line 2613, in call_user_compiler
[rank4]:W0910 13:58:28.222000 2608034 torch/_dynamo/convert_frame.py:2147]     return self._call_user_compiler(gm, example_inputs)
[rank4]:W0910 13:58:28.222000 2608034 torch/_dynamo/convert_frame.py:2147]            ^^^^^^^^^^^^^^^^^^^^^^^^^^^^^^^^^^^^^^^^^^^^
[rank4]:W0910 13:58:28.222000 2608034 torch/_dynamo/convert_frame.py:2147]   File "/usr/local/lib/python3.12/dist-packages/torch/_dynamo/output_graph.py", line 2664, in _call_user_compiler
[rank4]:W0910 13:58:28.222000 2608034 torch/_dynamo/convert_frame.py:2147]     compiled_fn = compiler_fn(gm, example_inputs)
[rank4]:W0910 13:58:28.222000 2608034 torch/_dynamo/convert_frame.py:2147]                   ^^^^^^^^^^^^^^^^^^^^^^^^^^^^^^^
[rank4]:W0910 13:58:28.222000 2608034 torch/_dynamo/convert_frame.py:2147]   File "/usr/local/lib/python3.12/dist-packages/torch/_dynamo/backends/distributed.py", line 616, in compile_fn
[rank4]:W0910 13:58:28.222000 2608034 torch/_dynamo/convert_frame.py:2147]     submod_compiler.run(*example_inputs)
[rank4]:W0910 13:58:28.222000 2608034 torch/_dynamo/convert_frame.py:2147]   File "/usr/local/lib/python3.12/dist-packages/torch/fx/interpreter.py", line 200, in run
[rank4]:W0910 13:58:28.222000 2608034 torch/_dynamo/convert_frame.py:2147]     self.env[node] = self.run_node(node)
[rank4]:W0910 13:58:28.222000 2608034 torch/_dynamo/convert_frame.py:2147]                      ^^^^^^^^^^^^^^^^^^^
[rank4]:W0910 13:58:28.222000 2608034 torch/_dynamo/convert_frame.py:2147]   File "/usr/local/lib/python3.12/dist-packages/torch/_dynamo/backends/distributed.py", line 327, in run_node
[rank4]:W0910 13:58:28.222000 2608034 torch/_dynamo/convert_frame.py:2147]     compiled_submod_real = self.compile_submod(real_mod, new_args, kwargs)
[rank4]:W0910 13:58:28.222000 2608034 torch/_dynamo/convert_frame.py:2147]                            ^^^^^^^^^^^^^^^^^^^^^^^^^^^^^^^^^^^^^^^^^^^^^^^
[rank4]:W0910 13:58:28.222000 2608034 torch/_dynamo/convert_frame.py:2147]   File "/usr/local/lib/python3.12/dist-packages/torch/_dynamo/backends/distributed.py", line 242, in compile_submod
[rank4]:W0910 13:58:28.222000 2608034 torch/_dynamo/convert_frame.py:2147]     self.compiler(input_mod, args),
[rank4]:W0910 13:58:28.222000 2608034 torch/_dynamo/convert_frame.py:2147]     ^^^^^^^^^^^^^^^^^^^^^^^^^^^^^^
[rank4]:W0910 13:58:28.222000 2608034 torch/_dynamo/convert_frame.py:2147]   File "/usr/local/lib/python3.12/dist-packages/torch/_dynamo/repro/after_dynamo.py", line 156, in __call__
[rank4]:W0910 13:58:28.222000 2608034 torch/_dynamo/convert_frame.py:2147]     compiled_gm = compiler_fn(gm, example_inputs)
[rank4]:W0910 13:58:28.222000 2608034 torch/_dynamo/convert_frame.py:2147]                   ^^^^^^^^^^^^^^^^^^^^^^^^^^^^^^^
[rank4]:W0910 13:58:28.222000 2608034 torch/_dynamo/convert_frame.py:2147]   File "/usr/local/lib/python3.12/dist-packages/torch/__init__.py", line 2461, in __call__
[rank4]:W0910 13:58:28.222000 2608034 torch/_dynamo/convert_frame.py:2147]     return compile_fx(model_, inputs_, config_patches=self.config)
[rank4]:W0910 13:58:28.222000 2608034 torch/_dynamo/convert_frame.py:2147]            ^^^^^^^^^^^^^^^^^^^^^^^^^^^^^^^^^^^^^^^^^^^^^^^^^^^^^^^
[rank4]:W0910 13:58:28.222000 2608034 torch/_dynamo/convert_frame.py:2147]   File "/usr/local/lib/python3.12/dist-packages/torch/_inductor/compile_fx.py", line 2578, in compile_fx
[rank4]:W0910 13:58:28.222000 2608034 torch/_dynamo/convert_frame.py:2147]     return _maybe_wrap_and_compile_fx_main(
[rank4]:W0910 13:58:28.222000 2608034 torch/_dynamo/convert_frame.py:2147]            ^^^^^^^^^^^^^^^^^^^^^^^^^^^^^^^^
[rank4]:W0910 13:58:28.222000 2608034 torch/_dynamo/convert_frame.py:2147]   File "/usr/local/lib/python3.12/dist-packages/torch/_inductor/compile_fx.py", line 2655, in _maybe_wrap_and_compile_fx_main
[rank4]:W0910 13:58:28.222000 2608034 torch/_dynamo/convert_frame.py:2147]     return _compile_fx_main(
[rank4]:W0910 13:58:28.222000 2608034 torch/_dynamo/convert_frame.py:2147]            ^^^^^^^^^^^^^^^^^
[rank4]:W0910 13:58:28.222000 2608034 torch/_dynamo/convert_frame.py:2147]   File "/usr/local/lib/python3.12/dist-packages/torch/_inductor/compile_fx.py", line 2864, in _compile_fx_main
[rank4]:W0910 13:58:28.222000 2608034 torch/_dynamo/convert_frame.py:2147]     raise e.remove_dynamo_frames() from None  # see TORCHDYNAMO_VERBOSE=1
[rank4]:W0910 13:58:28.222000 2608034 torch/_dynamo/convert_frame.py:2147]     ^^^^^^^^^^^^^^^^^^^^^^^^^^^^^^^^^^^^^^^^
[rank4]:W0910 13:58:28.222000 2608034 torch/_dynamo/convert_frame.py:2147]   File "/usr/local/lib/python3.12/dist-packages/torch/_inductor/compile_fx.py", line 1053, in _compile_fx_inner
[rank4]:W0910 13:58:28.222000 2608034 torch/_dynamo/convert_frame.py:2147]     raise InductorError(e, currentframe()).with_traceback(
[rank4]:W0910 13:58:28.222000 2608034 torch/_dynamo/convert_frame.py:2147]   File "/usr/local/lib/python3.12/dist-packages/torch/_inductor/compile_fx.py", line 1037, in _compile_fx_inner
[rank4]:W0910 13:58:28.222000 2608034 torch/_dynamo/convert_frame.py:2147]     mb_compiled_graph = fx_codegen_and_compile(
[rank4]:W0910 13:58:28.222000 2608034 torch/_dynamo/convert_frame.py:2147]                         ^^^^^^^^^^^^^^^^^^^^^^^
[rank4]:W0910 13:58:28.222000 2608034 torch/_dynamo/convert_frame.py:2147]   File "/usr/local/lib/python3.12/dist-packages/torch/_inductor/compile_fx.py", line 1798, in fx_codegen_and_compile
[rank4]:W0910 13:58:28.222000 2608034 torch/_dynamo/convert_frame.py:2147]     return scheme.codegen_and_compile(gm, example_inputs, inputs_to_check, graph_kwargs)
[rank4]:W0910 13:58:28.222000 2608034 torch/_dynamo/convert_frame.py:2147]            ^^^^^^^^^^^^^^^^^^^^^^^^^^^^^^^^^^^^^^^^^^^^^^^^^^^^^^^^^^^^^^^^^^^^^^^^^^^^^
[rank4]:W0910 13:58:28.222000 2608034 torch/_dynamo/convert_frame.py:2147]   File "/usr/local/lib/python3.12/dist-packages/torch/_inductor/compile_fx.py", line 1485, in codegen_and_compile
[rank4]:W0910 13:58:28.222000 2608034 torch/_dynamo/convert_frame.py:2147]     graph.run(*example_inputs)
[rank4]:W0910 13:58:28.222000 2608034 torch/_dynamo/convert_frame.py:2147]   File "/usr/local/lib/python3.12/dist-packages/torch/_inductor/graph.py", line 1025, in run
[rank4]:W0910 13:58:28.222000 2608034 torch/_dynamo/convert_frame.py:2147]     return super().run(*args)
[rank4]:W0910 13:58:28.222000 2608034 torch/_dynamo/convert_frame.py:2147]            ^^^^^^^^^^^^^^^^^^
[rank4]:W0910 13:58:28.222000 2608034 torch/_dynamo/convert_frame.py:2147]   File "/usr/local/lib/python3.12/dist-packages/torch/fx/interpreter.py", line 200, in run
[rank4]:W0910 13:58:28.222000 2608034 torch/_dynamo/convert_frame.py:2147]     self.env[node] = self.run_node(node)
[rank4]:W0910 13:58:28.222000 2608034 torch/_dynamo/convert_frame.py:2147]                      ^^^^^^^^^^^^^^^^^^^
[rank4]:W0910 13:58:28.222000 2608034 torch/_dynamo/convert_frame.py:2147]   File "/usr/local/lib/python3.12/dist-packages/torch/_inductor/graph.py", line 1997, in run_node
[rank4]:W0910 13:58:28.222000 2608034 torch/_dynamo/convert_frame.py:2147]     self.register_users_of(result)
[rank4]:W0910 13:58:28.222000 2608034 torch/_dynamo/convert_frame.py:2147]   File "/usr/local/lib/python3.12/dist-packages/torch/_inductor/graph.py", line 1072, in register_users_of
[rank4]:W0910 13:58:28.222000 2608034 torch/_dynamo/convert_frame.py:2147]     register(node_output)
[rank4]:W0910 13:58:28.222000 2608034 torch/_dynamo/convert_frame.py:2147]   File "/usr/local/lib/python3.12/dist-packages/torch/_inductor/graph.py", line 1069, in register
[rank4]:W0910 13:58:28.222000 2608034 torch/_dynamo/convert_frame.py:2147]     for read_name in value.get_read_names():
[rank4]:W0910 13:58:28.222000 2608034 torch/_dynamo/convert_frame.py:2147]                      ^^^^^^^^^^^^^^^^^^^^^^
[rank4]:W0910 13:58:28.222000 2608034 torch/_dynamo/convert_frame.py:2147]   File "/usr/local/lib/python3.12/dist-packages/torch/_inductor/ir.py", line 8658, in get_read_names
[rank4]:W0910 13:58:28.222000 2608034 torch/_dynamo/convert_frame.py:2147]     return self.data.get_read_names()
[rank4]:W0910 13:58:28.222000 2608034 torch/_dynamo/convert_frame.py:2147]            ^^^^^^^^^^^^^^^^^^^^^^^^^^
[rank4]:W0910 13:58:28.222000 2608034 torch/_dynamo/convert_frame.py:2147]   File "/usr/local/lib/python3.12/dist-packages/torch/_inductor/ir.py", line 8658, in get_read_names
[rank4]:W0910 13:58:28.222000 2608034 torch/_dynamo/convert_frame.py:2147]     return self.data.get_read_names()
[rank4]:W0910 13:58:28.222000 2608034 torch/_dynamo/convert_frame.py:2147]            ^^^^^^^^^^^^^^^^^^^^^^^^^^
[rank4]:W0910 13:58:28.222000 2608034 torch/_dynamo/convert_frame.py:2147]   File "/usr/local/lib/python3.12/dist-packages/torch/_inductor/ir.py", line 4766, in get_read_names
[rank4]:W0910 13:58:28.222000 2608034 torch/_dynamo/convert_frame.py:2147]     return self.data.get_read_names()
[rank4]:W0910 13:58:28.222000 2608034 torch/_dynamo/convert_frame.py:2147]            ^^^^^^^^^^^^^^^^^^^^^^^^^^
[rank4]:W0910 13:58:28.222000 2608034 torch/_dynamo/convert_frame.py:2147]   File "/usr/local/lib/python3.12/dist-packages/torch/_inductor/ir.py", line 1042, in get_read_names
[rank4]:W0910 13:58:28.222000 2608034 torch/_dynamo/convert_frame.py:2147]     return OrderedSet(self.inner_fn_opcount().read_buffers)
[rank4]:W0910 13:58:28.222000 2608034 torch/_dynamo/convert_frame.py:2147]                       ^^^^^^^^^^^^^^^^^^^^^^^
[rank4]:W0910 13:58:28.222000 2608034 torch/_dynamo/convert_frame.py:2147]   File "<string>", line 6, in inner_fn_opcount_cache_on_self
[rank4]:W0910 13:58:28.222000 2608034 torch/_dynamo/convert_frame.py:2147]   File "/usr/local/lib/python3.12/dist-packages/torch/_inductor/ir.py", line 1005, in inner_fn_opcount
[rank4]:W0910 13:58:28.222000 2608034 torch/_dynamo/convert_frame.py:2147]     self.inner_fn(*self.inner_fn_args())
[rank4]:W0910 13:58:28.222000 2608034 torch/_dynamo/convert_frame.py:2147]   File "/usr/local/lib/python3.12/dist-packages/torch/_inductor/lowering.py", line 2735, in inner_fn
[rank4]:W0910 13:58:28.222000 2608034 torch/_dynamo/convert_frame.py:2147]     _boundaries_helper(boundaries),
[rank4]:W0910 13:58:28.222000 2608034 torch/_dynamo/convert_frame.py:2147]     ^^^^^^^^^^^^^^^^^^^^^^^^^^^^^^
[rank4]:W0910 13:58:28.222000 2608034 torch/_dynamo/convert_frame.py:2147]   File "/usr/local/lib/python3.12/dist-packages/torch/_inductor/lowering.py", line 2589, in _boundaries_helper
[rank4]:W0910 13:58:28.222000 2608034 torch/_dynamo/convert_frame.py:2147]     stride = tb.get_stride()
[rank4]:W0910 13:58:28.222000 2608034 torch/_dynamo/convert_frame.py:2147]              ^^^^^^^^^^^^^^^
[rank4]:W0910 13:58:28.222000 2608034 torch/_dynamo/convert_frame.py:2147]   File "/usr/local/lib/python3.12/dist-packages/torch/_inductor/ir.py", line 8573, in get_stride
[rank4]:W0910 13:58:28.222000 2608034 torch/_dynamo/convert_frame.py:2147]     return self.data.get_stride()
[rank4]:W0910 13:58:28.222000 2608034 torch/_dynamo/convert_frame.py:2147]            ^^^^^^^^^^^^^^^^^^^^^^
[rank4]:W0910 13:58:28.222000 2608034 torch/_dynamo/convert_frame.py:2147]   File "/usr/local/lib/python3.12/dist-packages/torch/_inductor/ir.py", line 758, in get_stride
[rank4]:W0910 13:58:28.222000 2608034 torch/_dynamo/convert_frame.py:2147]     raise NotImplementedError(type(self).__name__)
[rank4]:W0910 13:58:28.222000 2608034 torch/_dynamo/convert_frame.py:2147] torch._inductor.exc.InductorError: NotImplementedError: SliceView
[rank4]:W0910 13:58:28.222000 2608034 torch/_dynamo/convert_frame.py:2147] 
[rank4]:W0910 13:58:28.222000 2608034 torch/_dynamo/convert_frame.py:2147] While executing %submod_1 : [num_users=4] = call_module[target=submod_1](args = (%l_self_modules_qg_parameters_weight_, %getitem, %getitem_1, %getitem_2, %l_cu_, %s42, %l_self_modules_rope_buffers_inv_freq_), kwargs = {})
[rank4]:W0910 13:58:28.222000 2608034 torch/_dynamo/convert_frame.py:2147] Original traceback:
[rank4]:W0910 13:58:28.222000 2608034 torch/_dynamo/convert_frame.py:2147] None
[rank4]:W0910 13:58:28.222000 2608034 torch/_dynamo/convert_frame.py:2147] Use tlparse to see full graph. (https://github.com/pytorch/tlparse?tab=readme-ov-file#tlparse-parse-structured-pt2-logs)
[rank4]:W0910 13:58:28.222000 2608034 torch/_dynamo/convert_frame.py:2147] 
[rank4]:W0910 13:58:28.222000 2608034 torch/_dynamo/convert_frame.py:2147] Set TORCHDYNAMO_VERBOSE=1 for the internal stack trace (please do this especially if you're reporting a bug to PyTorch). For even more developer context, set TORCH_LOGS="+dynamo"
[rank4]:W0910 13:58:28.222000 2608034 torch/_dynamo/convert_frame.py:2147] 
[rank7]:W0910 13:58:28.259000 2608037 torch/_dynamo/convert_frame.py:2147] WON'T CONVERT forward /work/aupai/model.py line 981 
[rank7]:W0910 13:58:28.259000 2608037 torch/_dynamo/convert_frame.py:2147] due to: 
[rank7]:W0910 13:58:28.259000 2608037 torch/_dynamo/convert_frame.py:2147] Traceback (most recent call last):
[rank7]:W0910 13:58:28.259000 2608037 torch/_dynamo/convert_frame.py:2147]   File "/usr/local/lib/python3.12/dist-packages/torch/_dynamo/convert_frame.py", line 2052, in __call__
[rank7]:W0910 13:58:28.259000 2608037 torch/_dynamo/convert_frame.py:2147]     result = self._inner_convert(
[rank7]:W0910 13:58:28.259000 2608037 torch/_dynamo/convert_frame.py:2147]              ^^^^^^^^^^^^^^^^^^^^
[rank7]:W0910 13:58:28.259000 2608037 torch/_dynamo/convert_frame.py:2147]   File "/usr/local/lib/python3.12/dist-packages/torch/_dynamo/convert_frame.py", line 729, in __call__
[rank7]:W0910 13:58:28.259000 2608037 torch/_dynamo/convert_frame.py:2147]     result = _compile(
[rank7]:W0910 13:58:28.259000 2608037 torch/_dynamo/convert_frame.py:2147]              ^^^^^^^^^
[rank7]:W0910 13:58:28.259000 2608037 torch/_dynamo/convert_frame.py:2147]   File "/usr/local/lib/python3.12/dist-packages/torch/_dynamo/convert_frame.py", line 1827, in _compile
[rank7]:W0910 13:58:28.259000 2608037 torch/_dynamo/convert_frame.py:2147]     guarded_code, tracer_output = compile_inner(code, one_graph, hooks)
[rank7]:W0910 13:58:28.259000 2608037 torch/_dynamo/convert_frame.py:2147]                                   ^^^^^^^^^^^^^^^^^^^^^^^^^^^^^^^^^^^^^
[rank7]:W0910 13:58:28.259000 2608037 torch/_dynamo/convert_frame.py:2147]   File "/usr/local/lib/python3.12/dist-packages/torch/_utils_internal.py", line 96, in wrapper_function
[rank7]:W0910 13:58:28.259000 2608037 torch/_dynamo/convert_frame.py:2147]     return function(*args, **kwargs)
[rank7]:W0910 13:58:28.259000 2608037 torch/_dynamo/convert_frame.py:2147]            ^^^^^^^^^^^^^^^^^^^^^^^^^
[rank7]:W0910 13:58:28.259000 2608037 torch/_dynamo/convert_frame.py:2147]   File "/usr/local/lib/python3.12/dist-packages/torch/_dynamo/convert_frame.py", line 1500, in compile_inner
[rank7]:W0910 13:58:28.259000 2608037 torch/_dynamo/convert_frame.py:2147]     return _compile_inner(code, one_graph, hooks)
[rank7]:W0910 13:58:28.259000 2608037 torch/_dynamo/convert_frame.py:2147]            ^^^^^^^^^^^^^^^^^^^^^^^^^^^^^^^^^^^^^^
[rank7]:W0910 13:58:28.259000 2608037 torch/_dynamo/convert_frame.py:2147]   File "/usr/local/lib/python3.12/dist-packages/torch/_dynamo/convert_frame.py", line 1534, in _compile_inner
[rank7]:W0910 13:58:28.259000 2608037 torch/_dynamo/convert_frame.py:2147]     dynamo_output = compile_frame(
[rank7]:W0910 13:58:28.259000 2608037 torch/_dynamo/convert_frame.py:2147]                     ^^^^^^^^^^^^^^
[rank7]:W0910 13:58:28.259000 2608037 torch/_dynamo/convert_frame.py:2147]   File "/usr/local/lib/python3.12/dist-packages/torch/_dynamo/convert_frame.py", line 1408, in compile_frame
[rank7]:W0910 13:58:28.259000 2608037 torch/_dynamo/convert_frame.py:2147]     bytecode, tracer_output = transform_code_object(code, transform)
[rank7]:W0910 13:58:28.259000 2608037 torch/_dynamo/convert_frame.py:2147]                               ^^^^^^^^^^^^^^^^^^^^^^^^^^^^^^^^^^^^^^
[rank7]:W0910 13:58:28.259000 2608037 torch/_dynamo/convert_frame.py:2147]   File "/usr/local/lib/python3.12/dist-packages/torch/_dynamo/bytecode_transformation.py", line 1608, in transform_code_object
[rank7]:W0910 13:58:28.259000 2608037 torch/_dynamo/convert_frame.py:2147]     tracer_output = transformations(instructions, code_options)
[rank7]:W0910 13:58:28.259000 2608037 torch/_dynamo/convert_frame.py:2147]                     ^^^^^^^^^^^^^^^^^^^^^^^^^^^^^^^^^^^^^^^^^^^
[rank7]:W0910 13:58:28.259000 2608037 torch/_dynamo/convert_frame.py:2147]   File "/usr/local/lib/python3.12/dist-packages/torch/_dynamo/convert_frame.py", line 1380, in transform
[rank7]:W0910 13:58:28.259000 2608037 torch/_dynamo/convert_frame.py:2147]     tracer_output = trace_frame(
[rank7]:W0910 13:58:28.259000 2608037 torch/_dynamo/convert_frame.py:2147]                     ^^^^^^^^^^^^
[rank7]:W0910 13:58:28.259000 2608037 torch/_dynamo/convert_frame.py:2147]   File "/usr/local/lib/python3.12/dist-packages/torch/_dynamo/convert_frame.py", line 341, in _fn
[rank7]:W0910 13:58:28.259000 2608037 torch/_dynamo/convert_frame.py:2147]     return fn(*args, **kwargs)
[rank7]:W0910 13:58:28.259000 2608037 torch/_dynamo/convert_frame.py:2147]            ^^^^^^^^^^^^^^^^^^^
[rank7]:W0910 13:58:28.259000 2608037 torch/_dynamo/convert_frame.py:2147]   File "/usr/local/lib/python3.12/dist-packages/torch/_dynamo/convert_frame.py", line 863, in trace_frame
[rank7]:W0910 13:58:28.259000 2608037 torch/_dynamo/convert_frame.py:2147]     run_tracer()
[rank7]:W0910 13:58:28.259000 2608037 torch/_dynamo/convert_frame.py:2147]   File "/usr/local/lib/python3.12/dist-packages/torch/_dynamo/convert_frame.py", line 844, in run_tracer
[rank7]:W0910 13:58:28.259000 2608037 torch/_dynamo/convert_frame.py:2147]     tracer.run()
[rank7]:W0910 13:58:28.259000 2608037 torch/_dynamo/convert_frame.py:2147]   File "/usr/local/lib/python3.12/dist-packages/torch/_dynamo/symbolic_convert.py", line 1794, in run
[rank7]:W0910 13:58:28.259000 2608037 torch/_dynamo/convert_frame.py:2147]     while self.step():
[rank7]:W0910 13:58:28.259000 2608037 torch/_dynamo/convert_frame.py:2147]           ^^^^^^^^^^^
[rank7]:W0910 13:58:28.259000 2608037 torch/_dynamo/convert_frame.py:2147]   File "/usr/local/lib/python3.12/dist-packages/torch/_dynamo/symbolic_convert.py", line 1459, in step
[rank7]:W0910 13:58:28.259000 2608037 torch/_dynamo/convert_frame.py:2147]     self.dispatch_table[inst.opcode](self, inst)
[rank7]:W0910 13:58:28.259000 2608037 torch/_dynamo/convert_frame.py:2147]   File "/usr/local/lib/python3.12/dist-packages/torch/_dynamo/symbolic_convert.py", line 999, in wrapper
[rank7]:W0910 13:58:28.259000 2608037 torch/_dynamo/convert_frame.py:2147]     return handle_graph_break(self, inst, speculation.reason)
[rank7]:W0910 13:58:28.259000 2608037 torch/_dynamo/convert_frame.py:2147]            ^^^^^^^^^^^^^^^^^^^^^^^^^^^^^^^^^^^^^^^^^^^^^^^^^^
[rank7]:W0910 13:58:28.259000 2608037 torch/_dynamo/convert_frame.py:2147]   File "/usr/local/lib/python3.12/dist-packages/torch/_dynamo/symbolic_convert.py", line 1062, in handle_graph_break
[rank7]:W0910 13:58:28.259000 2608037 torch/_dynamo/convert_frame.py:2147]     all_stack_locals_metadata = self.output.compile_subgraph(
[rank7]:W0910 13:58:28.259000 2608037 torch/_dynamo/convert_frame.py:2147]                                 ^^^^^^^^^^^^^^^^^^^^^^^^^^^^^
[rank7]:W0910 13:58:28.259000 2608037 torch/_dynamo/convert_frame.py:2147]   File "/usr/local/lib/python3.12/dist-packages/torch/_dynamo/output_graph.py", line 1889, in compile_subgraph
[rank7]:W0910 13:58:28.259000 2608037 torch/_dynamo/convert_frame.py:2147]     self.compile_and_call_fx_graph(tx, pass2.graph_output_vars(), root)
[rank7]:W0910 13:58:28.259000 2608037 torch/_dynamo/convert_frame.py:2147]   File "/usr/local/lib/python3.12/dist-packages/torch/_dynamo/output_graph.py", line 2460, in compile_and_call_fx_graph
[rank7]:W0910 13:58:28.259000 2608037 torch/_dynamo/convert_frame.py:2147]     compiled_fn = self.call_user_compiler(gm, self.example_inputs())
[rank7]:W0910 13:58:28.259000 2608037 torch/_dynamo/convert_frame.py:2147]                   ^^^^^^^^^^^^^^^^^^^^^^^^^^^^^^^^^^^^^^^^^^^^^^^^^^
[rank7]:W0910 13:58:28.259000 2608037 torch/_dynamo/convert_frame.py:2147]   File "/usr/local/lib/python3.12/dist-packages/torch/_dynamo/output_graph.py", line 2613, in call_user_compiler
[rank7]:W0910 13:58:28.259000 2608037 torch/_dynamo/convert_frame.py:2147]     return self._call_user_compiler(gm, example_inputs)
[rank7]:W0910 13:58:28.259000 2608037 torch/_dynamo/convert_frame.py:2147]            ^^^^^^^^^^^^^^^^^^^^^^^^^^^^^^^^^^^^^^^^^^^^
[rank7]:W0910 13:58:28.259000 2608037 torch/_dynamo/convert_frame.py:2147]   File "/usr/local/lib/python3.12/dist-packages/torch/_dynamo/output_graph.py", line 2664, in _call_user_compiler
[rank7]:W0910 13:58:28.259000 2608037 torch/_dynamo/convert_frame.py:2147]     compiled_fn = compiler_fn(gm, example_inputs)
[rank7]:W0910 13:58:28.259000 2608037 torch/_dynamo/convert_frame.py:2147]                   ^^^^^^^^^^^^^^^^^^^^^^^^^^^^^^^
[rank7]:W0910 13:58:28.259000 2608037 torch/_dynamo/convert_frame.py:2147]   File "/usr/local/lib/python3.12/dist-packages/torch/_dynamo/backends/distributed.py", line 616, in compile_fn
[rank7]:W0910 13:58:28.259000 2608037 torch/_dynamo/convert_frame.py:2147]     submod_compiler.run(*example_inputs)
[rank7]:W0910 13:58:28.259000 2608037 torch/_dynamo/convert_frame.py:2147]   File "/usr/local/lib/python3.12/dist-packages/torch/fx/interpreter.py", line 200, in run
[rank7]:W0910 13:58:28.259000 2608037 torch/_dynamo/convert_frame.py:2147]     self.env[node] = self.run_node(node)
[rank7]:W0910 13:58:28.259000 2608037 torch/_dynamo/convert_frame.py:2147]                      ^^^^^^^^^^^^^^^^^^^
[rank7]:W0910 13:58:28.259000 2608037 torch/_dynamo/convert_frame.py:2147]   File "/usr/local/lib/python3.12/dist-packages/torch/_dynamo/backends/distributed.py", line 327, in run_node
[rank7]:W0910 13:58:28.259000 2608037 torch/_dynamo/convert_frame.py:2147]     compiled_submod_real = self.compile_submod(real_mod, new_args, kwargs)
[rank7]:W0910 13:58:28.259000 2608037 torch/_dynamo/convert_frame.py:2147]                            ^^^^^^^^^^^^^^^^^^^^^^^^^^^^^^^^^^^^^^^^^^^^^^^
[rank7]:W0910 13:58:28.259000 2608037 torch/_dynamo/convert_frame.py:2147]   File "/usr/local/lib/python3.12/dist-packages/torch/_dynamo/backends/distributed.py", line 242, in compile_submod
[rank7]:W0910 13:58:28.259000 2608037 torch/_dynamo/convert_frame.py:2147]     self.compiler(input_mod, args),
[rank7]:W0910 13:58:28.259000 2608037 torch/_dynamo/convert_frame.py:2147]     ^^^^^^^^^^^^^^^^^^^^^^^^^^^^^^
[rank7]:W0910 13:58:28.259000 2608037 torch/_dynamo/convert_frame.py:2147]   File "/usr/local/lib/python3.12/dist-packages/torch/_dynamo/repro/after_dynamo.py", line 156, in __call__
[rank7]:W0910 13:58:28.259000 2608037 torch/_dynamo/convert_frame.py:2147]     compiled_gm = compiler_fn(gm, example_inputs)
[rank7]:W0910 13:58:28.259000 2608037 torch/_dynamo/convert_frame.py:2147]                   ^^^^^^^^^^^^^^^^^^^^^^^^^^^^^^^
[rank7]:W0910 13:58:28.259000 2608037 torch/_dynamo/convert_frame.py:2147]   File "/usr/local/lib/python3.12/dist-packages/torch/__init__.py", line 2461, in __call__
[rank7]:W0910 13:58:28.259000 2608037 torch/_dynamo/convert_frame.py:2147]     return compile_fx(model_, inputs_, config_patches=self.config)
[rank7]:W0910 13:58:28.259000 2608037 torch/_dynamo/convert_frame.py:2147]            ^^^^^^^^^^^^^^^^^^^^^^^^^^^^^^^^^^^^^^^^^^^^^^^^^^^^^^^
[rank7]:W0910 13:58:28.259000 2608037 torch/_dynamo/convert_frame.py:2147]   File "/usr/local/lib/python3.12/dist-packages/torch/_inductor/compile_fx.py", line 2578, in compile_fx
[rank7]:W0910 13:58:28.259000 2608037 torch/_dynamo/convert_frame.py:2147]     return _maybe_wrap_and_compile_fx_main(
[rank7]:W0910 13:58:28.259000 2608037 torch/_dynamo/convert_frame.py:2147]            ^^^^^^^^^^^^^^^^^^^^^^^^^^^^^^^^
[rank7]:W0910 13:58:28.259000 2608037 torch/_dynamo/convert_frame.py:2147]   File "/usr/local/lib/python3.12/dist-packages/torch/_inductor/compile_fx.py", line 2655, in _maybe_wrap_and_compile_fx_main
[rank7]:W0910 13:58:28.259000 2608037 torch/_dynamo/convert_frame.py:2147]     return _compile_fx_main(
[rank7]:W0910 13:58:28.259000 2608037 torch/_dynamo/convert_frame.py:2147]            ^^^^^^^^^^^^^^^^^
[rank7]:W0910 13:58:28.259000 2608037 torch/_dynamo/convert_frame.py:2147]   File "/usr/local/lib/python3.12/dist-packages/torch/_inductor/compile_fx.py", line 2864, in _compile_fx_main
[rank7]:W0910 13:58:28.259000 2608037 torch/_dynamo/convert_frame.py:2147]     raise e.remove_dynamo_frames() from None  # see TORCHDYNAMO_VERBOSE=1
[rank7]:W0910 13:58:28.259000 2608037 torch/_dynamo/convert_frame.py:2147]     ^^^^^^^^^^^^^^^^^^^^^^^^^^^^^^^^^^^^^^^^
[rank7]:W0910 13:58:28.259000 2608037 torch/_dynamo/convert_frame.py:2147]   File "/usr/local/lib/python3.12/dist-packages/torch/_inductor/compile_fx.py", line 1053, in _compile_fx_inner
[rank7]:W0910 13:58:28.259000 2608037 torch/_dynamo/convert_frame.py:2147]     raise InductorError(e, currentframe()).with_traceback(
[rank7]:W0910 13:58:28.259000 2608037 torch/_dynamo/convert_frame.py:2147]   File "/usr/local/lib/python3.12/dist-packages/torch/_inductor/compile_fx.py", line 1037, in _compile_fx_inner
[rank7]:W0910 13:58:28.259000 2608037 torch/_dynamo/convert_frame.py:2147]     mb_compiled_graph = fx_codegen_and_compile(
[rank7]:W0910 13:58:28.259000 2608037 torch/_dynamo/convert_frame.py:2147]                         ^^^^^^^^^^^^^^^^^^^^^^^
[rank7]:W0910 13:58:28.259000 2608037 torch/_dynamo/convert_frame.py:2147]   File "/usr/local/lib/python3.12/dist-packages/torch/_inductor/compile_fx.py", line 1798, in fx_codegen_and_compile
[rank7]:W0910 13:58:28.259000 2608037 torch/_dynamo/convert_frame.py:2147]     return scheme.codegen_and_compile(gm, example_inputs, inputs_to_check, graph_kwargs)
[rank7]:W0910 13:58:28.259000 2608037 torch/_dynamo/convert_frame.py:2147]            ^^^^^^^^^^^^^^^^^^^^^^^^^^^^^^^^^^^^^^^^^^^^^^^^^^^^^^^^^^^^^^^^^^^^^^^^^^^^^
[rank7]:W0910 13:58:28.259000 2608037 torch/_dynamo/convert_frame.py:2147]   File "/usr/local/lib/python3.12/dist-packages/torch/_inductor/compile_fx.py", line 1485, in codegen_and_compile
[rank7]:W0910 13:58:28.259000 2608037 torch/_dynamo/convert_frame.py:2147]     graph.run(*example_inputs)
[rank7]:W0910 13:58:28.259000 2608037 torch/_dynamo/convert_frame.py:2147]   File "/usr/local/lib/python3.12/dist-packages/torch/_inductor/graph.py", line 1025, in run
[rank7]:W0910 13:58:28.259000 2608037 torch/_dynamo/convert_frame.py:2147]     return super().run(*args)
[rank7]:W0910 13:58:28.259000 2608037 torch/_dynamo/convert_frame.py:2147]            ^^^^^^^^^^^^^^^^^^
[rank7]:W0910 13:58:28.259000 2608037 torch/_dynamo/convert_frame.py:2147]   File "/usr/local/lib/python3.12/dist-packages/torch/fx/interpreter.py", line 200, in run
[rank7]:W0910 13:58:28.259000 2608037 torch/_dynamo/convert_frame.py:2147]     self.env[node] = self.run_node(node)
[rank7]:W0910 13:58:28.259000 2608037 torch/_dynamo/convert_frame.py:2147]                      ^^^^^^^^^^^^^^^^^^^
[rank7]:W0910 13:58:28.259000 2608037 torch/_dynamo/convert_frame.py:2147]   File "/usr/local/lib/python3.12/dist-packages/torch/_inductor/graph.py", line 1997, in run_node
[rank7]:W0910 13:58:28.259000 2608037 torch/_dynamo/convert_frame.py:2147]     self.register_users_of(result)
[rank7]:W0910 13:58:28.259000 2608037 torch/_dynamo/convert_frame.py:2147]   File "/usr/local/lib/python3.12/dist-packages/torch/_inductor/graph.py", line 1072, in register_users_of
[rank7]:W0910 13:58:28.259000 2608037 torch/_dynamo/convert_frame.py:2147]     register(node_output)
[rank7]:W0910 13:58:28.259000 2608037 torch/_dynamo/convert_frame.py:2147]   File "/usr/local/lib/python3.12/dist-packages/torch/_inductor/graph.py", line 1069, in register
[rank7]:W0910 13:58:28.259000 2608037 torch/_dynamo/convert_frame.py:2147]     for read_name in value.get_read_names():
[rank7]:W0910 13:58:28.259000 2608037 torch/_dynamo/convert_frame.py:2147]                      ^^^^^^^^^^^^^^^^^^^^^^
[rank7]:W0910 13:58:28.259000 2608037 torch/_dynamo/convert_frame.py:2147]   File "/usr/local/lib/python3.12/dist-packages/torch/_inductor/ir.py", line 8658, in get_read_names
[rank7]:W0910 13:58:28.259000 2608037 torch/_dynamo/convert_frame.py:2147]     return self.data.get_read_names()
[rank7]:W0910 13:58:28.259000 2608037 torch/_dynamo/convert_frame.py:2147]            ^^^^^^^^^^^^^^^^^^^^^^^^^^
[rank7]:W0910 13:58:28.259000 2608037 torch/_dynamo/convert_frame.py:2147]   File "/usr/local/lib/python3.12/dist-packages/torch/_inductor/ir.py", line 8658, in get_read_names
[rank7]:W0910 13:58:28.259000 2608037 torch/_dynamo/convert_frame.py:2147]     return self.data.get_read_names()
[rank7]:W0910 13:58:28.259000 2608037 torch/_dynamo/convert_frame.py:2147]            ^^^^^^^^^^^^^^^^^^^^^^^^^^
[rank7]:W0910 13:58:28.259000 2608037 torch/_dynamo/convert_frame.py:2147]   File "/usr/local/lib/python3.12/dist-packages/torch/_inductor/ir.py", line 4766, in get_read_names
[rank7]:W0910 13:58:28.259000 2608037 torch/_dynamo/convert_frame.py:2147]     return self.data.get_read_names()
[rank7]:W0910 13:58:28.259000 2608037 torch/_dynamo/convert_frame.py:2147]            ^^^^^^^^^^^^^^^^^^^^^^^^^^
[rank7]:W0910 13:58:28.259000 2608037 torch/_dynamo/convert_frame.py:2147]   File "/usr/local/lib/python3.12/dist-packages/torch/_inductor/ir.py", line 1042, in get_read_names
[rank7]:W0910 13:58:28.259000 2608037 torch/_dynamo/convert_frame.py:2147]     return OrderedSet(self.inner_fn_opcount().read_buffers)
[rank7]:W0910 13:58:28.259000 2608037 torch/_dynamo/convert_frame.py:2147]                       ^^^^^^^^^^^^^^^^^^^^^^^
[rank7]:W0910 13:58:28.259000 2608037 torch/_dynamo/convert_frame.py:2147]   File "<string>", line 6, in inner_fn_opcount_cache_on_self
[rank7]:W0910 13:58:28.259000 2608037 torch/_dynamo/convert_frame.py:2147]   File "/usr/local/lib/python3.12/dist-packages/torch/_inductor/ir.py", line 1005, in inner_fn_opcount
[rank7]:W0910 13:58:28.259000 2608037 torch/_dynamo/convert_frame.py:2147]     self.inner_fn(*self.inner_fn_args())
[rank7]:W0910 13:58:28.259000 2608037 torch/_dynamo/convert_frame.py:2147]   File "/usr/local/lib/python3.12/dist-packages/torch/_inductor/lowering.py", line 2735, in inner_fn
[rank7]:W0910 13:58:28.259000 2608037 torch/_dynamo/convert_frame.py:2147]     _boundaries_helper(boundaries),
[rank7]:W0910 13:58:28.259000 2608037 torch/_dynamo/convert_frame.py:2147]     ^^^^^^^^^^^^^^^^^^^^^^^^^^^^^^
[rank7]:W0910 13:58:28.259000 2608037 torch/_dynamo/convert_frame.py:2147]   File "/usr/local/lib/python3.12/dist-packages/torch/_inductor/lowering.py", line 2589, in _boundaries_helper
[rank7]:W0910 13:58:28.259000 2608037 torch/_dynamo/convert_frame.py:2147]     stride = tb.get_stride()
[rank7]:W0910 13:58:28.259000 2608037 torch/_dynamo/convert_frame.py:2147]              ^^^^^^^^^^^^^^^
[rank7]:W0910 13:58:28.259000 2608037 torch/_dynamo/convert_frame.py:2147]   File "/usr/local/lib/python3.12/dist-packages/torch/_inductor/ir.py", line 8573, in get_stride
[rank7]:W0910 13:58:28.259000 2608037 torch/_dynamo/convert_frame.py:2147]     return self.data.get_stride()
[rank7]:W0910 13:58:28.259000 2608037 torch/_dynamo/convert_frame.py:2147]            ^^^^^^^^^^^^^^^^^^^^^^
[rank7]:W0910 13:58:28.259000 2608037 torch/_dynamo/convert_frame.py:2147]   File "/usr/local/lib/python3.12/dist-packages/torch/_inductor/ir.py", line 758, in get_stride
[rank7]:W0910 13:58:28.259000 2608037 torch/_dynamo/convert_frame.py:2147]     raise NotImplementedError(type(self).__name__)
[rank7]:W0910 13:58:28.259000 2608037 torch/_dynamo/convert_frame.py:2147] torch._inductor.exc.InductorError: NotImplementedError: SliceView
[rank7]:W0910 13:58:28.259000 2608037 torch/_dynamo/convert_frame.py:2147] 
[rank7]:W0910 13:58:28.259000 2608037 torch/_dynamo/convert_frame.py:2147] While executing %submod_1 : [num_users=4] = call_module[target=submod_1](args = (%l_self_modules_qg_parameters_weight_, %getitem, %getitem_1, %getitem_2, %l_cu_, %s42, %l_self_modules_rope_buffers_inv_freq_), kwargs = {})
[rank7]:W0910 13:58:28.259000 2608037 torch/_dynamo/convert_frame.py:2147] Original traceback:
[rank7]:W0910 13:58:28.259000 2608037 torch/_dynamo/convert_frame.py:2147] None
[rank7]:W0910 13:58:28.259000 2608037 torch/_dynamo/convert_frame.py:2147] Use tlparse to see full graph. (https://github.com/pytorch/tlparse?tab=readme-ov-file#tlparse-parse-structured-pt2-logs)
[rank7]:W0910 13:58:28.259000 2608037 torch/_dynamo/convert_frame.py:2147] 
[rank7]:W0910 13:58:28.259000 2608037 torch/_dynamo/convert_frame.py:2147] Set TORCHDYNAMO_VERBOSE=1 for the internal stack trace (please do this especially if you're reporting a bug to PyTorch). For even more developer context, set TORCH_LOGS="+dynamo"
[rank7]:W0910 13:58:28.259000 2608037 torch/_dynamo/convert_frame.py:2147] 
[rank7]:W0910 13:58:28.259000 2608037 torch/_dynamo/convert_frame.py:2147] Traceback (most recent call last):
[rank7]:W0910 13:58:28.259000 2608037 torch/_dynamo/convert_frame.py:2147]   File "/usr/local/lib/python3.12/dist-packages/torch/_dynamo/convert_frame.py", line 2052, in __call__
[rank7]:W0910 13:58:28.259000 2608037 torch/_dynamo/convert_frame.py:2147]     result = self._inner_convert(
[rank7]:W0910 13:58:28.259000 2608037 torch/_dynamo/convert_frame.py:2147]              ^^^^^^^^^^^^^^^^^^^^
[rank7]:W0910 13:58:28.259000 2608037 torch/_dynamo/convert_frame.py:2147]   File "/usr/local/lib/python3.12/dist-packages/torch/_dynamo/convert_frame.py", line 729, in __call__
[rank7]:W0910 13:58:28.259000 2608037 torch/_dynamo/convert_frame.py:2147]     result = _compile(
[rank7]:W0910 13:58:28.259000 2608037 torch/_dynamo/convert_frame.py:2147]              ^^^^^^^^^
[rank7]:W0910 13:58:28.259000 2608037 torch/_dynamo/convert_frame.py:2147]   File "/usr/local/lib/python3.12/dist-packages/torch/_dynamo/convert_frame.py", line 1827, in _compile
[rank7]:W0910 13:58:28.259000 2608037 torch/_dynamo/convert_frame.py:2147]     guarded_code, tracer_output = compile_inner(code, one_graph, hooks)
[rank7]:W0910 13:58:28.259000 2608037 torch/_dynamo/convert_frame.py:2147]                                   ^^^^^^^^^^^^^^^^^^^^^^^^^^^^^^^^^^^^^
[rank7]:W0910 13:58:28.259000 2608037 torch/_dynamo/convert_frame.py:2147]   File "/usr/local/lib/python3.12/dist-packages/torch/_utils_internal.py", line 96, in wrapper_function
[rank7]:W0910 13:58:28.259000 2608037 torch/_dynamo/convert_frame.py:2147]     return function(*args, **kwargs)
[rank7]:W0910 13:58:28.259000 2608037 torch/_dynamo/convert_frame.py:2147]            ^^^^^^^^^^^^^^^^^^^^^^^^^
[rank7]:W0910 13:58:28.259000 2608037 torch/_dynamo/convert_frame.py:2147]   File "/usr/local/lib/python3.12/dist-packages/torch/_dynamo/convert_frame.py", line 1500, in compile_inner
[rank7]:W0910 13:58:28.259000 2608037 torch/_dynamo/convert_frame.py:2147]     return _compile_inner(code, one_graph, hooks)
[rank7]:W0910 13:58:28.259000 2608037 torch/_dynamo/convert_frame.py:2147]            ^^^^^^^^^^^^^^^^^^^^^^^^^^^^^^^^^^^^^^
[rank7]:W0910 13:58:28.259000 2608037 torch/_dynamo/convert_frame.py:2147]   File "/usr/local/lib/python3.12/dist-packages/torch/_dynamo/convert_frame.py", line 1534, in _compile_inner
[rank7]:W0910 13:58:28.259000 2608037 torch/_dynamo/convert_frame.py:2147]     dynamo_output = compile_frame(
[rank7]:W0910 13:58:28.259000 2608037 torch/_dynamo/convert_frame.py:2147]                     ^^^^^^^^^^^^^^
[rank7]:W0910 13:58:28.259000 2608037 torch/_dynamo/convert_frame.py:2147]   File "/usr/local/lib/python3.12/dist-packages/torch/_dynamo/convert_frame.py", line 1408, in compile_frame
[rank7]:W0910 13:58:28.259000 2608037 torch/_dynamo/convert_frame.py:2147]     bytecode, tracer_output = transform_code_object(code, transform)
[rank7]:W0910 13:58:28.259000 2608037 torch/_dynamo/convert_frame.py:2147]                               ^^^^^^^^^^^^^^^^^^^^^^^^^^^^^^^^^^^^^^
[rank7]:W0910 13:58:28.259000 2608037 torch/_dynamo/convert_frame.py:2147]   File "/usr/local/lib/python3.12/dist-packages/torch/_dynamo/bytecode_transformation.py", line 1608, in transform_code_object
[rank7]:W0910 13:58:28.259000 2608037 torch/_dynamo/convert_frame.py:2147]     tracer_output = transformations(instructions, code_options)
[rank7]:W0910 13:58:28.259000 2608037 torch/_dynamo/convert_frame.py:2147]                     ^^^^^^^^^^^^^^^^^^^^^^^^^^^^^^^^^^^^^^^^^^^
[rank7]:W0910 13:58:28.259000 2608037 torch/_dynamo/convert_frame.py:2147]   File "/usr/local/lib/python3.12/dist-packages/torch/_dynamo/convert_frame.py", line 1380, in transform
[rank7]:W0910 13:58:28.259000 2608037 torch/_dynamo/convert_frame.py:2147]     tracer_output = trace_frame(
[rank7]:W0910 13:58:28.259000 2608037 torch/_dynamo/convert_frame.py:2147]                     ^^^^^^^^^^^^
[rank7]:W0910 13:58:28.259000 2608037 torch/_dynamo/convert_frame.py:2147]   File "/usr/local/lib/python3.12/dist-packages/torch/_dynamo/convert_frame.py", line 341, in _fn
[rank7]:W0910 13:58:28.259000 2608037 torch/_dynamo/convert_frame.py:2147]     return fn(*args, **kwargs)
[rank7]:W0910 13:58:28.259000 2608037 torch/_dynamo/convert_frame.py:2147]            ^^^^^^^^^^^^^^^^^^^
[rank7]:W0910 13:58:28.259000 2608037 torch/_dynamo/convert_frame.py:2147]   File "/usr/local/lib/python3.12/dist-packages/torch/_dynamo/convert_frame.py", line 863, in trace_frame
[rank7]:W0910 13:58:28.259000 2608037 torch/_dynamo/convert_frame.py:2147]     run_tracer()
[rank7]:W0910 13:58:28.259000 2608037 torch/_dynamo/convert_frame.py:2147]   File "/usr/local/lib/python3.12/dist-packages/torch/_dynamo/convert_frame.py", line 844, in run_tracer
[rank7]:W0910 13:58:28.259000 2608037 torch/_dynamo/convert_frame.py:2147]     tracer.run()
[rank7]:W0910 13:58:28.259000 2608037 torch/_dynamo/convert_frame.py:2147]   File "/usr/local/lib/python3.12/dist-packages/torch/_dynamo/symbolic_convert.py", line 1794, in run
[rank7]:W0910 13:58:28.259000 2608037 torch/_dynamo/convert_frame.py:2147]     while self.step():
[rank7]:W0910 13:58:28.259000 2608037 torch/_dynamo/convert_frame.py:2147]           ^^^^^^^^^^^
[rank7]:W0910 13:58:28.259000 2608037 torch/_dynamo/convert_frame.py:2147]   File "/usr/local/lib/python3.12/dist-packages/torch/_dynamo/symbolic_convert.py", line 1459, in step
[rank7]:W0910 13:58:28.259000 2608037 torch/_dynamo/convert_frame.py:2147]     self.dispatch_table[inst.opcode](self, inst)
[rank7]:W0910 13:58:28.259000 2608037 torch/_dynamo/convert_frame.py:2147]   File "/usr/local/lib/python3.12/dist-packages/torch/_dynamo/symbolic_convert.py", line 999, in wrapper
[rank7]:W0910 13:58:28.259000 2608037 torch/_dynamo/convert_frame.py:2147]     return handle_graph_break(self, inst, speculation.reason)
[rank7]:W0910 13:58:28.259000 2608037 torch/_dynamo/convert_frame.py:2147]            ^^^^^^^^^^^^^^^^^^^^^^^^^^^^^^^^^^^^^^^^^^^^^^^^^^
[rank7]:W0910 13:58:28.259000 2608037 torch/_dynamo/convert_frame.py:2147]   File "/usr/local/lib/python3.12/dist-packages/torch/_dynamo/symbolic_convert.py", line 1062, in handle_graph_break
[rank7]:W0910 13:58:28.259000 2608037 torch/_dynamo/convert_frame.py:2147]     all_stack_locals_metadata = self.output.compile_subgraph(
[rank7]:W0910 13:58:28.259000 2608037 torch/_dynamo/convert_frame.py:2147]                                 ^^^^^^^^^^^^^^^^^^^^^^^^^^^^^
[rank7]:W0910 13:58:28.259000 2608037 torch/_dynamo/convert_frame.py:2147]   File "/usr/local/lib/python3.12/dist-packages/torch/_dynamo/output_graph.py", line 1889, in compile_subgraph
[rank7]:W0910 13:58:28.259000 2608037 torch/_dynamo/convert_frame.py:2147]     self.compile_and_call_fx_graph(tx, pass2.graph_output_vars(), root)
[rank7]:W0910 13:58:28.259000 2608037 torch/_dynamo/convert_frame.py:2147]   File "/usr/local/lib/python3.12/dist-packages/torch/_dynamo/output_graph.py", line 2460, in compile_and_call_fx_graph
[rank7]:W0910 13:58:28.259000 2608037 torch/_dynamo/convert_frame.py:2147]     compiled_fn = self.call_user_compiler(gm, self.example_inputs())
[rank7]:W0910 13:58:28.259000 2608037 torch/_dynamo/convert_frame.py:2147]                   ^^^^^^^^^^^^^^^^^^^^^^^^^^^^^^^^^^^^^^^^^^^^^^^^^^
[rank7]:W0910 13:58:28.259000 2608037 torch/_dynamo/convert_frame.py:2147]   File "/usr/local/lib/python3.12/dist-packages/torch/_dynamo/output_graph.py", line 2613, in call_user_compiler
[rank7]:W0910 13:58:28.259000 2608037 torch/_dynamo/convert_frame.py:2147]     return self._call_user_compiler(gm, example_inputs)
[rank7]:W0910 13:58:28.259000 2608037 torch/_dynamo/convert_frame.py:2147]            ^^^^^^^^^^^^^^^^^^^^^^^^^^^^^^^^^^^^^^^^^^^^
[rank7]:W0910 13:58:28.259000 2608037 torch/_dynamo/convert_frame.py:2147]   File "/usr/local/lib/python3.12/dist-packages/torch/_dynamo/output_graph.py", line 2664, in _call_user_compiler
[rank7]:W0910 13:58:28.259000 2608037 torch/_dynamo/convert_frame.py:2147]     compiled_fn = compiler_fn(gm, example_inputs)
[rank7]:W0910 13:58:28.259000 2608037 torch/_dynamo/convert_frame.py:2147]                   ^^^^^^^^^^^^^^^^^^^^^^^^^^^^^^^
[rank7]:W0910 13:58:28.259000 2608037 torch/_dynamo/convert_frame.py:2147]   File "/usr/local/lib/python3.12/dist-packages/torch/_dynamo/backends/distributed.py", line 616, in compile_fn
[rank7]:W0910 13:58:28.259000 2608037 torch/_dynamo/convert_frame.py:2147]     submod_compiler.run(*example_inputs)
[rank7]:W0910 13:58:28.259000 2608037 torch/_dynamo/convert_frame.py:2147]   File "/usr/local/lib/python3.12/dist-packages/torch/fx/interpreter.py", line 200, in run
[rank7]:W0910 13:58:28.259000 2608037 torch/_dynamo/convert_frame.py:2147]     self.env[node] = self.run_node(node)
[rank7]:W0910 13:58:28.259000 2608037 torch/_dynamo/convert_frame.py:2147]                      ^^^^^^^^^^^^^^^^^^^
[rank7]:W0910 13:58:28.259000 2608037 torch/_dynamo/convert_frame.py:2147]   File "/usr/local/lib/python3.12/dist-packages/torch/_dynamo/backends/distributed.py", line 327, in run_node
[rank7]:W0910 13:58:28.259000 2608037 torch/_dynamo/convert_frame.py:2147]     compiled_submod_real = self.compile_submod(real_mod, new_args, kwargs)
[rank7]:W0910 13:58:28.259000 2608037 torch/_dynamo/convert_frame.py:2147]                            ^^^^^^^^^^^^^^^^^^^^^^^^^^^^^^^^^^^^^^^^^^^^^^^
[rank7]:W0910 13:58:28.259000 2608037 torch/_dynamo/convert_frame.py:2147]   File "/usr/local/lib/python3.12/dist-packages/torch/_dynamo/backends/distributed.py", line 242, in compile_submod
[rank7]:W0910 13:58:28.259000 2608037 torch/_dynamo/convert_frame.py:2147]     self.compiler(input_mod, args),
[rank7]:W0910 13:58:28.259000 2608037 torch/_dynamo/convert_frame.py:2147]     ^^^^^^^^^^^^^^^^^^^^^^^^^^^^^^
[rank7]:W0910 13:58:28.259000 2608037 torch/_dynamo/convert_frame.py:2147]   File "/usr/local/lib/python3.12/dist-packages/torch/_dynamo/repro/after_dynamo.py", line 156, in __call__
[rank7]:W0910 13:58:28.259000 2608037 torch/_dynamo/convert_frame.py:2147]     compiled_gm = compiler_fn(gm, example_inputs)
[rank7]:W0910 13:58:28.259000 2608037 torch/_dynamo/convert_frame.py:2147]                   ^^^^^^^^^^^^^^^^^^^^^^^^^^^^^^^
[rank7]:W0910 13:58:28.259000 2608037 torch/_dynamo/convert_frame.py:2147]   File "/usr/local/lib/python3.12/dist-packages/torch/__init__.py", line 2461, in __call__
[rank7]:W0910 13:58:28.259000 2608037 torch/_dynamo/convert_frame.py:2147]     return compile_fx(model_, inputs_, config_patches=self.config)
[rank7]:W0910 13:58:28.259000 2608037 torch/_dynamo/convert_frame.py:2147]            ^^^^^^^^^^^^^^^^^^^^^^^^^^^^^^^^^^^^^^^^^^^^^^^^^^^^^^^
[rank7]:W0910 13:58:28.259000 2608037 torch/_dynamo/convert_frame.py:2147]   File "/usr/local/lib/python3.12/dist-packages/torch/_inductor/compile_fx.py", line 2578, in compile_fx
[rank7]:W0910 13:58:28.259000 2608037 torch/_dynamo/convert_frame.py:2147]     return _maybe_wrap_and_compile_fx_main(
[rank7]:W0910 13:58:28.259000 2608037 torch/_dynamo/convert_frame.py:2147]            ^^^^^^^^^^^^^^^^^^^^^^^^^^^^^^^^
[rank7]:W0910 13:58:28.259000 2608037 torch/_dynamo/convert_frame.py:2147]   File "/usr/local/lib/python3.12/dist-packages/torch/_inductor/compile_fx.py", line 2655, in _maybe_wrap_and_compile_fx_main
[rank7]:W0910 13:58:28.259000 2608037 torch/_dynamo/convert_frame.py:2147]     return _compile_fx_main(
[rank7]:W0910 13:58:28.259000 2608037 torch/_dynamo/convert_frame.py:2147]            ^^^^^^^^^^^^^^^^^
[rank7]:W0910 13:58:28.259000 2608037 torch/_dynamo/convert_frame.py:2147]   File "/usr/local/lib/python3.12/dist-packages/torch/_inductor/compile_fx.py", line 2864, in _compile_fx_main
[rank7]:W0910 13:58:28.259000 2608037 torch/_dynamo/convert_frame.py:2147]     raise e.remove_dynamo_frames() from None  # see TORCHDYNAMO_VERBOSE=1
[rank7]:W0910 13:58:28.259000 2608037 torch/_dynamo/convert_frame.py:2147]     ^^^^^^^^^^^^^^^^^^^^^^^^^^^^^^^^^^^^^^^^
[rank7]:W0910 13:58:28.259000 2608037 torch/_dynamo/convert_frame.py:2147]   File "/usr/local/lib/python3.12/dist-packages/torch/_inductor/compile_fx.py", line 1053, in _compile_fx_inner
[rank7]:W0910 13:58:28.259000 2608037 torch/_dynamo/convert_frame.py:2147]     raise InductorError(e, currentframe()).with_traceback(
[rank7]:W0910 13:58:28.259000 2608037 torch/_dynamo/convert_frame.py:2147]   File "/usr/local/lib/python3.12/dist-packages/torch/_inductor/compile_fx.py", line 1037, in _compile_fx_inner
[rank7]:W0910 13:58:28.259000 2608037 torch/_dynamo/convert_frame.py:2147]     mb_compiled_graph = fx_codegen_and_compile(
[rank7]:W0910 13:58:28.259000 2608037 torch/_dynamo/convert_frame.py:2147]                         ^^^^^^^^^^^^^^^^^^^^^^^
[rank7]:W0910 13:58:28.259000 2608037 torch/_dynamo/convert_frame.py:2147]   File "/usr/local/lib/python3.12/dist-packages/torch/_inductor/compile_fx.py", line 1798, in fx_codegen_and_compile
[rank7]:W0910 13:58:28.259000 2608037 torch/_dynamo/convert_frame.py:2147]     return scheme.codegen_and_compile(gm, example_inputs, inputs_to_check, graph_kwargs)
[rank7]:W0910 13:58:28.259000 2608037 torch/_dynamo/convert_frame.py:2147]            ^^^^^^^^^^^^^^^^^^^^^^^^^^^^^^^^^^^^^^^^^^^^^^^^^^^^^^^^^^^^^^^^^^^^^^^^^^^^^
[rank7]:W0910 13:58:28.259000 2608037 torch/_dynamo/convert_frame.py:2147]   File "/usr/local/lib/python3.12/dist-packages/torch/_inductor/compile_fx.py", line 1485, in codegen_and_compile
[rank7]:W0910 13:58:28.259000 2608037 torch/_dynamo/convert_frame.py:2147]     graph.run(*example_inputs)
[rank7]:W0910 13:58:28.259000 2608037 torch/_dynamo/convert_frame.py:2147]   File "/usr/local/lib/python3.12/dist-packages/torch/_inductor/graph.py", line 1025, in run
[rank7]:W0910 13:58:28.259000 2608037 torch/_dynamo/convert_frame.py:2147]     return super().run(*args)
[rank7]:W0910 13:58:28.259000 2608037 torch/_dynamo/convert_frame.py:2147]            ^^^^^^^^^^^^^^^^^^
[rank7]:W0910 13:58:28.259000 2608037 torch/_dynamo/convert_frame.py:2147]   File "/usr/local/lib/python3.12/dist-packages/torch/fx/interpreter.py", line 200, in run
[rank7]:W0910 13:58:28.259000 2608037 torch/_dynamo/convert_frame.py:2147]     self.env[node] = self.run_node(node)
[rank7]:W0910 13:58:28.259000 2608037 torch/_dynamo/convert_frame.py:2147]                      ^^^^^^^^^^^^^^^^^^^
[rank7]:W0910 13:58:28.259000 2608037 torch/_dynamo/convert_frame.py:2147]   File "/usr/local/lib/python3.12/dist-packages/torch/_inductor/graph.py", line 1997, in run_node
[rank7]:W0910 13:58:28.259000 2608037 torch/_dynamo/convert_frame.py:2147]     self.register_users_of(result)
[rank7]:W0910 13:58:28.259000 2608037 torch/_dynamo/convert_frame.py:2147]   File "/usr/local/lib/python3.12/dist-packages/torch/_inductor/graph.py", line 1072, in register_users_of
[rank7]:W0910 13:58:28.259000 2608037 torch/_dynamo/convert_frame.py:2147]     register(node_output)
[rank7]:W0910 13:58:28.259000 2608037 torch/_dynamo/convert_frame.py:2147]   File "/usr/local/lib/python3.12/dist-packages/torch/_inductor/graph.py", line 1069, in register
[rank7]:W0910 13:58:28.259000 2608037 torch/_dynamo/convert_frame.py:2147]     for read_name in value.get_read_names():
[rank7]:W0910 13:58:28.259000 2608037 torch/_dynamo/convert_frame.py:2147]                      ^^^^^^^^^^^^^^^^^^^^^^
[rank7]:W0910 13:58:28.259000 2608037 torch/_dynamo/convert_frame.py:2147]   File "/usr/local/lib/python3.12/dist-packages/torch/_inductor/ir.py", line 8658, in get_read_names
[rank7]:W0910 13:58:28.259000 2608037 torch/_dynamo/convert_frame.py:2147]     return self.data.get_read_names()
[rank7]:W0910 13:58:28.259000 2608037 torch/_dynamo/convert_frame.py:2147]            ^^^^^^^^^^^^^^^^^^^^^^^^^^
[rank7]:W0910 13:58:28.259000 2608037 torch/_dynamo/convert_frame.py:2147]   File "/usr/local/lib/python3.12/dist-packages/torch/_inductor/ir.py", line 8658, in get_read_names
[rank7]:W0910 13:58:28.259000 2608037 torch/_dynamo/convert_frame.py:2147]     return self.data.get_read_names()
[rank7]:W0910 13:58:28.259000 2608037 torch/_dynamo/convert_frame.py:2147]            ^^^^^^^^^^^^^^^^^^^^^^^^^^
[rank7]:W0910 13:58:28.259000 2608037 torch/_dynamo/convert_frame.py:2147]   File "/usr/local/lib/python3.12/dist-packages/torch/_inductor/ir.py", line 4766, in get_read_names
[rank7]:W0910 13:58:28.259000 2608037 torch/_dynamo/convert_frame.py:2147]     return self.data.get_read_names()
[rank7]:W0910 13:58:28.259000 2608037 torch/_dynamo/convert_frame.py:2147]            ^^^^^^^^^^^^^^^^^^^^^^^^^^
[rank7]:W0910 13:58:28.259000 2608037 torch/_dynamo/convert_frame.py:2147]   File "/usr/local/lib/python3.12/dist-packages/torch/_inductor/ir.py", line 1042, in get_read_names
[rank7]:W0910 13:58:28.259000 2608037 torch/_dynamo/convert_frame.py:2147]     return OrderedSet(self.inner_fn_opcount().read_buffers)
[rank7]:W0910 13:58:28.259000 2608037 torch/_dynamo/convert_frame.py:2147]                       ^^^^^^^^^^^^^^^^^^^^^^^
[rank7]:W0910 13:58:28.259000 2608037 torch/_dynamo/convert_frame.py:2147]   File "<string>", line 6, in inner_fn_opcount_cache_on_self
[rank7]:W0910 13:58:28.259000 2608037 torch/_dynamo/convert_frame.py:2147]   File "/usr/local/lib/python3.12/dist-packages/torch/_inductor/ir.py", line 1005, in inner_fn_opcount
[rank7]:W0910 13:58:28.259000 2608037 torch/_dynamo/convert_frame.py:2147]     self.inner_fn(*self.inner_fn_args())
[rank7]:W0910 13:58:28.259000 2608037 torch/_dynamo/convert_frame.py:2147]   File "/usr/local/lib/python3.12/dist-packages/torch/_inductor/lowering.py", line 2735, in inner_fn
[rank7]:W0910 13:58:28.259000 2608037 torch/_dynamo/convert_frame.py:2147]     _boundaries_helper(boundaries),
[rank7]:W0910 13:58:28.259000 2608037 torch/_dynamo/convert_frame.py:2147]     ^^^^^^^^^^^^^^^^^^^^^^^^^^^^^^
[rank7]:W0910 13:58:28.259000 2608037 torch/_dynamo/convert_frame.py:2147]   File "/usr/local/lib/python3.12/dist-packages/torch/_inductor/lowering.py", line 2589, in _boundaries_helper
[rank7]:W0910 13:58:28.259000 2608037 torch/_dynamo/convert_frame.py:2147]     stride = tb.get_stride()
[rank7]:W0910 13:58:28.259000 2608037 torch/_dynamo/convert_frame.py:2147]              ^^^^^^^^^^^^^^^
[rank7]:W0910 13:58:28.259000 2608037 torch/_dynamo/convert_frame.py:2147]   File "/usr/local/lib/python3.12/dist-packages/torch/_inductor/ir.py", line 8573, in get_stride
[rank7]:W0910 13:58:28.259000 2608037 torch/_dynamo/convert_frame.py:2147]     return self.data.get_stride()
[rank7]:W0910 13:58:28.259000 2608037 torch/_dynamo/convert_frame.py:2147]            ^^^^^^^^^^^^^^^^^^^^^^
[rank7]:W0910 13:58:28.259000 2608037 torch/_dynamo/convert_frame.py:2147]   File "/usr/local/lib/python3.12/dist-packages/torch/_inductor/ir.py", line 758, in get_stride
[rank7]:W0910 13:58:28.259000 2608037 torch/_dynamo/convert_frame.py:2147]     raise NotImplementedError(type(self).__name__)
[rank7]:W0910 13:58:28.259000 2608037 torch/_dynamo/convert_frame.py:2147] torch._inductor.exc.InductorError: NotImplementedError: SliceView
[rank7]:W0910 13:58:28.259000 2608037 torch/_dynamo/convert_frame.py:2147] 
[rank7]:W0910 13:58:28.259000 2608037 torch/_dynamo/convert_frame.py:2147] While executing %submod_1 : [num_users=4] = call_module[target=submod_1](args = (%l_self_modules_qg_parameters_weight_, %getitem, %getitem_1, %getitem_2, %l_cu_, %s42, %l_self_modules_rope_buffers_inv_freq_), kwargs = {})
[rank7]:W0910 13:58:28.259000 2608037 torch/_dynamo/convert_frame.py:2147] Original traceback:
[rank7]:W0910 13:58:28.259000 2608037 torch/_dynamo/convert_frame.py:2147] None
[rank7]:W0910 13:58:28.259000 2608037 torch/_dynamo/convert_frame.py:2147] Use tlparse to see full graph. (https://github.com/pytorch/tlparse?tab=readme-ov-file#tlparse-parse-structured-pt2-logs)
[rank7]:W0910 13:58:28.259000 2608037 torch/_dynamo/convert_frame.py:2147] 
[rank7]:W0910 13:58:28.259000 2608037 torch/_dynamo/convert_frame.py:2147] Set TORCHDYNAMO_VERBOSE=1 for the internal stack trace (please do this especially if you're reporting a bug to PyTorch). For even more developer context, set TORCH_LOGS="+dynamo"
[rank7]:W0910 13:58:28.259000 2608037 torch/_dynamo/convert_frame.py:2147] 
[rank0]:W0910 13:58:28.278000 2608030 torch/_dynamo/convert_frame.py:2147] WON'T CONVERT forward /work/aupai/model.py line 981 
[rank0]:W0910 13:58:28.278000 2608030 torch/_dynamo/convert_frame.py:2147] due to: 
[rank0]:W0910 13:58:28.278000 2608030 torch/_dynamo/convert_frame.py:2147] Traceback (most recent call last):
[rank0]:W0910 13:58:28.278000 2608030 torch/_dynamo/convert_frame.py:2147]   File "/usr/local/lib/python3.12/dist-packages/torch/_dynamo/convert_frame.py", line 2052, in __call__
[rank0]:W0910 13:58:28.278000 2608030 torch/_dynamo/convert_frame.py:2147]     result = self._inner_convert(
[rank0]:W0910 13:58:28.278000 2608030 torch/_dynamo/convert_frame.py:2147]              ^^^^^^^^^^^^^^^^^^^^
[rank0]:W0910 13:58:28.278000 2608030 torch/_dynamo/convert_frame.py:2147]   File "/usr/local/lib/python3.12/dist-packages/torch/_dynamo/convert_frame.py", line 729, in __call__
[rank0]:W0910 13:58:28.278000 2608030 torch/_dynamo/convert_frame.py:2147]     result = _compile(
[rank0]:W0910 13:58:28.278000 2608030 torch/_dynamo/convert_frame.py:2147]              ^^^^^^^^^
[rank0]:W0910 13:58:28.278000 2608030 torch/_dynamo/convert_frame.py:2147]   File "/usr/local/lib/python3.12/dist-packages/torch/_dynamo/convert_frame.py", line 1827, in _compile
[rank0]:W0910 13:58:28.278000 2608030 torch/_dynamo/convert_frame.py:2147]     guarded_code, tracer_output = compile_inner(code, one_graph, hooks)
[rank0]:W0910 13:58:28.278000 2608030 torch/_dynamo/convert_frame.py:2147]                                   ^^^^^^^^^^^^^^^^^^^^^^^^^^^^^^^^^^^^^
[rank0]:W0910 13:58:28.278000 2608030 torch/_dynamo/convert_frame.py:2147]   File "/usr/local/lib/python3.12/dist-packages/torch/_utils_internal.py", line 96, in wrapper_function
[rank0]:W0910 13:58:28.278000 2608030 torch/_dynamo/convert_frame.py:2147]     return function(*args, **kwargs)
[rank0]:W0910 13:58:28.278000 2608030 torch/_dynamo/convert_frame.py:2147]            ^^^^^^^^^^^^^^^^^^^^^^^^^
[rank0]:W0910 13:58:28.278000 2608030 torch/_dynamo/convert_frame.py:2147]   File "/usr/local/lib/python3.12/dist-packages/torch/_dynamo/convert_frame.py", line 1500, in compile_inner
[rank0]:W0910 13:58:28.278000 2608030 torch/_dynamo/convert_frame.py:2147]     return _compile_inner(code, one_graph, hooks)
[rank0]:W0910 13:58:28.278000 2608030 torch/_dynamo/convert_frame.py:2147]            ^^^^^^^^^^^^^^^^^^^^^^^^^^^^^^^^^^^^^^
[rank0]:W0910 13:58:28.278000 2608030 torch/_dynamo/convert_frame.py:2147]   File "/usr/local/lib/python3.12/dist-packages/torch/_dynamo/convert_frame.py", line 1534, in _compile_inner
[rank0]:W0910 13:58:28.278000 2608030 torch/_dynamo/convert_frame.py:2147]     dynamo_output = compile_frame(
[rank0]:W0910 13:58:28.278000 2608030 torch/_dynamo/convert_frame.py:2147]                     ^^^^^^^^^^^^^^
[rank0]:W0910 13:58:28.278000 2608030 torch/_dynamo/convert_frame.py:2147]   File "/usr/local/lib/python3.12/dist-packages/torch/_dynamo/convert_frame.py", line 1408, in compile_frame
[rank0]:W0910 13:58:28.278000 2608030 torch/_dynamo/convert_frame.py:2147]     bytecode, tracer_output = transform_code_object(code, transform)
[rank0]:W0910 13:58:28.278000 2608030 torch/_dynamo/convert_frame.py:2147]                               ^^^^^^^^^^^^^^^^^^^^^^^^^^^^^^^^^^^^^^
[rank0]:W0910 13:58:28.278000 2608030 torch/_dynamo/convert_frame.py:2147]   File "/usr/local/lib/python3.12/dist-packages/torch/_dynamo/bytecode_transformation.py", line 1608, in transform_code_object
[rank0]:W0910 13:58:28.278000 2608030 torch/_dynamo/convert_frame.py:2147]     tracer_output = transformations(instructions, code_options)
[rank0]:W0910 13:58:28.278000 2608030 torch/_dynamo/convert_frame.py:2147]                     ^^^^^^^^^^^^^^^^^^^^^^^^^^^^^^^^^^^^^^^^^^^
[rank0]:W0910 13:58:28.278000 2608030 torch/_dynamo/convert_frame.py:2147]   File "/usr/local/lib/python3.12/dist-packages/torch/_dynamo/convert_frame.py", line 1380, in transform
[rank0]:W0910 13:58:28.278000 2608030 torch/_dynamo/convert_frame.py:2147]     tracer_output = trace_frame(
[rank0]:W0910 13:58:28.278000 2608030 torch/_dynamo/convert_frame.py:2147]                     ^^^^^^^^^^^^
[rank0]:W0910 13:58:28.278000 2608030 torch/_dynamo/convert_frame.py:2147]   File "/usr/local/lib/python3.12/dist-packages/torch/_dynamo/convert_frame.py", line 341, in _fn
[rank0]:W0910 13:58:28.278000 2608030 torch/_dynamo/convert_frame.py:2147]     return fn(*args, **kwargs)
[rank0]:W0910 13:58:28.278000 2608030 torch/_dynamo/convert_frame.py:2147]            ^^^^^^^^^^^^^^^^^^^
[rank0]:W0910 13:58:28.278000 2608030 torch/_dynamo/convert_frame.py:2147]   File "/usr/local/lib/python3.12/dist-packages/torch/_dynamo/convert_frame.py", line 863, in trace_frame
[rank0]:W0910 13:58:28.278000 2608030 torch/_dynamo/convert_frame.py:2147]     run_tracer()
[rank0]:W0910 13:58:28.278000 2608030 torch/_dynamo/convert_frame.py:2147]   File "/usr/local/lib/python3.12/dist-packages/torch/_dynamo/convert_frame.py", line 844, in run_tracer
[rank0]:W0910 13:58:28.278000 2608030 torch/_dynamo/convert_frame.py:2147]     tracer.run()
[rank0]:W0910 13:58:28.278000 2608030 torch/_dynamo/convert_frame.py:2147]   File "/usr/local/lib/python3.12/dist-packages/torch/_dynamo/symbolic_convert.py", line 1794, in run
[rank0]:W0910 13:58:28.278000 2608030 torch/_dynamo/convert_frame.py:2147]     while self.step():
[rank0]:W0910 13:58:28.278000 2608030 torch/_dynamo/convert_frame.py:2147]           ^^^^^^^^^^^
[rank0]:W0910 13:58:28.278000 2608030 torch/_dynamo/convert_frame.py:2147]   File "/usr/local/lib/python3.12/dist-packages/torch/_dynamo/symbolic_convert.py", line 1459, in step
[rank0]:W0910 13:58:28.278000 2608030 torch/_dynamo/convert_frame.py:2147]     self.dispatch_table[inst.opcode](self, inst)
[rank0]:W0910 13:58:28.278000 2608030 torch/_dynamo/convert_frame.py:2147]   File "/usr/local/lib/python3.12/dist-packages/torch/_dynamo/symbolic_convert.py", line 999, in wrapper
[rank0]:W0910 13:58:28.278000 2608030 torch/_dynamo/convert_frame.py:2147]     return handle_graph_break(self, inst, speculation.reason)
[rank0]:W0910 13:58:28.278000 2608030 torch/_dynamo/convert_frame.py:2147]            ^^^^^^^^^^^^^^^^^^^^^^^^^^^^^^^^^^^^^^^^^^^^^^^^^^
[rank0]:W0910 13:58:28.278000 2608030 torch/_dynamo/convert_frame.py:2147]   File "/usr/local/lib/python3.12/dist-packages/torch/_dynamo/symbolic_convert.py", line 1062, in handle_graph_break
[rank0]:W0910 13:58:28.278000 2608030 torch/_dynamo/convert_frame.py:2147]     all_stack_locals_metadata = self.output.compile_subgraph(
[rank0]:W0910 13:58:28.278000 2608030 torch/_dynamo/convert_frame.py:2147]                                 ^^^^^^^^^^^^^^^^^^^^^^^^^^^^^
[rank0]:W0910 13:58:28.278000 2608030 torch/_dynamo/convert_frame.py:2147]   File "/usr/local/lib/python3.12/dist-packages/torch/_dynamo/output_graph.py", line 1889, in compile_subgraph
[rank0]:W0910 13:58:28.278000 2608030 torch/_dynamo/convert_frame.py:2147]     self.compile_and_call_fx_graph(tx, pass2.graph_output_vars(), root)
[rank0]:W0910 13:58:28.278000 2608030 torch/_dynamo/convert_frame.py:2147]   File "/usr/local/lib/python3.12/dist-packages/torch/_dynamo/output_graph.py", line 2460, in compile_and_call_fx_graph
[rank0]:W0910 13:58:28.278000 2608030 torch/_dynamo/convert_frame.py:2147]     compiled_fn = self.call_user_compiler(gm, self.example_inputs())
[rank0]:W0910 13:58:28.278000 2608030 torch/_dynamo/convert_frame.py:2147]                   ^^^^^^^^^^^^^^^^^^^^^^^^^^^^^^^^^^^^^^^^^^^^^^^^^^
[rank0]:W0910 13:58:28.278000 2608030 torch/_dynamo/convert_frame.py:2147]   File "/usr/local/lib/python3.12/dist-packages/torch/_dynamo/output_graph.py", line 2613, in call_user_compiler
[rank0]:W0910 13:58:28.278000 2608030 torch/_dynamo/convert_frame.py:2147]     return self._call_user_compiler(gm, example_inputs)
[rank0]:W0910 13:58:28.278000 2608030 torch/_dynamo/convert_frame.py:2147]            ^^^^^^^^^^^^^^^^^^^^^^^^^^^^^^^^^^^^^^^^^^^^
[rank0]:W0910 13:58:28.278000 2608030 torch/_dynamo/convert_frame.py:2147]   File "/usr/local/lib/python3.12/dist-packages/torch/_dynamo/output_graph.py", line 2664, in _call_user_compiler
[rank0]:W0910 13:58:28.278000 2608030 torch/_dynamo/convert_frame.py:2147]     compiled_fn = compiler_fn(gm, example_inputs)
[rank0]:W0910 13:58:28.278000 2608030 torch/_dynamo/convert_frame.py:2147]                   ^^^^^^^^^^^^^^^^^^^^^^^^^^^^^^^
[rank0]:W0910 13:58:28.278000 2608030 torch/_dynamo/convert_frame.py:2147]   File "/usr/local/lib/python3.12/dist-packages/torch/_dynamo/backends/distributed.py", line 616, in compile_fn
[rank0]:W0910 13:58:28.278000 2608030 torch/_dynamo/convert_frame.py:2147]     submod_compiler.run(*example_inputs)
[rank0]:W0910 13:58:28.278000 2608030 torch/_dynamo/convert_frame.py:2147]   File "/usr/local/lib/python3.12/dist-packages/torch/fx/interpreter.py", line 200, in run
[rank0]:W0910 13:58:28.278000 2608030 torch/_dynamo/convert_frame.py:2147]     self.env[node] = self.run_node(node)
[rank0]:W0910 13:58:28.278000 2608030 torch/_dynamo/convert_frame.py:2147]                      ^^^^^^^^^^^^^^^^^^^
[rank0]:W0910 13:58:28.278000 2608030 torch/_dynamo/convert_frame.py:2147]   File "/usr/local/lib/python3.12/dist-packages/torch/_dynamo/backends/distributed.py", line 327, in run_node
[rank0]:W0910 13:58:28.278000 2608030 torch/_dynamo/convert_frame.py:2147]     compiled_submod_real = self.compile_submod(real_mod, new_args, kwargs)
[rank0]:W0910 13:58:28.278000 2608030 torch/_dynamo/convert_frame.py:2147]                            ^^^^^^^^^^^^^^^^^^^^^^^^^^^^^^^^^^^^^^^^^^^^^^^
[rank0]:W0910 13:58:28.278000 2608030 torch/_dynamo/convert_frame.py:2147]   File "/usr/local/lib/python3.12/dist-packages/torch/_dynamo/backends/distributed.py", line 242, in compile_submod
[rank0]:W0910 13:58:28.278000 2608030 torch/_dynamo/convert_frame.py:2147]     self.compiler(input_mod, args),
[rank0]:W0910 13:58:28.278000 2608030 torch/_dynamo/convert_frame.py:2147]     ^^^^^^^^^^^^^^^^^^^^^^^^^^^^^^
[rank0]:W0910 13:58:28.278000 2608030 torch/_dynamo/convert_frame.py:2147]   File "/usr/local/lib/python3.12/dist-packages/torch/_dynamo/repro/after_dynamo.py", line 156, in __call__
[rank0]:W0910 13:58:28.278000 2608030 torch/_dynamo/convert_frame.py:2147]     compiled_gm = compiler_fn(gm, example_inputs)
[rank0]:W0910 13:58:28.278000 2608030 torch/_dynamo/convert_frame.py:2147]                   ^^^^^^^^^^^^^^^^^^^^^^^^^^^^^^^
[rank0]:W0910 13:58:28.278000 2608030 torch/_dynamo/convert_frame.py:2147]   File "/usr/local/lib/python3.12/dist-packages/torch/__init__.py", line 2461, in __call__
[rank0]:W0910 13:58:28.278000 2608030 torch/_dynamo/convert_frame.py:2147]     return compile_fx(model_, inputs_, config_patches=self.config)
[rank0]:W0910 13:58:28.278000 2608030 torch/_dynamo/convert_frame.py:2147]            ^^^^^^^^^^^^^^^^^^^^^^^^^^^^^^^^^^^^^^^^^^^^^^^^^^^^^^^
[rank0]:W0910 13:58:28.278000 2608030 torch/_dynamo/convert_frame.py:2147]   File "/usr/local/lib/python3.12/dist-packages/torch/_inductor/compile_fx.py", line 2578, in compile_fx
[rank0]:W0910 13:58:28.278000 2608030 torch/_dynamo/convert_frame.py:2147]     return _maybe_wrap_and_compile_fx_main(
[rank0]:W0910 13:58:28.278000 2608030 torch/_dynamo/convert_frame.py:2147]            ^^^^^^^^^^^^^^^^^^^^^^^^^^^^^^^^
[rank0]:W0910 13:58:28.278000 2608030 torch/_dynamo/convert_frame.py:2147]   File "/usr/local/lib/python3.12/dist-packages/torch/_inductor/compile_fx.py", line 2655, in _maybe_wrap_and_compile_fx_main
[rank0]:W0910 13:58:28.278000 2608030 torch/_dynamo/convert_frame.py:2147]     return _compile_fx_main(
[rank0]:W0910 13:58:28.278000 2608030 torch/_dynamo/convert_frame.py:2147]            ^^^^^^^^^^^^^^^^^
[rank0]:W0910 13:58:28.278000 2608030 torch/_dynamo/convert_frame.py:2147]   File "/usr/local/lib/python3.12/dist-packages/torch/_inductor/compile_fx.py", line 2864, in _compile_fx_main
[rank0]:W0910 13:58:28.278000 2608030 torch/_dynamo/convert_frame.py:2147]     raise e.remove_dynamo_frames() from None  # see TORCHDYNAMO_VERBOSE=1
[rank0]:W0910 13:58:28.278000 2608030 torch/_dynamo/convert_frame.py:2147]     ^^^^^^^^^^^^^^^^^^^^^^^^^^^^^^^^^^^^^^^^
[rank0]:W0910 13:58:28.278000 2608030 torch/_dynamo/convert_frame.py:2147]   File "/usr/local/lib/python3.12/dist-packages/torch/_inductor/compile_fx.py", line 1053, in _compile_fx_inner
[rank0]:W0910 13:58:28.278000 2608030 torch/_dynamo/convert_frame.py:2147]     raise InductorError(e, currentframe()).with_traceback(
[rank0]:W0910 13:58:28.278000 2608030 torch/_dynamo/convert_frame.py:2147]   File "/usr/local/lib/python3.12/dist-packages/torch/_inductor/compile_fx.py", line 1037, in _compile_fx_inner
[rank0]:W0910 13:58:28.278000 2608030 torch/_dynamo/convert_frame.py:2147]     mb_compiled_graph = fx_codegen_and_compile(
[rank0]:W0910 13:58:28.278000 2608030 torch/_dynamo/convert_frame.py:2147]                         ^^^^^^^^^^^^^^^^^^^^^^^
[rank0]:W0910 13:58:28.278000 2608030 torch/_dynamo/convert_frame.py:2147]   File "/usr/local/lib/python3.12/dist-packages/torch/_inductor/compile_fx.py", line 1798, in fx_codegen_and_compile
[rank0]:W0910 13:58:28.278000 2608030 torch/_dynamo/convert_frame.py:2147]     return scheme.codegen_and_compile(gm, example_inputs, inputs_to_check, graph_kwargs)
[rank0]:W0910 13:58:28.278000 2608030 torch/_dynamo/convert_frame.py:2147]            ^^^^^^^^^^^^^^^^^^^^^^^^^^^^^^^^^^^^^^^^^^^^^^^^^^^^^^^^^^^^^^^^^^^^^^^^^^^^^
[rank0]:W0910 13:58:28.278000 2608030 torch/_dynamo/convert_frame.py:2147]   File "/usr/local/lib/python3.12/dist-packages/torch/_inductor/compile_fx.py", line 1485, in codegen_and_compile
[rank0]:W0910 13:58:28.278000 2608030 torch/_dynamo/convert_frame.py:2147]     graph.run(*example_inputs)
[rank0]:W0910 13:58:28.278000 2608030 torch/_dynamo/convert_frame.py:2147]   File "/usr/local/lib/python3.12/dist-packages/torch/_inductor/graph.py", line 1025, in run
[rank0]:W0910 13:58:28.278000 2608030 torch/_dynamo/convert_frame.py:2147]     return super().run(*args)
[rank0]:W0910 13:58:28.278000 2608030 torch/_dynamo/convert_frame.py:2147]            ^^^^^^^^^^^^^^^^^^
[rank0]:W0910 13:58:28.278000 2608030 torch/_dynamo/convert_frame.py:2147]   File "/usr/local/lib/python3.12/dist-packages/torch/fx/interpreter.py", line 200, in run
[rank0]:W0910 13:58:28.278000 2608030 torch/_dynamo/convert_frame.py:2147]     self.env[node] = self.run_node(node)
[rank0]:W0910 13:58:28.278000 2608030 torch/_dynamo/convert_frame.py:2147]                      ^^^^^^^^^^^^^^^^^^^
[rank0]:W0910 13:58:28.278000 2608030 torch/_dynamo/convert_frame.py:2147]   File "/usr/local/lib/python3.12/dist-packages/torch/_inductor/graph.py", line 1997, in run_node
[rank0]:W0910 13:58:28.278000 2608030 torch/_dynamo/convert_frame.py:2147]     self.register_users_of(result)
[rank0]:W0910 13:58:28.278000 2608030 torch/_dynamo/convert_frame.py:2147]   File "/usr/local/lib/python3.12/dist-packages/torch/_inductor/graph.py", line 1072, in register_users_of
[rank0]:W0910 13:58:28.278000 2608030 torch/_dynamo/convert_frame.py:2147]     register(node_output)
[rank0]:W0910 13:58:28.278000 2608030 torch/_dynamo/convert_frame.py:2147]   File "/usr/local/lib/python3.12/dist-packages/torch/_inductor/graph.py", line 1069, in register
[rank0]:W0910 13:58:28.278000 2608030 torch/_dynamo/convert_frame.py:2147]     for read_name in value.get_read_names():
[rank0]:W0910 13:58:28.278000 2608030 torch/_dynamo/convert_frame.py:2147]                      ^^^^^^^^^^^^^^^^^^^^^^
[rank0]:W0910 13:58:28.278000 2608030 torch/_dynamo/convert_frame.py:2147]   File "/usr/local/lib/python3.12/dist-packages/torch/_inductor/ir.py", line 8658, in get_read_names
[rank0]:W0910 13:58:28.278000 2608030 torch/_dynamo/convert_frame.py:2147]     return self.data.get_read_names()
[rank0]:W0910 13:58:28.278000 2608030 torch/_dynamo/convert_frame.py:2147]            ^^^^^^^^^^^^^^^^^^^^^^^^^^
[rank0]:W0910 13:58:28.278000 2608030 torch/_dynamo/convert_frame.py:2147]   File "/usr/local/lib/python3.12/dist-packages/torch/_inductor/ir.py", line 8658, in get_read_names
[rank0]:W0910 13:58:28.278000 2608030 torch/_dynamo/convert_frame.py:2147]     return self.data.get_read_names()
[rank0]:W0910 13:58:28.278000 2608030 torch/_dynamo/convert_frame.py:2147]            ^^^^^^^^^^^^^^^^^^^^^^^^^^
[rank0]:W0910 13:58:28.278000 2608030 torch/_dynamo/convert_frame.py:2147]   File "/usr/local/lib/python3.12/dist-packages/torch/_inductor/ir.py", line 4766, in get_read_names
[rank0]:W0910 13:58:28.278000 2608030 torch/_dynamo/convert_frame.py:2147]     return self.data.get_read_names()
[rank0]:W0910 13:58:28.278000 2608030 torch/_dynamo/convert_frame.py:2147]            ^^^^^^^^^^^^^^^^^^^^^^^^^^
[rank0]:W0910 13:58:28.278000 2608030 torch/_dynamo/convert_frame.py:2147]   File "/usr/local/lib/python3.12/dist-packages/torch/_inductor/ir.py", line 1042, in get_read_names
[rank0]:W0910 13:58:28.278000 2608030 torch/_dynamo/convert_frame.py:2147]     return OrderedSet(self.inner_fn_opcount().read_buffers)
[rank0]:W0910 13:58:28.278000 2608030 torch/_dynamo/convert_frame.py:2147]                       ^^^^^^^^^^^^^^^^^^^^^^^
[rank0]:W0910 13:58:28.278000 2608030 torch/_dynamo/convert_frame.py:2147]   File "<string>", line 6, in inner_fn_opcount_cache_on_self
[rank0]:W0910 13:58:28.278000 2608030 torch/_dynamo/convert_frame.py:2147]   File "/usr/local/lib/python3.12/dist-packages/torch/_inductor/ir.py", line 1005, in inner_fn_opcount
[rank0]:W0910 13:58:28.278000 2608030 torch/_dynamo/convert_frame.py:2147]     self.inner_fn(*self.inner_fn_args())
[rank0]:W0910 13:58:28.278000 2608030 torch/_dynamo/convert_frame.py:2147]   File "/usr/local/lib/python3.12/dist-packages/torch/_inductor/lowering.py", line 2735, in inner_fn
[rank0]:W0910 13:58:28.278000 2608030 torch/_dynamo/convert_frame.py:2147]     _boundaries_helper(boundaries),
[rank0]:W0910 13:58:28.278000 2608030 torch/_dynamo/convert_frame.py:2147]     ^^^^^^^^^^^^^^^^^^^^^^^^^^^^^^
[rank0]:W0910 13:58:28.278000 2608030 torch/_dynamo/convert_frame.py:2147]   File "/usr/local/lib/python3.12/dist-packages/torch/_inductor/lowering.py", line 2589, in _boundaries_helper
[rank0]:W0910 13:58:28.278000 2608030 torch/_dynamo/convert_frame.py:2147]     stride = tb.get_stride()
[rank0]:W0910 13:58:28.278000 2608030 torch/_dynamo/convert_frame.py:2147]              ^^^^^^^^^^^^^^^
[rank0]:W0910 13:58:28.278000 2608030 torch/_dynamo/convert_frame.py:2147]   File "/usr/local/lib/python3.12/dist-packages/torch/_inductor/ir.py", line 8573, in get_stride
[rank0]:W0910 13:58:28.278000 2608030 torch/_dynamo/convert_frame.py:2147]     return self.data.get_stride()
[rank0]:W0910 13:58:28.278000 2608030 torch/_dynamo/convert_frame.py:2147]            ^^^^^^^^^^^^^^^^^^^^^^
[rank0]:W0910 13:58:28.278000 2608030 torch/_dynamo/convert_frame.py:2147]   File "/usr/local/lib/python3.12/dist-packages/torch/_inductor/ir.py", line 758, in get_stride
[rank0]:W0910 13:58:28.278000 2608030 torch/_dynamo/convert_frame.py:2147]     raise NotImplementedError(type(self).__name__)
[rank0]:W0910 13:58:28.278000 2608030 torch/_dynamo/convert_frame.py:2147] torch._inductor.exc.InductorError: NotImplementedError: SliceView
[rank0]:W0910 13:58:28.278000 2608030 torch/_dynamo/convert_frame.py:2147] 
[rank0]:W0910 13:58:28.278000 2608030 torch/_dynamo/convert_frame.py:2147] While executing %submod_1 : [num_users=4] = call_module[target=submod_1](args = (%l_self_modules_qg_parameters_weight_, %getitem, %getitem_1, %getitem_2, %l_cu_, %s42, %l_self_modules_rope_buffers_inv_freq_), kwargs = {})
[rank0]:W0910 13:58:28.278000 2608030 torch/_dynamo/convert_frame.py:2147] Original traceback:
[rank0]:W0910 13:58:28.278000 2608030 torch/_dynamo/convert_frame.py:2147] None
[rank0]:W0910 13:58:28.278000 2608030 torch/_dynamo/convert_frame.py:2147] Use tlparse to see full graph. (https://github.com/pytorch/tlparse?tab=readme-ov-file#tlparse-parse-structured-pt2-logs)
[rank0]:W0910 13:58:28.278000 2608030 torch/_dynamo/convert_frame.py:2147] 
[rank0]:W0910 13:58:28.278000 2608030 torch/_dynamo/convert_frame.py:2147] Set TORCHDYNAMO_VERBOSE=1 for the internal stack trace (please do this especially if you're reporting a bug to PyTorch). For even more developer context, set TORCH_LOGS="+dynamo"
[rank0]:W0910 13:58:28.278000 2608030 torch/_dynamo/convert_frame.py:2147] 
[rank0]:W0910 13:58:28.278000 2608030 torch/_dynamo/convert_frame.py:2147] Traceback (most recent call last):
[rank0]:W0910 13:58:28.278000 2608030 torch/_dynamo/convert_frame.py:2147]   File "/usr/local/lib/python3.12/dist-packages/torch/_dynamo/convert_frame.py", line 2052, in __call__
[rank0]:W0910 13:58:28.278000 2608030 torch/_dynamo/convert_frame.py:2147]     result = self._inner_convert(
[rank0]:W0910 13:58:28.278000 2608030 torch/_dynamo/convert_frame.py:2147]              ^^^^^^^^^^^^^^^^^^^^
[rank0]:W0910 13:58:28.278000 2608030 torch/_dynamo/convert_frame.py:2147]   File "/usr/local/lib/python3.12/dist-packages/torch/_dynamo/convert_frame.py", line 729, in __call__
[rank0]:W0910 13:58:28.278000 2608030 torch/_dynamo/convert_frame.py:2147]     result = _compile(
[rank0]:W0910 13:58:28.278000 2608030 torch/_dynamo/convert_frame.py:2147]              ^^^^^^^^^
[rank0]:W0910 13:58:28.278000 2608030 torch/_dynamo/convert_frame.py:2147]   File "/usr/local/lib/python3.12/dist-packages/torch/_dynamo/convert_frame.py", line 1827, in _compile
[rank0]:W0910 13:58:28.278000 2608030 torch/_dynamo/convert_frame.py:2147]     guarded_code, tracer_output = compile_inner(code, one_graph, hooks)
[rank0]:W0910 13:58:28.278000 2608030 torch/_dynamo/convert_frame.py:2147]                                   ^^^^^^^^^^^^^^^^^^^^^^^^^^^^^^^^^^^^^
[rank0]:W0910 13:58:28.278000 2608030 torch/_dynamo/convert_frame.py:2147]   File "/usr/local/lib/python3.12/dist-packages/torch/_utils_internal.py", line 96, in wrapper_function
[rank0]:W0910 13:58:28.278000 2608030 torch/_dynamo/convert_frame.py:2147]     return function(*args, **kwargs)
[rank0]:W0910 13:58:28.278000 2608030 torch/_dynamo/convert_frame.py:2147]            ^^^^^^^^^^^^^^^^^^^^^^^^^
[rank0]:W0910 13:58:28.278000 2608030 torch/_dynamo/convert_frame.py:2147]   File "/usr/local/lib/python3.12/dist-packages/torch/_dynamo/convert_frame.py", line 1500, in compile_inner
[rank0]:W0910 13:58:28.278000 2608030 torch/_dynamo/convert_frame.py:2147]     return _compile_inner(code, one_graph, hooks)
[rank0]:W0910 13:58:28.278000 2608030 torch/_dynamo/convert_frame.py:2147]            ^^^^^^^^^^^^^^^^^^^^^^^^^^^^^^^^^^^^^^
[rank0]:W0910 13:58:28.278000 2608030 torch/_dynamo/convert_frame.py:2147]   File "/usr/local/lib/python3.12/dist-packages/torch/_dynamo/convert_frame.py", line 1534, in _compile_inner
[rank0]:W0910 13:58:28.278000 2608030 torch/_dynamo/convert_frame.py:2147]     dynamo_output = compile_frame(
[rank0]:W0910 13:58:28.278000 2608030 torch/_dynamo/convert_frame.py:2147]                     ^^^^^^^^^^^^^^
[rank0]:W0910 13:58:28.278000 2608030 torch/_dynamo/convert_frame.py:2147]   File "/usr/local/lib/python3.12/dist-packages/torch/_dynamo/convert_frame.py", line 1408, in compile_frame
[rank0]:W0910 13:58:28.278000 2608030 torch/_dynamo/convert_frame.py:2147]     bytecode, tracer_output = transform_code_object(code, transform)
[rank0]:W0910 13:58:28.278000 2608030 torch/_dynamo/convert_frame.py:2147]                               ^^^^^^^^^^^^^^^^^^^^^^^^^^^^^^^^^^^^^^
[rank0]:W0910 13:58:28.278000 2608030 torch/_dynamo/convert_frame.py:2147]   File "/usr/local/lib/python3.12/dist-packages/torch/_dynamo/bytecode_transformation.py", line 1608, in transform_code_object
[rank0]:W0910 13:58:28.278000 2608030 torch/_dynamo/convert_frame.py:2147]     tracer_output = transformations(instructions, code_options)
[rank0]:W0910 13:58:28.278000 2608030 torch/_dynamo/convert_frame.py:2147]                     ^^^^^^^^^^^^^^^^^^^^^^^^^^^^^^^^^^^^^^^^^^^
[rank0]:W0910 13:58:28.278000 2608030 torch/_dynamo/convert_frame.py:2147]   File "/usr/local/lib/python3.12/dist-packages/torch/_dynamo/convert_frame.py", line 1380, in transform
[rank0]:W0910 13:58:28.278000 2608030 torch/_dynamo/convert_frame.py:2147]     tracer_output = trace_frame(
[rank0]:W0910 13:58:28.278000 2608030 torch/_dynamo/convert_frame.py:2147]                     ^^^^^^^^^^^^
[rank0]:W0910 13:58:28.278000 2608030 torch/_dynamo/convert_frame.py:2147]   File "/usr/local/lib/python3.12/dist-packages/torch/_dynamo/convert_frame.py", line 341, in _fn
[rank0]:W0910 13:58:28.278000 2608030 torch/_dynamo/convert_frame.py:2147]     return fn(*args, **kwargs)
[rank0]:W0910 13:58:28.278000 2608030 torch/_dynamo/convert_frame.py:2147]            ^^^^^^^^^^^^^^^^^^^
[rank0]:W0910 13:58:28.278000 2608030 torch/_dynamo/convert_frame.py:2147]   File "/usr/local/lib/python3.12/dist-packages/torch/_dynamo/convert_frame.py", line 863, in trace_frame
[rank0]:W0910 13:58:28.278000 2608030 torch/_dynamo/convert_frame.py:2147]     run_tracer()
[rank0]:W0910 13:58:28.278000 2608030 torch/_dynamo/convert_frame.py:2147]   File "/usr/local/lib/python3.12/dist-packages/torch/_dynamo/convert_frame.py", line 844, in run_tracer
[rank0]:W0910 13:58:28.278000 2608030 torch/_dynamo/convert_frame.py:2147]     tracer.run()
[rank0]:W0910 13:58:28.278000 2608030 torch/_dynamo/convert_frame.py:2147]   File "/usr/local/lib/python3.12/dist-packages/torch/_dynamo/symbolic_convert.py", line 1794, in run
[rank0]:W0910 13:58:28.278000 2608030 torch/_dynamo/convert_frame.py:2147]     while self.step():
[rank0]:W0910 13:58:28.278000 2608030 torch/_dynamo/convert_frame.py:2147]           ^^^^^^^^^^^
[rank0]:W0910 13:58:28.278000 2608030 torch/_dynamo/convert_frame.py:2147]   File "/usr/local/lib/python3.12/dist-packages/torch/_dynamo/symbolic_convert.py", line 1459, in step
[rank0]:W0910 13:58:28.278000 2608030 torch/_dynamo/convert_frame.py:2147]     self.dispatch_table[inst.opcode](self, inst)
[rank0]:W0910 13:58:28.278000 2608030 torch/_dynamo/convert_frame.py:2147]   File "/usr/local/lib/python3.12/dist-packages/torch/_dynamo/symbolic_convert.py", line 999, in wrapper
[rank0]:W0910 13:58:28.278000 2608030 torch/_dynamo/convert_frame.py:2147]     return handle_graph_break(self, inst, speculation.reason)
[rank0]:W0910 13:58:28.278000 2608030 torch/_dynamo/convert_frame.py:2147]            ^^^^^^^^^^^^^^^^^^^^^^^^^^^^^^^^^^^^^^^^^^^^^^^^^^
[rank0]:W0910 13:58:28.278000 2608030 torch/_dynamo/convert_frame.py:2147]   File "/usr/local/lib/python3.12/dist-packages/torch/_dynamo/symbolic_convert.py", line 1062, in handle_graph_break
[rank0]:W0910 13:58:28.278000 2608030 torch/_dynamo/convert_frame.py:2147]     all_stack_locals_metadata = self.output.compile_subgraph(
[rank0]:W0910 13:58:28.278000 2608030 torch/_dynamo/convert_frame.py:2147]                                 ^^^^^^^^^^^^^^^^^^^^^^^^^^^^^
[rank0]:W0910 13:58:28.278000 2608030 torch/_dynamo/convert_frame.py:2147]   File "/usr/local/lib/python3.12/dist-packages/torch/_dynamo/output_graph.py", line 1889, in compile_subgraph
[rank0]:W0910 13:58:28.278000 2608030 torch/_dynamo/convert_frame.py:2147]     self.compile_and_call_fx_graph(tx, pass2.graph_output_vars(), root)
[rank0]:W0910 13:58:28.278000 2608030 torch/_dynamo/convert_frame.py:2147]   File "/usr/local/lib/python3.12/dist-packages/torch/_dynamo/output_graph.py", line 2460, in compile_and_call_fx_graph
[rank0]:W0910 13:58:28.278000 2608030 torch/_dynamo/convert_frame.py:2147]     compiled_fn = self.call_user_compiler(gm, self.example_inputs())
[rank0]:W0910 13:58:28.278000 2608030 torch/_dynamo/convert_frame.py:2147]                   ^^^^^^^^^^^^^^^^^^^^^^^^^^^^^^^^^^^^^^^^^^^^^^^^^^
[rank0]:W0910 13:58:28.278000 2608030 torch/_dynamo/convert_frame.py:2147]   File "/usr/local/lib/python3.12/dist-packages/torch/_dynamo/output_graph.py", line 2613, in call_user_compiler
[rank0]:W0910 13:58:28.278000 2608030 torch/_dynamo/convert_frame.py:2147]     return self._call_user_compiler(gm, example_inputs)
[rank0]:W0910 13:58:28.278000 2608030 torch/_dynamo/convert_frame.py:2147]            ^^^^^^^^^^^^^^^^^^^^^^^^^^^^^^^^^^^^^^^^^^^^
[rank0]:W0910 13:58:28.278000 2608030 torch/_dynamo/convert_frame.py:2147]   File "/usr/local/lib/python3.12/dist-packages/torch/_dynamo/output_graph.py", line 2664, in _call_user_compiler
[rank0]:W0910 13:58:28.278000 2608030 torch/_dynamo/convert_frame.py:2147]     compiled_fn = compiler_fn(gm, example_inputs)
[rank0]:W0910 13:58:28.278000 2608030 torch/_dynamo/convert_frame.py:2147]                   ^^^^^^^^^^^^^^^^^^^^^^^^^^^^^^^
[rank0]:W0910 13:58:28.278000 2608030 torch/_dynamo/convert_frame.py:2147]   File "/usr/local/lib/python3.12/dist-packages/torch/_dynamo/backends/distributed.py", line 616, in compile_fn
[rank0]:W0910 13:58:28.278000 2608030 torch/_dynamo/convert_frame.py:2147]     submod_compiler.run(*example_inputs)
[rank0]:W0910 13:58:28.278000 2608030 torch/_dynamo/convert_frame.py:2147]   File "/usr/local/lib/python3.12/dist-packages/torch/fx/interpreter.py", line 200, in run
[rank0]:W0910 13:58:28.278000 2608030 torch/_dynamo/convert_frame.py:2147]     self.env[node] = self.run_node(node)
[rank0]:W0910 13:58:28.278000 2608030 torch/_dynamo/convert_frame.py:2147]                      ^^^^^^^^^^^^^^^^^^^
[rank0]:W0910 13:58:28.278000 2608030 torch/_dynamo/convert_frame.py:2147]   File "/usr/local/lib/python3.12/dist-packages/torch/_dynamo/backends/distributed.py", line 327, in run_node
[rank0]:W0910 13:58:28.278000 2608030 torch/_dynamo/convert_frame.py:2147]     compiled_submod_real = self.compile_submod(real_mod, new_args, kwargs)
[rank0]:W0910 13:58:28.278000 2608030 torch/_dynamo/convert_frame.py:2147]                            ^^^^^^^^^^^^^^^^^^^^^^^^^^^^^^^^^^^^^^^^^^^^^^^
[rank0]:W0910 13:58:28.278000 2608030 torch/_dynamo/convert_frame.py:2147]   File "/usr/local/lib/python3.12/dist-packages/torch/_dynamo/backends/distributed.py", line 242, in compile_submod
[rank0]:W0910 13:58:28.278000 2608030 torch/_dynamo/convert_frame.py:2147]     self.compiler(input_mod, args),
[rank0]:W0910 13:58:28.278000 2608030 torch/_dynamo/convert_frame.py:2147]     ^^^^^^^^^^^^^^^^^^^^^^^^^^^^^^
[rank0]:W0910 13:58:28.278000 2608030 torch/_dynamo/convert_frame.py:2147]   File "/usr/local/lib/python3.12/dist-packages/torch/_dynamo/repro/after_dynamo.py", line 156, in __call__
[rank0]:W0910 13:58:28.278000 2608030 torch/_dynamo/convert_frame.py:2147]     compiled_gm = compiler_fn(gm, example_inputs)
[rank0]:W0910 13:58:28.278000 2608030 torch/_dynamo/convert_frame.py:2147]                   ^^^^^^^^^^^^^^^^^^^^^^^^^^^^^^^
[rank0]:W0910 13:58:28.278000 2608030 torch/_dynamo/convert_frame.py:2147]   File "/usr/local/lib/python3.12/dist-packages/torch/__init__.py", line 2461, in __call__
[rank0]:W0910 13:58:28.278000 2608030 torch/_dynamo/convert_frame.py:2147]     return compile_fx(model_, inputs_, config_patches=self.config)
[rank0]:W0910 13:58:28.278000 2608030 torch/_dynamo/convert_frame.py:2147]            ^^^^^^^^^^^^^^^^^^^^^^^^^^^^^^^^^^^^^^^^^^^^^^^^^^^^^^^
[rank0]:W0910 13:58:28.278000 2608030 torch/_dynamo/convert_frame.py:2147]   File "/usr/local/lib/python3.12/dist-packages/torch/_inductor/compile_fx.py", line 2578, in compile_fx
[rank0]:W0910 13:58:28.278000 2608030 torch/_dynamo/convert_frame.py:2147]     return _maybe_wrap_and_compile_fx_main(
[rank0]:W0910 13:58:28.278000 2608030 torch/_dynamo/convert_frame.py:2147]            ^^^^^^^^^^^^^^^^^^^^^^^^^^^^^^^^
[rank0]:W0910 13:58:28.278000 2608030 torch/_dynamo/convert_frame.py:2147]   File "/usr/local/lib/python3.12/dist-packages/torch/_inductor/compile_fx.py", line 2655, in _maybe_wrap_and_compile_fx_main
[rank0]:W0910 13:58:28.278000 2608030 torch/_dynamo/convert_frame.py:2147]     return _compile_fx_main(
[rank0]:W0910 13:58:28.278000 2608030 torch/_dynamo/convert_frame.py:2147]            ^^^^^^^^^^^^^^^^^
[rank0]:W0910 13:58:28.278000 2608030 torch/_dynamo/convert_frame.py:2147]   File "/usr/local/lib/python3.12/dist-packages/torch/_inductor/compile_fx.py", line 2864, in _compile_fx_main
[rank0]:W0910 13:58:28.278000 2608030 torch/_dynamo/convert_frame.py:2147]     raise e.remove_dynamo_frames() from None  # see TORCHDYNAMO_VERBOSE=1
[rank0]:W0910 13:58:28.278000 2608030 torch/_dynamo/convert_frame.py:2147]     ^^^^^^^^^^^^^^^^^^^^^^^^^^^^^^^^^^^^^^^^
[rank0]:W0910 13:58:28.278000 2608030 torch/_dynamo/convert_frame.py:2147]   File "/usr/local/lib/python3.12/dist-packages/torch/_inductor/compile_fx.py", line 1053, in _compile_fx_inner
[rank0]:W0910 13:58:28.278000 2608030 torch/_dynamo/convert_frame.py:2147]     raise InductorError(e, currentframe()).with_traceback(
[rank0]:W0910 13:58:28.278000 2608030 torch/_dynamo/convert_frame.py:2147]   File "/usr/local/lib/python3.12/dist-packages/torch/_inductor/compile_fx.py", line 1037, in _compile_fx_inner
[rank0]:W0910 13:58:28.278000 2608030 torch/_dynamo/convert_frame.py:2147]     mb_compiled_graph = fx_codegen_and_compile(
[rank0]:W0910 13:58:28.278000 2608030 torch/_dynamo/convert_frame.py:2147]                         ^^^^^^^^^^^^^^^^^^^^^^^
[rank0]:W0910 13:58:28.278000 2608030 torch/_dynamo/convert_frame.py:2147]   File "/usr/local/lib/python3.12/dist-packages/torch/_inductor/compile_fx.py", line 1798, in fx_codegen_and_compile
[rank0]:W0910 13:58:28.278000 2608030 torch/_dynamo/convert_frame.py:2147]     return scheme.codegen_and_compile(gm, example_inputs, inputs_to_check, graph_kwargs)
[rank0]:W0910 13:58:28.278000 2608030 torch/_dynamo/convert_frame.py:2147]            ^^^^^^^^^^^^^^^^^^^^^^^^^^^^^^^^^^^^^^^^^^^^^^^^^^^^^^^^^^^^^^^^^^^^^^^^^^^^^
[rank0]:W0910 13:58:28.278000 2608030 torch/_dynamo/convert_frame.py:2147]   File "/usr/local/lib/python3.12/dist-packages/torch/_inductor/compile_fx.py", line 1485, in codegen_and_compile
[rank0]:W0910 13:58:28.278000 2608030 torch/_dynamo/convert_frame.py:2147]     graph.run(*example_inputs)
[rank0]:W0910 13:58:28.278000 2608030 torch/_dynamo/convert_frame.py:2147]   File "/usr/local/lib/python3.12/dist-packages/torch/_inductor/graph.py", line 1025, in run
[rank0]:W0910 13:58:28.278000 2608030 torch/_dynamo/convert_frame.py:2147]     return super().run(*args)
[rank0]:W0910 13:58:28.278000 2608030 torch/_dynamo/convert_frame.py:2147]            ^^^^^^^^^^^^^^^^^^
[rank0]:W0910 13:58:28.278000 2608030 torch/_dynamo/convert_frame.py:2147]   File "/usr/local/lib/python3.12/dist-packages/torch/fx/interpreter.py", line 200, in run
[rank0]:W0910 13:58:28.278000 2608030 torch/_dynamo/convert_frame.py:2147]     self.env[node] = self.run_node(node)
[rank0]:W0910 13:58:28.278000 2608030 torch/_dynamo/convert_frame.py:2147]                      ^^^^^^^^^^^^^^^^^^^
[rank0]:W0910 13:58:28.278000 2608030 torch/_dynamo/convert_frame.py:2147]   File "/usr/local/lib/python3.12/dist-packages/torch/_inductor/graph.py", line 1997, in run_node
[rank0]:W0910 13:58:28.278000 2608030 torch/_dynamo/convert_frame.py:2147]     self.register_users_of(result)
[rank0]:W0910 13:58:28.278000 2608030 torch/_dynamo/convert_frame.py:2147]   File "/usr/local/lib/python3.12/dist-packages/torch/_inductor/graph.py", line 1072, in register_users_of
[rank0]:W0910 13:58:28.278000 2608030 torch/_dynamo/convert_frame.py:2147]     register(node_output)
[rank0]:W0910 13:58:28.278000 2608030 torch/_dynamo/convert_frame.py:2147]   File "/usr/local/lib/python3.12/dist-packages/torch/_inductor/graph.py", line 1069, in register
[rank0]:W0910 13:58:28.278000 2608030 torch/_dynamo/convert_frame.py:2147]     for read_name in value.get_read_names():
[rank0]:W0910 13:58:28.278000 2608030 torch/_dynamo/convert_frame.py:2147]                      ^^^^^^^^^^^^^^^^^^^^^^
[rank0]:W0910 13:58:28.278000 2608030 torch/_dynamo/convert_frame.py:2147]   File "/usr/local/lib/python3.12/dist-packages/torch/_inductor/ir.py", line 8658, in get_read_names
[rank0]:W0910 13:58:28.278000 2608030 torch/_dynamo/convert_frame.py:2147]     return self.data.get_read_names()
[rank0]:W0910 13:58:28.278000 2608030 torch/_dynamo/convert_frame.py:2147]            ^^^^^^^^^^^^^^^^^^^^^^^^^^
[rank0]:W0910 13:58:28.278000 2608030 torch/_dynamo/convert_frame.py:2147]   File "/usr/local/lib/python3.12/dist-packages/torch/_inductor/ir.py", line 8658, in get_read_names
[rank0]:W0910 13:58:28.278000 2608030 torch/_dynamo/convert_frame.py:2147]     return self.data.get_read_names()
[rank0]:W0910 13:58:28.278000 2608030 torch/_dynamo/convert_frame.py:2147]            ^^^^^^^^^^^^^^^^^^^^^^^^^^
[rank0]:W0910 13:58:28.278000 2608030 torch/_dynamo/convert_frame.py:2147]   File "/usr/local/lib/python3.12/dist-packages/torch/_inductor/ir.py", line 4766, in get_read_names
[rank0]:W0910 13:58:28.278000 2608030 torch/_dynamo/convert_frame.py:2147]     return self.data.get_read_names()
[rank0]:W0910 13:58:28.278000 2608030 torch/_dynamo/convert_frame.py:2147]            ^^^^^^^^^^^^^^^^^^^^^^^^^^
[rank0]:W0910 13:58:28.278000 2608030 torch/_dynamo/convert_frame.py:2147]   File "/usr/local/lib/python3.12/dist-packages/torch/_inductor/ir.py", line 1042, in get_read_names
[rank0]:W0910 13:58:28.278000 2608030 torch/_dynamo/convert_frame.py:2147]     return OrderedSet(self.inner_fn_opcount().read_buffers)
[rank0]:W0910 13:58:28.278000 2608030 torch/_dynamo/convert_frame.py:2147]                       ^^^^^^^^^^^^^^^^^^^^^^^
[rank0]:W0910 13:58:28.278000 2608030 torch/_dynamo/convert_frame.py:2147]   File "<string>", line 6, in inner_fn_opcount_cache_on_self
[rank0]:W0910 13:58:28.278000 2608030 torch/_dynamo/convert_frame.py:2147]   File "/usr/local/lib/python3.12/dist-packages/torch/_inductor/ir.py", line 1005, in inner_fn_opcount
[rank0]:W0910 13:58:28.278000 2608030 torch/_dynamo/convert_frame.py:2147]     self.inner_fn(*self.inner_fn_args())
[rank0]:W0910 13:58:28.278000 2608030 torch/_dynamo/convert_frame.py:2147]   File "/usr/local/lib/python3.12/dist-packages/torch/_inductor/lowering.py", line 2735, in inner_fn
[rank0]:W0910 13:58:28.278000 2608030 torch/_dynamo/convert_frame.py:2147]     _boundaries_helper(boundaries),
[rank0]:W0910 13:58:28.278000 2608030 torch/_dynamo/convert_frame.py:2147]     ^^^^^^^^^^^^^^^^^^^^^^^^^^^^^^
[rank0]:W0910 13:58:28.278000 2608030 torch/_dynamo/convert_frame.py:2147]   File "/usr/local/lib/python3.12/dist-packages/torch/_inductor/lowering.py", line 2589, in _boundaries_helper
[rank0]:W0910 13:58:28.278000 2608030 torch/_dynamo/convert_frame.py:2147]     stride = tb.get_stride()
[rank0]:W0910 13:58:28.278000 2608030 torch/_dynamo/convert_frame.py:2147]              ^^^^^^^^^^^^^^^
[rank0]:W0910 13:58:28.278000 2608030 torch/_dynamo/convert_frame.py:2147]   File "/usr/local/lib/python3.12/dist-packages/torch/_inductor/ir.py", line 8573, in get_stride
[rank0]:W0910 13:58:28.278000 2608030 torch/_dynamo/convert_frame.py:2147]     return self.data.get_stride()
[rank0]:W0910 13:58:28.278000 2608030 torch/_dynamo/convert_frame.py:2147]            ^^^^^^^^^^^^^^^^^^^^^^
[rank0]:W0910 13:58:28.278000 2608030 torch/_dynamo/convert_frame.py:2147]   File "/usr/local/lib/python3.12/dist-packages/torch/_inductor/ir.py", line 758, in get_stride
[rank0]:W0910 13:58:28.278000 2608030 torch/_dynamo/convert_frame.py:2147]     raise NotImplementedError(type(self).__name__)
[rank0]:W0910 13:58:28.278000 2608030 torch/_dynamo/convert_frame.py:2147] torch._inductor.exc.InductorError: NotImplementedError: SliceView
[rank0]:W0910 13:58:28.278000 2608030 torch/_dynamo/convert_frame.py:2147] 
[rank0]:W0910 13:58:28.278000 2608030 torch/_dynamo/convert_frame.py:2147] While executing %submod_1 : [num_users=4] = call_module[target=submod_1](args = (%l_self_modules_qg_parameters_weight_, %getitem, %getitem_1, %getitem_2, %l_cu_, %s42, %l_self_modules_rope_buffers_inv_freq_), kwargs = {})
[rank0]:W0910 13:58:28.278000 2608030 torch/_dynamo/convert_frame.py:2147] Original traceback:
[rank0]:W0910 13:58:28.278000 2608030 torch/_dynamo/convert_frame.py:2147] None
[rank0]:W0910 13:58:28.278000 2608030 torch/_dynamo/convert_frame.py:2147] Use tlparse to see full graph. (https://github.com/pytorch/tlparse?tab=readme-ov-file#tlparse-parse-structured-pt2-logs)
[rank0]:W0910 13:58:28.278000 2608030 torch/_dynamo/convert_frame.py:2147] 
[rank0]:W0910 13:58:28.278000 2608030 torch/_dynamo/convert_frame.py:2147] Set TORCHDYNAMO_VERBOSE=1 for the internal stack trace (please do this especially if you're reporting a bug to PyTorch). For even more developer context, set TORCH_LOGS="+dynamo"
[rank0]:W0910 13:58:28.278000 2608030 torch/_dynamo/convert_frame.py:2147] 
[rank2]:W0910 13:58:30.233000 2608032 torch/_dynamo/convert_frame.py:2147] WON'T CONVERT positions /work/aupai/model.py line 876 
[rank2]:W0910 13:58:30.233000 2608032 torch/_dynamo/convert_frame.py:2147] due to: 
[rank2]:W0910 13:58:30.233000 2608032 torch/_dynamo/convert_frame.py:2147] Traceback (most recent call last):
[rank2]:W0910 13:58:30.233000 2608032 torch/_dynamo/convert_frame.py:2147]   File "/usr/local/lib/python3.12/dist-packages/torch/_dynamo/convert_frame.py", line 2052, in __call__
[rank2]:W0910 13:58:30.233000 2608032 torch/_dynamo/convert_frame.py:2147]     result = self._inner_convert(
[rank2]:W0910 13:58:30.233000 2608032 torch/_dynamo/convert_frame.py:2147]              ^^^^^^^^^^^^^^^^^^^^
[rank2]:W0910 13:58:30.233000 2608032 torch/_dynamo/convert_frame.py:2147]   File "/usr/local/lib/python3.12/dist-packages/torch/_dynamo/convert_frame.py", line 729, in __call__
[rank2]:W0910 13:58:30.233000 2608032 torch/_dynamo/convert_frame.py:2147]     result = _compile(
[rank2]:W0910 13:58:30.233000 2608032 torch/_dynamo/convert_frame.py:2147]              ^^^^^^^^^
[rank2]:W0910 13:58:30.233000 2608032 torch/_dynamo/convert_frame.py:2147]   File "/usr/local/lib/python3.12/dist-packages/torch/_dynamo/convert_frame.py", line 1827, in _compile
[rank2]:W0910 13:58:30.233000 2608032 torch/_dynamo/convert_frame.py:2147]     guarded_code, tracer_output = compile_inner(code, one_graph, hooks)
[rank2]:W0910 13:58:30.233000 2608032 torch/_dynamo/convert_frame.py:2147]                                   ^^^^^^^^^^^^^^^^^^^^^^^^^^^^^^^^^^^^^
[rank2]:W0910 13:58:30.233000 2608032 torch/_dynamo/convert_frame.py:2147]   File "/usr/local/lib/python3.12/dist-packages/torch/_utils_internal.py", line 96, in wrapper_function
[rank2]:W0910 13:58:30.233000 2608032 torch/_dynamo/convert_frame.py:2147]     return function(*args, **kwargs)
[rank2]:W0910 13:58:30.233000 2608032 torch/_dynamo/convert_frame.py:2147]            ^^^^^^^^^^^^^^^^^^^^^^^^^
[rank2]:W0910 13:58:30.233000 2608032 torch/_dynamo/convert_frame.py:2147]   File "/usr/local/lib/python3.12/dist-packages/torch/_dynamo/convert_frame.py", line 1500, in compile_inner
[rank2]:W0910 13:58:30.233000 2608032 torch/_dynamo/convert_frame.py:2147]     return _compile_inner(code, one_graph, hooks)
[rank2]:W0910 13:58:30.233000 2608032 torch/_dynamo/convert_frame.py:2147]            ^^^^^^^^^^^^^^^^^^^^^^^^^^^^^^^^^^^^^^
[rank2]:W0910 13:58:30.233000 2608032 torch/_dynamo/convert_frame.py:2147]   File "/usr/local/lib/python3.12/dist-packages/torch/_dynamo/convert_frame.py", line 1534, in _compile_inner
[rank2]:W0910 13:58:30.233000 2608032 torch/_dynamo/convert_frame.py:2147]     dynamo_output = compile_frame(
[rank2]:W0910 13:58:30.233000 2608032 torch/_dynamo/convert_frame.py:2147]                     ^^^^^^^^^^^^^^
[rank2]:W0910 13:58:30.233000 2608032 torch/_dynamo/convert_frame.py:2147]   File "/usr/local/lib/python3.12/dist-packages/torch/_dynamo/convert_frame.py", line 1408, in compile_frame
[rank2]:W0910 13:58:30.233000 2608032 torch/_dynamo/convert_frame.py:2147]     bytecode, tracer_output = transform_code_object(code, transform)
[rank2]:W0910 13:58:30.233000 2608032 torch/_dynamo/convert_frame.py:2147]                               ^^^^^^^^^^^^^^^^^^^^^^^^^^^^^^^^^^^^^^
[rank2]:W0910 13:58:30.233000 2608032 torch/_dynamo/convert_frame.py:2147]   File "/usr/local/lib/python3.12/dist-packages/torch/_dynamo/bytecode_transformation.py", line 1608, in transform_code_object
[rank2]:W0910 13:58:30.233000 2608032 torch/_dynamo/convert_frame.py:2147]     tracer_output = transformations(instructions, code_options)
[rank2]:W0910 13:58:30.233000 2608032 torch/_dynamo/convert_frame.py:2147]                     ^^^^^^^^^^^^^^^^^^^^^^^^^^^^^^^^^^^^^^^^^^^
[rank2]:W0910 13:58:30.233000 2608032 torch/_dynamo/convert_frame.py:2147]   File "/usr/local/lib/python3.12/dist-packages/torch/_dynamo/convert_frame.py", line 1380, in transform
[rank2]:W0910 13:58:30.233000 2608032 torch/_dynamo/convert_frame.py:2147]     tracer_output = trace_frame(
[rank2]:W0910 13:58:30.233000 2608032 torch/_dynamo/convert_frame.py:2147]                     ^^^^^^^^^^^^
[rank2]:W0910 13:58:30.233000 2608032 torch/_dynamo/convert_frame.py:2147]   File "/usr/local/lib/python3.12/dist-packages/torch/_dynamo/convert_frame.py", line 341, in _fn
[rank2]:W0910 13:58:30.233000 2608032 torch/_dynamo/convert_frame.py:2147]     return fn(*args, **kwargs)
[rank2]:W0910 13:58:30.233000 2608032 torch/_dynamo/convert_frame.py:2147]            ^^^^^^^^^^^^^^^^^^^
[rank2]:W0910 13:58:30.233000 2608032 torch/_dynamo/convert_frame.py:2147]   File "/usr/local/lib/python3.12/dist-packages/torch/_dynamo/convert_frame.py", line 863, in trace_frame
[rank2]:W0910 13:58:30.233000 2608032 torch/_dynamo/convert_frame.py:2147]     run_tracer()
[rank2]:W0910 13:58:30.233000 2608032 torch/_dynamo/convert_frame.py:2147]   File "/usr/local/lib/python3.12/dist-packages/torch/_dynamo/convert_frame.py", line 844, in run_tracer
[rank2]:W0910 13:58:30.233000 2608032 torch/_dynamo/convert_frame.py:2147]     tracer.run()
[rank2]:W0910 13:58:30.233000 2608032 torch/_dynamo/convert_frame.py:2147]   File "/usr/local/lib/python3.12/dist-packages/torch/_dynamo/symbolic_convert.py", line 1794, in run
[rank2]:W0910 13:58:30.233000 2608032 torch/_dynamo/convert_frame.py:2147]     while self.step():
[rank2]:W0910 13:58:30.233000 2608032 torch/_dynamo/convert_frame.py:2147]           ^^^^^^^^^^^
[rank2]:W0910 13:58:30.233000 2608032 torch/_dynamo/convert_frame.py:2147]   File "/usr/local/lib/python3.12/dist-packages/torch/_dynamo/symbolic_convert.py", line 1459, in step
[rank2]:W0910 13:58:30.233000 2608032 torch/_dynamo/convert_frame.py:2147]     self.dispatch_table[inst.opcode](self, inst)
[rank2]:W0910 13:58:30.233000 2608032 torch/_dynamo/convert_frame.py:2147]   File "/usr/local/lib/python3.12/dist-packages/torch/_dynamo/symbolic_convert.py", line 5570, in RETURN_VALUE
[rank2]:W0910 13:58:30.233000 2608032 torch/_dynamo/convert_frame.py:2147]     self._return(inst)
[rank2]:W0910 13:58:30.233000 2608032 torch/_dynamo/convert_frame.py:2147]   File "/usr/local/lib/python3.12/dist-packages/torch/_dynamo/symbolic_convert.py", line 5552, in _return
[rank2]:W0910 13:58:30.233000 2608032 torch/_dynamo/convert_frame.py:2147]     all_stack_locals_metadata = self.output.compile_subgraph(
[rank2]:W0910 13:58:30.233000 2608032 torch/_dynamo/convert_frame.py:2147]                                 ^^^^^^^^^^^^^^^^^^^^^^^^^^^^^
[rank2]:W0910 13:58:30.233000 2608032 torch/_dynamo/convert_frame.py:2147]   File "/usr/local/lib/python3.12/dist-packages/torch/_dynamo/output_graph.py", line 1889, in compile_subgraph
[rank2]:W0910 13:58:30.233000 2608032 torch/_dynamo/convert_frame.py:2147]     self.compile_and_call_fx_graph(tx, pass2.graph_output_vars(), root)
[rank2]:W0910 13:58:30.233000 2608032 torch/_dynamo/convert_frame.py:2147]   File "/usr/local/lib/python3.12/dist-packages/torch/_dynamo/output_graph.py", line 2460, in compile_and_call_fx_graph
[rank2]:W0910 13:58:30.233000 2608032 torch/_dynamo/convert_frame.py:2147]     compiled_fn = self.call_user_compiler(gm, self.example_inputs())
[rank2]:W0910 13:58:30.233000 2608032 torch/_dynamo/convert_frame.py:2147]                   ^^^^^^^^^^^^^^^^^^^^^^^^^^^^^^^^^^^^^^^^^^^^^^^^^^
[rank2]:W0910 13:58:30.233000 2608032 torch/_dynamo/convert_frame.py:2147]   File "/usr/local/lib/python3.12/dist-packages/torch/_dynamo/output_graph.py", line 2613, in call_user_compiler
[rank2]:W0910 13:58:30.233000 2608032 torch/_dynamo/convert_frame.py:2147]     return self._call_user_compiler(gm, example_inputs)
[rank2]:W0910 13:58:30.233000 2608032 torch/_dynamo/convert_frame.py:2147]            ^^^^^^^^^^^^^^^^^^^^^^^^^^^^^^^^^^^^^^^^^^^^
[rank2]:W0910 13:58:30.233000 2608032 torch/_dynamo/convert_frame.py:2147]   File "/usr/local/lib/python3.12/dist-packages/torch/_dynamo/output_graph.py", line 2664, in _call_user_compiler
[rank2]:W0910 13:58:30.233000 2608032 torch/_dynamo/convert_frame.py:2147]     compiled_fn = compiler_fn(gm, example_inputs)
[rank2]:W0910 13:58:30.233000 2608032 torch/_dynamo/convert_frame.py:2147]                   ^^^^^^^^^^^^^^^^^^^^^^^^^^^^^^^
[rank2]:W0910 13:58:30.233000 2608032 torch/_dynamo/convert_frame.py:2147]   File "/usr/local/lib/python3.12/dist-packages/torch/_dynamo/backends/distributed.py", line 569, in compile_fn
[rank2]:W0910 13:58:30.233000 2608032 torch/_dynamo/convert_frame.py:2147]     return self.backend_compile_fn(gm, example_inputs)
[rank2]:W0910 13:58:30.233000 2608032 torch/_dynamo/convert_frame.py:2147]            ^^^^^^^^^^^^^^^^^^^^^^^^^^^^^^^^^^^^^^^^^^^
[rank2]:W0910 13:58:30.233000 2608032 torch/_dynamo/convert_frame.py:2147]   File "/usr/local/lib/python3.12/dist-packages/torch/_dynamo/repro/after_dynamo.py", line 156, in __call__
[rank2]:W0910 13:58:30.233000 2608032 torch/_dynamo/convert_frame.py:2147]     compiled_gm = compiler_fn(gm, example_inputs)
[rank2]:W0910 13:58:30.233000 2608032 torch/_dynamo/convert_frame.py:2147]                   ^^^^^^^^^^^^^^^^^^^^^^^^^^^^^^^
[rank2]:W0910 13:58:30.233000 2608032 torch/_dynamo/convert_frame.py:2147]   File "/usr/local/lib/python3.12/dist-packages/torch/__init__.py", line 2461, in __call__
[rank2]:W0910 13:58:30.233000 2608032 torch/_dynamo/convert_frame.py:2147]     return compile_fx(model_, inputs_, config_patches=self.config)
[rank2]:W0910 13:58:30.233000 2608032 torch/_dynamo/convert_frame.py:2147]            ^^^^^^^^^^^^^^^^^^^^^^^^^^^^^^^^^^^^^^^^^^^^^^^^^^^^^^^
[rank2]:W0910 13:58:30.233000 2608032 torch/_dynamo/convert_frame.py:2147]   File "/usr/local/lib/python3.12/dist-packages/torch/_inductor/compile_fx.py", line 2578, in compile_fx
[rank2]:W0910 13:58:30.233000 2608032 torch/_dynamo/convert_frame.py:2147]     return _maybe_wrap_and_compile_fx_main(
[rank2]:W0910 13:58:30.233000 2608032 torch/_dynamo/convert_frame.py:2147]            ^^^^^^^^^^^^^^^^^^^^^^^^^^^^^^^^
[rank2]:W0910 13:58:30.233000 2608032 torch/_dynamo/convert_frame.py:2147]   File "/usr/local/lib/python3.12/dist-packages/torch/_inductor/compile_fx.py", line 2655, in _maybe_wrap_and_compile_fx_main
[rank2]:W0910 13:58:30.233000 2608032 torch/_dynamo/convert_frame.py:2147]     return _compile_fx_main(
[rank2]:W0910 13:58:30.233000 2608032 torch/_dynamo/convert_frame.py:2147]            ^^^^^^^^^^^^^^^^^
[rank2]:W0910 13:58:30.233000 2608032 torch/_dynamo/convert_frame.py:2147]   File "/usr/local/lib/python3.12/dist-packages/torch/_inductor/compile_fx.py", line 2864, in _compile_fx_main
[rank2]:W0910 13:58:30.233000 2608032 torch/_dynamo/convert_frame.py:2147]     raise e.remove_dynamo_frames() from None  # see TORCHDYNAMO_VERBOSE=1
[rank2]:W0910 13:58:30.233000 2608032 torch/_dynamo/convert_frame.py:2147]     ^^^^^^^^^^^^^^^^^^^^^^^^^^^^^^^^^^^^^^^^
[rank2]:W0910 13:58:30.233000 2608032 torch/_dynamo/convert_frame.py:2147]   File "/usr/local/lib/python3.12/dist-packages/torch/_inductor/compile_fx.py", line 1053, in _compile_fx_inner
[rank2]:W0910 13:58:30.233000 2608032 torch/_dynamo/convert_frame.py:2147]     raise InductorError(e, currentframe()).with_traceback(
[rank2]:W0910 13:58:30.233000 2608032 torch/_dynamo/convert_frame.py:2147]   File "/usr/local/lib/python3.12/dist-packages/torch/_inductor/compile_fx.py", line 1037, in _compile_fx_inner
[rank2]:W0910 13:58:30.233000 2608032 torch/_dynamo/convert_frame.py:2147]     mb_compiled_graph = fx_codegen_and_compile(
[rank2]:W0910 13:58:30.233000 2608032 torch/_dynamo/convert_frame.py:2147]                         ^^^^^^^^^^^^^^^^^^^^^^^
[rank2]:W0910 13:58:30.233000 2608032 torch/_dynamo/convert_frame.py:2147]   File "/usr/local/lib/python3.12/dist-packages/torch/_inductor/compile_fx.py", line 1798, in fx_codegen_and_compile
[rank2]:W0910 13:58:30.233000 2608032 torch/_dynamo/convert_frame.py:2147]     return scheme.codegen_and_compile(gm, example_inputs, inputs_to_check, graph_kwargs)
[rank2]:W0910 13:58:30.233000 2608032 torch/_dynamo/convert_frame.py:2147]            ^^^^^^^^^^^^^^^^^^^^^^^^^^^^^^^^^^^^^^^^^^^^^^^^^^^^^^^^^^^^^^^^^^^^^^^^^^^^^
[rank2]:W0910 13:58:30.233000 2608032 torch/_dynamo/convert_frame.py:2147]   File "/usr/local/lib/python3.12/dist-packages/torch/_inductor/compile_fx.py", line 1485, in codegen_and_compile
[rank2]:W0910 13:58:30.233000 2608032 torch/_dynamo/convert_frame.py:2147]     graph.run(*example_inputs)
[rank2]:W0910 13:58:30.233000 2608032 torch/_dynamo/convert_frame.py:2147]   File "/usr/local/lib/python3.12/dist-packages/torch/_inductor/graph.py", line 1025, in run
[rank2]:W0910 13:58:30.233000 2608032 torch/_dynamo/convert_frame.py:2147]     return super().run(*args)
[rank2]:W0910 13:58:30.233000 2608032 torch/_dynamo/convert_frame.py:2147]            ^^^^^^^^^^^^^^^^^^
[rank2]:W0910 13:58:30.233000 2608032 torch/_dynamo/convert_frame.py:2147]   File "/usr/local/lib/python3.12/dist-packages/torch/fx/interpreter.py", line 200, in run
[rank2]:W0910 13:58:30.233000 2608032 torch/_dynamo/convert_frame.py:2147]     self.env[node] = self.run_node(node)
[rank2]:W0910 13:58:30.233000 2608032 torch/_dynamo/convert_frame.py:2147]                      ^^^^^^^^^^^^^^^^^^^
[rank2]:W0910 13:58:30.233000 2608032 torch/_dynamo/convert_frame.py:2147]   File "/usr/local/lib/python3.12/dist-packages/torch/_inductor/graph.py", line 1997, in run_node
[rank2]:W0910 13:58:30.233000 2608032 torch/_dynamo/convert_frame.py:2147]     self.register_users_of(result)
[rank2]:W0910 13:58:30.233000 2608032 torch/_dynamo/convert_frame.py:2147]   File "/usr/local/lib/python3.12/dist-packages/torch/_inductor/graph.py", line 1072, in register_users_of
[rank2]:W0910 13:58:30.233000 2608032 torch/_dynamo/convert_frame.py:2147]     register(node_output)
[rank2]:W0910 13:58:30.233000 2608032 torch/_dynamo/convert_frame.py:2147]   File "/usr/local/lib/python3.12/dist-packages/torch/_inductor/graph.py", line 1069, in register
[rank2]:W0910 13:58:30.233000 2608032 torch/_dynamo/convert_frame.py:2147]     for read_name in value.get_read_names():
[rank2]:W0910 13:58:30.233000 2608032 torch/_dynamo/convert_frame.py:2147]                      ^^^^^^^^^^^^^^^^^^^^^^
[rank2]:W0910 13:58:30.233000 2608032 torch/_dynamo/convert_frame.py:2147]   File "/usr/local/lib/python3.12/dist-packages/torch/_inductor/ir.py", line 8658, in get_read_names
[rank2]:W0910 13:58:30.233000 2608032 torch/_dynamo/convert_frame.py:2147]     return self.data.get_read_names()
[rank2]:W0910 13:58:30.233000 2608032 torch/_dynamo/convert_frame.py:2147]            ^^^^^^^^^^^^^^^^^^^^^^^^^^
[rank2]:W0910 13:58:30.233000 2608032 torch/_dynamo/convert_frame.py:2147]   File "/usr/local/lib/python3.12/dist-packages/torch/_inductor/ir.py", line 8658, in get_read_names
[rank2]:W0910 13:58:30.233000 2608032 torch/_dynamo/convert_frame.py:2147]     return self.data.get_read_names()
[rank2]:W0910 13:58:30.233000 2608032 torch/_dynamo/convert_frame.py:2147]            ^^^^^^^^^^^^^^^^^^^^^^^^^^
[rank2]:W0910 13:58:30.233000 2608032 torch/_dynamo/convert_frame.py:2147]   File "/usr/local/lib/python3.12/dist-packages/torch/_inductor/ir.py", line 4766, in get_read_names
[rank2]:W0910 13:58:30.233000 2608032 torch/_dynamo/convert_frame.py:2147]     return self.data.get_read_names()
[rank2]:W0910 13:58:30.233000 2608032 torch/_dynamo/convert_frame.py:2147]            ^^^^^^^^^^^^^^^^^^^^^^^^^^
[rank2]:W0910 13:58:30.233000 2608032 torch/_dynamo/convert_frame.py:2147]   File "/usr/local/lib/python3.12/dist-packages/torch/_inductor/ir.py", line 1042, in get_read_names
[rank2]:W0910 13:58:30.233000 2608032 torch/_dynamo/convert_frame.py:2147]     return OrderedSet(self.inner_fn_opcount().read_buffers)
[rank2]:W0910 13:58:30.233000 2608032 torch/_dynamo/convert_frame.py:2147]                       ^^^^^^^^^^^^^^^^^^^^^^^
[rank2]:W0910 13:58:30.233000 2608032 torch/_dynamo/convert_frame.py:2147]   File "<string>", line 6, in inner_fn_opcount_cache_on_self
[rank2]:W0910 13:58:30.233000 2608032 torch/_dynamo/convert_frame.py:2147]   File "/usr/local/lib/python3.12/dist-packages/torch/_inductor/ir.py", line 1005, in inner_fn_opcount
[rank2]:W0910 13:58:30.233000 2608032 torch/_dynamo/convert_frame.py:2147]     self.inner_fn(*self.inner_fn_args())
[rank2]:W0910 13:58:30.233000 2608032 torch/_dynamo/convert_frame.py:2147]   File "/usr/local/lib/python3.12/dist-packages/torch/_inductor/lowering.py", line 2735, in inner_fn
[rank2]:W0910 13:58:30.233000 2608032 torch/_dynamo/convert_frame.py:2147]     _boundaries_helper(boundaries),
[rank2]:W0910 13:58:30.233000 2608032 torch/_dynamo/convert_frame.py:2147]     ^^^^^^^^^^^^^^^^^^^^^^^^^^^^^^
[rank2]:W0910 13:58:30.233000 2608032 torch/_dynamo/convert_frame.py:2147]   File "/usr/local/lib/python3.12/dist-packages/torch/_inductor/lowering.py", line 2589, in _boundaries_helper
[rank2]:W0910 13:58:30.233000 2608032 torch/_dynamo/convert_frame.py:2147]     stride = tb.get_stride()
[rank2]:W0910 13:58:30.233000 2608032 torch/_dynamo/convert_frame.py:2147]              ^^^^^^^^^^^^^^^
[rank2]:W0910 13:58:30.233000 2608032 torch/_dynamo/convert_frame.py:2147]   File "/usr/local/lib/python3.12/dist-packages/torch/_inductor/ir.py", line 8573, in get_stride
[rank2]:W0910 13:58:30.233000 2608032 torch/_dynamo/convert_frame.py:2147]     return self.data.get_stride()
[rank2]:W0910 13:58:30.233000 2608032 torch/_dynamo/convert_frame.py:2147]            ^^^^^^^^^^^^^^^^^^^^^^
[rank2]:W0910 13:58:30.233000 2608032 torch/_dynamo/convert_frame.py:2147]   File "/usr/local/lib/python3.12/dist-packages/torch/_inductor/ir.py", line 758, in get_stride
[rank2]:W0910 13:58:30.233000 2608032 torch/_dynamo/convert_frame.py:2147]     raise NotImplementedError(type(self).__name__)
[rank2]:W0910 13:58:30.233000 2608032 torch/_dynamo/convert_frame.py:2147] torch._inductor.exc.InductorError: NotImplementedError: SliceView
[rank2]:W0910 13:58:30.233000 2608032 torch/_dynamo/convert_frame.py:2147] 
[rank2]:W0910 13:58:30.233000 2608032 torch/_dynamo/convert_frame.py:2147] Set TORCHDYNAMO_VERBOSE=1 for the internal stack trace (please do this especially if you're reporting a bug to PyTorch). For even more developer context, set TORCH_LOGS="+dynamo"
[rank2]:W0910 13:58:30.233000 2608032 torch/_dynamo/convert_frame.py:2147] 
[rank2]:W0910 13:58:30.233000 2608032 torch/_dynamo/convert_frame.py:2147] Traceback (most recent call last):
[rank2]:W0910 13:58:30.233000 2608032 torch/_dynamo/convert_frame.py:2147]   File "/usr/local/lib/python3.12/dist-packages/torch/_dynamo/convert_frame.py", line 2052, in __call__
[rank2]:W0910 13:58:30.233000 2608032 torch/_dynamo/convert_frame.py:2147]     result = self._inner_convert(
[rank2]:W0910 13:58:30.233000 2608032 torch/_dynamo/convert_frame.py:2147]              ^^^^^^^^^^^^^^^^^^^^
[rank2]:W0910 13:58:30.233000 2608032 torch/_dynamo/convert_frame.py:2147]   File "/usr/local/lib/python3.12/dist-packages/torch/_dynamo/convert_frame.py", line 729, in __call__
[rank2]:W0910 13:58:30.233000 2608032 torch/_dynamo/convert_frame.py:2147]     result = _compile(
[rank2]:W0910 13:58:30.233000 2608032 torch/_dynamo/convert_frame.py:2147]              ^^^^^^^^^
[rank2]:W0910 13:58:30.233000 2608032 torch/_dynamo/convert_frame.py:2147]   File "/usr/local/lib/python3.12/dist-packages/torch/_dynamo/convert_frame.py", line 1827, in _compile
[rank2]:W0910 13:58:30.233000 2608032 torch/_dynamo/convert_frame.py:2147]     guarded_code, tracer_output = compile_inner(code, one_graph, hooks)
[rank2]:W0910 13:58:30.233000 2608032 torch/_dynamo/convert_frame.py:2147]                                   ^^^^^^^^^^^^^^^^^^^^^^^^^^^^^^^^^^^^^
[rank2]:W0910 13:58:30.233000 2608032 torch/_dynamo/convert_frame.py:2147]   File "/usr/local/lib/python3.12/dist-packages/torch/_utils_internal.py", line 96, in wrapper_function
[rank2]:W0910 13:58:30.233000 2608032 torch/_dynamo/convert_frame.py:2147]     return function(*args, **kwargs)
[rank2]:W0910 13:58:30.233000 2608032 torch/_dynamo/convert_frame.py:2147]            ^^^^^^^^^^^^^^^^^^^^^^^^^
[rank2]:W0910 13:58:30.233000 2608032 torch/_dynamo/convert_frame.py:2147]   File "/usr/local/lib/python3.12/dist-packages/torch/_dynamo/convert_frame.py", line 1500, in compile_inner
[rank2]:W0910 13:58:30.233000 2608032 torch/_dynamo/convert_frame.py:2147]     return _compile_inner(code, one_graph, hooks)
[rank2]:W0910 13:58:30.233000 2608032 torch/_dynamo/convert_frame.py:2147]            ^^^^^^^^^^^^^^^^^^^^^^^^^^^^^^^^^^^^^^
[rank2]:W0910 13:58:30.233000 2608032 torch/_dynamo/convert_frame.py:2147]   File "/usr/local/lib/python3.12/dist-packages/torch/_dynamo/convert_frame.py", line 1534, in _compile_inner
[rank2]:W0910 13:58:30.233000 2608032 torch/_dynamo/convert_frame.py:2147]     dynamo_output = compile_frame(
[rank2]:W0910 13:58:30.233000 2608032 torch/_dynamo/convert_frame.py:2147]                     ^^^^^^^^^^^^^^
[rank2]:W0910 13:58:30.233000 2608032 torch/_dynamo/convert_frame.py:2147]   File "/usr/local/lib/python3.12/dist-packages/torch/_dynamo/convert_frame.py", line 1408, in compile_frame
[rank2]:W0910 13:58:30.233000 2608032 torch/_dynamo/convert_frame.py:2147]     bytecode, tracer_output = transform_code_object(code, transform)
[rank2]:W0910 13:58:30.233000 2608032 torch/_dynamo/convert_frame.py:2147]                               ^^^^^^^^^^^^^^^^^^^^^^^^^^^^^^^^^^^^^^
[rank2]:W0910 13:58:30.233000 2608032 torch/_dynamo/convert_frame.py:2147]   File "/usr/local/lib/python3.12/dist-packages/torch/_dynamo/bytecode_transformation.py", line 1608, in transform_code_object
[rank2]:W0910 13:58:30.233000 2608032 torch/_dynamo/convert_frame.py:2147]     tracer_output = transformations(instructions, code_options)
[rank2]:W0910 13:58:30.233000 2608032 torch/_dynamo/convert_frame.py:2147]                     ^^^^^^^^^^^^^^^^^^^^^^^^^^^^^^^^^^^^^^^^^^^
[rank2]:W0910 13:58:30.233000 2608032 torch/_dynamo/convert_frame.py:2147]   File "/usr/local/lib/python3.12/dist-packages/torch/_dynamo/convert_frame.py", line 1380, in transform
[rank2]:W0910 13:58:30.233000 2608032 torch/_dynamo/convert_frame.py:2147]     tracer_output = trace_frame(
[rank2]:W0910 13:58:30.233000 2608032 torch/_dynamo/convert_frame.py:2147]                     ^^^^^^^^^^^^
[rank2]:W0910 13:58:30.233000 2608032 torch/_dynamo/convert_frame.py:2147]   File "/usr/local/lib/python3.12/dist-packages/torch/_dynamo/convert_frame.py", line 341, in _fn
[rank2]:W0910 13:58:30.233000 2608032 torch/_dynamo/convert_frame.py:2147]     return fn(*args, **kwargs)
[rank2]:W0910 13:58:30.233000 2608032 torch/_dynamo/convert_frame.py:2147]            ^^^^^^^^^^^^^^^^^^^
[rank2]:W0910 13:58:30.233000 2608032 torch/_dynamo/convert_frame.py:2147]   File "/usr/local/lib/python3.12/dist-packages/torch/_dynamo/convert_frame.py", line 863, in trace_frame
[rank2]:W0910 13:58:30.233000 2608032 torch/_dynamo/convert_frame.py:2147]     run_tracer()
[rank2]:W0910 13:58:30.233000 2608032 torch/_dynamo/convert_frame.py:2147]   File "/usr/local/lib/python3.12/dist-packages/torch/_dynamo/convert_frame.py", line 844, in run_tracer
[rank2]:W0910 13:58:30.233000 2608032 torch/_dynamo/convert_frame.py:2147]     tracer.run()
[rank2]:W0910 13:58:30.233000 2608032 torch/_dynamo/convert_frame.py:2147]   File "/usr/local/lib/python3.12/dist-packages/torch/_dynamo/symbolic_convert.py", line 1794, in run
[rank2]:W0910 13:58:30.233000 2608032 torch/_dynamo/convert_frame.py:2147]     while self.step():
[rank2]:W0910 13:58:30.233000 2608032 torch/_dynamo/convert_frame.py:2147]           ^^^^^^^^^^^
[rank2]:W0910 13:58:30.233000 2608032 torch/_dynamo/convert_frame.py:2147]   File "/usr/local/lib/python3.12/dist-packages/torch/_dynamo/symbolic_convert.py", line 1459, in step
[rank2]:W0910 13:58:30.233000 2608032 torch/_dynamo/convert_frame.py:2147]     self.dispatch_table[inst.opcode](self, inst)
[rank2]:W0910 13:58:30.233000 2608032 torch/_dynamo/convert_frame.py:2147]   File "/usr/local/lib/python3.12/dist-packages/torch/_dynamo/symbolic_convert.py", line 5570, in RETURN_VALUE
[rank2]:W0910 13:58:30.233000 2608032 torch/_dynamo/convert_frame.py:2147]     self._return(inst)
[rank2]:W0910 13:58:30.233000 2608032 torch/_dynamo/convert_frame.py:2147]   File "/usr/local/lib/python3.12/dist-packages/torch/_dynamo/symbolic_convert.py", line 5552, in _return
[rank2]:W0910 13:58:30.233000 2608032 torch/_dynamo/convert_frame.py:2147]     all_stack_locals_metadata = self.output.compile_subgraph(
[rank2]:W0910 13:58:30.233000 2608032 torch/_dynamo/convert_frame.py:2147]                                 ^^^^^^^^^^^^^^^^^^^^^^^^^^^^^
[rank2]:W0910 13:58:30.233000 2608032 torch/_dynamo/convert_frame.py:2147]   File "/usr/local/lib/python3.12/dist-packages/torch/_dynamo/output_graph.py", line 1889, in compile_subgraph
[rank2]:W0910 13:58:30.233000 2608032 torch/_dynamo/convert_frame.py:2147]     self.compile_and_call_fx_graph(tx, pass2.graph_output_vars(), root)
[rank2]:W0910 13:58:30.233000 2608032 torch/_dynamo/convert_frame.py:2147]   File "/usr/local/lib/python3.12/dist-packages/torch/_dynamo/output_graph.py", line 2460, in compile_and_call_fx_graph
[rank2]:W0910 13:58:30.233000 2608032 torch/_dynamo/convert_frame.py:2147]     compiled_fn = self.call_user_compiler(gm, self.example_inputs())
[rank2]:W0910 13:58:30.233000 2608032 torch/_dynamo/convert_frame.py:2147]                   ^^^^^^^^^^^^^^^^^^^^^^^^^^^^^^^^^^^^^^^^^^^^^^^^^^
[rank2]:W0910 13:58:30.233000 2608032 torch/_dynamo/convert_frame.py:2147]   File "/usr/local/lib/python3.12/dist-packages/torch/_dynamo/output_graph.py", line 2613, in call_user_compiler
[rank2]:W0910 13:58:30.233000 2608032 torch/_dynamo/convert_frame.py:2147]     return self._call_user_compiler(gm, example_inputs)
[rank2]:W0910 13:58:30.233000 2608032 torch/_dynamo/convert_frame.py:2147]            ^^^^^^^^^^^^^^^^^^^^^^^^^^^^^^^^^^^^^^^^^^^^
[rank2]:W0910 13:58:30.233000 2608032 torch/_dynamo/convert_frame.py:2147]   File "/usr/local/lib/python3.12/dist-packages/torch/_dynamo/output_graph.py", line 2664, in _call_user_compiler
[rank2]:W0910 13:58:30.233000 2608032 torch/_dynamo/convert_frame.py:2147]     compiled_fn = compiler_fn(gm, example_inputs)
[rank2]:W0910 13:58:30.233000 2608032 torch/_dynamo/convert_frame.py:2147]                   ^^^^^^^^^^^^^^^^^^^^^^^^^^^^^^^
[rank2]:W0910 13:58:30.233000 2608032 torch/_dynamo/convert_frame.py:2147]   File "/usr/local/lib/python3.12/dist-packages/torch/_dynamo/backends/distributed.py", line 569, in compile_fn
[rank2]:W0910 13:58:30.233000 2608032 torch/_dynamo/convert_frame.py:2147]     return self.backend_compile_fn(gm, example_inputs)
[rank2]:W0910 13:58:30.233000 2608032 torch/_dynamo/convert_frame.py:2147]            ^^^^^^^^^^^^^^^^^^^^^^^^^^^^^^^^^^^^^^^^^^^
[rank2]:W0910 13:58:30.233000 2608032 torch/_dynamo/convert_frame.py:2147]   File "/usr/local/lib/python3.12/dist-packages/torch/_dynamo/repro/after_dynamo.py", line 156, in __call__
[rank2]:W0910 13:58:30.233000 2608032 torch/_dynamo/convert_frame.py:2147]     compiled_gm = compiler_fn(gm, example_inputs)
[rank2]:W0910 13:58:30.233000 2608032 torch/_dynamo/convert_frame.py:2147]                   ^^^^^^^^^^^^^^^^^^^^^^^^^^^^^^^
[rank2]:W0910 13:58:30.233000 2608032 torch/_dynamo/convert_frame.py:2147]   File "/usr/local/lib/python3.12/dist-packages/torch/__init__.py", line 2461, in __call__
[rank2]:W0910 13:58:30.233000 2608032 torch/_dynamo/convert_frame.py:2147]     return compile_fx(model_, inputs_, config_patches=self.config)
[rank2]:W0910 13:58:30.233000 2608032 torch/_dynamo/convert_frame.py:2147]            ^^^^^^^^^^^^^^^^^^^^^^^^^^^^^^^^^^^^^^^^^^^^^^^^^^^^^^^
[rank2]:W0910 13:58:30.233000 2608032 torch/_dynamo/convert_frame.py:2147]   File "/usr/local/lib/python3.12/dist-packages/torch/_inductor/compile_fx.py", line 2578, in compile_fx
[rank2]:W0910 13:58:30.233000 2608032 torch/_dynamo/convert_frame.py:2147]     return _maybe_wrap_and_compile_fx_main(
[rank2]:W0910 13:58:30.233000 2608032 torch/_dynamo/convert_frame.py:2147]            ^^^^^^^^^^^^^^^^^^^^^^^^^^^^^^^^
[rank2]:W0910 13:58:30.233000 2608032 torch/_dynamo/convert_frame.py:2147]   File "/usr/local/lib/python3.12/dist-packages/torch/_inductor/compile_fx.py", line 2655, in _maybe_wrap_and_compile_fx_main
[rank2]:W0910 13:58:30.233000 2608032 torch/_dynamo/convert_frame.py:2147]     return _compile_fx_main(
[rank2]:W0910 13:58:30.233000 2608032 torch/_dynamo/convert_frame.py:2147]            ^^^^^^^^^^^^^^^^^
[rank2]:W0910 13:58:30.233000 2608032 torch/_dynamo/convert_frame.py:2147]   File "/usr/local/lib/python3.12/dist-packages/torch/_inductor/compile_fx.py", line 2864, in _compile_fx_main
[rank2]:W0910 13:58:30.233000 2608032 torch/_dynamo/convert_frame.py:2147]     raise e.remove_dynamo_frames() from None  # see TORCHDYNAMO_VERBOSE=1
[rank2]:W0910 13:58:30.233000 2608032 torch/_dynamo/convert_frame.py:2147]     ^^^^^^^^^^^^^^^^^^^^^^^^^^^^^^^^^^^^^^^^
[rank2]:W0910 13:58:30.233000 2608032 torch/_dynamo/convert_frame.py:2147]   File "/usr/local/lib/python3.12/dist-packages/torch/_inductor/compile_fx.py", line 1053, in _compile_fx_inner
[rank2]:W0910 13:58:30.233000 2608032 torch/_dynamo/convert_frame.py:2147]     raise InductorError(e, currentframe()).with_traceback(
[rank2]:W0910 13:58:30.233000 2608032 torch/_dynamo/convert_frame.py:2147]   File "/usr/local/lib/python3.12/dist-packages/torch/_inductor/compile_fx.py", line 1037, in _compile_fx_inner
[rank2]:W0910 13:58:30.233000 2608032 torch/_dynamo/convert_frame.py:2147]     mb_compiled_graph = fx_codegen_and_compile(
[rank2]:W0910 13:58:30.233000 2608032 torch/_dynamo/convert_frame.py:2147]                         ^^^^^^^^^^^^^^^^^^^^^^^
[rank2]:W0910 13:58:30.233000 2608032 torch/_dynamo/convert_frame.py:2147]   File "/usr/local/lib/python3.12/dist-packages/torch/_inductor/compile_fx.py", line 1798, in fx_codegen_and_compile
[rank2]:W0910 13:58:30.233000 2608032 torch/_dynamo/convert_frame.py:2147]     return scheme.codegen_and_compile(gm, example_inputs, inputs_to_check, graph_kwargs)
[rank2]:W0910 13:58:30.233000 2608032 torch/_dynamo/convert_frame.py:2147]            ^^^^^^^^^^^^^^^^^^^^^^^^^^^^^^^^^^^^^^^^^^^^^^^^^^^^^^^^^^^^^^^^^^^^^^^^^^^^^
[rank2]:W0910 13:58:30.233000 2608032 torch/_dynamo/convert_frame.py:2147]   File "/usr/local/lib/python3.12/dist-packages/torch/_inductor/compile_fx.py", line 1485, in codegen_and_compile
[rank2]:W0910 13:58:30.233000 2608032 torch/_dynamo/convert_frame.py:2147]     graph.run(*example_inputs)
[rank2]:W0910 13:58:30.233000 2608032 torch/_dynamo/convert_frame.py:2147]   File "/usr/local/lib/python3.12/dist-packages/torch/_inductor/graph.py", line 1025, in run
[rank2]:W0910 13:58:30.233000 2608032 torch/_dynamo/convert_frame.py:2147]     return super().run(*args)
[rank2]:W0910 13:58:30.233000 2608032 torch/_dynamo/convert_frame.py:2147]            ^^^^^^^^^^^^^^^^^^
[rank2]:W0910 13:58:30.233000 2608032 torch/_dynamo/convert_frame.py:2147]   File "/usr/local/lib/python3.12/dist-packages/torch/fx/interpreter.py", line 200, in run
[rank2]:W0910 13:58:30.233000 2608032 torch/_dynamo/convert_frame.py:2147]     self.env[node] = self.run_node(node)
[rank2]:W0910 13:58:30.233000 2608032 torch/_dynamo/convert_frame.py:2147]                      ^^^^^^^^^^^^^^^^^^^
[rank2]:W0910 13:58:30.233000 2608032 torch/_dynamo/convert_frame.py:2147]   File "/usr/local/lib/python3.12/dist-packages/torch/_inductor/graph.py", line 1997, in run_node
[rank2]:W0910 13:58:30.233000 2608032 torch/_dynamo/convert_frame.py:2147]     self.register_users_of(result)
[rank2]:W0910 13:58:30.233000 2608032 torch/_dynamo/convert_frame.py:2147]   File "/usr/local/lib/python3.12/dist-packages/torch/_inductor/graph.py", line 1072, in register_users_of
[rank2]:W0910 13:58:30.233000 2608032 torch/_dynamo/convert_frame.py:2147]     register(node_output)
[rank2]:W0910 13:58:30.233000 2608032 torch/_dynamo/convert_frame.py:2147]   File "/usr/local/lib/python3.12/dist-packages/torch/_inductor/graph.py", line 1069, in register
[rank2]:W0910 13:58:30.233000 2608032 torch/_dynamo/convert_frame.py:2147]     for read_name in value.get_read_names():
[rank2]:W0910 13:58:30.233000 2608032 torch/_dynamo/convert_frame.py:2147]                      ^^^^^^^^^^^^^^^^^^^^^^
[rank2]:W0910 13:58:30.233000 2608032 torch/_dynamo/convert_frame.py:2147]   File "/usr/local/lib/python3.12/dist-packages/torch/_inductor/ir.py", line 8658, in get_read_names
[rank2]:W0910 13:58:30.233000 2608032 torch/_dynamo/convert_frame.py:2147]     return self.data.get_read_names()
[rank2]:W0910 13:58:30.233000 2608032 torch/_dynamo/convert_frame.py:2147]            ^^^^^^^^^^^^^^^^^^^^^^^^^^
[rank2]:W0910 13:58:30.233000 2608032 torch/_dynamo/convert_frame.py:2147]   File "/usr/local/lib/python3.12/dist-packages/torch/_inductor/ir.py", line 8658, in get_read_names
[rank2]:W0910 13:58:30.233000 2608032 torch/_dynamo/convert_frame.py:2147]     return self.data.get_read_names()
[rank2]:W0910 13:58:30.233000 2608032 torch/_dynamo/convert_frame.py:2147]            ^^^^^^^^^^^^^^^^^^^^^^^^^^
[rank2]:W0910 13:58:30.233000 2608032 torch/_dynamo/convert_frame.py:2147]   File "/usr/local/lib/python3.12/dist-packages/torch/_inductor/ir.py", line 4766, in get_read_names
[rank2]:W0910 13:58:30.233000 2608032 torch/_dynamo/convert_frame.py:2147]     return self.data.get_read_names()
[rank2]:W0910 13:58:30.233000 2608032 torch/_dynamo/convert_frame.py:2147]            ^^^^^^^^^^^^^^^^^^^^^^^^^^
[rank2]:W0910 13:58:30.233000 2608032 torch/_dynamo/convert_frame.py:2147]   File "/usr/local/lib/python3.12/dist-packages/torch/_inductor/ir.py", line 1042, in get_read_names
[rank2]:W0910 13:58:30.233000 2608032 torch/_dynamo/convert_frame.py:2147]     return OrderedSet(self.inner_fn_opcount().read_buffers)
[rank2]:W0910 13:58:30.233000 2608032 torch/_dynamo/convert_frame.py:2147]                       ^^^^^^^^^^^^^^^^^^^^^^^
[rank2]:W0910 13:58:30.233000 2608032 torch/_dynamo/convert_frame.py:2147]   File "<string>", line 6, in inner_fn_opcount_cache_on_self
[rank2]:W0910 13:58:30.233000 2608032 torch/_dynamo/convert_frame.py:2147]   File "/usr/local/lib/python3.12/dist-packages/torch/_inductor/ir.py", line 1005, in inner_fn_opcount
[rank2]:W0910 13:58:30.233000 2608032 torch/_dynamo/convert_frame.py:2147]     self.inner_fn(*self.inner_fn_args())
[rank2]:W0910 13:58:30.233000 2608032 torch/_dynamo/convert_frame.py:2147]   File "/usr/local/lib/python3.12/dist-packages/torch/_inductor/lowering.py", line 2735, in inner_fn
[rank2]:W0910 13:58:30.233000 2608032 torch/_dynamo/convert_frame.py:2147]     _boundaries_helper(boundaries),
[rank2]:W0910 13:58:30.233000 2608032 torch/_dynamo/convert_frame.py:2147]     ^^^^^^^^^^^^^^^^^^^^^^^^^^^^^^
[rank2]:W0910 13:58:30.233000 2608032 torch/_dynamo/convert_frame.py:2147]   File "/usr/local/lib/python3.12/dist-packages/torch/_inductor/lowering.py", line 2589, in _boundaries_helper
[rank2]:W0910 13:58:30.233000 2608032 torch/_dynamo/convert_frame.py:2147]     stride = tb.get_stride()
[rank2]:W0910 13:58:30.233000 2608032 torch/_dynamo/convert_frame.py:2147]              ^^^^^^^^^^^^^^^
[rank2]:W0910 13:58:30.233000 2608032 torch/_dynamo/convert_frame.py:2147]   File "/usr/local/lib/python3.12/dist-packages/torch/_inductor/ir.py", line 8573, in get_stride
[rank2]:W0910 13:58:30.233000 2608032 torch/_dynamo/convert_frame.py:2147]     return self.data.get_stride()
[rank2]:W0910 13:58:30.233000 2608032 torch/_dynamo/convert_frame.py:2147]            ^^^^^^^^^^^^^^^^^^^^^^
[rank2]:W0910 13:58:30.233000 2608032 torch/_dynamo/convert_frame.py:2147]   File "/usr/local/lib/python3.12/dist-packages/torch/_inductor/ir.py", line 758, in get_stride
[rank2]:W0910 13:58:30.233000 2608032 torch/_dynamo/convert_frame.py:2147]     raise NotImplementedError(type(self).__name__)
[rank2]:W0910 13:58:30.233000 2608032 torch/_dynamo/convert_frame.py:2147] torch._inductor.exc.InductorError: NotImplementedError: SliceView
[rank2]:W0910 13:58:30.233000 2608032 torch/_dynamo/convert_frame.py:2147] 
[rank2]:W0910 13:58:30.233000 2608032 torch/_dynamo/convert_frame.py:2147] Set TORCHDYNAMO_VERBOSE=1 for the internal stack trace (please do this especially if you're reporting a bug to PyTorch). For even more developer context, set TORCH_LOGS="+dynamo"
[rank2]:W0910 13:58:30.233000 2608032 torch/_dynamo/convert_frame.py:2147] 
[rank1]:W0910 13:58:30.284000 2608031 torch/_dynamo/convert_frame.py:2147] WON'T CONVERT positions /work/aupai/model.py line 876 
[rank1]:W0910 13:58:30.284000 2608031 torch/_dynamo/convert_frame.py:2147] due to: 
[rank1]:W0910 13:58:30.284000 2608031 torch/_dynamo/convert_frame.py:2147] Traceback (most recent call last):
[rank1]:W0910 13:58:30.284000 2608031 torch/_dynamo/convert_frame.py:2147]   File "/usr/local/lib/python3.12/dist-packages/torch/_dynamo/convert_frame.py", line 2052, in __call__
[rank1]:W0910 13:58:30.284000 2608031 torch/_dynamo/convert_frame.py:2147]     result = self._inner_convert(
[rank1]:W0910 13:58:30.284000 2608031 torch/_dynamo/convert_frame.py:2147]              ^^^^^^^^^^^^^^^^^^^^
[rank1]:W0910 13:58:30.284000 2608031 torch/_dynamo/convert_frame.py:2147]   File "/usr/local/lib/python3.12/dist-packages/torch/_dynamo/convert_frame.py", line 729, in __call__
[rank1]:W0910 13:58:30.284000 2608031 torch/_dynamo/convert_frame.py:2147]     result = _compile(
[rank1]:W0910 13:58:30.284000 2608031 torch/_dynamo/convert_frame.py:2147]              ^^^^^^^^^
[rank1]:W0910 13:58:30.284000 2608031 torch/_dynamo/convert_frame.py:2147]   File "/usr/local/lib/python3.12/dist-packages/torch/_dynamo/convert_frame.py", line 1827, in _compile
[rank1]:W0910 13:58:30.284000 2608031 torch/_dynamo/convert_frame.py:2147]     guarded_code, tracer_output = compile_inner(code, one_graph, hooks)
[rank1]:W0910 13:58:30.284000 2608031 torch/_dynamo/convert_frame.py:2147]                                   ^^^^^^^^^^^^^^^^^^^^^^^^^^^^^^^^^^^^^
[rank1]:W0910 13:58:30.284000 2608031 torch/_dynamo/convert_frame.py:2147]   File "/usr/local/lib/python3.12/dist-packages/torch/_utils_internal.py", line 96, in wrapper_function
[rank1]:W0910 13:58:30.284000 2608031 torch/_dynamo/convert_frame.py:2147]     return function(*args, **kwargs)
[rank1]:W0910 13:58:30.284000 2608031 torch/_dynamo/convert_frame.py:2147]            ^^^^^^^^^^^^^^^^^^^^^^^^^
[rank1]:W0910 13:58:30.284000 2608031 torch/_dynamo/convert_frame.py:2147]   File "/usr/local/lib/python3.12/dist-packages/torch/_dynamo/convert_frame.py", line 1500, in compile_inner
[rank1]:W0910 13:58:30.284000 2608031 torch/_dynamo/convert_frame.py:2147]     return _compile_inner(code, one_graph, hooks)
[rank1]:W0910 13:58:30.284000 2608031 torch/_dynamo/convert_frame.py:2147]            ^^^^^^^^^^^^^^^^^^^^^^^^^^^^^^^^^^^^^^
[rank1]:W0910 13:58:30.284000 2608031 torch/_dynamo/convert_frame.py:2147]   File "/usr/local/lib/python3.12/dist-packages/torch/_dynamo/convert_frame.py", line 1534, in _compile_inner
[rank1]:W0910 13:58:30.284000 2608031 torch/_dynamo/convert_frame.py:2147]     dynamo_output = compile_frame(
[rank1]:W0910 13:58:30.284000 2608031 torch/_dynamo/convert_frame.py:2147]                     ^^^^^^^^^^^^^^
[rank1]:W0910 13:58:30.284000 2608031 torch/_dynamo/convert_frame.py:2147]   File "/usr/local/lib/python3.12/dist-packages/torch/_dynamo/convert_frame.py", line 1408, in compile_frame
[rank1]:W0910 13:58:30.284000 2608031 torch/_dynamo/convert_frame.py:2147]     bytecode, tracer_output = transform_code_object(code, transform)
[rank1]:W0910 13:58:30.284000 2608031 torch/_dynamo/convert_frame.py:2147]                               ^^^^^^^^^^^^^^^^^^^^^^^^^^^^^^^^^^^^^^
[rank1]:W0910 13:58:30.284000 2608031 torch/_dynamo/convert_frame.py:2147]   File "/usr/local/lib/python3.12/dist-packages/torch/_dynamo/bytecode_transformation.py", line 1608, in transform_code_object
[rank1]:W0910 13:58:30.284000 2608031 torch/_dynamo/convert_frame.py:2147]     tracer_output = transformations(instructions, code_options)
[rank1]:W0910 13:58:30.284000 2608031 torch/_dynamo/convert_frame.py:2147]                     ^^^^^^^^^^^^^^^^^^^^^^^^^^^^^^^^^^^^^^^^^^^
[rank1]:W0910 13:58:30.284000 2608031 torch/_dynamo/convert_frame.py:2147]   File "/usr/local/lib/python3.12/dist-packages/torch/_dynamo/convert_frame.py", line 1380, in transform
[rank1]:W0910 13:58:30.284000 2608031 torch/_dynamo/convert_frame.py:2147]     tracer_output = trace_frame(
[rank1]:W0910 13:58:30.284000 2608031 torch/_dynamo/convert_frame.py:2147]                     ^^^^^^^^^^^^
[rank1]:W0910 13:58:30.284000 2608031 torch/_dynamo/convert_frame.py:2147]   File "/usr/local/lib/python3.12/dist-packages/torch/_dynamo/convert_frame.py", line 341, in _fn
[rank1]:W0910 13:58:30.284000 2608031 torch/_dynamo/convert_frame.py:2147]     return fn(*args, **kwargs)
[rank1]:W0910 13:58:30.284000 2608031 torch/_dynamo/convert_frame.py:2147]            ^^^^^^^^^^^^^^^^^^^
[rank1]:W0910 13:58:30.284000 2608031 torch/_dynamo/convert_frame.py:2147]   File "/usr/local/lib/python3.12/dist-packages/torch/_dynamo/convert_frame.py", line 863, in trace_frame
[rank1]:W0910 13:58:30.284000 2608031 torch/_dynamo/convert_frame.py:2147]     run_tracer()
[rank1]:W0910 13:58:30.284000 2608031 torch/_dynamo/convert_frame.py:2147]   File "/usr/local/lib/python3.12/dist-packages/torch/_dynamo/convert_frame.py", line 844, in run_tracer
[rank1]:W0910 13:58:30.284000 2608031 torch/_dynamo/convert_frame.py:2147]     tracer.run()
[rank1]:W0910 13:58:30.284000 2608031 torch/_dynamo/convert_frame.py:2147]   File "/usr/local/lib/python3.12/dist-packages/torch/_dynamo/symbolic_convert.py", line 1794, in run
[rank1]:W0910 13:58:30.284000 2608031 torch/_dynamo/convert_frame.py:2147]     while self.step():
[rank1]:W0910 13:58:30.284000 2608031 torch/_dynamo/convert_frame.py:2147]           ^^^^^^^^^^^
[rank1]:W0910 13:58:30.284000 2608031 torch/_dynamo/convert_frame.py:2147]   File "/usr/local/lib/python3.12/dist-packages/torch/_dynamo/symbolic_convert.py", line 1459, in step
[rank1]:W0910 13:58:30.284000 2608031 torch/_dynamo/convert_frame.py:2147]     self.dispatch_table[inst.opcode](self, inst)
[rank1]:W0910 13:58:30.284000 2608031 torch/_dynamo/convert_frame.py:2147]   File "/usr/local/lib/python3.12/dist-packages/torch/_dynamo/symbolic_convert.py", line 5570, in RETURN_VALUE
[rank1]:W0910 13:58:30.284000 2608031 torch/_dynamo/convert_frame.py:2147]     self._return(inst)
[rank1]:W0910 13:58:30.284000 2608031 torch/_dynamo/convert_frame.py:2147]   File "/usr/local/lib/python3.12/dist-packages/torch/_dynamo/symbolic_convert.py", line 5552, in _return
[rank1]:W0910 13:58:30.284000 2608031 torch/_dynamo/convert_frame.py:2147]     all_stack_locals_metadata = self.output.compile_subgraph(
[rank1]:W0910 13:58:30.284000 2608031 torch/_dynamo/convert_frame.py:2147]                                 ^^^^^^^^^^^^^^^^^^^^^^^^^^^^^
[rank1]:W0910 13:58:30.284000 2608031 torch/_dynamo/convert_frame.py:2147]   File "/usr/local/lib/python3.12/dist-packages/torch/_dynamo/output_graph.py", line 1889, in compile_subgraph
[rank1]:W0910 13:58:30.284000 2608031 torch/_dynamo/convert_frame.py:2147]     self.compile_and_call_fx_graph(tx, pass2.graph_output_vars(), root)
[rank1]:W0910 13:58:30.284000 2608031 torch/_dynamo/convert_frame.py:2147]   File "/usr/local/lib/python3.12/dist-packages/torch/_dynamo/output_graph.py", line 2460, in compile_and_call_fx_graph
[rank1]:W0910 13:58:30.284000 2608031 torch/_dynamo/convert_frame.py:2147]     compiled_fn = self.call_user_compiler(gm, self.example_inputs())
[rank1]:W0910 13:58:30.284000 2608031 torch/_dynamo/convert_frame.py:2147]                   ^^^^^^^^^^^^^^^^^^^^^^^^^^^^^^^^^^^^^^^^^^^^^^^^^^
[rank1]:W0910 13:58:30.284000 2608031 torch/_dynamo/convert_frame.py:2147]   File "/usr/local/lib/python3.12/dist-packages/torch/_dynamo/output_graph.py", line 2613, in call_user_compiler
[rank1]:W0910 13:58:30.284000 2608031 torch/_dynamo/convert_frame.py:2147]     return self._call_user_compiler(gm, example_inputs)
[rank1]:W0910 13:58:30.284000 2608031 torch/_dynamo/convert_frame.py:2147]            ^^^^^^^^^^^^^^^^^^^^^^^^^^^^^^^^^^^^^^^^^^^^
[rank1]:W0910 13:58:30.284000 2608031 torch/_dynamo/convert_frame.py:2147]   File "/usr/local/lib/python3.12/dist-packages/torch/_dynamo/output_graph.py", line 2664, in _call_user_compiler
[rank1]:W0910 13:58:30.284000 2608031 torch/_dynamo/convert_frame.py:2147]     compiled_fn = compiler_fn(gm, example_inputs)
[rank1]:W0910 13:58:30.284000 2608031 torch/_dynamo/convert_frame.py:2147]                   ^^^^^^^^^^^^^^^^^^^^^^^^^^^^^^^
[rank1]:W0910 13:58:30.284000 2608031 torch/_dynamo/convert_frame.py:2147]   File "/usr/local/lib/python3.12/dist-packages/torch/_dynamo/backends/distributed.py", line 569, in compile_fn
[rank1]:W0910 13:58:30.284000 2608031 torch/_dynamo/convert_frame.py:2147]     return self.backend_compile_fn(gm, example_inputs)
[rank1]:W0910 13:58:30.284000 2608031 torch/_dynamo/convert_frame.py:2147]            ^^^^^^^^^^^^^^^^^^^^^^^^^^^^^^^^^^^^^^^^^^^
[rank1]:W0910 13:58:30.284000 2608031 torch/_dynamo/convert_frame.py:2147]   File "/usr/local/lib/python3.12/dist-packages/torch/_dynamo/repro/after_dynamo.py", line 156, in __call__
[rank1]:W0910 13:58:30.284000 2608031 torch/_dynamo/convert_frame.py:2147]     compiled_gm = compiler_fn(gm, example_inputs)
[rank1]:W0910 13:58:30.284000 2608031 torch/_dynamo/convert_frame.py:2147]                   ^^^^^^^^^^^^^^^^^^^^^^^^^^^^^^^
[rank1]:W0910 13:58:30.284000 2608031 torch/_dynamo/convert_frame.py:2147]   File "/usr/local/lib/python3.12/dist-packages/torch/__init__.py", line 2461, in __call__
[rank1]:W0910 13:58:30.284000 2608031 torch/_dynamo/convert_frame.py:2147]     return compile_fx(model_, inputs_, config_patches=self.config)
[rank1]:W0910 13:58:30.284000 2608031 torch/_dynamo/convert_frame.py:2147]            ^^^^^^^^^^^^^^^^^^^^^^^^^^^^^^^^^^^^^^^^^^^^^^^^^^^^^^^
[rank1]:W0910 13:58:30.284000 2608031 torch/_dynamo/convert_frame.py:2147]   File "/usr/local/lib/python3.12/dist-packages/torch/_inductor/compile_fx.py", line 2578, in compile_fx
[rank1]:W0910 13:58:30.284000 2608031 torch/_dynamo/convert_frame.py:2147]     return _maybe_wrap_and_compile_fx_main(
[rank1]:W0910 13:58:30.284000 2608031 torch/_dynamo/convert_frame.py:2147]            ^^^^^^^^^^^^^^^^^^^^^^^^^^^^^^^^
[rank1]:W0910 13:58:30.284000 2608031 torch/_dynamo/convert_frame.py:2147]   File "/usr/local/lib/python3.12/dist-packages/torch/_inductor/compile_fx.py", line 2655, in _maybe_wrap_and_compile_fx_main
[rank1]:W0910 13:58:30.284000 2608031 torch/_dynamo/convert_frame.py:2147]     return _compile_fx_main(
[rank1]:W0910 13:58:30.284000 2608031 torch/_dynamo/convert_frame.py:2147]            ^^^^^^^^^^^^^^^^^
[rank1]:W0910 13:58:30.284000 2608031 torch/_dynamo/convert_frame.py:2147]   File "/usr/local/lib/python3.12/dist-packages/torch/_inductor/compile_fx.py", line 2864, in _compile_fx_main
[rank1]:W0910 13:58:30.284000 2608031 torch/_dynamo/convert_frame.py:2147]     raise e.remove_dynamo_frames() from None  # see TORCHDYNAMO_VERBOSE=1
[rank1]:W0910 13:58:30.284000 2608031 torch/_dynamo/convert_frame.py:2147]     ^^^^^^^^^^^^^^^^^^^^^^^^^^^^^^^^^^^^^^^^
[rank1]:W0910 13:58:30.284000 2608031 torch/_dynamo/convert_frame.py:2147]   File "/usr/local/lib/python3.12/dist-packages/torch/_inductor/compile_fx.py", line 1053, in _compile_fx_inner
[rank1]:W0910 13:58:30.284000 2608031 torch/_dynamo/convert_frame.py:2147]     raise InductorError(e, currentframe()).with_traceback(
[rank1]:W0910 13:58:30.284000 2608031 torch/_dynamo/convert_frame.py:2147]   File "/usr/local/lib/python3.12/dist-packages/torch/_inductor/compile_fx.py", line 1037, in _compile_fx_inner
[rank1]:W0910 13:58:30.284000 2608031 torch/_dynamo/convert_frame.py:2147]     mb_compiled_graph = fx_codegen_and_compile(
[rank1]:W0910 13:58:30.284000 2608031 torch/_dynamo/convert_frame.py:2147]                         ^^^^^^^^^^^^^^^^^^^^^^^
[rank1]:W0910 13:58:30.284000 2608031 torch/_dynamo/convert_frame.py:2147]   File "/usr/local/lib/python3.12/dist-packages/torch/_inductor/compile_fx.py", line 1798, in fx_codegen_and_compile
[rank1]:W0910 13:58:30.284000 2608031 torch/_dynamo/convert_frame.py:2147]     return scheme.codegen_and_compile(gm, example_inputs, inputs_to_check, graph_kwargs)
[rank1]:W0910 13:58:30.284000 2608031 torch/_dynamo/convert_frame.py:2147]            ^^^^^^^^^^^^^^^^^^^^^^^^^^^^^^^^^^^^^^^^^^^^^^^^^^^^^^^^^^^^^^^^^^^^^^^^^^^^^
[rank1]:W0910 13:58:30.284000 2608031 torch/_dynamo/convert_frame.py:2147]   File "/usr/local/lib/python3.12/dist-packages/torch/_inductor/compile_fx.py", line 1485, in codegen_and_compile
[rank1]:W0910 13:58:30.284000 2608031 torch/_dynamo/convert_frame.py:2147]     graph.run(*example_inputs)
[rank1]:W0910 13:58:30.284000 2608031 torch/_dynamo/convert_frame.py:2147]   File "/usr/local/lib/python3.12/dist-packages/torch/_inductor/graph.py", line 1025, in run
[rank1]:W0910 13:58:30.284000 2608031 torch/_dynamo/convert_frame.py:2147]     return super().run(*args)
[rank1]:W0910 13:58:30.284000 2608031 torch/_dynamo/convert_frame.py:2147]            ^^^^^^^^^^^^^^^^^^
[rank1]:W0910 13:58:30.284000 2608031 torch/_dynamo/convert_frame.py:2147]   File "/usr/local/lib/python3.12/dist-packages/torch/fx/interpreter.py", line 200, in run
[rank1]:W0910 13:58:30.284000 2608031 torch/_dynamo/convert_frame.py:2147]     self.env[node] = self.run_node(node)
[rank1]:W0910 13:58:30.284000 2608031 torch/_dynamo/convert_frame.py:2147]                      ^^^^^^^^^^^^^^^^^^^
[rank1]:W0910 13:58:30.284000 2608031 torch/_dynamo/convert_frame.py:2147]   File "/usr/local/lib/python3.12/dist-packages/torch/_inductor/graph.py", line 1997, in run_node
[rank1]:W0910 13:58:30.284000 2608031 torch/_dynamo/convert_frame.py:2147]     self.register_users_of(result)
[rank1]:W0910 13:58:30.284000 2608031 torch/_dynamo/convert_frame.py:2147]   File "/usr/local/lib/python3.12/dist-packages/torch/_inductor/graph.py", line 1072, in register_users_of
[rank1]:W0910 13:58:30.284000 2608031 torch/_dynamo/convert_frame.py:2147]     register(node_output)
[rank1]:W0910 13:58:30.284000 2608031 torch/_dynamo/convert_frame.py:2147]   File "/usr/local/lib/python3.12/dist-packages/torch/_inductor/graph.py", line 1069, in register
[rank1]:W0910 13:58:30.284000 2608031 torch/_dynamo/convert_frame.py:2147]     for read_name in value.get_read_names():
[rank1]:W0910 13:58:30.284000 2608031 torch/_dynamo/convert_frame.py:2147]                      ^^^^^^^^^^^^^^^^^^^^^^
[rank1]:W0910 13:58:30.284000 2608031 torch/_dynamo/convert_frame.py:2147]   File "/usr/local/lib/python3.12/dist-packages/torch/_inductor/ir.py", line 8658, in get_read_names
[rank1]:W0910 13:58:30.284000 2608031 torch/_dynamo/convert_frame.py:2147]     return self.data.get_read_names()
[rank1]:W0910 13:58:30.284000 2608031 torch/_dynamo/convert_frame.py:2147]            ^^^^^^^^^^^^^^^^^^^^^^^^^^
[rank1]:W0910 13:58:30.284000 2608031 torch/_dynamo/convert_frame.py:2147]   File "/usr/local/lib/python3.12/dist-packages/torch/_inductor/ir.py", line 8658, in get_read_names
[rank1]:W0910 13:58:30.284000 2608031 torch/_dynamo/convert_frame.py:2147]     return self.data.get_read_names()
[rank1]:W0910 13:58:30.284000 2608031 torch/_dynamo/convert_frame.py:2147]            ^^^^^^^^^^^^^^^^^^^^^^^^^^
[rank1]:W0910 13:58:30.284000 2608031 torch/_dynamo/convert_frame.py:2147]   File "/usr/local/lib/python3.12/dist-packages/torch/_inductor/ir.py", line 4766, in get_read_names
[rank1]:W0910 13:58:30.284000 2608031 torch/_dynamo/convert_frame.py:2147]     return self.data.get_read_names()
[rank1]:W0910 13:58:30.284000 2608031 torch/_dynamo/convert_frame.py:2147]            ^^^^^^^^^^^^^^^^^^^^^^^^^^
[rank1]:W0910 13:58:30.284000 2608031 torch/_dynamo/convert_frame.py:2147]   File "/usr/local/lib/python3.12/dist-packages/torch/_inductor/ir.py", line 1042, in get_read_names
[rank1]:W0910 13:58:30.284000 2608031 torch/_dynamo/convert_frame.py:2147]     return OrderedSet(self.inner_fn_opcount().read_buffers)
[rank1]:W0910 13:58:30.284000 2608031 torch/_dynamo/convert_frame.py:2147]                       ^^^^^^^^^^^^^^^^^^^^^^^
[rank1]:W0910 13:58:30.284000 2608031 torch/_dynamo/convert_frame.py:2147]   File "<string>", line 6, in inner_fn_opcount_cache_on_self
[rank1]:W0910 13:58:30.284000 2608031 torch/_dynamo/convert_frame.py:2147]   File "/usr/local/lib/python3.12/dist-packages/torch/_inductor/ir.py", line 1005, in inner_fn_opcount
[rank1]:W0910 13:58:30.284000 2608031 torch/_dynamo/convert_frame.py:2147]     self.inner_fn(*self.inner_fn_args())
[rank1]:W0910 13:58:30.284000 2608031 torch/_dynamo/convert_frame.py:2147]   File "/usr/local/lib/python3.12/dist-packages/torch/_inductor/lowering.py", line 2735, in inner_fn
[rank1]:W0910 13:58:30.284000 2608031 torch/_dynamo/convert_frame.py:2147]     _boundaries_helper(boundaries),
[rank1]:W0910 13:58:30.284000 2608031 torch/_dynamo/convert_frame.py:2147]     ^^^^^^^^^^^^^^^^^^^^^^^^^^^^^^
[rank1]:W0910 13:58:30.284000 2608031 torch/_dynamo/convert_frame.py:2147]   File "/usr/local/lib/python3.12/dist-packages/torch/_inductor/lowering.py", line 2589, in _boundaries_helper
[rank1]:W0910 13:58:30.284000 2608031 torch/_dynamo/convert_frame.py:2147]     stride = tb.get_stride()
[rank1]:W0910 13:58:30.284000 2608031 torch/_dynamo/convert_frame.py:2147]              ^^^^^^^^^^^^^^^
[rank1]:W0910 13:58:30.284000 2608031 torch/_dynamo/convert_frame.py:2147]   File "/usr/local/lib/python3.12/dist-packages/torch/_inductor/ir.py", line 8573, in get_stride
[rank1]:W0910 13:58:30.284000 2608031 torch/_dynamo/convert_frame.py:2147]     return self.data.get_stride()
[rank1]:W0910 13:58:30.284000 2608031 torch/_dynamo/convert_frame.py:2147]            ^^^^^^^^^^^^^^^^^^^^^^
[rank1]:W0910 13:58:30.284000 2608031 torch/_dynamo/convert_frame.py:2147]   File "/usr/local/lib/python3.12/dist-packages/torch/_inductor/ir.py", line 758, in get_stride
[rank1]:W0910 13:58:30.284000 2608031 torch/_dynamo/convert_frame.py:2147]     raise NotImplementedError(type(self).__name__)
[rank1]:W0910 13:58:30.284000 2608031 torch/_dynamo/convert_frame.py:2147] torch._inductor.exc.InductorError: NotImplementedError: SliceView
[rank1]:W0910 13:58:30.284000 2608031 torch/_dynamo/convert_frame.py:2147] 
[rank1]:W0910 13:58:30.284000 2608031 torch/_dynamo/convert_frame.py:2147] Set TORCHDYNAMO_VERBOSE=1 for the internal stack trace (please do this especially if you're reporting a bug to PyTorch). For even more developer context, set TORCH_LOGS="+dynamo"
[rank1]:W0910 13:58:30.284000 2608031 torch/_dynamo/convert_frame.py:2147] 
[rank1]:W0910 13:58:30.284000 2608031 torch/_dynamo/convert_frame.py:2147] Traceback (most recent call last):
[rank1]:W0910 13:58:30.284000 2608031 torch/_dynamo/convert_frame.py:2147]   File "/usr/local/lib/python3.12/dist-packages/torch/_dynamo/convert_frame.py", line 2052, in __call__
[rank1]:W0910 13:58:30.284000 2608031 torch/_dynamo/convert_frame.py:2147]     result = self._inner_convert(
[rank1]:W0910 13:58:30.284000 2608031 torch/_dynamo/convert_frame.py:2147]              ^^^^^^^^^^^^^^^^^^^^
[rank1]:W0910 13:58:30.284000 2608031 torch/_dynamo/convert_frame.py:2147]   File "/usr/local/lib/python3.12/dist-packages/torch/_dynamo/convert_frame.py", line 729, in __call__
[rank1]:W0910 13:58:30.284000 2608031 torch/_dynamo/convert_frame.py:2147]     result = _compile(
[rank1]:W0910 13:58:30.284000 2608031 torch/_dynamo/convert_frame.py:2147]              ^^^^^^^^^
[rank1]:W0910 13:58:30.284000 2608031 torch/_dynamo/convert_frame.py:2147]   File "/usr/local/lib/python3.12/dist-packages/torch/_dynamo/convert_frame.py", line 1827, in _compile
[rank1]:W0910 13:58:30.284000 2608031 torch/_dynamo/convert_frame.py:2147]     guarded_code, tracer_output = compile_inner(code, one_graph, hooks)
[rank1]:W0910 13:58:30.284000 2608031 torch/_dynamo/convert_frame.py:2147]                                   ^^^^^^^^^^^^^^^^^^^^^^^^^^^^^^^^^^^^^
[rank1]:W0910 13:58:30.284000 2608031 torch/_dynamo/convert_frame.py:2147]   File "/usr/local/lib/python3.12/dist-packages/torch/_utils_internal.py", line 96, in wrapper_function
[rank1]:W0910 13:58:30.284000 2608031 torch/_dynamo/convert_frame.py:2147]     return function(*args, **kwargs)
[rank1]:W0910 13:58:30.284000 2608031 torch/_dynamo/convert_frame.py:2147]            ^^^^^^^^^^^^^^^^^^^^^^^^^
[rank1]:W0910 13:58:30.284000 2608031 torch/_dynamo/convert_frame.py:2147]   File "/usr/local/lib/python3.12/dist-packages/torch/_dynamo/convert_frame.py", line 1500, in compile_inner
[rank1]:W0910 13:58:30.284000 2608031 torch/_dynamo/convert_frame.py:2147]     return _compile_inner(code, one_graph, hooks)
[rank1]:W0910 13:58:30.284000 2608031 torch/_dynamo/convert_frame.py:2147]            ^^^^^^^^^^^^^^^^^^^^^^^^^^^^^^^^^^^^^^
[rank1]:W0910 13:58:30.284000 2608031 torch/_dynamo/convert_frame.py:2147]   File "/usr/local/lib/python3.12/dist-packages/torch/_dynamo/convert_frame.py", line 1534, in _compile_inner
[rank1]:W0910 13:58:30.284000 2608031 torch/_dynamo/convert_frame.py:2147]     dynamo_output = compile_frame(
[rank1]:W0910 13:58:30.284000 2608031 torch/_dynamo/convert_frame.py:2147]                     ^^^^^^^^^^^^^^
[rank1]:W0910 13:58:30.284000 2608031 torch/_dynamo/convert_frame.py:2147]   File "/usr/local/lib/python3.12/dist-packages/torch/_dynamo/convert_frame.py", line 1408, in compile_frame
[rank1]:W0910 13:58:30.284000 2608031 torch/_dynamo/convert_frame.py:2147]     bytecode, tracer_output = transform_code_object(code, transform)
[rank1]:W0910 13:58:30.284000 2608031 torch/_dynamo/convert_frame.py:2147]                               ^^^^^^^^^^^^^^^^^^^^^^^^^^^^^^^^^^^^^^
[rank1]:W0910 13:58:30.284000 2608031 torch/_dynamo/convert_frame.py:2147]   File "/usr/local/lib/python3.12/dist-packages/torch/_dynamo/bytecode_transformation.py", line 1608, in transform_code_object
[rank1]:W0910 13:58:30.284000 2608031 torch/_dynamo/convert_frame.py:2147]     tracer_output = transformations(instructions, code_options)
[rank1]:W0910 13:58:30.284000 2608031 torch/_dynamo/convert_frame.py:2147]                     ^^^^^^^^^^^^^^^^^^^^^^^^^^^^^^^^^^^^^^^^^^^
[rank1]:W0910 13:58:30.284000 2608031 torch/_dynamo/convert_frame.py:2147]   File "/usr/local/lib/python3.12/dist-packages/torch/_dynamo/convert_frame.py", line 1380, in transform
[rank1]:W0910 13:58:30.284000 2608031 torch/_dynamo/convert_frame.py:2147]     tracer_output = trace_frame(
[rank1]:W0910 13:58:30.284000 2608031 torch/_dynamo/convert_frame.py:2147]                     ^^^^^^^^^^^^
[rank1]:W0910 13:58:30.284000 2608031 torch/_dynamo/convert_frame.py:2147]   File "/usr/local/lib/python3.12/dist-packages/torch/_dynamo/convert_frame.py", line 341, in _fn
[rank1]:W0910 13:58:30.284000 2608031 torch/_dynamo/convert_frame.py:2147]     return fn(*args, **kwargs)
[rank1]:W0910 13:58:30.284000 2608031 torch/_dynamo/convert_frame.py:2147]            ^^^^^^^^^^^^^^^^^^^
[rank1]:W0910 13:58:30.284000 2608031 torch/_dynamo/convert_frame.py:2147]   File "/usr/local/lib/python3.12/dist-packages/torch/_dynamo/convert_frame.py", line 863, in trace_frame
[rank1]:W0910 13:58:30.284000 2608031 torch/_dynamo/convert_frame.py:2147]     run_tracer()
[rank1]:W0910 13:58:30.284000 2608031 torch/_dynamo/convert_frame.py:2147]   File "/usr/local/lib/python3.12/dist-packages/torch/_dynamo/convert_frame.py", line 844, in run_tracer
[rank1]:W0910 13:58:30.284000 2608031 torch/_dynamo/convert_frame.py:2147]     tracer.run()
[rank1]:W0910 13:58:30.284000 2608031 torch/_dynamo/convert_frame.py:2147]   File "/usr/local/lib/python3.12/dist-packages/torch/_dynamo/symbolic_convert.py", line 1794, in run
[rank1]:W0910 13:58:30.284000 2608031 torch/_dynamo/convert_frame.py:2147]     while self.step():
[rank1]:W0910 13:58:30.284000 2608031 torch/_dynamo/convert_frame.py:2147]           ^^^^^^^^^^^
[rank1]:W0910 13:58:30.284000 2608031 torch/_dynamo/convert_frame.py:2147]   File "/usr/local/lib/python3.12/dist-packages/torch/_dynamo/symbolic_convert.py", line 1459, in step
[rank1]:W0910 13:58:30.284000 2608031 torch/_dynamo/convert_frame.py:2147]     self.dispatch_table[inst.opcode](self, inst)
[rank1]:W0910 13:58:30.284000 2608031 torch/_dynamo/convert_frame.py:2147]   File "/usr/local/lib/python3.12/dist-packages/torch/_dynamo/symbolic_convert.py", line 5570, in RETURN_VALUE
[rank1]:W0910 13:58:30.284000 2608031 torch/_dynamo/convert_frame.py:2147]     self._return(inst)
[rank1]:W0910 13:58:30.284000 2608031 torch/_dynamo/convert_frame.py:2147]   File "/usr/local/lib/python3.12/dist-packages/torch/_dynamo/symbolic_convert.py", line 5552, in _return
[rank1]:W0910 13:58:30.284000 2608031 torch/_dynamo/convert_frame.py:2147]     all_stack_locals_metadata = self.output.compile_subgraph(
[rank1]:W0910 13:58:30.284000 2608031 torch/_dynamo/convert_frame.py:2147]                                 ^^^^^^^^^^^^^^^^^^^^^^^^^^^^^
[rank1]:W0910 13:58:30.284000 2608031 torch/_dynamo/convert_frame.py:2147]   File "/usr/local/lib/python3.12/dist-packages/torch/_dynamo/output_graph.py", line 1889, in compile_subgraph
[rank1]:W0910 13:58:30.284000 2608031 torch/_dynamo/convert_frame.py:2147]     self.compile_and_call_fx_graph(tx, pass2.graph_output_vars(), root)
[rank1]:W0910 13:58:30.284000 2608031 torch/_dynamo/convert_frame.py:2147]   File "/usr/local/lib/python3.12/dist-packages/torch/_dynamo/output_graph.py", line 2460, in compile_and_call_fx_graph
[rank1]:W0910 13:58:30.284000 2608031 torch/_dynamo/convert_frame.py:2147]     compiled_fn = self.call_user_compiler(gm, self.example_inputs())
[rank1]:W0910 13:58:30.284000 2608031 torch/_dynamo/convert_frame.py:2147]                   ^^^^^^^^^^^^^^^^^^^^^^^^^^^^^^^^^^^^^^^^^^^^^^^^^^
[rank1]:W0910 13:58:30.284000 2608031 torch/_dynamo/convert_frame.py:2147]   File "/usr/local/lib/python3.12/dist-packages/torch/_dynamo/output_graph.py", line 2613, in call_user_compiler
[rank1]:W0910 13:58:30.284000 2608031 torch/_dynamo/convert_frame.py:2147]     return self._call_user_compiler(gm, example_inputs)
[rank1]:W0910 13:58:30.284000 2608031 torch/_dynamo/convert_frame.py:2147]            ^^^^^^^^^^^^^^^^^^^^^^^^^^^^^^^^^^^^^^^^^^^^
[rank1]:W0910 13:58:30.284000 2608031 torch/_dynamo/convert_frame.py:2147]   File "/usr/local/lib/python3.12/dist-packages/torch/_dynamo/output_graph.py", line 2664, in _call_user_compiler
[rank1]:W0910 13:58:30.284000 2608031 torch/_dynamo/convert_frame.py:2147]     compiled_fn = compiler_fn(gm, example_inputs)
[rank1]:W0910 13:58:30.284000 2608031 torch/_dynamo/convert_frame.py:2147]                   ^^^^^^^^^^^^^^^^^^^^^^^^^^^^^^^
[rank1]:W0910 13:58:30.284000 2608031 torch/_dynamo/convert_frame.py:2147]   File "/usr/local/lib/python3.12/dist-packages/torch/_dynamo/backends/distributed.py", line 569, in compile_fn
[rank1]:W0910 13:58:30.284000 2608031 torch/_dynamo/convert_frame.py:2147]     return self.backend_compile_fn(gm, example_inputs)
[rank1]:W0910 13:58:30.284000 2608031 torch/_dynamo/convert_frame.py:2147]            ^^^^^^^^^^^^^^^^^^^^^^^^^^^^^^^^^^^^^^^^^^^
[rank1]:W0910 13:58:30.284000 2608031 torch/_dynamo/convert_frame.py:2147]   File "/usr/local/lib/python3.12/dist-packages/torch/_dynamo/repro/after_dynamo.py", line 156, in __call__
[rank1]:W0910 13:58:30.284000 2608031 torch/_dynamo/convert_frame.py:2147]     compiled_gm = compiler_fn(gm, example_inputs)
[rank1]:W0910 13:58:30.284000 2608031 torch/_dynamo/convert_frame.py:2147]                   ^^^^^^^^^^^^^^^^^^^^^^^^^^^^^^^
[rank1]:W0910 13:58:30.284000 2608031 torch/_dynamo/convert_frame.py:2147]   File "/usr/local/lib/python3.12/dist-packages/torch/__init__.py", line 2461, in __call__
[rank1]:W0910 13:58:30.284000 2608031 torch/_dynamo/convert_frame.py:2147]     return compile_fx(model_, inputs_, config_patches=self.config)
[rank1]:W0910 13:58:30.284000 2608031 torch/_dynamo/convert_frame.py:2147]            ^^^^^^^^^^^^^^^^^^^^^^^^^^^^^^^^^^^^^^^^^^^^^^^^^^^^^^^
[rank1]:W0910 13:58:30.284000 2608031 torch/_dynamo/convert_frame.py:2147]   File "/usr/local/lib/python3.12/dist-packages/torch/_inductor/compile_fx.py", line 2578, in compile_fx
[rank1]:W0910 13:58:30.284000 2608031 torch/_dynamo/convert_frame.py:2147]     return _maybe_wrap_and_compile_fx_main(
[rank1]:W0910 13:58:30.284000 2608031 torch/_dynamo/convert_frame.py:2147]            ^^^^^^^^^^^^^^^^^^^^^^^^^^^^^^^^
[rank1]:W0910 13:58:30.284000 2608031 torch/_dynamo/convert_frame.py:2147]   File "/usr/local/lib/python3.12/dist-packages/torch/_inductor/compile_fx.py", line 2655, in _maybe_wrap_and_compile_fx_main
[rank1]:W0910 13:58:30.284000 2608031 torch/_dynamo/convert_frame.py:2147]     return _compile_fx_main(
[rank1]:W0910 13:58:30.284000 2608031 torch/_dynamo/convert_frame.py:2147]            ^^^^^^^^^^^^^^^^^
[rank1]:W0910 13:58:30.284000 2608031 torch/_dynamo/convert_frame.py:2147]   File "/usr/local/lib/python3.12/dist-packages/torch/_inductor/compile_fx.py", line 2864, in _compile_fx_main
[rank1]:W0910 13:58:30.284000 2608031 torch/_dynamo/convert_frame.py:2147]     raise e.remove_dynamo_frames() from None  # see TORCHDYNAMO_VERBOSE=1
[rank1]:W0910 13:58:30.284000 2608031 torch/_dynamo/convert_frame.py:2147]     ^^^^^^^^^^^^^^^^^^^^^^^^^^^^^^^^^^^^^^^^
[rank1]:W0910 13:58:30.284000 2608031 torch/_dynamo/convert_frame.py:2147]   File "/usr/local/lib/python3.12/dist-packages/torch/_inductor/compile_fx.py", line 1053, in _compile_fx_inner
[rank1]:W0910 13:58:30.284000 2608031 torch/_dynamo/convert_frame.py:2147]     raise InductorError(e, currentframe()).with_traceback(
[rank1]:W0910 13:58:30.284000 2608031 torch/_dynamo/convert_frame.py:2147]   File "/usr/local/lib/python3.12/dist-packages/torch/_inductor/compile_fx.py", line 1037, in _compile_fx_inner
[rank1]:W0910 13:58:30.284000 2608031 torch/_dynamo/convert_frame.py:2147]     mb_compiled_graph = fx_codegen_and_compile(
[rank1]:W0910 13:58:30.284000 2608031 torch/_dynamo/convert_frame.py:2147]                         ^^^^^^^^^^^^^^^^^^^^^^^
[rank1]:W0910 13:58:30.284000 2608031 torch/_dynamo/convert_frame.py:2147]   File "/usr/local/lib/python3.12/dist-packages/torch/_inductor/compile_fx.py", line 1798, in fx_codegen_and_compile
[rank1]:W0910 13:58:30.284000 2608031 torch/_dynamo/convert_frame.py:2147]     return scheme.codegen_and_compile(gm, example_inputs, inputs_to_check, graph_kwargs)
[rank1]:W0910 13:58:30.284000 2608031 torch/_dynamo/convert_frame.py:2147]            ^^^^^^^^^^^^^^^^^^^^^^^^^^^^^^^^^^^^^^^^^^^^^^^^^^^^^^^^^^^^^^^^^^^^^^^^^^^^^
[rank1]:W0910 13:58:30.284000 2608031 torch/_dynamo/convert_frame.py:2147]   File "/usr/local/lib/python3.12/dist-packages/torch/_inductor/compile_fx.py", line 1485, in codegen_and_compile
[rank1]:W0910 13:58:30.284000 2608031 torch/_dynamo/convert_frame.py:2147]     graph.run(*example_inputs)
[rank1]:W0910 13:58:30.284000 2608031 torch/_dynamo/convert_frame.py:2147]   File "/usr/local/lib/python3.12/dist-packages/torch/_inductor/graph.py", line 1025, in run
[rank1]:W0910 13:58:30.284000 2608031 torch/_dynamo/convert_frame.py:2147]     return super().run(*args)
[rank1]:W0910 13:58:30.284000 2608031 torch/_dynamo/convert_frame.py:2147]            ^^^^^^^^^^^^^^^^^^
[rank1]:W0910 13:58:30.284000 2608031 torch/_dynamo/convert_frame.py:2147]   File "/usr/local/lib/python3.12/dist-packages/torch/fx/interpreter.py", line 200, in run
[rank1]:W0910 13:58:30.284000 2608031 torch/_dynamo/convert_frame.py:2147]     self.env[node] = self.run_node(node)
[rank1]:W0910 13:58:30.284000 2608031 torch/_dynamo/convert_frame.py:2147]                      ^^^^^^^^^^^^^^^^^^^
[rank1]:W0910 13:58:30.284000 2608031 torch/_dynamo/convert_frame.py:2147]   File "/usr/local/lib/python3.12/dist-packages/torch/_inductor/graph.py", line 1997, in run_node
[rank1]:W0910 13:58:30.284000 2608031 torch/_dynamo/convert_frame.py:2147]     self.register_users_of(result)
[rank1]:W0910 13:58:30.284000 2608031 torch/_dynamo/convert_frame.py:2147]   File "/usr/local/lib/python3.12/dist-packages/torch/_inductor/graph.py", line 1072, in register_users_of
[rank1]:W0910 13:58:30.284000 2608031 torch/_dynamo/convert_frame.py:2147]     register(node_output)
[rank1]:W0910 13:58:30.284000 2608031 torch/_dynamo/convert_frame.py:2147]   File "/usr/local/lib/python3.12/dist-packages/torch/_inductor/graph.py", line 1069, in register
[rank1]:W0910 13:58:30.284000 2608031 torch/_dynamo/convert_frame.py:2147]     for read_name in value.get_read_names():
[rank1]:W0910 13:58:30.284000 2608031 torch/_dynamo/convert_frame.py:2147]                      ^^^^^^^^^^^^^^^^^^^^^^
[rank1]:W0910 13:58:30.284000 2608031 torch/_dynamo/convert_frame.py:2147]   File "/usr/local/lib/python3.12/dist-packages/torch/_inductor/ir.py", line 8658, in get_read_names
[rank1]:W0910 13:58:30.284000 2608031 torch/_dynamo/convert_frame.py:2147]     return self.data.get_read_names()
[rank1]:W0910 13:58:30.284000 2608031 torch/_dynamo/convert_frame.py:2147]            ^^^^^^^^^^^^^^^^^^^^^^^^^^
[rank1]:W0910 13:58:30.284000 2608031 torch/_dynamo/convert_frame.py:2147]   File "/usr/local/lib/python3.12/dist-packages/torch/_inductor/ir.py", line 8658, in get_read_names
[rank1]:W0910 13:58:30.284000 2608031 torch/_dynamo/convert_frame.py:2147]     return self.data.get_read_names()
[rank1]:W0910 13:58:30.284000 2608031 torch/_dynamo/convert_frame.py:2147]            ^^^^^^^^^^^^^^^^^^^^^^^^^^
[rank1]:W0910 13:58:30.284000 2608031 torch/_dynamo/convert_frame.py:2147]   File "/usr/local/lib/python3.12/dist-packages/torch/_inductor/ir.py", line 4766, in get_read_names
[rank1]:W0910 13:58:30.284000 2608031 torch/_dynamo/convert_frame.py:2147]     return self.data.get_read_names()
[rank1]:W0910 13:58:30.284000 2608031 torch/_dynamo/convert_frame.py:2147]            ^^^^^^^^^^^^^^^^^^^^^^^^^^
[rank1]:W0910 13:58:30.284000 2608031 torch/_dynamo/convert_frame.py:2147]   File "/usr/local/lib/python3.12/dist-packages/torch/_inductor/ir.py", line 1042, in get_read_names
[rank1]:W0910 13:58:30.284000 2608031 torch/_dynamo/convert_frame.py:2147]     return OrderedSet(self.inner_fn_opcount().read_buffers)
[rank1]:W0910 13:58:30.284000 2608031 torch/_dynamo/convert_frame.py:2147]                       ^^^^^^^^^^^^^^^^^^^^^^^
[rank1]:W0910 13:58:30.284000 2608031 torch/_dynamo/convert_frame.py:2147]   File "<string>", line 6, in inner_fn_opcount_cache_on_self
[rank1]:W0910 13:58:30.284000 2608031 torch/_dynamo/convert_frame.py:2147]   File "/usr/local/lib/python3.12/dist-packages/torch/_inductor/ir.py", line 1005, in inner_fn_opcount
[rank1]:W0910 13:58:30.284000 2608031 torch/_dynamo/convert_frame.py:2147]     self.inner_fn(*self.inner_fn_args())
[rank1]:W0910 13:58:30.284000 2608031 torch/_dynamo/convert_frame.py:2147]   File "/usr/local/lib/python3.12/dist-packages/torch/_inductor/lowering.py", line 2735, in inner_fn
[rank1]:W0910 13:58:30.284000 2608031 torch/_dynamo/convert_frame.py:2147]     _boundaries_helper(boundaries),
[rank1]:W0910 13:58:30.284000 2608031 torch/_dynamo/convert_frame.py:2147]     ^^^^^^^^^^^^^^^^^^^^^^^^^^^^^^
[rank1]:W0910 13:58:30.284000 2608031 torch/_dynamo/convert_frame.py:2147]   File "/usr/local/lib/python3.12/dist-packages/torch/_inductor/lowering.py", line 2589, in _boundaries_helper
[rank1]:W0910 13:58:30.284000 2608031 torch/_dynamo/convert_frame.py:2147]     stride = tb.get_stride()
[rank1]:W0910 13:58:30.284000 2608031 torch/_dynamo/convert_frame.py:2147]              ^^^^^^^^^^^^^^^
[rank1]:W0910 13:58:30.284000 2608031 torch/_dynamo/convert_frame.py:2147]   File "/usr/local/lib/python3.12/dist-packages/torch/_inductor/ir.py", line 8573, in get_stride
[rank1]:W0910 13:58:30.284000 2608031 torch/_dynamo/convert_frame.py:2147]     return self.data.get_stride()
[rank1]:W0910 13:58:30.284000 2608031 torch/_dynamo/convert_frame.py:2147]            ^^^^^^^^^^^^^^^^^^^^^^
[rank1]:W0910 13:58:30.284000 2608031 torch/_dynamo/convert_frame.py:2147]   File "/usr/local/lib/python3.12/dist-packages/torch/_inductor/ir.py", line 758, in get_stride
[rank1]:W0910 13:58:30.284000 2608031 torch/_dynamo/convert_frame.py:2147]     raise NotImplementedError(type(self).__name__)
[rank1]:W0910 13:58:30.284000 2608031 torch/_dynamo/convert_frame.py:2147] torch._inductor.exc.InductorError: NotImplementedError: SliceView
[rank1]:W0910 13:58:30.284000 2608031 torch/_dynamo/convert_frame.py:2147] 
[rank1]:W0910 13:58:30.284000 2608031 torch/_dynamo/convert_frame.py:2147] Set TORCHDYNAMO_VERBOSE=1 for the internal stack trace (please do this especially if you're reporting a bug to PyTorch). For even more developer context, set TORCH_LOGS="+dynamo"
[rank1]:W0910 13:58:30.284000 2608031 torch/_dynamo/convert_frame.py:2147] 
[rank3]:W0910 13:58:31.142000 2608033 torch/_dynamo/convert_frame.py:2147] WON'T CONVERT positions /work/aupai/model.py line 876 
[rank3]:W0910 13:58:31.142000 2608033 torch/_dynamo/convert_frame.py:2147] due to: 
[rank3]:W0910 13:58:31.142000 2608033 torch/_dynamo/convert_frame.py:2147] Traceback (most recent call last):
[rank3]:W0910 13:58:31.142000 2608033 torch/_dynamo/convert_frame.py:2147]   File "/usr/local/lib/python3.12/dist-packages/torch/_dynamo/convert_frame.py", line 2052, in __call__
[rank3]:W0910 13:58:31.142000 2608033 torch/_dynamo/convert_frame.py:2147]     result = self._inner_convert(
[rank3]:W0910 13:58:31.142000 2608033 torch/_dynamo/convert_frame.py:2147]              ^^^^^^^^^^^^^^^^^^^^
[rank3]:W0910 13:58:31.142000 2608033 torch/_dynamo/convert_frame.py:2147]   File "/usr/local/lib/python3.12/dist-packages/torch/_dynamo/convert_frame.py", line 729, in __call__
[rank3]:W0910 13:58:31.142000 2608033 torch/_dynamo/convert_frame.py:2147]     result = _compile(
[rank3]:W0910 13:58:31.142000 2608033 torch/_dynamo/convert_frame.py:2147]              ^^^^^^^^^
[rank3]:W0910 13:58:31.142000 2608033 torch/_dynamo/convert_frame.py:2147]   File "/usr/local/lib/python3.12/dist-packages/torch/_dynamo/convert_frame.py", line 1827, in _compile
[rank3]:W0910 13:58:31.142000 2608033 torch/_dynamo/convert_frame.py:2147]     guarded_code, tracer_output = compile_inner(code, one_graph, hooks)
[rank3]:W0910 13:58:31.142000 2608033 torch/_dynamo/convert_frame.py:2147]                                   ^^^^^^^^^^^^^^^^^^^^^^^^^^^^^^^^^^^^^
[rank3]:W0910 13:58:31.142000 2608033 torch/_dynamo/convert_frame.py:2147]   File "/usr/local/lib/python3.12/dist-packages/torch/_utils_internal.py", line 96, in wrapper_function
[rank3]:W0910 13:58:31.142000 2608033 torch/_dynamo/convert_frame.py:2147]     return function(*args, **kwargs)
[rank3]:W0910 13:58:31.142000 2608033 torch/_dynamo/convert_frame.py:2147]            ^^^^^^^^^^^^^^^^^^^^^^^^^
[rank3]:W0910 13:58:31.142000 2608033 torch/_dynamo/convert_frame.py:2147]   File "/usr/local/lib/python3.12/dist-packages/torch/_dynamo/convert_frame.py", line 1500, in compile_inner
[rank3]:W0910 13:58:31.142000 2608033 torch/_dynamo/convert_frame.py:2147]     return _compile_inner(code, one_graph, hooks)
[rank3]:W0910 13:58:31.142000 2608033 torch/_dynamo/convert_frame.py:2147]            ^^^^^^^^^^^^^^^^^^^^^^^^^^^^^^^^^^^^^^
[rank3]:W0910 13:58:31.142000 2608033 torch/_dynamo/convert_frame.py:2147]   File "/usr/local/lib/python3.12/dist-packages/torch/_dynamo/convert_frame.py", line 1534, in _compile_inner
[rank3]:W0910 13:58:31.142000 2608033 torch/_dynamo/convert_frame.py:2147]     dynamo_output = compile_frame(
[rank3]:W0910 13:58:31.142000 2608033 torch/_dynamo/convert_frame.py:2147]                     ^^^^^^^^^^^^^^
[rank3]:W0910 13:58:31.142000 2608033 torch/_dynamo/convert_frame.py:2147]   File "/usr/local/lib/python3.12/dist-packages/torch/_dynamo/convert_frame.py", line 1408, in compile_frame
[rank3]:W0910 13:58:31.142000 2608033 torch/_dynamo/convert_frame.py:2147]     bytecode, tracer_output = transform_code_object(code, transform)
[rank3]:W0910 13:58:31.142000 2608033 torch/_dynamo/convert_frame.py:2147]                               ^^^^^^^^^^^^^^^^^^^^^^^^^^^^^^^^^^^^^^
[rank3]:W0910 13:58:31.142000 2608033 torch/_dynamo/convert_frame.py:2147]   File "/usr/local/lib/python3.12/dist-packages/torch/_dynamo/bytecode_transformation.py", line 1608, in transform_code_object
[rank3]:W0910 13:58:31.142000 2608033 torch/_dynamo/convert_frame.py:2147]     tracer_output = transformations(instructions, code_options)
[rank3]:W0910 13:58:31.142000 2608033 torch/_dynamo/convert_frame.py:2147]                     ^^^^^^^^^^^^^^^^^^^^^^^^^^^^^^^^^^^^^^^^^^^
[rank3]:W0910 13:58:31.142000 2608033 torch/_dynamo/convert_frame.py:2147]   File "/usr/local/lib/python3.12/dist-packages/torch/_dynamo/convert_frame.py", line 1380, in transform
[rank3]:W0910 13:58:31.142000 2608033 torch/_dynamo/convert_frame.py:2147]     tracer_output = trace_frame(
[rank3]:W0910 13:58:31.142000 2608033 torch/_dynamo/convert_frame.py:2147]                     ^^^^^^^^^^^^
[rank3]:W0910 13:58:31.142000 2608033 torch/_dynamo/convert_frame.py:2147]   File "/usr/local/lib/python3.12/dist-packages/torch/_dynamo/convert_frame.py", line 341, in _fn
[rank3]:W0910 13:58:31.142000 2608033 torch/_dynamo/convert_frame.py:2147]     return fn(*args, **kwargs)
[rank3]:W0910 13:58:31.142000 2608033 torch/_dynamo/convert_frame.py:2147]            ^^^^^^^^^^^^^^^^^^^
[rank3]:W0910 13:58:31.142000 2608033 torch/_dynamo/convert_frame.py:2147]   File "/usr/local/lib/python3.12/dist-packages/torch/_dynamo/convert_frame.py", line 863, in trace_frame
[rank3]:W0910 13:58:31.142000 2608033 torch/_dynamo/convert_frame.py:2147]     run_tracer()
[rank3]:W0910 13:58:31.142000 2608033 torch/_dynamo/convert_frame.py:2147]   File "/usr/local/lib/python3.12/dist-packages/torch/_dynamo/convert_frame.py", line 844, in run_tracer
[rank3]:W0910 13:58:31.142000 2608033 torch/_dynamo/convert_frame.py:2147]     tracer.run()
[rank3]:W0910 13:58:31.142000 2608033 torch/_dynamo/convert_frame.py:2147]   File "/usr/local/lib/python3.12/dist-packages/torch/_dynamo/symbolic_convert.py", line 1794, in run
[rank3]:W0910 13:58:31.142000 2608033 torch/_dynamo/convert_frame.py:2147]     while self.step():
[rank3]:W0910 13:58:31.142000 2608033 torch/_dynamo/convert_frame.py:2147]           ^^^^^^^^^^^
[rank3]:W0910 13:58:31.142000 2608033 torch/_dynamo/convert_frame.py:2147]   File "/usr/local/lib/python3.12/dist-packages/torch/_dynamo/symbolic_convert.py", line 1459, in step
[rank3]:W0910 13:58:31.142000 2608033 torch/_dynamo/convert_frame.py:2147]     self.dispatch_table[inst.opcode](self, inst)
[rank3]:W0910 13:58:31.142000 2608033 torch/_dynamo/convert_frame.py:2147]   File "/usr/local/lib/python3.12/dist-packages/torch/_dynamo/symbolic_convert.py", line 5570, in RETURN_VALUE
[rank3]:W0910 13:58:31.142000 2608033 torch/_dynamo/convert_frame.py:2147]     self._return(inst)
[rank3]:W0910 13:58:31.142000 2608033 torch/_dynamo/convert_frame.py:2147]   File "/usr/local/lib/python3.12/dist-packages/torch/_dynamo/symbolic_convert.py", line 5552, in _return
[rank3]:W0910 13:58:31.142000 2608033 torch/_dynamo/convert_frame.py:2147]     all_stack_locals_metadata = self.output.compile_subgraph(
[rank3]:W0910 13:58:31.142000 2608033 torch/_dynamo/convert_frame.py:2147]                                 ^^^^^^^^^^^^^^^^^^^^^^^^^^^^^
[rank3]:W0910 13:58:31.142000 2608033 torch/_dynamo/convert_frame.py:2147]   File "/usr/local/lib/python3.12/dist-packages/torch/_dynamo/output_graph.py", line 1889, in compile_subgraph
[rank3]:W0910 13:58:31.142000 2608033 torch/_dynamo/convert_frame.py:2147]     self.compile_and_call_fx_graph(tx, pass2.graph_output_vars(), root)
[rank3]:W0910 13:58:31.142000 2608033 torch/_dynamo/convert_frame.py:2147]   File "/usr/local/lib/python3.12/dist-packages/torch/_dynamo/output_graph.py", line 2460, in compile_and_call_fx_graph
[rank3]:W0910 13:58:31.142000 2608033 torch/_dynamo/convert_frame.py:2147]     compiled_fn = self.call_user_compiler(gm, self.example_inputs())
[rank3]:W0910 13:58:31.142000 2608033 torch/_dynamo/convert_frame.py:2147]                   ^^^^^^^^^^^^^^^^^^^^^^^^^^^^^^^^^^^^^^^^^^^^^^^^^^
[rank3]:W0910 13:58:31.142000 2608033 torch/_dynamo/convert_frame.py:2147]   File "/usr/local/lib/python3.12/dist-packages/torch/_dynamo/output_graph.py", line 2613, in call_user_compiler
[rank3]:W0910 13:58:31.142000 2608033 torch/_dynamo/convert_frame.py:2147]     return self._call_user_compiler(gm, example_inputs)
[rank3]:W0910 13:58:31.142000 2608033 torch/_dynamo/convert_frame.py:2147]            ^^^^^^^^^^^^^^^^^^^^^^^^^^^^^^^^^^^^^^^^^^^^
[rank3]:W0910 13:58:31.142000 2608033 torch/_dynamo/convert_frame.py:2147]   File "/usr/local/lib/python3.12/dist-packages/torch/_dynamo/output_graph.py", line 2664, in _call_user_compiler
[rank3]:W0910 13:58:31.142000 2608033 torch/_dynamo/convert_frame.py:2147]     compiled_fn = compiler_fn(gm, example_inputs)
[rank3]:W0910 13:58:31.142000 2608033 torch/_dynamo/convert_frame.py:2147]                   ^^^^^^^^^^^^^^^^^^^^^^^^^^^^^^^
[rank3]:W0910 13:58:31.142000 2608033 torch/_dynamo/convert_frame.py:2147]   File "/usr/local/lib/python3.12/dist-packages/torch/_dynamo/backends/distributed.py", line 569, in compile_fn
[rank3]:W0910 13:58:31.142000 2608033 torch/_dynamo/convert_frame.py:2147]     return self.backend_compile_fn(gm, example_inputs)
[rank3]:W0910 13:58:31.142000 2608033 torch/_dynamo/convert_frame.py:2147]            ^^^^^^^^^^^^^^^^^^^^^^^^^^^^^^^^^^^^^^^^^^^
[rank3]:W0910 13:58:31.142000 2608033 torch/_dynamo/convert_frame.py:2147]   File "/usr/local/lib/python3.12/dist-packages/torch/_dynamo/repro/after_dynamo.py", line 156, in __call__
[rank3]:W0910 13:58:31.142000 2608033 torch/_dynamo/convert_frame.py:2147]     compiled_gm = compiler_fn(gm, example_inputs)
[rank3]:W0910 13:58:31.142000 2608033 torch/_dynamo/convert_frame.py:2147]                   ^^^^^^^^^^^^^^^^^^^^^^^^^^^^^^^
[rank3]:W0910 13:58:31.142000 2608033 torch/_dynamo/convert_frame.py:2147]   File "/usr/local/lib/python3.12/dist-packages/torch/__init__.py", line 2461, in __call__
[rank3]:W0910 13:58:31.142000 2608033 torch/_dynamo/convert_frame.py:2147]     return compile_fx(model_, inputs_, config_patches=self.config)
[rank3]:W0910 13:58:31.142000 2608033 torch/_dynamo/convert_frame.py:2147]            ^^^^^^^^^^^^^^^^^^^^^^^^^^^^^^^^^^^^^^^^^^^^^^^^^^^^^^^
[rank3]:W0910 13:58:31.142000 2608033 torch/_dynamo/convert_frame.py:2147]   File "/usr/local/lib/python3.12/dist-packages/torch/_inductor/compile_fx.py", line 2578, in compile_fx
[rank3]:W0910 13:58:31.142000 2608033 torch/_dynamo/convert_frame.py:2147]     return _maybe_wrap_and_compile_fx_main(
[rank3]:W0910 13:58:31.142000 2608033 torch/_dynamo/convert_frame.py:2147]            ^^^^^^^^^^^^^^^^^^^^^^^^^^^^^^^^
[rank3]:W0910 13:58:31.142000 2608033 torch/_dynamo/convert_frame.py:2147]   File "/usr/local/lib/python3.12/dist-packages/torch/_inductor/compile_fx.py", line 2655, in _maybe_wrap_and_compile_fx_main
[rank3]:W0910 13:58:31.142000 2608033 torch/_dynamo/convert_frame.py:2147]     return _compile_fx_main(
[rank3]:W0910 13:58:31.142000 2608033 torch/_dynamo/convert_frame.py:2147]            ^^^^^^^^^^^^^^^^^
[rank3]:W0910 13:58:31.142000 2608033 torch/_dynamo/convert_frame.py:2147]   File "/usr/local/lib/python3.12/dist-packages/torch/_inductor/compile_fx.py", line 2864, in _compile_fx_main
[rank3]:W0910 13:58:31.142000 2608033 torch/_dynamo/convert_frame.py:2147]     raise e.remove_dynamo_frames() from None  # see TORCHDYNAMO_VERBOSE=1
[rank3]:W0910 13:58:31.142000 2608033 torch/_dynamo/convert_frame.py:2147]     ^^^^^^^^^^^^^^^^^^^^^^^^^^^^^^^^^^^^^^^^
[rank3]:W0910 13:58:31.142000 2608033 torch/_dynamo/convert_frame.py:2147]   File "/usr/local/lib/python3.12/dist-packages/torch/_inductor/compile_fx.py", line 1053, in _compile_fx_inner
[rank3]:W0910 13:58:31.142000 2608033 torch/_dynamo/convert_frame.py:2147]     raise InductorError(e, currentframe()).with_traceback(
[rank3]:W0910 13:58:31.142000 2608033 torch/_dynamo/convert_frame.py:2147]   File "/usr/local/lib/python3.12/dist-packages/torch/_inductor/compile_fx.py", line 1037, in _compile_fx_inner
[rank3]:W0910 13:58:31.142000 2608033 torch/_dynamo/convert_frame.py:2147]     mb_compiled_graph = fx_codegen_and_compile(
[rank3]:W0910 13:58:31.142000 2608033 torch/_dynamo/convert_frame.py:2147]                         ^^^^^^^^^^^^^^^^^^^^^^^
[rank3]:W0910 13:58:31.142000 2608033 torch/_dynamo/convert_frame.py:2147]   File "/usr/local/lib/python3.12/dist-packages/torch/_inductor/compile_fx.py", line 1798, in fx_codegen_and_compile
[rank3]:W0910 13:58:31.142000 2608033 torch/_dynamo/convert_frame.py:2147]     return scheme.codegen_and_compile(gm, example_inputs, inputs_to_check, graph_kwargs)
[rank3]:W0910 13:58:31.142000 2608033 torch/_dynamo/convert_frame.py:2147]            ^^^^^^^^^^^^^^^^^^^^^^^^^^^^^^^^^^^^^^^^^^^^^^^^^^^^^^^^^^^^^^^^^^^^^^^^^^^^^
[rank3]:W0910 13:58:31.142000 2608033 torch/_dynamo/convert_frame.py:2147]   File "/usr/local/lib/python3.12/dist-packages/torch/_inductor/compile_fx.py", line 1485, in codegen_and_compile
[rank3]:W0910 13:58:31.142000 2608033 torch/_dynamo/convert_frame.py:2147]     graph.run(*example_inputs)
[rank3]:W0910 13:58:31.142000 2608033 torch/_dynamo/convert_frame.py:2147]   File "/usr/local/lib/python3.12/dist-packages/torch/_inductor/graph.py", line 1025, in run
[rank3]:W0910 13:58:31.142000 2608033 torch/_dynamo/convert_frame.py:2147]     return super().run(*args)
[rank3]:W0910 13:58:31.142000 2608033 torch/_dynamo/convert_frame.py:2147]            ^^^^^^^^^^^^^^^^^^
[rank3]:W0910 13:58:31.142000 2608033 torch/_dynamo/convert_frame.py:2147]   File "/usr/local/lib/python3.12/dist-packages/torch/fx/interpreter.py", line 200, in run
[rank3]:W0910 13:58:31.142000 2608033 torch/_dynamo/convert_frame.py:2147]     self.env[node] = self.run_node(node)
[rank3]:W0910 13:58:31.142000 2608033 torch/_dynamo/convert_frame.py:2147]                      ^^^^^^^^^^^^^^^^^^^
[rank3]:W0910 13:58:31.142000 2608033 torch/_dynamo/convert_frame.py:2147]   File "/usr/local/lib/python3.12/dist-packages/torch/_inductor/graph.py", line 1997, in run_node
[rank3]:W0910 13:58:31.142000 2608033 torch/_dynamo/convert_frame.py:2147]     self.register_users_of(result)
[rank3]:W0910 13:58:31.142000 2608033 torch/_dynamo/convert_frame.py:2147]   File "/usr/local/lib/python3.12/dist-packages/torch/_inductor/graph.py", line 1072, in register_users_of
[rank3]:W0910 13:58:31.142000 2608033 torch/_dynamo/convert_frame.py:2147]     register(node_output)
[rank3]:W0910 13:58:31.142000 2608033 torch/_dynamo/convert_frame.py:2147]   File "/usr/local/lib/python3.12/dist-packages/torch/_inductor/graph.py", line 1069, in register
[rank3]:W0910 13:58:31.142000 2608033 torch/_dynamo/convert_frame.py:2147]     for read_name in value.get_read_names():
[rank3]:W0910 13:58:31.142000 2608033 torch/_dynamo/convert_frame.py:2147]                      ^^^^^^^^^^^^^^^^^^^^^^
[rank3]:W0910 13:58:31.142000 2608033 torch/_dynamo/convert_frame.py:2147]   File "/usr/local/lib/python3.12/dist-packages/torch/_inductor/ir.py", line 8658, in get_read_names
[rank3]:W0910 13:58:31.142000 2608033 torch/_dynamo/convert_frame.py:2147]     return self.data.get_read_names()
[rank3]:W0910 13:58:31.142000 2608033 torch/_dynamo/convert_frame.py:2147]            ^^^^^^^^^^^^^^^^^^^^^^^^^^
[rank3]:W0910 13:58:31.142000 2608033 torch/_dynamo/convert_frame.py:2147]   File "/usr/local/lib/python3.12/dist-packages/torch/_inductor/ir.py", line 8658, in get_read_names
[rank3]:W0910 13:58:31.142000 2608033 torch/_dynamo/convert_frame.py:2147]     return self.data.get_read_names()
[rank3]:W0910 13:58:31.142000 2608033 torch/_dynamo/convert_frame.py:2147]            ^^^^^^^^^^^^^^^^^^^^^^^^^^
[rank3]:W0910 13:58:31.142000 2608033 torch/_dynamo/convert_frame.py:2147]   File "/usr/local/lib/python3.12/dist-packages/torch/_inductor/ir.py", line 4766, in get_read_names
[rank3]:W0910 13:58:31.142000 2608033 torch/_dynamo/convert_frame.py:2147]     return self.data.get_read_names()
[rank3]:W0910 13:58:31.142000 2608033 torch/_dynamo/convert_frame.py:2147]            ^^^^^^^^^^^^^^^^^^^^^^^^^^
[rank3]:W0910 13:58:31.142000 2608033 torch/_dynamo/convert_frame.py:2147]   File "/usr/local/lib/python3.12/dist-packages/torch/_inductor/ir.py", line 1042, in get_read_names
[rank3]:W0910 13:58:31.142000 2608033 torch/_dynamo/convert_frame.py:2147]     return OrderedSet(self.inner_fn_opcount().read_buffers)
[rank3]:W0910 13:58:31.142000 2608033 torch/_dynamo/convert_frame.py:2147]                       ^^^^^^^^^^^^^^^^^^^^^^^
[rank3]:W0910 13:58:31.142000 2608033 torch/_dynamo/convert_frame.py:2147]   File "<string>", line 6, in inner_fn_opcount_cache_on_self
[rank3]:W0910 13:58:31.142000 2608033 torch/_dynamo/convert_frame.py:2147]   File "/usr/local/lib/python3.12/dist-packages/torch/_inductor/ir.py", line 1005, in inner_fn_opcount
[rank3]:W0910 13:58:31.142000 2608033 torch/_dynamo/convert_frame.py:2147]     self.inner_fn(*self.inner_fn_args())
[rank3]:W0910 13:58:31.142000 2608033 torch/_dynamo/convert_frame.py:2147]   File "/usr/local/lib/python3.12/dist-packages/torch/_inductor/lowering.py", line 2735, in inner_fn
[rank3]:W0910 13:58:31.142000 2608033 torch/_dynamo/convert_frame.py:2147]     _boundaries_helper(boundaries),
[rank3]:W0910 13:58:31.142000 2608033 torch/_dynamo/convert_frame.py:2147]     ^^^^^^^^^^^^^^^^^^^^^^^^^^^^^^
[rank3]:W0910 13:58:31.142000 2608033 torch/_dynamo/convert_frame.py:2147]   File "/usr/local/lib/python3.12/dist-packages/torch/_inductor/lowering.py", line 2589, in _boundaries_helper
[rank3]:W0910 13:58:31.142000 2608033 torch/_dynamo/convert_frame.py:2147]     stride = tb.get_stride()
[rank3]:W0910 13:58:31.142000 2608033 torch/_dynamo/convert_frame.py:2147]              ^^^^^^^^^^^^^^^
[rank3]:W0910 13:58:31.142000 2608033 torch/_dynamo/convert_frame.py:2147]   File "/usr/local/lib/python3.12/dist-packages/torch/_inductor/ir.py", line 8573, in get_stride
[rank3]:W0910 13:58:31.142000 2608033 torch/_dynamo/convert_frame.py:2147]     return self.data.get_stride()
[rank3]:W0910 13:58:31.142000 2608033 torch/_dynamo/convert_frame.py:2147]            ^^^^^^^^^^^^^^^^^^^^^^
[rank3]:W0910 13:58:31.142000 2608033 torch/_dynamo/convert_frame.py:2147]   File "/usr/local/lib/python3.12/dist-packages/torch/_inductor/ir.py", line 758, in get_stride
[rank3]:W0910 13:58:31.142000 2608033 torch/_dynamo/convert_frame.py:2147]     raise NotImplementedError(type(self).__name__)
[rank3]:W0910 13:58:31.142000 2608033 torch/_dynamo/convert_frame.py:2147] torch._inductor.exc.InductorError: NotImplementedError: SliceView
[rank3]:W0910 13:58:31.142000 2608033 torch/_dynamo/convert_frame.py:2147] 
[rank3]:W0910 13:58:31.142000 2608033 torch/_dynamo/convert_frame.py:2147] Set TORCHDYNAMO_VERBOSE=1 for the internal stack trace (please do this especially if you're reporting a bug to PyTorch). For even more developer context, set TORCH_LOGS="+dynamo"
[rank3]:W0910 13:58:31.142000 2608033 torch/_dynamo/convert_frame.py:2147] 
[rank3]:W0910 13:58:31.142000 2608033 torch/_dynamo/convert_frame.py:2147] Traceback (most recent call last):
[rank3]:W0910 13:58:31.142000 2608033 torch/_dynamo/convert_frame.py:2147]   File "/usr/local/lib/python3.12/dist-packages/torch/_dynamo/convert_frame.py", line 2052, in __call__
[rank3]:W0910 13:58:31.142000 2608033 torch/_dynamo/convert_frame.py:2147]     result = self._inner_convert(
[rank3]:W0910 13:58:31.142000 2608033 torch/_dynamo/convert_frame.py:2147]              ^^^^^^^^^^^^^^^^^^^^
[rank3]:W0910 13:58:31.142000 2608033 torch/_dynamo/convert_frame.py:2147]   File "/usr/local/lib/python3.12/dist-packages/torch/_dynamo/convert_frame.py", line 729, in __call__
[rank3]:W0910 13:58:31.142000 2608033 torch/_dynamo/convert_frame.py:2147]     result = _compile(
[rank3]:W0910 13:58:31.142000 2608033 torch/_dynamo/convert_frame.py:2147]              ^^^^^^^^^
[rank3]:W0910 13:58:31.142000 2608033 torch/_dynamo/convert_frame.py:2147]   File "/usr/local/lib/python3.12/dist-packages/torch/_dynamo/convert_frame.py", line 1827, in _compile
[rank3]:W0910 13:58:31.142000 2608033 torch/_dynamo/convert_frame.py:2147]     guarded_code, tracer_output = compile_inner(code, one_graph, hooks)
[rank3]:W0910 13:58:31.142000 2608033 torch/_dynamo/convert_frame.py:2147]                                   ^^^^^^^^^^^^^^^^^^^^^^^^^^^^^^^^^^^^^
[rank3]:W0910 13:58:31.142000 2608033 torch/_dynamo/convert_frame.py:2147]   File "/usr/local/lib/python3.12/dist-packages/torch/_utils_internal.py", line 96, in wrapper_function
[rank3]:W0910 13:58:31.142000 2608033 torch/_dynamo/convert_frame.py:2147]     return function(*args, **kwargs)
[rank3]:W0910 13:58:31.142000 2608033 torch/_dynamo/convert_frame.py:2147]            ^^^^^^^^^^^^^^^^^^^^^^^^^
[rank3]:W0910 13:58:31.142000 2608033 torch/_dynamo/convert_frame.py:2147]   File "/usr/local/lib/python3.12/dist-packages/torch/_dynamo/convert_frame.py", line 1500, in compile_inner
[rank3]:W0910 13:58:31.142000 2608033 torch/_dynamo/convert_frame.py:2147]     return _compile_inner(code, one_graph, hooks)
[rank3]:W0910 13:58:31.142000 2608033 torch/_dynamo/convert_frame.py:2147]            ^^^^^^^^^^^^^^^^^^^^^^^^^^^^^^^^^^^^^^
[rank3]:W0910 13:58:31.142000 2608033 torch/_dynamo/convert_frame.py:2147]   File "/usr/local/lib/python3.12/dist-packages/torch/_dynamo/convert_frame.py", line 1534, in _compile_inner
[rank3]:W0910 13:58:31.142000 2608033 torch/_dynamo/convert_frame.py:2147]     dynamo_output = compile_frame(
[rank3]:W0910 13:58:31.142000 2608033 torch/_dynamo/convert_frame.py:2147]                     ^^^^^^^^^^^^^^
[rank3]:W0910 13:58:31.142000 2608033 torch/_dynamo/convert_frame.py:2147]   File "/usr/local/lib/python3.12/dist-packages/torch/_dynamo/convert_frame.py", line 1408, in compile_frame
[rank3]:W0910 13:58:31.142000 2608033 torch/_dynamo/convert_frame.py:2147]     bytecode, tracer_output = transform_code_object(code, transform)
[rank3]:W0910 13:58:31.142000 2608033 torch/_dynamo/convert_frame.py:2147]                               ^^^^^^^^^^^^^^^^^^^^^^^^^^^^^^^^^^^^^^
[rank3]:W0910 13:58:31.142000 2608033 torch/_dynamo/convert_frame.py:2147]   File "/usr/local/lib/python3.12/dist-packages/torch/_dynamo/bytecode_transformation.py", line 1608, in transform_code_object
[rank3]:W0910 13:58:31.142000 2608033 torch/_dynamo/convert_frame.py:2147]     tracer_output = transformations(instructions, code_options)
[rank3]:W0910 13:58:31.142000 2608033 torch/_dynamo/convert_frame.py:2147]                     ^^^^^^^^^^^^^^^^^^^^^^^^^^^^^^^^^^^^^^^^^^^
[rank3]:W0910 13:58:31.142000 2608033 torch/_dynamo/convert_frame.py:2147]   File "/usr/local/lib/python3.12/dist-packages/torch/_dynamo/convert_frame.py", line 1380, in transform
[rank3]:W0910 13:58:31.142000 2608033 torch/_dynamo/convert_frame.py:2147]     tracer_output = trace_frame(
[rank3]:W0910 13:58:31.142000 2608033 torch/_dynamo/convert_frame.py:2147]                     ^^^^^^^^^^^^
[rank3]:W0910 13:58:31.142000 2608033 torch/_dynamo/convert_frame.py:2147]   File "/usr/local/lib/python3.12/dist-packages/torch/_dynamo/convert_frame.py", line 341, in _fn
[rank3]:W0910 13:58:31.142000 2608033 torch/_dynamo/convert_frame.py:2147]     return fn(*args, **kwargs)
[rank3]:W0910 13:58:31.142000 2608033 torch/_dynamo/convert_frame.py:2147]            ^^^^^^^^^^^^^^^^^^^
[rank3]:W0910 13:58:31.142000 2608033 torch/_dynamo/convert_frame.py:2147]   File "/usr/local/lib/python3.12/dist-packages/torch/_dynamo/convert_frame.py", line 863, in trace_frame
[rank3]:W0910 13:58:31.142000 2608033 torch/_dynamo/convert_frame.py:2147]     run_tracer()
[rank3]:W0910 13:58:31.142000 2608033 torch/_dynamo/convert_frame.py:2147]   File "/usr/local/lib/python3.12/dist-packages/torch/_dynamo/convert_frame.py", line 844, in run_tracer
[rank3]:W0910 13:58:31.142000 2608033 torch/_dynamo/convert_frame.py:2147]     tracer.run()
[rank3]:W0910 13:58:31.142000 2608033 torch/_dynamo/convert_frame.py:2147]   File "/usr/local/lib/python3.12/dist-packages/torch/_dynamo/symbolic_convert.py", line 1794, in run
[rank3]:W0910 13:58:31.142000 2608033 torch/_dynamo/convert_frame.py:2147]     while self.step():
[rank3]:W0910 13:58:31.142000 2608033 torch/_dynamo/convert_frame.py:2147]           ^^^^^^^^^^^
[rank3]:W0910 13:58:31.142000 2608033 torch/_dynamo/convert_frame.py:2147]   File "/usr/local/lib/python3.12/dist-packages/torch/_dynamo/symbolic_convert.py", line 1459, in step
[rank3]:W0910 13:58:31.142000 2608033 torch/_dynamo/convert_frame.py:2147]     self.dispatch_table[inst.opcode](self, inst)
[rank3]:W0910 13:58:31.142000 2608033 torch/_dynamo/convert_frame.py:2147]   File "/usr/local/lib/python3.12/dist-packages/torch/_dynamo/symbolic_convert.py", line 5570, in RETURN_VALUE
[rank3]:W0910 13:58:31.142000 2608033 torch/_dynamo/convert_frame.py:2147]     self._return(inst)
[rank3]:W0910 13:58:31.142000 2608033 torch/_dynamo/convert_frame.py:2147]   File "/usr/local/lib/python3.12/dist-packages/torch/_dynamo/symbolic_convert.py", line 5552, in _return
[rank3]:W0910 13:58:31.142000 2608033 torch/_dynamo/convert_frame.py:2147]     all_stack_locals_metadata = self.output.compile_subgraph(
[rank3]:W0910 13:58:31.142000 2608033 torch/_dynamo/convert_frame.py:2147]                                 ^^^^^^^^^^^^^^^^^^^^^^^^^^^^^
[rank3]:W0910 13:58:31.142000 2608033 torch/_dynamo/convert_frame.py:2147]   File "/usr/local/lib/python3.12/dist-packages/torch/_dynamo/output_graph.py", line 1889, in compile_subgraph
[rank3]:W0910 13:58:31.142000 2608033 torch/_dynamo/convert_frame.py:2147]     self.compile_and_call_fx_graph(tx, pass2.graph_output_vars(), root)
[rank3]:W0910 13:58:31.142000 2608033 torch/_dynamo/convert_frame.py:2147]   File "/usr/local/lib/python3.12/dist-packages/torch/_dynamo/output_graph.py", line 2460, in compile_and_call_fx_graph
[rank3]:W0910 13:58:31.142000 2608033 torch/_dynamo/convert_frame.py:2147]     compiled_fn = self.call_user_compiler(gm, self.example_inputs())
[rank3]:W0910 13:58:31.142000 2608033 torch/_dynamo/convert_frame.py:2147]                   ^^^^^^^^^^^^^^^^^^^^^^^^^^^^^^^^^^^^^^^^^^^^^^^^^^
[rank3]:W0910 13:58:31.142000 2608033 torch/_dynamo/convert_frame.py:2147]   File "/usr/local/lib/python3.12/dist-packages/torch/_dynamo/output_graph.py", line 2613, in call_user_compiler
[rank3]:W0910 13:58:31.142000 2608033 torch/_dynamo/convert_frame.py:2147]     return self._call_user_compiler(gm, example_inputs)
[rank3]:W0910 13:58:31.142000 2608033 torch/_dynamo/convert_frame.py:2147]            ^^^^^^^^^^^^^^^^^^^^^^^^^^^^^^^^^^^^^^^^^^^^
[rank3]:W0910 13:58:31.142000 2608033 torch/_dynamo/convert_frame.py:2147]   File "/usr/local/lib/python3.12/dist-packages/torch/_dynamo/output_graph.py", line 2664, in _call_user_compiler
[rank3]:W0910 13:58:31.142000 2608033 torch/_dynamo/convert_frame.py:2147]     compiled_fn = compiler_fn(gm, example_inputs)
[rank3]:W0910 13:58:31.142000 2608033 torch/_dynamo/convert_frame.py:2147]                   ^^^^^^^^^^^^^^^^^^^^^^^^^^^^^^^
[rank3]:W0910 13:58:31.142000 2608033 torch/_dynamo/convert_frame.py:2147]   File "/usr/local/lib/python3.12/dist-packages/torch/_dynamo/backends/distributed.py", line 569, in compile_fn
[rank3]:W0910 13:58:31.142000 2608033 torch/_dynamo/convert_frame.py:2147]     return self.backend_compile_fn(gm, example_inputs)
[rank3]:W0910 13:58:31.142000 2608033 torch/_dynamo/convert_frame.py:2147]            ^^^^^^^^^^^^^^^^^^^^^^^^^^^^^^^^^^^^^^^^^^^
[rank3]:W0910 13:58:31.142000 2608033 torch/_dynamo/convert_frame.py:2147]   File "/usr/local/lib/python3.12/dist-packages/torch/_dynamo/repro/after_dynamo.py", line 156, in __call__
[rank3]:W0910 13:58:31.142000 2608033 torch/_dynamo/convert_frame.py:2147]     compiled_gm = compiler_fn(gm, example_inputs)
[rank3]:W0910 13:58:31.142000 2608033 torch/_dynamo/convert_frame.py:2147]                   ^^^^^^^^^^^^^^^^^^^^^^^^^^^^^^^
[rank3]:W0910 13:58:31.142000 2608033 torch/_dynamo/convert_frame.py:2147]   File "/usr/local/lib/python3.12/dist-packages/torch/__init__.py", line 2461, in __call__
[rank3]:W0910 13:58:31.142000 2608033 torch/_dynamo/convert_frame.py:2147]     return compile_fx(model_, inputs_, config_patches=self.config)
[rank3]:W0910 13:58:31.142000 2608033 torch/_dynamo/convert_frame.py:2147]            ^^^^^^^^^^^^^^^^^^^^^^^^^^^^^^^^^^^^^^^^^^^^^^^^^^^^^^^
[rank3]:W0910 13:58:31.142000 2608033 torch/_dynamo/convert_frame.py:2147]   File "/usr/local/lib/python3.12/dist-packages/torch/_inductor/compile_fx.py", line 2578, in compile_fx
[rank3]:W0910 13:58:31.142000 2608033 torch/_dynamo/convert_frame.py:2147]     return _maybe_wrap_and_compile_fx_main(
[rank3]:W0910 13:58:31.142000 2608033 torch/_dynamo/convert_frame.py:2147]            ^^^^^^^^^^^^^^^^^^^^^^^^^^^^^^^^
[rank3]:W0910 13:58:31.142000 2608033 torch/_dynamo/convert_frame.py:2147]   File "/usr/local/lib/python3.12/dist-packages/torch/_inductor/compile_fx.py", line 2655, in _maybe_wrap_and_compile_fx_main
[rank3]:W0910 13:58:31.142000 2608033 torch/_dynamo/convert_frame.py:2147]     return _compile_fx_main(
[rank3]:W0910 13:58:31.142000 2608033 torch/_dynamo/convert_frame.py:2147]            ^^^^^^^^^^^^^^^^^
[rank3]:W0910 13:58:31.142000 2608033 torch/_dynamo/convert_frame.py:2147]   File "/usr/local/lib/python3.12/dist-packages/torch/_inductor/compile_fx.py", line 2864, in _compile_fx_main
[rank3]:W0910 13:58:31.142000 2608033 torch/_dynamo/convert_frame.py:2147]     raise e.remove_dynamo_frames() from None  # see TORCHDYNAMO_VERBOSE=1
[rank3]:W0910 13:58:31.142000 2608033 torch/_dynamo/convert_frame.py:2147]     ^^^^^^^^^^^^^^^^^^^^^^^^^^^^^^^^^^^^^^^^
[rank3]:W0910 13:58:31.142000 2608033 torch/_dynamo/convert_frame.py:2147]   File "/usr/local/lib/python3.12/dist-packages/torch/_inductor/compile_fx.py", line 1053, in _compile_fx_inner
[rank3]:W0910 13:58:31.142000 2608033 torch/_dynamo/convert_frame.py:2147]     raise InductorError(e, currentframe()).with_traceback(
[rank3]:W0910 13:58:31.142000 2608033 torch/_dynamo/convert_frame.py:2147]   File "/usr/local/lib/python3.12/dist-packages/torch/_inductor/compile_fx.py", line 1037, in _compile_fx_inner
[rank3]:W0910 13:58:31.142000 2608033 torch/_dynamo/convert_frame.py:2147]     mb_compiled_graph = fx_codegen_and_compile(
[rank3]:W0910 13:58:31.142000 2608033 torch/_dynamo/convert_frame.py:2147]                         ^^^^^^^^^^^^^^^^^^^^^^^
[rank3]:W0910 13:58:31.142000 2608033 torch/_dynamo/convert_frame.py:2147]   File "/usr/local/lib/python3.12/dist-packages/torch/_inductor/compile_fx.py", line 1798, in fx_codegen_and_compile
[rank3]:W0910 13:58:31.142000 2608033 torch/_dynamo/convert_frame.py:2147]     return scheme.codegen_and_compile(gm, example_inputs, inputs_to_check, graph_kwargs)
[rank3]:W0910 13:58:31.142000 2608033 torch/_dynamo/convert_frame.py:2147]            ^^^^^^^^^^^^^^^^^^^^^^^^^^^^^^^^^^^^^^^^^^^^^^^^^^^^^^^^^^^^^^^^^^^^^^^^^^^^^
[rank3]:W0910 13:58:31.142000 2608033 torch/_dynamo/convert_frame.py:2147]   File "/usr/local/lib/python3.12/dist-packages/torch/_inductor/compile_fx.py", line 1485, in codegen_and_compile
[rank3]:W0910 13:58:31.142000 2608033 torch/_dynamo/convert_frame.py:2147]     graph.run(*example_inputs)
[rank3]:W0910 13:58:31.142000 2608033 torch/_dynamo/convert_frame.py:2147]   File "/usr/local/lib/python3.12/dist-packages/torch/_inductor/graph.py", line 1025, in run
[rank3]:W0910 13:58:31.142000 2608033 torch/_dynamo/convert_frame.py:2147]     return super().run(*args)
[rank3]:W0910 13:58:31.142000 2608033 torch/_dynamo/convert_frame.py:2147]            ^^^^^^^^^^^^^^^^^^
[rank3]:W0910 13:58:31.142000 2608033 torch/_dynamo/convert_frame.py:2147]   File "/usr/local/lib/python3.12/dist-packages/torch/fx/interpreter.py", line 200, in run
[rank3]:W0910 13:58:31.142000 2608033 torch/_dynamo/convert_frame.py:2147]     self.env[node] = self.run_node(node)
[rank3]:W0910 13:58:31.142000 2608033 torch/_dynamo/convert_frame.py:2147]                      ^^^^^^^^^^^^^^^^^^^
[rank3]:W0910 13:58:31.142000 2608033 torch/_dynamo/convert_frame.py:2147]   File "/usr/local/lib/python3.12/dist-packages/torch/_inductor/graph.py", line 1997, in run_node
[rank3]:W0910 13:58:31.142000 2608033 torch/_dynamo/convert_frame.py:2147]     self.register_users_of(result)
[rank3]:W0910 13:58:31.142000 2608033 torch/_dynamo/convert_frame.py:2147]   File "/usr/local/lib/python3.12/dist-packages/torch/_inductor/graph.py", line 1072, in register_users_of
[rank3]:W0910 13:58:31.142000 2608033 torch/_dynamo/convert_frame.py:2147]     register(node_output)
[rank3]:W0910 13:58:31.142000 2608033 torch/_dynamo/convert_frame.py:2147]   File "/usr/local/lib/python3.12/dist-packages/torch/_inductor/graph.py", line 1069, in register
[rank3]:W0910 13:58:31.142000 2608033 torch/_dynamo/convert_frame.py:2147]     for read_name in value.get_read_names():
[rank3]:W0910 13:58:31.142000 2608033 torch/_dynamo/convert_frame.py:2147]                      ^^^^^^^^^^^^^^^^^^^^^^
[rank3]:W0910 13:58:31.142000 2608033 torch/_dynamo/convert_frame.py:2147]   File "/usr/local/lib/python3.12/dist-packages/torch/_inductor/ir.py", line 8658, in get_read_names
[rank3]:W0910 13:58:31.142000 2608033 torch/_dynamo/convert_frame.py:2147]     return self.data.get_read_names()
[rank3]:W0910 13:58:31.142000 2608033 torch/_dynamo/convert_frame.py:2147]            ^^^^^^^^^^^^^^^^^^^^^^^^^^
[rank3]:W0910 13:58:31.142000 2608033 torch/_dynamo/convert_frame.py:2147]   File "/usr/local/lib/python3.12/dist-packages/torch/_inductor/ir.py", line 8658, in get_read_names
[rank3]:W0910 13:58:31.142000 2608033 torch/_dynamo/convert_frame.py:2147]     return self.data.get_read_names()
[rank3]:W0910 13:58:31.142000 2608033 torch/_dynamo/convert_frame.py:2147]            ^^^^^^^^^^^^^^^^^^^^^^^^^^
[rank3]:W0910 13:58:31.142000 2608033 torch/_dynamo/convert_frame.py:2147]   File "/usr/local/lib/python3.12/dist-packages/torch/_inductor/ir.py", line 4766, in get_read_names
[rank3]:W0910 13:58:31.142000 2608033 torch/_dynamo/convert_frame.py:2147]     return self.data.get_read_names()
[rank3]:W0910 13:58:31.142000 2608033 torch/_dynamo/convert_frame.py:2147]            ^^^^^^^^^^^^^^^^^^^^^^^^^^
[rank3]:W0910 13:58:31.142000 2608033 torch/_dynamo/convert_frame.py:2147]   File "/usr/local/lib/python3.12/dist-packages/torch/_inductor/ir.py", line 1042, in get_read_names
[rank3]:W0910 13:58:31.142000 2608033 torch/_dynamo/convert_frame.py:2147]     return OrderedSet(self.inner_fn_opcount().read_buffers)
[rank3]:W0910 13:58:31.142000 2608033 torch/_dynamo/convert_frame.py:2147]                       ^^^^^^^^^^^^^^^^^^^^^^^
[rank3]:W0910 13:58:31.142000 2608033 torch/_dynamo/convert_frame.py:2147]   File "<string>", line 6, in inner_fn_opcount_cache_on_self
[rank3]:W0910 13:58:31.142000 2608033 torch/_dynamo/convert_frame.py:2147]   File "/usr/local/lib/python3.12/dist-packages/torch/_inductor/ir.py", line 1005, in inner_fn_opcount
[rank3]:W0910 13:58:31.142000 2608033 torch/_dynamo/convert_frame.py:2147]     self.inner_fn(*self.inner_fn_args())
[rank3]:W0910 13:58:31.142000 2608033 torch/_dynamo/convert_frame.py:2147]   File "/usr/local/lib/python3.12/dist-packages/torch/_inductor/lowering.py", line 2735, in inner_fn
[rank3]:W0910 13:58:31.142000 2608033 torch/_dynamo/convert_frame.py:2147]     _boundaries_helper(boundaries),
[rank3]:W0910 13:58:31.142000 2608033 torch/_dynamo/convert_frame.py:2147]     ^^^^^^^^^^^^^^^^^^^^^^^^^^^^^^
[rank3]:W0910 13:58:31.142000 2608033 torch/_dynamo/convert_frame.py:2147]   File "/usr/local/lib/python3.12/dist-packages/torch/_inductor/lowering.py", line 2589, in _boundaries_helper
[rank3]:W0910 13:58:31.142000 2608033 torch/_dynamo/convert_frame.py:2147]     stride = tb.get_stride()
[rank3]:W0910 13:58:31.142000 2608033 torch/_dynamo/convert_frame.py:2147]              ^^^^^^^^^^^^^^^
[rank3]:W0910 13:58:31.142000 2608033 torch/_dynamo/convert_frame.py:2147]   File "/usr/local/lib/python3.12/dist-packages/torch/_inductor/ir.py", line 8573, in get_stride
[rank3]:W0910 13:58:31.142000 2608033 torch/_dynamo/convert_frame.py:2147]     return self.data.get_stride()
[rank3]:W0910 13:58:31.142000 2608033 torch/_dynamo/convert_frame.py:2147]            ^^^^^^^^^^^^^^^^^^^^^^
[rank3]:W0910 13:58:31.142000 2608033 torch/_dynamo/convert_frame.py:2147]   File "/usr/local/lib/python3.12/dist-packages/torch/_inductor/ir.py", line 758, in get_stride
[rank3]:W0910 13:58:31.142000 2608033 torch/_dynamo/convert_frame.py:2147]     raise NotImplementedError(type(self).__name__)
[rank3]:W0910 13:58:31.142000 2608033 torch/_dynamo/convert_frame.py:2147] torch._inductor.exc.InductorError: NotImplementedError: SliceView
[rank3]:W0910 13:58:31.142000 2608033 torch/_dynamo/convert_frame.py:2147] 
[rank3]:W0910 13:58:31.142000 2608033 torch/_dynamo/convert_frame.py:2147] Set TORCHDYNAMO_VERBOSE=1 for the internal stack trace (please do this especially if you're reporting a bug to PyTorch). For even more developer context, set TORCH_LOGS="+dynamo"
[rank3]:W0910 13:58:31.142000 2608033 torch/_dynamo/convert_frame.py:2147] 
[rank5]:W0910 13:58:31.147000 2608035 torch/_dynamo/convert_frame.py:2147] WON'T CONVERT positions /work/aupai/model.py line 876 
[rank5]:W0910 13:58:31.147000 2608035 torch/_dynamo/convert_frame.py:2147] due to: 
[rank5]:W0910 13:58:31.147000 2608035 torch/_dynamo/convert_frame.py:2147] Traceback (most recent call last):
[rank5]:W0910 13:58:31.147000 2608035 torch/_dynamo/convert_frame.py:2147]   File "/usr/local/lib/python3.12/dist-packages/torch/_dynamo/convert_frame.py", line 2052, in __call__
[rank5]:W0910 13:58:31.147000 2608035 torch/_dynamo/convert_frame.py:2147]     result = self._inner_convert(
[rank5]:W0910 13:58:31.147000 2608035 torch/_dynamo/convert_frame.py:2147]              ^^^^^^^^^^^^^^^^^^^^
[rank5]:W0910 13:58:31.147000 2608035 torch/_dynamo/convert_frame.py:2147]   File "/usr/local/lib/python3.12/dist-packages/torch/_dynamo/convert_frame.py", line 729, in __call__
[rank5]:W0910 13:58:31.147000 2608035 torch/_dynamo/convert_frame.py:2147]     result = _compile(
[rank5]:W0910 13:58:31.147000 2608035 torch/_dynamo/convert_frame.py:2147]              ^^^^^^^^^
[rank5]:W0910 13:58:31.147000 2608035 torch/_dynamo/convert_frame.py:2147]   File "/usr/local/lib/python3.12/dist-packages/torch/_dynamo/convert_frame.py", line 1827, in _compile
[rank5]:W0910 13:58:31.147000 2608035 torch/_dynamo/convert_frame.py:2147]     guarded_code, tracer_output = compile_inner(code, one_graph, hooks)
[rank5]:W0910 13:58:31.147000 2608035 torch/_dynamo/convert_frame.py:2147]                                   ^^^^^^^^^^^^^^^^^^^^^^^^^^^^^^^^^^^^^
[rank5]:W0910 13:58:31.147000 2608035 torch/_dynamo/convert_frame.py:2147]   File "/usr/local/lib/python3.12/dist-packages/torch/_utils_internal.py", line 96, in wrapper_function
[rank5]:W0910 13:58:31.147000 2608035 torch/_dynamo/convert_frame.py:2147]     return function(*args, **kwargs)
[rank5]:W0910 13:58:31.147000 2608035 torch/_dynamo/convert_frame.py:2147]            ^^^^^^^^^^^^^^^^^^^^^^^^^
[rank5]:W0910 13:58:31.147000 2608035 torch/_dynamo/convert_frame.py:2147]   File "/usr/local/lib/python3.12/dist-packages/torch/_dynamo/convert_frame.py", line 1500, in compile_inner
[rank5]:W0910 13:58:31.147000 2608035 torch/_dynamo/convert_frame.py:2147]     return _compile_inner(code, one_graph, hooks)
[rank5]:W0910 13:58:31.147000 2608035 torch/_dynamo/convert_frame.py:2147]            ^^^^^^^^^^^^^^^^^^^^^^^^^^^^^^^^^^^^^^
[rank5]:W0910 13:58:31.147000 2608035 torch/_dynamo/convert_frame.py:2147]   File "/usr/local/lib/python3.12/dist-packages/torch/_dynamo/convert_frame.py", line 1534, in _compile_inner
[rank5]:W0910 13:58:31.147000 2608035 torch/_dynamo/convert_frame.py:2147]     dynamo_output = compile_frame(
[rank5]:W0910 13:58:31.147000 2608035 torch/_dynamo/convert_frame.py:2147]                     ^^^^^^^^^^^^^^
[rank5]:W0910 13:58:31.147000 2608035 torch/_dynamo/convert_frame.py:2147]   File "/usr/local/lib/python3.12/dist-packages/torch/_dynamo/convert_frame.py", line 1408, in compile_frame
[rank5]:W0910 13:58:31.147000 2608035 torch/_dynamo/convert_frame.py:2147]     bytecode, tracer_output = transform_code_object(code, transform)
[rank5]:W0910 13:58:31.147000 2608035 torch/_dynamo/convert_frame.py:2147]                               ^^^^^^^^^^^^^^^^^^^^^^^^^^^^^^^^^^^^^^
[rank5]:W0910 13:58:31.147000 2608035 torch/_dynamo/convert_frame.py:2147]   File "/usr/local/lib/python3.12/dist-packages/torch/_dynamo/bytecode_transformation.py", line 1608, in transform_code_object
[rank5]:W0910 13:58:31.147000 2608035 torch/_dynamo/convert_frame.py:2147]     tracer_output = transformations(instructions, code_options)
[rank5]:W0910 13:58:31.147000 2608035 torch/_dynamo/convert_frame.py:2147]                     ^^^^^^^^^^^^^^^^^^^^^^^^^^^^^^^^^^^^^^^^^^^
[rank5]:W0910 13:58:31.147000 2608035 torch/_dynamo/convert_frame.py:2147]   File "/usr/local/lib/python3.12/dist-packages/torch/_dynamo/convert_frame.py", line 1380, in transform
[rank5]:W0910 13:58:31.147000 2608035 torch/_dynamo/convert_frame.py:2147]     tracer_output = trace_frame(
[rank5]:W0910 13:58:31.147000 2608035 torch/_dynamo/convert_frame.py:2147]                     ^^^^^^^^^^^^
[rank5]:W0910 13:58:31.147000 2608035 torch/_dynamo/convert_frame.py:2147]   File "/usr/local/lib/python3.12/dist-packages/torch/_dynamo/convert_frame.py", line 341, in _fn
[rank5]:W0910 13:58:31.147000 2608035 torch/_dynamo/convert_frame.py:2147]     return fn(*args, **kwargs)
[rank5]:W0910 13:58:31.147000 2608035 torch/_dynamo/convert_frame.py:2147]            ^^^^^^^^^^^^^^^^^^^
[rank5]:W0910 13:58:31.147000 2608035 torch/_dynamo/convert_frame.py:2147]   File "/usr/local/lib/python3.12/dist-packages/torch/_dynamo/convert_frame.py", line 863, in trace_frame
[rank5]:W0910 13:58:31.147000 2608035 torch/_dynamo/convert_frame.py:2147]     run_tracer()
[rank5]:W0910 13:58:31.147000 2608035 torch/_dynamo/convert_frame.py:2147]   File "/usr/local/lib/python3.12/dist-packages/torch/_dynamo/convert_frame.py", line 844, in run_tracer
[rank5]:W0910 13:58:31.147000 2608035 torch/_dynamo/convert_frame.py:2147]     tracer.run()
[rank5]:W0910 13:58:31.147000 2608035 torch/_dynamo/convert_frame.py:2147]   File "/usr/local/lib/python3.12/dist-packages/torch/_dynamo/symbolic_convert.py", line 1794, in run
[rank5]:W0910 13:58:31.147000 2608035 torch/_dynamo/convert_frame.py:2147]     while self.step():
[rank5]:W0910 13:58:31.147000 2608035 torch/_dynamo/convert_frame.py:2147]           ^^^^^^^^^^^
[rank5]:W0910 13:58:31.147000 2608035 torch/_dynamo/convert_frame.py:2147]   File "/usr/local/lib/python3.12/dist-packages/torch/_dynamo/symbolic_convert.py", line 1459, in step
[rank5]:W0910 13:58:31.147000 2608035 torch/_dynamo/convert_frame.py:2147]     self.dispatch_table[inst.opcode](self, inst)
[rank5]:W0910 13:58:31.147000 2608035 torch/_dynamo/convert_frame.py:2147]   File "/usr/local/lib/python3.12/dist-packages/torch/_dynamo/symbolic_convert.py", line 5570, in RETURN_VALUE
[rank5]:W0910 13:58:31.147000 2608035 torch/_dynamo/convert_frame.py:2147]     self._return(inst)
[rank5]:W0910 13:58:31.147000 2608035 torch/_dynamo/convert_frame.py:2147]   File "/usr/local/lib/python3.12/dist-packages/torch/_dynamo/symbolic_convert.py", line 5552, in _return
[rank5]:W0910 13:58:31.147000 2608035 torch/_dynamo/convert_frame.py:2147]     all_stack_locals_metadata = self.output.compile_subgraph(
[rank5]:W0910 13:58:31.147000 2608035 torch/_dynamo/convert_frame.py:2147]                                 ^^^^^^^^^^^^^^^^^^^^^^^^^^^^^
[rank5]:W0910 13:58:31.147000 2608035 torch/_dynamo/convert_frame.py:2147]   File "/usr/local/lib/python3.12/dist-packages/torch/_dynamo/output_graph.py", line 1889, in compile_subgraph
[rank5]:W0910 13:58:31.147000 2608035 torch/_dynamo/convert_frame.py:2147]     self.compile_and_call_fx_graph(tx, pass2.graph_output_vars(), root)
[rank5]:W0910 13:58:31.147000 2608035 torch/_dynamo/convert_frame.py:2147]   File "/usr/local/lib/python3.12/dist-packages/torch/_dynamo/output_graph.py", line 2460, in compile_and_call_fx_graph
[rank5]:W0910 13:58:31.147000 2608035 torch/_dynamo/convert_frame.py:2147]     compiled_fn = self.call_user_compiler(gm, self.example_inputs())
[rank5]:W0910 13:58:31.147000 2608035 torch/_dynamo/convert_frame.py:2147]                   ^^^^^^^^^^^^^^^^^^^^^^^^^^^^^^^^^^^^^^^^^^^^^^^^^^
[rank5]:W0910 13:58:31.147000 2608035 torch/_dynamo/convert_frame.py:2147]   File "/usr/local/lib/python3.12/dist-packages/torch/_dynamo/output_graph.py", line 2613, in call_user_compiler
[rank5]:W0910 13:58:31.147000 2608035 torch/_dynamo/convert_frame.py:2147]     return self._call_user_compiler(gm, example_inputs)
[rank5]:W0910 13:58:31.147000 2608035 torch/_dynamo/convert_frame.py:2147]            ^^^^^^^^^^^^^^^^^^^^^^^^^^^^^^^^^^^^^^^^^^^^
[rank5]:W0910 13:58:31.147000 2608035 torch/_dynamo/convert_frame.py:2147]   File "/usr/local/lib/python3.12/dist-packages/torch/_dynamo/output_graph.py", line 2664, in _call_user_compiler
[rank5]:W0910 13:58:31.147000 2608035 torch/_dynamo/convert_frame.py:2147]     compiled_fn = compiler_fn(gm, example_inputs)
[rank5]:W0910 13:58:31.147000 2608035 torch/_dynamo/convert_frame.py:2147]                   ^^^^^^^^^^^^^^^^^^^^^^^^^^^^^^^
[rank5]:W0910 13:58:31.147000 2608035 torch/_dynamo/convert_frame.py:2147]   File "/usr/local/lib/python3.12/dist-packages/torch/_dynamo/backends/distributed.py", line 569, in compile_fn
[rank5]:W0910 13:58:31.147000 2608035 torch/_dynamo/convert_frame.py:2147]     return self.backend_compile_fn(gm, example_inputs)
[rank5]:W0910 13:58:31.147000 2608035 torch/_dynamo/convert_frame.py:2147]            ^^^^^^^^^^^^^^^^^^^^^^^^^^^^^^^^^^^^^^^^^^^
[rank5]:W0910 13:58:31.147000 2608035 torch/_dynamo/convert_frame.py:2147]   File "/usr/local/lib/python3.12/dist-packages/torch/_dynamo/repro/after_dynamo.py", line 156, in __call__
[rank5]:W0910 13:58:31.147000 2608035 torch/_dynamo/convert_frame.py:2147]     compiled_gm = compiler_fn(gm, example_inputs)
[rank5]:W0910 13:58:31.147000 2608035 torch/_dynamo/convert_frame.py:2147]                   ^^^^^^^^^^^^^^^^^^^^^^^^^^^^^^^
[rank5]:W0910 13:58:31.147000 2608035 torch/_dynamo/convert_frame.py:2147]   File "/usr/local/lib/python3.12/dist-packages/torch/__init__.py", line 2461, in __call__
[rank5]:W0910 13:58:31.147000 2608035 torch/_dynamo/convert_frame.py:2147]     return compile_fx(model_, inputs_, config_patches=self.config)
[rank5]:W0910 13:58:31.147000 2608035 torch/_dynamo/convert_frame.py:2147]            ^^^^^^^^^^^^^^^^^^^^^^^^^^^^^^^^^^^^^^^^^^^^^^^^^^^^^^^
[rank5]:W0910 13:58:31.147000 2608035 torch/_dynamo/convert_frame.py:2147]   File "/usr/local/lib/python3.12/dist-packages/torch/_inductor/compile_fx.py", line 2578, in compile_fx
[rank5]:W0910 13:58:31.147000 2608035 torch/_dynamo/convert_frame.py:2147]     return _maybe_wrap_and_compile_fx_main(
[rank5]:W0910 13:58:31.147000 2608035 torch/_dynamo/convert_frame.py:2147]            ^^^^^^^^^^^^^^^^^^^^^^^^^^^^^^^^
[rank5]:W0910 13:58:31.147000 2608035 torch/_dynamo/convert_frame.py:2147]   File "/usr/local/lib/python3.12/dist-packages/torch/_inductor/compile_fx.py", line 2655, in _maybe_wrap_and_compile_fx_main
[rank5]:W0910 13:58:31.147000 2608035 torch/_dynamo/convert_frame.py:2147]     return _compile_fx_main(
[rank5]:W0910 13:58:31.147000 2608035 torch/_dynamo/convert_frame.py:2147]            ^^^^^^^^^^^^^^^^^
[rank5]:W0910 13:58:31.147000 2608035 torch/_dynamo/convert_frame.py:2147]   File "/usr/local/lib/python3.12/dist-packages/torch/_inductor/compile_fx.py", line 2864, in _compile_fx_main
[rank5]:W0910 13:58:31.147000 2608035 torch/_dynamo/convert_frame.py:2147]     raise e.remove_dynamo_frames() from None  # see TORCHDYNAMO_VERBOSE=1
[rank5]:W0910 13:58:31.147000 2608035 torch/_dynamo/convert_frame.py:2147]     ^^^^^^^^^^^^^^^^^^^^^^^^^^^^^^^^^^^^^^^^
[rank5]:W0910 13:58:31.147000 2608035 torch/_dynamo/convert_frame.py:2147]   File "/usr/local/lib/python3.12/dist-packages/torch/_inductor/compile_fx.py", line 1053, in _compile_fx_inner
[rank5]:W0910 13:58:31.147000 2608035 torch/_dynamo/convert_frame.py:2147]     raise InductorError(e, currentframe()).with_traceback(
[rank5]:W0910 13:58:31.147000 2608035 torch/_dynamo/convert_frame.py:2147]   File "/usr/local/lib/python3.12/dist-packages/torch/_inductor/compile_fx.py", line 1037, in _compile_fx_inner
[rank5]:W0910 13:58:31.147000 2608035 torch/_dynamo/convert_frame.py:2147]     mb_compiled_graph = fx_codegen_and_compile(
[rank5]:W0910 13:58:31.147000 2608035 torch/_dynamo/convert_frame.py:2147]                         ^^^^^^^^^^^^^^^^^^^^^^^
[rank5]:W0910 13:58:31.147000 2608035 torch/_dynamo/convert_frame.py:2147]   File "/usr/local/lib/python3.12/dist-packages/torch/_inductor/compile_fx.py", line 1798, in fx_codegen_and_compile
[rank5]:W0910 13:58:31.147000 2608035 torch/_dynamo/convert_frame.py:2147]     return scheme.codegen_and_compile(gm, example_inputs, inputs_to_check, graph_kwargs)
[rank5]:W0910 13:58:31.147000 2608035 torch/_dynamo/convert_frame.py:2147]            ^^^^^^^^^^^^^^^^^^^^^^^^^^^^^^^^^^^^^^^^^^^^^^^^^^^^^^^^^^^^^^^^^^^^^^^^^^^^^
[rank5]:W0910 13:58:31.147000 2608035 torch/_dynamo/convert_frame.py:2147]   File "/usr/local/lib/python3.12/dist-packages/torch/_inductor/compile_fx.py", line 1485, in codegen_and_compile
[rank5]:W0910 13:58:31.147000 2608035 torch/_dynamo/convert_frame.py:2147]     graph.run(*example_inputs)
[rank5]:W0910 13:58:31.147000 2608035 torch/_dynamo/convert_frame.py:2147]   File "/usr/local/lib/python3.12/dist-packages/torch/_inductor/graph.py", line 1025, in run
[rank5]:W0910 13:58:31.147000 2608035 torch/_dynamo/convert_frame.py:2147]     return super().run(*args)
[rank5]:W0910 13:58:31.147000 2608035 torch/_dynamo/convert_frame.py:2147]            ^^^^^^^^^^^^^^^^^^
[rank5]:W0910 13:58:31.147000 2608035 torch/_dynamo/convert_frame.py:2147]   File "/usr/local/lib/python3.12/dist-packages/torch/fx/interpreter.py", line 200, in run
[rank5]:W0910 13:58:31.147000 2608035 torch/_dynamo/convert_frame.py:2147]     self.env[node] = self.run_node(node)
[rank5]:W0910 13:58:31.147000 2608035 torch/_dynamo/convert_frame.py:2147]                      ^^^^^^^^^^^^^^^^^^^
[rank5]:W0910 13:58:31.147000 2608035 torch/_dynamo/convert_frame.py:2147]   File "/usr/local/lib/python3.12/dist-packages/torch/_inductor/graph.py", line 1997, in run_node
[rank5]:W0910 13:58:31.147000 2608035 torch/_dynamo/convert_frame.py:2147]     self.register_users_of(result)
[rank5]:W0910 13:58:31.147000 2608035 torch/_dynamo/convert_frame.py:2147]   File "/usr/local/lib/python3.12/dist-packages/torch/_inductor/graph.py", line 1072, in register_users_of
[rank5]:W0910 13:58:31.147000 2608035 torch/_dynamo/convert_frame.py:2147]     register(node_output)
[rank5]:W0910 13:58:31.147000 2608035 torch/_dynamo/convert_frame.py:2147]   File "/usr/local/lib/python3.12/dist-packages/torch/_inductor/graph.py", line 1069, in register
[rank5]:W0910 13:58:31.147000 2608035 torch/_dynamo/convert_frame.py:2147]     for read_name in value.get_read_names():
[rank5]:W0910 13:58:31.147000 2608035 torch/_dynamo/convert_frame.py:2147]                      ^^^^^^^^^^^^^^^^^^^^^^
[rank5]:W0910 13:58:31.147000 2608035 torch/_dynamo/convert_frame.py:2147]   File "/usr/local/lib/python3.12/dist-packages/torch/_inductor/ir.py", line 8658, in get_read_names
[rank5]:W0910 13:58:31.147000 2608035 torch/_dynamo/convert_frame.py:2147]     return self.data.get_read_names()
[rank5]:W0910 13:58:31.147000 2608035 torch/_dynamo/convert_frame.py:2147]            ^^^^^^^^^^^^^^^^^^^^^^^^^^
[rank5]:W0910 13:58:31.147000 2608035 torch/_dynamo/convert_frame.py:2147]   File "/usr/local/lib/python3.12/dist-packages/torch/_inductor/ir.py", line 8658, in get_read_names
[rank5]:W0910 13:58:31.147000 2608035 torch/_dynamo/convert_frame.py:2147]     return self.data.get_read_names()
[rank5]:W0910 13:58:31.147000 2608035 torch/_dynamo/convert_frame.py:2147]            ^^^^^^^^^^^^^^^^^^^^^^^^^^
[rank5]:W0910 13:58:31.147000 2608035 torch/_dynamo/convert_frame.py:2147]   File "/usr/local/lib/python3.12/dist-packages/torch/_inductor/ir.py", line 4766, in get_read_names
[rank5]:W0910 13:58:31.147000 2608035 torch/_dynamo/convert_frame.py:2147]     return self.data.get_read_names()
[rank5]:W0910 13:58:31.147000 2608035 torch/_dynamo/convert_frame.py:2147]            ^^^^^^^^^^^^^^^^^^^^^^^^^^
[rank5]:W0910 13:58:31.147000 2608035 torch/_dynamo/convert_frame.py:2147]   File "/usr/local/lib/python3.12/dist-packages/torch/_inductor/ir.py", line 1042, in get_read_names
[rank5]:W0910 13:58:31.147000 2608035 torch/_dynamo/convert_frame.py:2147]     return OrderedSet(self.inner_fn_opcount().read_buffers)
[rank5]:W0910 13:58:31.147000 2608035 torch/_dynamo/convert_frame.py:2147]                       ^^^^^^^^^^^^^^^^^^^^^^^
[rank5]:W0910 13:58:31.147000 2608035 torch/_dynamo/convert_frame.py:2147]   File "<string>", line 6, in inner_fn_opcount_cache_on_self
[rank5]:W0910 13:58:31.147000 2608035 torch/_dynamo/convert_frame.py:2147]   File "/usr/local/lib/python3.12/dist-packages/torch/_inductor/ir.py", line 1005, in inner_fn_opcount
[rank5]:W0910 13:58:31.147000 2608035 torch/_dynamo/convert_frame.py:2147]     self.inner_fn(*self.inner_fn_args())
[rank5]:W0910 13:58:31.147000 2608035 torch/_dynamo/convert_frame.py:2147]   File "/usr/local/lib/python3.12/dist-packages/torch/_inductor/lowering.py", line 2735, in inner_fn
[rank5]:W0910 13:58:31.147000 2608035 torch/_dynamo/convert_frame.py:2147]     _boundaries_helper(boundaries),
[rank5]:W0910 13:58:31.147000 2608035 torch/_dynamo/convert_frame.py:2147]     ^^^^^^^^^^^^^^^^^^^^^^^^^^^^^^
[rank5]:W0910 13:58:31.147000 2608035 torch/_dynamo/convert_frame.py:2147]   File "/usr/local/lib/python3.12/dist-packages/torch/_inductor/lowering.py", line 2589, in _boundaries_helper
[rank5]:W0910 13:58:31.147000 2608035 torch/_dynamo/convert_frame.py:2147]     stride = tb.get_stride()
[rank5]:W0910 13:58:31.147000 2608035 torch/_dynamo/convert_frame.py:2147]              ^^^^^^^^^^^^^^^
[rank5]:W0910 13:58:31.147000 2608035 torch/_dynamo/convert_frame.py:2147]   File "/usr/local/lib/python3.12/dist-packages/torch/_inductor/ir.py", line 8573, in get_stride
[rank5]:W0910 13:58:31.147000 2608035 torch/_dynamo/convert_frame.py:2147]     return self.data.get_stride()
[rank5]:W0910 13:58:31.147000 2608035 torch/_dynamo/convert_frame.py:2147]            ^^^^^^^^^^^^^^^^^^^^^^
[rank5]:W0910 13:58:31.147000 2608035 torch/_dynamo/convert_frame.py:2147]   File "/usr/local/lib/python3.12/dist-packages/torch/_inductor/ir.py", line 758, in get_stride
[rank5]:W0910 13:58:31.147000 2608035 torch/_dynamo/convert_frame.py:2147]     raise NotImplementedError(type(self).__name__)
[rank5]:W0910 13:58:31.147000 2608035 torch/_dynamo/convert_frame.py:2147] torch._inductor.exc.InductorError: NotImplementedError: SliceView
[rank5]:W0910 13:58:31.147000 2608035 torch/_dynamo/convert_frame.py:2147] 
[rank5]:W0910 13:58:31.147000 2608035 torch/_dynamo/convert_frame.py:2147] Set TORCHDYNAMO_VERBOSE=1 for the internal stack trace (please do this especially if you're reporting a bug to PyTorch). For even more developer context, set TORCH_LOGS="+dynamo"
[rank5]:W0910 13:58:31.147000 2608035 torch/_dynamo/convert_frame.py:2147] 
[rank5]:W0910 13:58:31.147000 2608035 torch/_dynamo/convert_frame.py:2147] Traceback (most recent call last):
[rank5]:W0910 13:58:31.147000 2608035 torch/_dynamo/convert_frame.py:2147]   File "/usr/local/lib/python3.12/dist-packages/torch/_dynamo/convert_frame.py", line 2052, in __call__
[rank5]:W0910 13:58:31.147000 2608035 torch/_dynamo/convert_frame.py:2147]     result = self._inner_convert(
[rank5]:W0910 13:58:31.147000 2608035 torch/_dynamo/convert_frame.py:2147]              ^^^^^^^^^^^^^^^^^^^^
[rank5]:W0910 13:58:31.147000 2608035 torch/_dynamo/convert_frame.py:2147]   File "/usr/local/lib/python3.12/dist-packages/torch/_dynamo/convert_frame.py", line 729, in __call__
[rank5]:W0910 13:58:31.147000 2608035 torch/_dynamo/convert_frame.py:2147]     result = _compile(
[rank5]:W0910 13:58:31.147000 2608035 torch/_dynamo/convert_frame.py:2147]              ^^^^^^^^^
[rank5]:W0910 13:58:31.147000 2608035 torch/_dynamo/convert_frame.py:2147]   File "/usr/local/lib/python3.12/dist-packages/torch/_dynamo/convert_frame.py", line 1827, in _compile
[rank5]:W0910 13:58:31.147000 2608035 torch/_dynamo/convert_frame.py:2147]     guarded_code, tracer_output = compile_inner(code, one_graph, hooks)
[rank5]:W0910 13:58:31.147000 2608035 torch/_dynamo/convert_frame.py:2147]                                   ^^^^^^^^^^^^^^^^^^^^^^^^^^^^^^^^^^^^^
[rank5]:W0910 13:58:31.147000 2608035 torch/_dynamo/convert_frame.py:2147]   File "/usr/local/lib/python3.12/dist-packages/torch/_utils_internal.py", line 96, in wrapper_function
[rank5]:W0910 13:58:31.147000 2608035 torch/_dynamo/convert_frame.py:2147]     return function(*args, **kwargs)
[rank5]:W0910 13:58:31.147000 2608035 torch/_dynamo/convert_frame.py:2147]            ^^^^^^^^^^^^^^^^^^^^^^^^^
[rank5]:W0910 13:58:31.147000 2608035 torch/_dynamo/convert_frame.py:2147]   File "/usr/local/lib/python3.12/dist-packages/torch/_dynamo/convert_frame.py", line 1500, in compile_inner
[rank5]:W0910 13:58:31.147000 2608035 torch/_dynamo/convert_frame.py:2147]     return _compile_inner(code, one_graph, hooks)
[rank5]:W0910 13:58:31.147000 2608035 torch/_dynamo/convert_frame.py:2147]            ^^^^^^^^^^^^^^^^^^^^^^^^^^^^^^^^^^^^^^
[rank5]:W0910 13:58:31.147000 2608035 torch/_dynamo/convert_frame.py:2147]   File "/usr/local/lib/python3.12/dist-packages/torch/_dynamo/convert_frame.py", line 1534, in _compile_inner
[rank5]:W0910 13:58:31.147000 2608035 torch/_dynamo/convert_frame.py:2147]     dynamo_output = compile_frame(
[rank5]:W0910 13:58:31.147000 2608035 torch/_dynamo/convert_frame.py:2147]                     ^^^^^^^^^^^^^^
[rank5]:W0910 13:58:31.147000 2608035 torch/_dynamo/convert_frame.py:2147]   File "/usr/local/lib/python3.12/dist-packages/torch/_dynamo/convert_frame.py", line 1408, in compile_frame
[rank5]:W0910 13:58:31.147000 2608035 torch/_dynamo/convert_frame.py:2147]     bytecode, tracer_output = transform_code_object(code, transform)
[rank5]:W0910 13:58:31.147000 2608035 torch/_dynamo/convert_frame.py:2147]                               ^^^^^^^^^^^^^^^^^^^^^^^^^^^^^^^^^^^^^^
[rank5]:W0910 13:58:31.147000 2608035 torch/_dynamo/convert_frame.py:2147]   File "/usr/local/lib/python3.12/dist-packages/torch/_dynamo/bytecode_transformation.py", line 1608, in transform_code_object
[rank5]:W0910 13:58:31.147000 2608035 torch/_dynamo/convert_frame.py:2147]     tracer_output = transformations(instructions, code_options)
[rank5]:W0910 13:58:31.147000 2608035 torch/_dynamo/convert_frame.py:2147]                     ^^^^^^^^^^^^^^^^^^^^^^^^^^^^^^^^^^^^^^^^^^^
[rank5]:W0910 13:58:31.147000 2608035 torch/_dynamo/convert_frame.py:2147]   File "/usr/local/lib/python3.12/dist-packages/torch/_dynamo/convert_frame.py", line 1380, in transform
[rank5]:W0910 13:58:31.147000 2608035 torch/_dynamo/convert_frame.py:2147]     tracer_output = trace_frame(
[rank5]:W0910 13:58:31.147000 2608035 torch/_dynamo/convert_frame.py:2147]                     ^^^^^^^^^^^^
[rank5]:W0910 13:58:31.147000 2608035 torch/_dynamo/convert_frame.py:2147]   File "/usr/local/lib/python3.12/dist-packages/torch/_dynamo/convert_frame.py", line 341, in _fn
[rank5]:W0910 13:58:31.147000 2608035 torch/_dynamo/convert_frame.py:2147]     return fn(*args, **kwargs)
[rank5]:W0910 13:58:31.147000 2608035 torch/_dynamo/convert_frame.py:2147]            ^^^^^^^^^^^^^^^^^^^
[rank5]:W0910 13:58:31.147000 2608035 torch/_dynamo/convert_frame.py:2147]   File "/usr/local/lib/python3.12/dist-packages/torch/_dynamo/convert_frame.py", line 863, in trace_frame
[rank5]:W0910 13:58:31.147000 2608035 torch/_dynamo/convert_frame.py:2147]     run_tracer()
[rank5]:W0910 13:58:31.147000 2608035 torch/_dynamo/convert_frame.py:2147]   File "/usr/local/lib/python3.12/dist-packages/torch/_dynamo/convert_frame.py", line 844, in run_tracer
[rank5]:W0910 13:58:31.147000 2608035 torch/_dynamo/convert_frame.py:2147]     tracer.run()
[rank5]:W0910 13:58:31.147000 2608035 torch/_dynamo/convert_frame.py:2147]   File "/usr/local/lib/python3.12/dist-packages/torch/_dynamo/symbolic_convert.py", line 1794, in run
[rank5]:W0910 13:58:31.147000 2608035 torch/_dynamo/convert_frame.py:2147]     while self.step():
[rank5]:W0910 13:58:31.147000 2608035 torch/_dynamo/convert_frame.py:2147]           ^^^^^^^^^^^
[rank5]:W0910 13:58:31.147000 2608035 torch/_dynamo/convert_frame.py:2147]   File "/usr/local/lib/python3.12/dist-packages/torch/_dynamo/symbolic_convert.py", line 1459, in step
[rank5]:W0910 13:58:31.147000 2608035 torch/_dynamo/convert_frame.py:2147]     self.dispatch_table[inst.opcode](self, inst)
[rank5]:W0910 13:58:31.147000 2608035 torch/_dynamo/convert_frame.py:2147]   File "/usr/local/lib/python3.12/dist-packages/torch/_dynamo/symbolic_convert.py", line 5570, in RETURN_VALUE
[rank5]:W0910 13:58:31.147000 2608035 torch/_dynamo/convert_frame.py:2147]     self._return(inst)
[rank5]:W0910 13:58:31.147000 2608035 torch/_dynamo/convert_frame.py:2147]   File "/usr/local/lib/python3.12/dist-packages/torch/_dynamo/symbolic_convert.py", line 5552, in _return
[rank5]:W0910 13:58:31.147000 2608035 torch/_dynamo/convert_frame.py:2147]     all_stack_locals_metadata = self.output.compile_subgraph(
[rank5]:W0910 13:58:31.147000 2608035 torch/_dynamo/convert_frame.py:2147]                                 ^^^^^^^^^^^^^^^^^^^^^^^^^^^^^
[rank5]:W0910 13:58:31.147000 2608035 torch/_dynamo/convert_frame.py:2147]   File "/usr/local/lib/python3.12/dist-packages/torch/_dynamo/output_graph.py", line 1889, in compile_subgraph
[rank5]:W0910 13:58:31.147000 2608035 torch/_dynamo/convert_frame.py:2147]     self.compile_and_call_fx_graph(tx, pass2.graph_output_vars(), root)
[rank5]:W0910 13:58:31.147000 2608035 torch/_dynamo/convert_frame.py:2147]   File "/usr/local/lib/python3.12/dist-packages/torch/_dynamo/output_graph.py", line 2460, in compile_and_call_fx_graph
[rank5]:W0910 13:58:31.147000 2608035 torch/_dynamo/convert_frame.py:2147]     compiled_fn = self.call_user_compiler(gm, self.example_inputs())
[rank5]:W0910 13:58:31.147000 2608035 torch/_dynamo/convert_frame.py:2147]                   ^^^^^^^^^^^^^^^^^^^^^^^^^^^^^^^^^^^^^^^^^^^^^^^^^^
[rank5]:W0910 13:58:31.147000 2608035 torch/_dynamo/convert_frame.py:2147]   File "/usr/local/lib/python3.12/dist-packages/torch/_dynamo/output_graph.py", line 2613, in call_user_compiler
[rank5]:W0910 13:58:31.147000 2608035 torch/_dynamo/convert_frame.py:2147]     return self._call_user_compiler(gm, example_inputs)
[rank5]:W0910 13:58:31.147000 2608035 torch/_dynamo/convert_frame.py:2147]            ^^^^^^^^^^^^^^^^^^^^^^^^^^^^^^^^^^^^^^^^^^^^
[rank5]:W0910 13:58:31.147000 2608035 torch/_dynamo/convert_frame.py:2147]   File "/usr/local/lib/python3.12/dist-packages/torch/_dynamo/output_graph.py", line 2664, in _call_user_compiler
[rank5]:W0910 13:58:31.147000 2608035 torch/_dynamo/convert_frame.py:2147]     compiled_fn = compiler_fn(gm, example_inputs)
[rank5]:W0910 13:58:31.147000 2608035 torch/_dynamo/convert_frame.py:2147]                   ^^^^^^^^^^^^^^^^^^^^^^^^^^^^^^^
[rank5]:W0910 13:58:31.147000 2608035 torch/_dynamo/convert_frame.py:2147]   File "/usr/local/lib/python3.12/dist-packages/torch/_dynamo/backends/distributed.py", line 569, in compile_fn
[rank5]:W0910 13:58:31.147000 2608035 torch/_dynamo/convert_frame.py:2147]     return self.backend_compile_fn(gm, example_inputs)
[rank5]:W0910 13:58:31.147000 2608035 torch/_dynamo/convert_frame.py:2147]            ^^^^^^^^^^^^^^^^^^^^^^^^^^^^^^^^^^^^^^^^^^^
[rank5]:W0910 13:58:31.147000 2608035 torch/_dynamo/convert_frame.py:2147]   File "/usr/local/lib/python3.12/dist-packages/torch/_dynamo/repro/after_dynamo.py", line 156, in __call__
[rank5]:W0910 13:58:31.147000 2608035 torch/_dynamo/convert_frame.py:2147]     compiled_gm = compiler_fn(gm, example_inputs)
[rank5]:W0910 13:58:31.147000 2608035 torch/_dynamo/convert_frame.py:2147]                   ^^^^^^^^^^^^^^^^^^^^^^^^^^^^^^^
[rank5]:W0910 13:58:31.147000 2608035 torch/_dynamo/convert_frame.py:2147]   File "/usr/local/lib/python3.12/dist-packages/torch/__init__.py", line 2461, in __call__
[rank5]:W0910 13:58:31.147000 2608035 torch/_dynamo/convert_frame.py:2147]     return compile_fx(model_, inputs_, config_patches=self.config)
[rank5]:W0910 13:58:31.147000 2608035 torch/_dynamo/convert_frame.py:2147]            ^^^^^^^^^^^^^^^^^^^^^^^^^^^^^^^^^^^^^^^^^^^^^^^^^^^^^^^
[rank5]:W0910 13:58:31.147000 2608035 torch/_dynamo/convert_frame.py:2147]   File "/usr/local/lib/python3.12/dist-packages/torch/_inductor/compile_fx.py", line 2578, in compile_fx
[rank5]:W0910 13:58:31.147000 2608035 torch/_dynamo/convert_frame.py:2147]     return _maybe_wrap_and_compile_fx_main(
[rank5]:W0910 13:58:31.147000 2608035 torch/_dynamo/convert_frame.py:2147]            ^^^^^^^^^^^^^^^^^^^^^^^^^^^^^^^^
[rank5]:W0910 13:58:31.147000 2608035 torch/_dynamo/convert_frame.py:2147]   File "/usr/local/lib/python3.12/dist-packages/torch/_inductor/compile_fx.py", line 2655, in _maybe_wrap_and_compile_fx_main
[rank5]:W0910 13:58:31.147000 2608035 torch/_dynamo/convert_frame.py:2147]     return _compile_fx_main(
[rank5]:W0910 13:58:31.147000 2608035 torch/_dynamo/convert_frame.py:2147]            ^^^^^^^^^^^^^^^^^
[rank5]:W0910 13:58:31.147000 2608035 torch/_dynamo/convert_frame.py:2147]   File "/usr/local/lib/python3.12/dist-packages/torch/_inductor/compile_fx.py", line 2864, in _compile_fx_main
[rank5]:W0910 13:58:31.147000 2608035 torch/_dynamo/convert_frame.py:2147]     raise e.remove_dynamo_frames() from None  # see TORCHDYNAMO_VERBOSE=1
[rank5]:W0910 13:58:31.147000 2608035 torch/_dynamo/convert_frame.py:2147]     ^^^^^^^^^^^^^^^^^^^^^^^^^^^^^^^^^^^^^^^^
[rank5]:W0910 13:58:31.147000 2608035 torch/_dynamo/convert_frame.py:2147]   File "/usr/local/lib/python3.12/dist-packages/torch/_inductor/compile_fx.py", line 1053, in _compile_fx_inner
[rank5]:W0910 13:58:31.147000 2608035 torch/_dynamo/convert_frame.py:2147]     raise InductorError(e, currentframe()).with_traceback(
[rank5]:W0910 13:58:31.147000 2608035 torch/_dynamo/convert_frame.py:2147]   File "/usr/local/lib/python3.12/dist-packages/torch/_inductor/compile_fx.py", line 1037, in _compile_fx_inner
[rank5]:W0910 13:58:31.147000 2608035 torch/_dynamo/convert_frame.py:2147]     mb_compiled_graph = fx_codegen_and_compile(
[rank5]:W0910 13:58:31.147000 2608035 torch/_dynamo/convert_frame.py:2147]                         ^^^^^^^^^^^^^^^^^^^^^^^
[rank5]:W0910 13:58:31.147000 2608035 torch/_dynamo/convert_frame.py:2147]   File "/usr/local/lib/python3.12/dist-packages/torch/_inductor/compile_fx.py", line 1798, in fx_codegen_and_compile
[rank5]:W0910 13:58:31.147000 2608035 torch/_dynamo/convert_frame.py:2147]     return scheme.codegen_and_compile(gm, example_inputs, inputs_to_check, graph_kwargs)
[rank5]:W0910 13:58:31.147000 2608035 torch/_dynamo/convert_frame.py:2147]            ^^^^^^^^^^^^^^^^^^^^^^^^^^^^^^^^^^^^^^^^^^^^^^^^^^^^^^^^^^^^^^^^^^^^^^^^^^^^^
[rank5]:W0910 13:58:31.147000 2608035 torch/_dynamo/convert_frame.py:2147]   File "/usr/local/lib/python3.12/dist-packages/torch/_inductor/compile_fx.py", line 1485, in codegen_and_compile
[rank5]:W0910 13:58:31.147000 2608035 torch/_dynamo/convert_frame.py:2147]     graph.run(*example_inputs)
[rank5]:W0910 13:58:31.147000 2608035 torch/_dynamo/convert_frame.py:2147]   File "/usr/local/lib/python3.12/dist-packages/torch/_inductor/graph.py", line 1025, in run
[rank5]:W0910 13:58:31.147000 2608035 torch/_dynamo/convert_frame.py:2147]     return super().run(*args)
[rank5]:W0910 13:58:31.147000 2608035 torch/_dynamo/convert_frame.py:2147]            ^^^^^^^^^^^^^^^^^^
[rank5]:W0910 13:58:31.147000 2608035 torch/_dynamo/convert_frame.py:2147]   File "/usr/local/lib/python3.12/dist-packages/torch/fx/interpreter.py", line 200, in run
[rank5]:W0910 13:58:31.147000 2608035 torch/_dynamo/convert_frame.py:2147]     self.env[node] = self.run_node(node)
[rank5]:W0910 13:58:31.147000 2608035 torch/_dynamo/convert_frame.py:2147]                      ^^^^^^^^^^^^^^^^^^^
[rank5]:W0910 13:58:31.147000 2608035 torch/_dynamo/convert_frame.py:2147]   File "/usr/local/lib/python3.12/dist-packages/torch/_inductor/graph.py", line 1997, in run_node
[rank5]:W0910 13:58:31.147000 2608035 torch/_dynamo/convert_frame.py:2147]     self.register_users_of(result)
[rank5]:W0910 13:58:31.147000 2608035 torch/_dynamo/convert_frame.py:2147]   File "/usr/local/lib/python3.12/dist-packages/torch/_inductor/graph.py", line 1072, in register_users_of
[rank5]:W0910 13:58:31.147000 2608035 torch/_dynamo/convert_frame.py:2147]     register(node_output)
[rank5]:W0910 13:58:31.147000 2608035 torch/_dynamo/convert_frame.py:2147]   File "/usr/local/lib/python3.12/dist-packages/torch/_inductor/graph.py", line 1069, in register
[rank5]:W0910 13:58:31.147000 2608035 torch/_dynamo/convert_frame.py:2147]     for read_name in value.get_read_names():
[rank5]:W0910 13:58:31.147000 2608035 torch/_dynamo/convert_frame.py:2147]                      ^^^^^^^^^^^^^^^^^^^^^^
[rank5]:W0910 13:58:31.147000 2608035 torch/_dynamo/convert_frame.py:2147]   File "/usr/local/lib/python3.12/dist-packages/torch/_inductor/ir.py", line 8658, in get_read_names
[rank5]:W0910 13:58:31.147000 2608035 torch/_dynamo/convert_frame.py:2147]     return self.data.get_read_names()
[rank5]:W0910 13:58:31.147000 2608035 torch/_dynamo/convert_frame.py:2147]            ^^^^^^^^^^^^^^^^^^^^^^^^^^
[rank5]:W0910 13:58:31.147000 2608035 torch/_dynamo/convert_frame.py:2147]   File "/usr/local/lib/python3.12/dist-packages/torch/_inductor/ir.py", line 8658, in get_read_names
[rank5]:W0910 13:58:31.147000 2608035 torch/_dynamo/convert_frame.py:2147]     return self.data.get_read_names()
[rank5]:W0910 13:58:31.147000 2608035 torch/_dynamo/convert_frame.py:2147]            ^^^^^^^^^^^^^^^^^^^^^^^^^^
[rank5]:W0910 13:58:31.147000 2608035 torch/_dynamo/convert_frame.py:2147]   File "/usr/local/lib/python3.12/dist-packages/torch/_inductor/ir.py", line 4766, in get_read_names
[rank5]:W0910 13:58:31.147000 2608035 torch/_dynamo/convert_frame.py:2147]     return self.data.get_read_names()
[rank5]:W0910 13:58:31.147000 2608035 torch/_dynamo/convert_frame.py:2147]            ^^^^^^^^^^^^^^^^^^^^^^^^^^
[rank5]:W0910 13:58:31.147000 2608035 torch/_dynamo/convert_frame.py:2147]   File "/usr/local/lib/python3.12/dist-packages/torch/_inductor/ir.py", line 1042, in get_read_names
[rank5]:W0910 13:58:31.147000 2608035 torch/_dynamo/convert_frame.py:2147]     return OrderedSet(self.inner_fn_opcount().read_buffers)
[rank5]:W0910 13:58:31.147000 2608035 torch/_dynamo/convert_frame.py:2147]                       ^^^^^^^^^^^^^^^^^^^^^^^
[rank5]:W0910 13:58:31.147000 2608035 torch/_dynamo/convert_frame.py:2147]   File "<string>", line 6, in inner_fn_opcount_cache_on_self
[rank5]:W0910 13:58:31.147000 2608035 torch/_dynamo/convert_frame.py:2147]   File "/usr/local/lib/python3.12/dist-packages/torch/_inductor/ir.py", line 1005, in inner_fn_opcount
[rank5]:W0910 13:58:31.147000 2608035 torch/_dynamo/convert_frame.py:2147]     self.inner_fn(*self.inner_fn_args())
[rank5]:W0910 13:58:31.147000 2608035 torch/_dynamo/convert_frame.py:2147]   File "/usr/local/lib/python3.12/dist-packages/torch/_inductor/lowering.py", line 2735, in inner_fn
[rank5]:W0910 13:58:31.147000 2608035 torch/_dynamo/convert_frame.py:2147]     _boundaries_helper(boundaries),
[rank5]:W0910 13:58:31.147000 2608035 torch/_dynamo/convert_frame.py:2147]     ^^^^^^^^^^^^^^^^^^^^^^^^^^^^^^
[rank5]:W0910 13:58:31.147000 2608035 torch/_dynamo/convert_frame.py:2147]   File "/usr/local/lib/python3.12/dist-packages/torch/_inductor/lowering.py", line 2589, in _boundaries_helper
[rank5]:W0910 13:58:31.147000 2608035 torch/_dynamo/convert_frame.py:2147]     stride = tb.get_stride()
[rank5]:W0910 13:58:31.147000 2608035 torch/_dynamo/convert_frame.py:2147]              ^^^^^^^^^^^^^^^
[rank5]:W0910 13:58:31.147000 2608035 torch/_dynamo/convert_frame.py:2147]   File "/usr/local/lib/python3.12/dist-packages/torch/_inductor/ir.py", line 8573, in get_stride
[rank5]:W0910 13:58:31.147000 2608035 torch/_dynamo/convert_frame.py:2147]     return self.data.get_stride()
[rank5]:W0910 13:58:31.147000 2608035 torch/_dynamo/convert_frame.py:2147]            ^^^^^^^^^^^^^^^^^^^^^^
[rank5]:W0910 13:58:31.147000 2608035 torch/_dynamo/convert_frame.py:2147]   File "/usr/local/lib/python3.12/dist-packages/torch/_inductor/ir.py", line 758, in get_stride
[rank5]:W0910 13:58:31.147000 2608035 torch/_dynamo/convert_frame.py:2147]     raise NotImplementedError(type(self).__name__)
[rank5]:W0910 13:58:31.147000 2608035 torch/_dynamo/convert_frame.py:2147] torch._inductor.exc.InductorError: NotImplementedError: SliceView
[rank5]:W0910 13:58:31.147000 2608035 torch/_dynamo/convert_frame.py:2147] 
[rank5]:W0910 13:58:31.147000 2608035 torch/_dynamo/convert_frame.py:2147] Set TORCHDYNAMO_VERBOSE=1 for the internal stack trace (please do this especially if you're reporting a bug to PyTorch). For even more developer context, set TORCH_LOGS="+dynamo"
[rank5]:W0910 13:58:31.147000 2608035 torch/_dynamo/convert_frame.py:2147] 
[rank6]:W0910 13:58:31.178000 2608036 torch/_dynamo/convert_frame.py:2147] WON'T CONVERT positions /work/aupai/model.py line 876 
[rank6]:W0910 13:58:31.178000 2608036 torch/_dynamo/convert_frame.py:2147] due to: 
[rank6]:W0910 13:58:31.178000 2608036 torch/_dynamo/convert_frame.py:2147] Traceback (most recent call last):
[rank6]:W0910 13:58:31.178000 2608036 torch/_dynamo/convert_frame.py:2147]   File "/usr/local/lib/python3.12/dist-packages/torch/_dynamo/convert_frame.py", line 2052, in __call__
[rank6]:W0910 13:58:31.178000 2608036 torch/_dynamo/convert_frame.py:2147]     result = self._inner_convert(
[rank6]:W0910 13:58:31.178000 2608036 torch/_dynamo/convert_frame.py:2147]              ^^^^^^^^^^^^^^^^^^^^
[rank6]:W0910 13:58:31.178000 2608036 torch/_dynamo/convert_frame.py:2147]   File "/usr/local/lib/python3.12/dist-packages/torch/_dynamo/convert_frame.py", line 729, in __call__
[rank6]:W0910 13:58:31.178000 2608036 torch/_dynamo/convert_frame.py:2147]     result = _compile(
[rank6]:W0910 13:58:31.178000 2608036 torch/_dynamo/convert_frame.py:2147]              ^^^^^^^^^
[rank6]:W0910 13:58:31.178000 2608036 torch/_dynamo/convert_frame.py:2147]   File "/usr/local/lib/python3.12/dist-packages/torch/_dynamo/convert_frame.py", line 1827, in _compile
[rank6]:W0910 13:58:31.178000 2608036 torch/_dynamo/convert_frame.py:2147]     guarded_code, tracer_output = compile_inner(code, one_graph, hooks)
[rank6]:W0910 13:58:31.178000 2608036 torch/_dynamo/convert_frame.py:2147]                                   ^^^^^^^^^^^^^^^^^^^^^^^^^^^^^^^^^^^^^
[rank6]:W0910 13:58:31.178000 2608036 torch/_dynamo/convert_frame.py:2147]   File "/usr/local/lib/python3.12/dist-packages/torch/_utils_internal.py", line 96, in wrapper_function
[rank6]:W0910 13:58:31.178000 2608036 torch/_dynamo/convert_frame.py:2147]     return function(*args, **kwargs)
[rank6]:W0910 13:58:31.178000 2608036 torch/_dynamo/convert_frame.py:2147]            ^^^^^^^^^^^^^^^^^^^^^^^^^
[rank6]:W0910 13:58:31.178000 2608036 torch/_dynamo/convert_frame.py:2147]   File "/usr/local/lib/python3.12/dist-packages/torch/_dynamo/convert_frame.py", line 1500, in compile_inner
[rank6]:W0910 13:58:31.178000 2608036 torch/_dynamo/convert_frame.py:2147]     return _compile_inner(code, one_graph, hooks)
[rank6]:W0910 13:58:31.178000 2608036 torch/_dynamo/convert_frame.py:2147]            ^^^^^^^^^^^^^^^^^^^^^^^^^^^^^^^^^^^^^^
[rank6]:W0910 13:58:31.178000 2608036 torch/_dynamo/convert_frame.py:2147]   File "/usr/local/lib/python3.12/dist-packages/torch/_dynamo/convert_frame.py", line 1534, in _compile_inner
[rank6]:W0910 13:58:31.178000 2608036 torch/_dynamo/convert_frame.py:2147]     dynamo_output = compile_frame(
[rank6]:W0910 13:58:31.178000 2608036 torch/_dynamo/convert_frame.py:2147]                     ^^^^^^^^^^^^^^
[rank6]:W0910 13:58:31.178000 2608036 torch/_dynamo/convert_frame.py:2147]   File "/usr/local/lib/python3.12/dist-packages/torch/_dynamo/convert_frame.py", line 1408, in compile_frame
[rank6]:W0910 13:58:31.178000 2608036 torch/_dynamo/convert_frame.py:2147]     bytecode, tracer_output = transform_code_object(code, transform)
[rank6]:W0910 13:58:31.178000 2608036 torch/_dynamo/convert_frame.py:2147]                               ^^^^^^^^^^^^^^^^^^^^^^^^^^^^^^^^^^^^^^
[rank6]:W0910 13:58:31.178000 2608036 torch/_dynamo/convert_frame.py:2147]   File "/usr/local/lib/python3.12/dist-packages/torch/_dynamo/bytecode_transformation.py", line 1608, in transform_code_object
[rank6]:W0910 13:58:31.178000 2608036 torch/_dynamo/convert_frame.py:2147]     tracer_output = transformations(instructions, code_options)
[rank6]:W0910 13:58:31.178000 2608036 torch/_dynamo/convert_frame.py:2147]                     ^^^^^^^^^^^^^^^^^^^^^^^^^^^^^^^^^^^^^^^^^^^
[rank6]:W0910 13:58:31.178000 2608036 torch/_dynamo/convert_frame.py:2147]   File "/usr/local/lib/python3.12/dist-packages/torch/_dynamo/convert_frame.py", line 1380, in transform
[rank6]:W0910 13:58:31.178000 2608036 torch/_dynamo/convert_frame.py:2147]     tracer_output = trace_frame(
[rank6]:W0910 13:58:31.178000 2608036 torch/_dynamo/convert_frame.py:2147]                     ^^^^^^^^^^^^
[rank6]:W0910 13:58:31.178000 2608036 torch/_dynamo/convert_frame.py:2147]   File "/usr/local/lib/python3.12/dist-packages/torch/_dynamo/convert_frame.py", line 341, in _fn
[rank6]:W0910 13:58:31.178000 2608036 torch/_dynamo/convert_frame.py:2147]     return fn(*args, **kwargs)
[rank6]:W0910 13:58:31.178000 2608036 torch/_dynamo/convert_frame.py:2147]            ^^^^^^^^^^^^^^^^^^^
[rank6]:W0910 13:58:31.178000 2608036 torch/_dynamo/convert_frame.py:2147]   File "/usr/local/lib/python3.12/dist-packages/torch/_dynamo/convert_frame.py", line 863, in trace_frame
[rank6]:W0910 13:58:31.178000 2608036 torch/_dynamo/convert_frame.py:2147]     run_tracer()
[rank6]:W0910 13:58:31.178000 2608036 torch/_dynamo/convert_frame.py:2147]   File "/usr/local/lib/python3.12/dist-packages/torch/_dynamo/convert_frame.py", line 844, in run_tracer
[rank6]:W0910 13:58:31.178000 2608036 torch/_dynamo/convert_frame.py:2147]     tracer.run()
[rank6]:W0910 13:58:31.178000 2608036 torch/_dynamo/convert_frame.py:2147]   File "/usr/local/lib/python3.12/dist-packages/torch/_dynamo/symbolic_convert.py", line 1794, in run
[rank6]:W0910 13:58:31.178000 2608036 torch/_dynamo/convert_frame.py:2147]     while self.step():
[rank6]:W0910 13:58:31.178000 2608036 torch/_dynamo/convert_frame.py:2147]           ^^^^^^^^^^^
[rank6]:W0910 13:58:31.178000 2608036 torch/_dynamo/convert_frame.py:2147]   File "/usr/local/lib/python3.12/dist-packages/torch/_dynamo/symbolic_convert.py", line 1459, in step
[rank6]:W0910 13:58:31.178000 2608036 torch/_dynamo/convert_frame.py:2147]     self.dispatch_table[inst.opcode](self, inst)
[rank6]:W0910 13:58:31.178000 2608036 torch/_dynamo/convert_frame.py:2147]   File "/usr/local/lib/python3.12/dist-packages/torch/_dynamo/symbolic_convert.py", line 5570, in RETURN_VALUE
[rank6]:W0910 13:58:31.178000 2608036 torch/_dynamo/convert_frame.py:2147]     self._return(inst)
[rank6]:W0910 13:58:31.178000 2608036 torch/_dynamo/convert_frame.py:2147]   File "/usr/local/lib/python3.12/dist-packages/torch/_dynamo/symbolic_convert.py", line 5552, in _return
[rank6]:W0910 13:58:31.178000 2608036 torch/_dynamo/convert_frame.py:2147]     all_stack_locals_metadata = self.output.compile_subgraph(
[rank6]:W0910 13:58:31.178000 2608036 torch/_dynamo/convert_frame.py:2147]                                 ^^^^^^^^^^^^^^^^^^^^^^^^^^^^^
[rank6]:W0910 13:58:31.178000 2608036 torch/_dynamo/convert_frame.py:2147]   File "/usr/local/lib/python3.12/dist-packages/torch/_dynamo/output_graph.py", line 1889, in compile_subgraph
[rank6]:W0910 13:58:31.178000 2608036 torch/_dynamo/convert_frame.py:2147]     self.compile_and_call_fx_graph(tx, pass2.graph_output_vars(), root)
[rank6]:W0910 13:58:31.178000 2608036 torch/_dynamo/convert_frame.py:2147]   File "/usr/local/lib/python3.12/dist-packages/torch/_dynamo/output_graph.py", line 2460, in compile_and_call_fx_graph
[rank6]:W0910 13:58:31.178000 2608036 torch/_dynamo/convert_frame.py:2147]     compiled_fn = self.call_user_compiler(gm, self.example_inputs())
[rank6]:W0910 13:58:31.178000 2608036 torch/_dynamo/convert_frame.py:2147]                   ^^^^^^^^^^^^^^^^^^^^^^^^^^^^^^^^^^^^^^^^^^^^^^^^^^
[rank6]:W0910 13:58:31.178000 2608036 torch/_dynamo/convert_frame.py:2147]   File "/usr/local/lib/python3.12/dist-packages/torch/_dynamo/output_graph.py", line 2613, in call_user_compiler
[rank6]:W0910 13:58:31.178000 2608036 torch/_dynamo/convert_frame.py:2147]     return self._call_user_compiler(gm, example_inputs)
[rank6]:W0910 13:58:31.178000 2608036 torch/_dynamo/convert_frame.py:2147]            ^^^^^^^^^^^^^^^^^^^^^^^^^^^^^^^^^^^^^^^^^^^^
[rank6]:W0910 13:58:31.178000 2608036 torch/_dynamo/convert_frame.py:2147]   File "/usr/local/lib/python3.12/dist-packages/torch/_dynamo/output_graph.py", line 2664, in _call_user_compiler
[rank6]:W0910 13:58:31.178000 2608036 torch/_dynamo/convert_frame.py:2147]     compiled_fn = compiler_fn(gm, example_inputs)
[rank6]:W0910 13:58:31.178000 2608036 torch/_dynamo/convert_frame.py:2147]                   ^^^^^^^^^^^^^^^^^^^^^^^^^^^^^^^
[rank6]:W0910 13:58:31.178000 2608036 torch/_dynamo/convert_frame.py:2147]   File "/usr/local/lib/python3.12/dist-packages/torch/_dynamo/backends/distributed.py", line 569, in compile_fn
[rank6]:W0910 13:58:31.178000 2608036 torch/_dynamo/convert_frame.py:2147]     return self.backend_compile_fn(gm, example_inputs)
[rank6]:W0910 13:58:31.178000 2608036 torch/_dynamo/convert_frame.py:2147]            ^^^^^^^^^^^^^^^^^^^^^^^^^^^^^^^^^^^^^^^^^^^
[rank6]:W0910 13:58:31.178000 2608036 torch/_dynamo/convert_frame.py:2147]   File "/usr/local/lib/python3.12/dist-packages/torch/_dynamo/repro/after_dynamo.py", line 156, in __call__
[rank6]:W0910 13:58:31.178000 2608036 torch/_dynamo/convert_frame.py:2147]     compiled_gm = compiler_fn(gm, example_inputs)
[rank6]:W0910 13:58:31.178000 2608036 torch/_dynamo/convert_frame.py:2147]                   ^^^^^^^^^^^^^^^^^^^^^^^^^^^^^^^
[rank6]:W0910 13:58:31.178000 2608036 torch/_dynamo/convert_frame.py:2147]   File "/usr/local/lib/python3.12/dist-packages/torch/__init__.py", line 2461, in __call__
[rank6]:W0910 13:58:31.178000 2608036 torch/_dynamo/convert_frame.py:2147]     return compile_fx(model_, inputs_, config_patches=self.config)
[rank6]:W0910 13:58:31.178000 2608036 torch/_dynamo/convert_frame.py:2147]            ^^^^^^^^^^^^^^^^^^^^^^^^^^^^^^^^^^^^^^^^^^^^^^^^^^^^^^^
[rank6]:W0910 13:58:31.178000 2608036 torch/_dynamo/convert_frame.py:2147]   File "/usr/local/lib/python3.12/dist-packages/torch/_inductor/compile_fx.py", line 2578, in compile_fx
[rank6]:W0910 13:58:31.178000 2608036 torch/_dynamo/convert_frame.py:2147]     return _maybe_wrap_and_compile_fx_main(
[rank6]:W0910 13:58:31.178000 2608036 torch/_dynamo/convert_frame.py:2147]            ^^^^^^^^^^^^^^^^^^^^^^^^^^^^^^^^
[rank6]:W0910 13:58:31.178000 2608036 torch/_dynamo/convert_frame.py:2147]   File "/usr/local/lib/python3.12/dist-packages/torch/_inductor/compile_fx.py", line 2655, in _maybe_wrap_and_compile_fx_main
[rank6]:W0910 13:58:31.178000 2608036 torch/_dynamo/convert_frame.py:2147]     return _compile_fx_main(
[rank6]:W0910 13:58:31.178000 2608036 torch/_dynamo/convert_frame.py:2147]            ^^^^^^^^^^^^^^^^^
[rank6]:W0910 13:58:31.178000 2608036 torch/_dynamo/convert_frame.py:2147]   File "/usr/local/lib/python3.12/dist-packages/torch/_inductor/compile_fx.py", line 2864, in _compile_fx_main
[rank6]:W0910 13:58:31.178000 2608036 torch/_dynamo/convert_frame.py:2147]     raise e.remove_dynamo_frames() from None  # see TORCHDYNAMO_VERBOSE=1
[rank6]:W0910 13:58:31.178000 2608036 torch/_dynamo/convert_frame.py:2147]     ^^^^^^^^^^^^^^^^^^^^^^^^^^^^^^^^^^^^^^^^
[rank6]:W0910 13:58:31.178000 2608036 torch/_dynamo/convert_frame.py:2147]   File "/usr/local/lib/python3.12/dist-packages/torch/_inductor/compile_fx.py", line 1053, in _compile_fx_inner
[rank6]:W0910 13:58:31.178000 2608036 torch/_dynamo/convert_frame.py:2147]     raise InductorError(e, currentframe()).with_traceback(
[rank6]:W0910 13:58:31.178000 2608036 torch/_dynamo/convert_frame.py:2147]   File "/usr/local/lib/python3.12/dist-packages/torch/_inductor/compile_fx.py", line 1037, in _compile_fx_inner
[rank6]:W0910 13:58:31.178000 2608036 torch/_dynamo/convert_frame.py:2147]     mb_compiled_graph = fx_codegen_and_compile(
[rank6]:W0910 13:58:31.178000 2608036 torch/_dynamo/convert_frame.py:2147]                         ^^^^^^^^^^^^^^^^^^^^^^^
[rank6]:W0910 13:58:31.178000 2608036 torch/_dynamo/convert_frame.py:2147]   File "/usr/local/lib/python3.12/dist-packages/torch/_inductor/compile_fx.py", line 1798, in fx_codegen_and_compile
[rank6]:W0910 13:58:31.178000 2608036 torch/_dynamo/convert_frame.py:2147]     return scheme.codegen_and_compile(gm, example_inputs, inputs_to_check, graph_kwargs)
[rank6]:W0910 13:58:31.178000 2608036 torch/_dynamo/convert_frame.py:2147]            ^^^^^^^^^^^^^^^^^^^^^^^^^^^^^^^^^^^^^^^^^^^^^^^^^^^^^^^^^^^^^^^^^^^^^^^^^^^^^
[rank6]:W0910 13:58:31.178000 2608036 torch/_dynamo/convert_frame.py:2147]   File "/usr/local/lib/python3.12/dist-packages/torch/_inductor/compile_fx.py", line 1485, in codegen_and_compile
[rank6]:W0910 13:58:31.178000 2608036 torch/_dynamo/convert_frame.py:2147]     graph.run(*example_inputs)
[rank6]:W0910 13:58:31.178000 2608036 torch/_dynamo/convert_frame.py:2147]   File "/usr/local/lib/python3.12/dist-packages/torch/_inductor/graph.py", line 1025, in run
[rank6]:W0910 13:58:31.178000 2608036 torch/_dynamo/convert_frame.py:2147]     return super().run(*args)
[rank6]:W0910 13:58:31.178000 2608036 torch/_dynamo/convert_frame.py:2147]            ^^^^^^^^^^^^^^^^^^
[rank6]:W0910 13:58:31.178000 2608036 torch/_dynamo/convert_frame.py:2147]   File "/usr/local/lib/python3.12/dist-packages/torch/fx/interpreter.py", line 200, in run
[rank6]:W0910 13:58:31.178000 2608036 torch/_dynamo/convert_frame.py:2147]     self.env[node] = self.run_node(node)
[rank6]:W0910 13:58:31.178000 2608036 torch/_dynamo/convert_frame.py:2147]                      ^^^^^^^^^^^^^^^^^^^
[rank6]:W0910 13:58:31.178000 2608036 torch/_dynamo/convert_frame.py:2147]   File "/usr/local/lib/python3.12/dist-packages/torch/_inductor/graph.py", line 1997, in run_node
[rank6]:W0910 13:58:31.178000 2608036 torch/_dynamo/convert_frame.py:2147]     self.register_users_of(result)
[rank6]:W0910 13:58:31.178000 2608036 torch/_dynamo/convert_frame.py:2147]   File "/usr/local/lib/python3.12/dist-packages/torch/_inductor/graph.py", line 1072, in register_users_of
[rank6]:W0910 13:58:31.178000 2608036 torch/_dynamo/convert_frame.py:2147]     register(node_output)
[rank6]:W0910 13:58:31.178000 2608036 torch/_dynamo/convert_frame.py:2147]   File "/usr/local/lib/python3.12/dist-packages/torch/_inductor/graph.py", line 1069, in register
[rank6]:W0910 13:58:31.178000 2608036 torch/_dynamo/convert_frame.py:2147]     for read_name in value.get_read_names():
[rank6]:W0910 13:58:31.178000 2608036 torch/_dynamo/convert_frame.py:2147]                      ^^^^^^^^^^^^^^^^^^^^^^
[rank6]:W0910 13:58:31.178000 2608036 torch/_dynamo/convert_frame.py:2147]   File "/usr/local/lib/python3.12/dist-packages/torch/_inductor/ir.py", line 8658, in get_read_names
[rank6]:W0910 13:58:31.178000 2608036 torch/_dynamo/convert_frame.py:2147]     return self.data.get_read_names()
[rank6]:W0910 13:58:31.178000 2608036 torch/_dynamo/convert_frame.py:2147]            ^^^^^^^^^^^^^^^^^^^^^^^^^^
[rank6]:W0910 13:58:31.178000 2608036 torch/_dynamo/convert_frame.py:2147]   File "/usr/local/lib/python3.12/dist-packages/torch/_inductor/ir.py", line 8658, in get_read_names
[rank6]:W0910 13:58:31.178000 2608036 torch/_dynamo/convert_frame.py:2147]     return self.data.get_read_names()
[rank6]:W0910 13:58:31.178000 2608036 torch/_dynamo/convert_frame.py:2147]            ^^^^^^^^^^^^^^^^^^^^^^^^^^
[rank6]:W0910 13:58:31.178000 2608036 torch/_dynamo/convert_frame.py:2147]   File "/usr/local/lib/python3.12/dist-packages/torch/_inductor/ir.py", line 4766, in get_read_names
[rank6]:W0910 13:58:31.178000 2608036 torch/_dynamo/convert_frame.py:2147]     return self.data.get_read_names()
[rank6]:W0910 13:58:31.178000 2608036 torch/_dynamo/convert_frame.py:2147]            ^^^^^^^^^^^^^^^^^^^^^^^^^^
[rank6]:W0910 13:58:31.178000 2608036 torch/_dynamo/convert_frame.py:2147]   File "/usr/local/lib/python3.12/dist-packages/torch/_inductor/ir.py", line 1042, in get_read_names
[rank6]:W0910 13:58:31.178000 2608036 torch/_dynamo/convert_frame.py:2147]     return OrderedSet(self.inner_fn_opcount().read_buffers)
[rank6]:W0910 13:58:31.178000 2608036 torch/_dynamo/convert_frame.py:2147]                       ^^^^^^^^^^^^^^^^^^^^^^^
[rank6]:W0910 13:58:31.178000 2608036 torch/_dynamo/convert_frame.py:2147]   File "<string>", line 6, in inner_fn_opcount_cache_on_self
[rank6]:W0910 13:58:31.178000 2608036 torch/_dynamo/convert_frame.py:2147]   File "/usr/local/lib/python3.12/dist-packages/torch/_inductor/ir.py", line 1005, in inner_fn_opcount
[rank6]:W0910 13:58:31.178000 2608036 torch/_dynamo/convert_frame.py:2147]     self.inner_fn(*self.inner_fn_args())
[rank6]:W0910 13:58:31.178000 2608036 torch/_dynamo/convert_frame.py:2147]   File "/usr/local/lib/python3.12/dist-packages/torch/_inductor/lowering.py", line 2735, in inner_fn
[rank6]:W0910 13:58:31.178000 2608036 torch/_dynamo/convert_frame.py:2147]     _boundaries_helper(boundaries),
[rank6]:W0910 13:58:31.178000 2608036 torch/_dynamo/convert_frame.py:2147]     ^^^^^^^^^^^^^^^^^^^^^^^^^^^^^^
[rank6]:W0910 13:58:31.178000 2608036 torch/_dynamo/convert_frame.py:2147]   File "/usr/local/lib/python3.12/dist-packages/torch/_inductor/lowering.py", line 2589, in _boundaries_helper
[rank6]:W0910 13:58:31.178000 2608036 torch/_dynamo/convert_frame.py:2147]     stride = tb.get_stride()
[rank6]:W0910 13:58:31.178000 2608036 torch/_dynamo/convert_frame.py:2147]              ^^^^^^^^^^^^^^^
[rank6]:W0910 13:58:31.178000 2608036 torch/_dynamo/convert_frame.py:2147]   File "/usr/local/lib/python3.12/dist-packages/torch/_inductor/ir.py", line 8573, in get_stride
[rank6]:W0910 13:58:31.178000 2608036 torch/_dynamo/convert_frame.py:2147]     return self.data.get_stride()
[rank6]:W0910 13:58:31.178000 2608036 torch/_dynamo/convert_frame.py:2147]            ^^^^^^^^^^^^^^^^^^^^^^
[rank6]:W0910 13:58:31.178000 2608036 torch/_dynamo/convert_frame.py:2147]   File "/usr/local/lib/python3.12/dist-packages/torch/_inductor/ir.py", line 758, in get_stride
[rank6]:W0910 13:58:31.178000 2608036 torch/_dynamo/convert_frame.py:2147]     raise NotImplementedError(type(self).__name__)
[rank6]:W0910 13:58:31.178000 2608036 torch/_dynamo/convert_frame.py:2147] torch._inductor.exc.InductorError: NotImplementedError: SliceView
[rank6]:W0910 13:58:31.178000 2608036 torch/_dynamo/convert_frame.py:2147] 
[rank6]:W0910 13:58:31.178000 2608036 torch/_dynamo/convert_frame.py:2147] Set TORCHDYNAMO_VERBOSE=1 for the internal stack trace (please do this especially if you're reporting a bug to PyTorch). For even more developer context, set TORCH_LOGS="+dynamo"
[rank6]:W0910 13:58:31.178000 2608036 torch/_dynamo/convert_frame.py:2147] 
[rank6]:W0910 13:58:31.178000 2608036 torch/_dynamo/convert_frame.py:2147] Traceback (most recent call last):
[rank6]:W0910 13:58:31.178000 2608036 torch/_dynamo/convert_frame.py:2147]   File "/usr/local/lib/python3.12/dist-packages/torch/_dynamo/convert_frame.py", line 2052, in __call__
[rank6]:W0910 13:58:31.178000 2608036 torch/_dynamo/convert_frame.py:2147]     result = self._inner_convert(
[rank6]:W0910 13:58:31.178000 2608036 torch/_dynamo/convert_frame.py:2147]              ^^^^^^^^^^^^^^^^^^^^
[rank6]:W0910 13:58:31.178000 2608036 torch/_dynamo/convert_frame.py:2147]   File "/usr/local/lib/python3.12/dist-packages/torch/_dynamo/convert_frame.py", line 729, in __call__
[rank6]:W0910 13:58:31.178000 2608036 torch/_dynamo/convert_frame.py:2147]     result = _compile(
[rank6]:W0910 13:58:31.178000 2608036 torch/_dynamo/convert_frame.py:2147]              ^^^^^^^^^
[rank6]:W0910 13:58:31.178000 2608036 torch/_dynamo/convert_frame.py:2147]   File "/usr/local/lib/python3.12/dist-packages/torch/_dynamo/convert_frame.py", line 1827, in _compile
[rank6]:W0910 13:58:31.178000 2608036 torch/_dynamo/convert_frame.py:2147]     guarded_code, tracer_output = compile_inner(code, one_graph, hooks)
[rank6]:W0910 13:58:31.178000 2608036 torch/_dynamo/convert_frame.py:2147]                                   ^^^^^^^^^^^^^^^^^^^^^^^^^^^^^^^^^^^^^
[rank6]:W0910 13:58:31.178000 2608036 torch/_dynamo/convert_frame.py:2147]   File "/usr/local/lib/python3.12/dist-packages/torch/_utils_internal.py", line 96, in wrapper_function
[rank6]:W0910 13:58:31.178000 2608036 torch/_dynamo/convert_frame.py:2147]     return function(*args, **kwargs)
[rank6]:W0910 13:58:31.178000 2608036 torch/_dynamo/convert_frame.py:2147]            ^^^^^^^^^^^^^^^^^^^^^^^^^
[rank6]:W0910 13:58:31.178000 2608036 torch/_dynamo/convert_frame.py:2147]   File "/usr/local/lib/python3.12/dist-packages/torch/_dynamo/convert_frame.py", line 1500, in compile_inner
[rank6]:W0910 13:58:31.178000 2608036 torch/_dynamo/convert_frame.py:2147]     return _compile_inner(code, one_graph, hooks)
[rank6]:W0910 13:58:31.178000 2608036 torch/_dynamo/convert_frame.py:2147]            ^^^^^^^^^^^^^^^^^^^^^^^^^^^^^^^^^^^^^^
[rank6]:W0910 13:58:31.178000 2608036 torch/_dynamo/convert_frame.py:2147]   File "/usr/local/lib/python3.12/dist-packages/torch/_dynamo/convert_frame.py", line 1534, in _compile_inner
[rank6]:W0910 13:58:31.178000 2608036 torch/_dynamo/convert_frame.py:2147]     dynamo_output = compile_frame(
[rank6]:W0910 13:58:31.178000 2608036 torch/_dynamo/convert_frame.py:2147]                     ^^^^^^^^^^^^^^
[rank6]:W0910 13:58:31.178000 2608036 torch/_dynamo/convert_frame.py:2147]   File "/usr/local/lib/python3.12/dist-packages/torch/_dynamo/convert_frame.py", line 1408, in compile_frame
[rank6]:W0910 13:58:31.178000 2608036 torch/_dynamo/convert_frame.py:2147]     bytecode, tracer_output = transform_code_object(code, transform)
[rank6]:W0910 13:58:31.178000 2608036 torch/_dynamo/convert_frame.py:2147]                               ^^^^^^^^^^^^^^^^^^^^^^^^^^^^^^^^^^^^^^
[rank6]:W0910 13:58:31.178000 2608036 torch/_dynamo/convert_frame.py:2147]   File "/usr/local/lib/python3.12/dist-packages/torch/_dynamo/bytecode_transformation.py", line 1608, in transform_code_object
[rank6]:W0910 13:58:31.178000 2608036 torch/_dynamo/convert_frame.py:2147]     tracer_output = transformations(instructions, code_options)
[rank6]:W0910 13:58:31.178000 2608036 torch/_dynamo/convert_frame.py:2147]                     ^^^^^^^^^^^^^^^^^^^^^^^^^^^^^^^^^^^^^^^^^^^
[rank6]:W0910 13:58:31.178000 2608036 torch/_dynamo/convert_frame.py:2147]   File "/usr/local/lib/python3.12/dist-packages/torch/_dynamo/convert_frame.py", line 1380, in transform
[rank6]:W0910 13:58:31.178000 2608036 torch/_dynamo/convert_frame.py:2147]     tracer_output = trace_frame(
[rank6]:W0910 13:58:31.178000 2608036 torch/_dynamo/convert_frame.py:2147]                     ^^^^^^^^^^^^
[rank6]:W0910 13:58:31.178000 2608036 torch/_dynamo/convert_frame.py:2147]   File "/usr/local/lib/python3.12/dist-packages/torch/_dynamo/convert_frame.py", line 341, in _fn
[rank6]:W0910 13:58:31.178000 2608036 torch/_dynamo/convert_frame.py:2147]     return fn(*args, **kwargs)
[rank6]:W0910 13:58:31.178000 2608036 torch/_dynamo/convert_frame.py:2147]            ^^^^^^^^^^^^^^^^^^^
[rank6]:W0910 13:58:31.178000 2608036 torch/_dynamo/convert_frame.py:2147]   File "/usr/local/lib/python3.12/dist-packages/torch/_dynamo/convert_frame.py", line 863, in trace_frame
[rank6]:W0910 13:58:31.178000 2608036 torch/_dynamo/convert_frame.py:2147]     run_tracer()
[rank6]:W0910 13:58:31.178000 2608036 torch/_dynamo/convert_frame.py:2147]   File "/usr/local/lib/python3.12/dist-packages/torch/_dynamo/convert_frame.py", line 844, in run_tracer
[rank6]:W0910 13:58:31.178000 2608036 torch/_dynamo/convert_frame.py:2147]     tracer.run()
[rank6]:W0910 13:58:31.178000 2608036 torch/_dynamo/convert_frame.py:2147]   File "/usr/local/lib/python3.12/dist-packages/torch/_dynamo/symbolic_convert.py", line 1794, in run
[rank6]:W0910 13:58:31.178000 2608036 torch/_dynamo/convert_frame.py:2147]     while self.step():
[rank6]:W0910 13:58:31.178000 2608036 torch/_dynamo/convert_frame.py:2147]           ^^^^^^^^^^^
[rank6]:W0910 13:58:31.178000 2608036 torch/_dynamo/convert_frame.py:2147]   File "/usr/local/lib/python3.12/dist-packages/torch/_dynamo/symbolic_convert.py", line 1459, in step
[rank6]:W0910 13:58:31.178000 2608036 torch/_dynamo/convert_frame.py:2147]     self.dispatch_table[inst.opcode](self, inst)
[rank6]:W0910 13:58:31.178000 2608036 torch/_dynamo/convert_frame.py:2147]   File "/usr/local/lib/python3.12/dist-packages/torch/_dynamo/symbolic_convert.py", line 5570, in RETURN_VALUE
[rank6]:W0910 13:58:31.178000 2608036 torch/_dynamo/convert_frame.py:2147]     self._return(inst)
[rank6]:W0910 13:58:31.178000 2608036 torch/_dynamo/convert_frame.py:2147]   File "/usr/local/lib/python3.12/dist-packages/torch/_dynamo/symbolic_convert.py", line 5552, in _return
[rank6]:W0910 13:58:31.178000 2608036 torch/_dynamo/convert_frame.py:2147]     all_stack_locals_metadata = self.output.compile_subgraph(
[rank6]:W0910 13:58:31.178000 2608036 torch/_dynamo/convert_frame.py:2147]                                 ^^^^^^^^^^^^^^^^^^^^^^^^^^^^^
[rank6]:W0910 13:58:31.178000 2608036 torch/_dynamo/convert_frame.py:2147]   File "/usr/local/lib/python3.12/dist-packages/torch/_dynamo/output_graph.py", line 1889, in compile_subgraph
[rank6]:W0910 13:58:31.178000 2608036 torch/_dynamo/convert_frame.py:2147]     self.compile_and_call_fx_graph(tx, pass2.graph_output_vars(), root)
[rank6]:W0910 13:58:31.178000 2608036 torch/_dynamo/convert_frame.py:2147]   File "/usr/local/lib/python3.12/dist-packages/torch/_dynamo/output_graph.py", line 2460, in compile_and_call_fx_graph
[rank6]:W0910 13:58:31.178000 2608036 torch/_dynamo/convert_frame.py:2147]     compiled_fn = self.call_user_compiler(gm, self.example_inputs())
[rank6]:W0910 13:58:31.178000 2608036 torch/_dynamo/convert_frame.py:2147]                   ^^^^^^^^^^^^^^^^^^^^^^^^^^^^^^^^^^^^^^^^^^^^^^^^^^
[rank6]:W0910 13:58:31.178000 2608036 torch/_dynamo/convert_frame.py:2147]   File "/usr/local/lib/python3.12/dist-packages/torch/_dynamo/output_graph.py", line 2613, in call_user_compiler
[rank6]:W0910 13:58:31.178000 2608036 torch/_dynamo/convert_frame.py:2147]     return self._call_user_compiler(gm, example_inputs)
[rank6]:W0910 13:58:31.178000 2608036 torch/_dynamo/convert_frame.py:2147]            ^^^^^^^^^^^^^^^^^^^^^^^^^^^^^^^^^^^^^^^^^^^^
[rank6]:W0910 13:58:31.178000 2608036 torch/_dynamo/convert_frame.py:2147]   File "/usr/local/lib/python3.12/dist-packages/torch/_dynamo/output_graph.py", line 2664, in _call_user_compiler
[rank6]:W0910 13:58:31.178000 2608036 torch/_dynamo/convert_frame.py:2147]     compiled_fn = compiler_fn(gm, example_inputs)
[rank6]:W0910 13:58:31.178000 2608036 torch/_dynamo/convert_frame.py:2147]                   ^^^^^^^^^^^^^^^^^^^^^^^^^^^^^^^
[rank6]:W0910 13:58:31.178000 2608036 torch/_dynamo/convert_frame.py:2147]   File "/usr/local/lib/python3.12/dist-packages/torch/_dynamo/backends/distributed.py", line 569, in compile_fn
[rank6]:W0910 13:58:31.178000 2608036 torch/_dynamo/convert_frame.py:2147]     return self.backend_compile_fn(gm, example_inputs)
[rank6]:W0910 13:58:31.178000 2608036 torch/_dynamo/convert_frame.py:2147]            ^^^^^^^^^^^^^^^^^^^^^^^^^^^^^^^^^^^^^^^^^^^
[rank6]:W0910 13:58:31.178000 2608036 torch/_dynamo/convert_frame.py:2147]   File "/usr/local/lib/python3.12/dist-packages/torch/_dynamo/repro/after_dynamo.py", line 156, in __call__
[rank6]:W0910 13:58:31.178000 2608036 torch/_dynamo/convert_frame.py:2147]     compiled_gm = compiler_fn(gm, example_inputs)
[rank6]:W0910 13:58:31.178000 2608036 torch/_dynamo/convert_frame.py:2147]                   ^^^^^^^^^^^^^^^^^^^^^^^^^^^^^^^
[rank6]:W0910 13:58:31.178000 2608036 torch/_dynamo/convert_frame.py:2147]   File "/usr/local/lib/python3.12/dist-packages/torch/__init__.py", line 2461, in __call__
[rank6]:W0910 13:58:31.178000 2608036 torch/_dynamo/convert_frame.py:2147]     return compile_fx(model_, inputs_, config_patches=self.config)
[rank6]:W0910 13:58:31.178000 2608036 torch/_dynamo/convert_frame.py:2147]            ^^^^^^^^^^^^^^^^^^^^^^^^^^^^^^^^^^^^^^^^^^^^^^^^^^^^^^^
[rank6]:W0910 13:58:31.178000 2608036 torch/_dynamo/convert_frame.py:2147]   File "/usr/local/lib/python3.12/dist-packages/torch/_inductor/compile_fx.py", line 2578, in compile_fx
[rank6]:W0910 13:58:31.178000 2608036 torch/_dynamo/convert_frame.py:2147]     return _maybe_wrap_and_compile_fx_main(
[rank6]:W0910 13:58:31.178000 2608036 torch/_dynamo/convert_frame.py:2147]            ^^^^^^^^^^^^^^^^^^^^^^^^^^^^^^^^
[rank6]:W0910 13:58:31.178000 2608036 torch/_dynamo/convert_frame.py:2147]   File "/usr/local/lib/python3.12/dist-packages/torch/_inductor/compile_fx.py", line 2655, in _maybe_wrap_and_compile_fx_main
[rank6]:W0910 13:58:31.178000 2608036 torch/_dynamo/convert_frame.py:2147]     return _compile_fx_main(
[rank6]:W0910 13:58:31.178000 2608036 torch/_dynamo/convert_frame.py:2147]            ^^^^^^^^^^^^^^^^^
[rank6]:W0910 13:58:31.178000 2608036 torch/_dynamo/convert_frame.py:2147]   File "/usr/local/lib/python3.12/dist-packages/torch/_inductor/compile_fx.py", line 2864, in _compile_fx_main
[rank6]:W0910 13:58:31.178000 2608036 torch/_dynamo/convert_frame.py:2147]     raise e.remove_dynamo_frames() from None  # see TORCHDYNAMO_VERBOSE=1
[rank6]:W0910 13:58:31.178000 2608036 torch/_dynamo/convert_frame.py:2147]     ^^^^^^^^^^^^^^^^^^^^^^^^^^^^^^^^^^^^^^^^
[rank6]:W0910 13:58:31.178000 2608036 torch/_dynamo/convert_frame.py:2147]   File "/usr/local/lib/python3.12/dist-packages/torch/_inductor/compile_fx.py", line 1053, in _compile_fx_inner
[rank6]:W0910 13:58:31.178000 2608036 torch/_dynamo/convert_frame.py:2147]     raise InductorError(e, currentframe()).with_traceback(
[rank6]:W0910 13:58:31.178000 2608036 torch/_dynamo/convert_frame.py:2147]   File "/usr/local/lib/python3.12/dist-packages/torch/_inductor/compile_fx.py", line 1037, in _compile_fx_inner
[rank6]:W0910 13:58:31.178000 2608036 torch/_dynamo/convert_frame.py:2147]     mb_compiled_graph = fx_codegen_and_compile(
[rank6]:W0910 13:58:31.178000 2608036 torch/_dynamo/convert_frame.py:2147]                         ^^^^^^^^^^^^^^^^^^^^^^^
[rank6]:W0910 13:58:31.178000 2608036 torch/_dynamo/convert_frame.py:2147]   File "/usr/local/lib/python3.12/dist-packages/torch/_inductor/compile_fx.py", line 1798, in fx_codegen_and_compile
[rank6]:W0910 13:58:31.178000 2608036 torch/_dynamo/convert_frame.py:2147]     return scheme.codegen_and_compile(gm, example_inputs, inputs_to_check, graph_kwargs)
[rank6]:W0910 13:58:31.178000 2608036 torch/_dynamo/convert_frame.py:2147]            ^^^^^^^^^^^^^^^^^^^^^^^^^^^^^^^^^^^^^^^^^^^^^^^^^^^^^^^^^^^^^^^^^^^^^^^^^^^^^
[rank6]:W0910 13:58:31.178000 2608036 torch/_dynamo/convert_frame.py:2147]   File "/usr/local/lib/python3.12/dist-packages/torch/_inductor/compile_fx.py", line 1485, in codegen_and_compile
[rank6]:W0910 13:58:31.178000 2608036 torch/_dynamo/convert_frame.py:2147]     graph.run(*example_inputs)
[rank6]:W0910 13:58:31.178000 2608036 torch/_dynamo/convert_frame.py:2147]   File "/usr/local/lib/python3.12/dist-packages/torch/_inductor/graph.py", line 1025, in run
[rank6]:W0910 13:58:31.178000 2608036 torch/_dynamo/convert_frame.py:2147]     return super().run(*args)
[rank6]:W0910 13:58:31.178000 2608036 torch/_dynamo/convert_frame.py:2147]            ^^^^^^^^^^^^^^^^^^
[rank6]:W0910 13:58:31.178000 2608036 torch/_dynamo/convert_frame.py:2147]   File "/usr/local/lib/python3.12/dist-packages/torch/fx/interpreter.py", line 200, in run
[rank6]:W0910 13:58:31.178000 2608036 torch/_dynamo/convert_frame.py:2147]     self.env[node] = self.run_node(node)
[rank6]:W0910 13:58:31.178000 2608036 torch/_dynamo/convert_frame.py:2147]                      ^^^^^^^^^^^^^^^^^^^
[rank6]:W0910 13:58:31.178000 2608036 torch/_dynamo/convert_frame.py:2147]   File "/usr/local/lib/python3.12/dist-packages/torch/_inductor/graph.py", line 1997, in run_node
[rank6]:W0910 13:58:31.178000 2608036 torch/_dynamo/convert_frame.py:2147]     self.register_users_of(result)
[rank6]:W0910 13:58:31.178000 2608036 torch/_dynamo/convert_frame.py:2147]   File "/usr/local/lib/python3.12/dist-packages/torch/_inductor/graph.py", line 1072, in register_users_of
[rank6]:W0910 13:58:31.178000 2608036 torch/_dynamo/convert_frame.py:2147]     register(node_output)
[rank6]:W0910 13:58:31.178000 2608036 torch/_dynamo/convert_frame.py:2147]   File "/usr/local/lib/python3.12/dist-packages/torch/_inductor/graph.py", line 1069, in register
[rank6]:W0910 13:58:31.178000 2608036 torch/_dynamo/convert_frame.py:2147]     for read_name in value.get_read_names():
[rank6]:W0910 13:58:31.178000 2608036 torch/_dynamo/convert_frame.py:2147]                      ^^^^^^^^^^^^^^^^^^^^^^
[rank6]:W0910 13:58:31.178000 2608036 torch/_dynamo/convert_frame.py:2147]   File "/usr/local/lib/python3.12/dist-packages/torch/_inductor/ir.py", line 8658, in get_read_names
[rank6]:W0910 13:58:31.178000 2608036 torch/_dynamo/convert_frame.py:2147]     return self.data.get_read_names()
[rank6]:W0910 13:58:31.178000 2608036 torch/_dynamo/convert_frame.py:2147]            ^^^^^^^^^^^^^^^^^^^^^^^^^^
[rank6]:W0910 13:58:31.178000 2608036 torch/_dynamo/convert_frame.py:2147]   File "/usr/local/lib/python3.12/dist-packages/torch/_inductor/ir.py", line 8658, in get_read_names
[rank6]:W0910 13:58:31.178000 2608036 torch/_dynamo/convert_frame.py:2147]     return self.data.get_read_names()
[rank6]:W0910 13:58:31.178000 2608036 torch/_dynamo/convert_frame.py:2147]            ^^^^^^^^^^^^^^^^^^^^^^^^^^
[rank6]:W0910 13:58:31.178000 2608036 torch/_dynamo/convert_frame.py:2147]   File "/usr/local/lib/python3.12/dist-packages/torch/_inductor/ir.py", line 4766, in get_read_names
[rank6]:W0910 13:58:31.178000 2608036 torch/_dynamo/convert_frame.py:2147]     return self.data.get_read_names()
[rank6]:W0910 13:58:31.178000 2608036 torch/_dynamo/convert_frame.py:2147]            ^^^^^^^^^^^^^^^^^^^^^^^^^^
[rank6]:W0910 13:58:31.178000 2608036 torch/_dynamo/convert_frame.py:2147]   File "/usr/local/lib/python3.12/dist-packages/torch/_inductor/ir.py", line 1042, in get_read_names
[rank6]:W0910 13:58:31.178000 2608036 torch/_dynamo/convert_frame.py:2147]     return OrderedSet(self.inner_fn_opcount().read_buffers)
[rank6]:W0910 13:58:31.178000 2608036 torch/_dynamo/convert_frame.py:2147]                       ^^^^^^^^^^^^^^^^^^^^^^^
[rank6]:W0910 13:58:31.178000 2608036 torch/_dynamo/convert_frame.py:2147]   File "<string>", line 6, in inner_fn_opcount_cache_on_self
[rank6]:W0910 13:58:31.178000 2608036 torch/_dynamo/convert_frame.py:2147]   File "/usr/local/lib/python3.12/dist-packages/torch/_inductor/ir.py", line 1005, in inner_fn_opcount
[rank6]:W0910 13:58:31.178000 2608036 torch/_dynamo/convert_frame.py:2147]     self.inner_fn(*self.inner_fn_args())
[rank6]:W0910 13:58:31.178000 2608036 torch/_dynamo/convert_frame.py:2147]   File "/usr/local/lib/python3.12/dist-packages/torch/_inductor/lowering.py", line 2735, in inner_fn
[rank6]:W0910 13:58:31.178000 2608036 torch/_dynamo/convert_frame.py:2147]     _boundaries_helper(boundaries),
[rank6]:W0910 13:58:31.178000 2608036 torch/_dynamo/convert_frame.py:2147]     ^^^^^^^^^^^^^^^^^^^^^^^^^^^^^^
[rank6]:W0910 13:58:31.178000 2608036 torch/_dynamo/convert_frame.py:2147]   File "/usr/local/lib/python3.12/dist-packages/torch/_inductor/lowering.py", line 2589, in _boundaries_helper
[rank6]:W0910 13:58:31.178000 2608036 torch/_dynamo/convert_frame.py:2147]     stride = tb.get_stride()
[rank6]:W0910 13:58:31.178000 2608036 torch/_dynamo/convert_frame.py:2147]              ^^^^^^^^^^^^^^^
[rank6]:W0910 13:58:31.178000 2608036 torch/_dynamo/convert_frame.py:2147]   File "/usr/local/lib/python3.12/dist-packages/torch/_inductor/ir.py", line 8573, in get_stride
[rank6]:W0910 13:58:31.178000 2608036 torch/_dynamo/convert_frame.py:2147]     return self.data.get_stride()
[rank6]:W0910 13:58:31.178000 2608036 torch/_dynamo/convert_frame.py:2147]            ^^^^^^^^^^^^^^^^^^^^^^
[rank6]:W0910 13:58:31.178000 2608036 torch/_dynamo/convert_frame.py:2147]   File "/usr/local/lib/python3.12/dist-packages/torch/_inductor/ir.py", line 758, in get_stride
[rank6]:W0910 13:58:31.178000 2608036 torch/_dynamo/convert_frame.py:2147]     raise NotImplementedError(type(self).__name__)
[rank6]:W0910 13:58:31.178000 2608036 torch/_dynamo/convert_frame.py:2147] torch._inductor.exc.InductorError: NotImplementedError: SliceView
[rank6]:W0910 13:58:31.178000 2608036 torch/_dynamo/convert_frame.py:2147] 
[rank6]:W0910 13:58:31.178000 2608036 torch/_dynamo/convert_frame.py:2147] Set TORCHDYNAMO_VERBOSE=1 for the internal stack trace (please do this especially if you're reporting a bug to PyTorch). For even more developer context, set TORCH_LOGS="+dynamo"
[rank6]:W0910 13:58:31.178000 2608036 torch/_dynamo/convert_frame.py:2147] 
[rank4]:W0910 13:58:31.327000 2608034 torch/_dynamo/convert_frame.py:2147] WON'T CONVERT positions /work/aupai/model.py line 876 
[rank4]:W0910 13:58:31.327000 2608034 torch/_dynamo/convert_frame.py:2147] due to: 
[rank4]:W0910 13:58:31.327000 2608034 torch/_dynamo/convert_frame.py:2147] Traceback (most recent call last):
[rank4]:W0910 13:58:31.327000 2608034 torch/_dynamo/convert_frame.py:2147]   File "/usr/local/lib/python3.12/dist-packages/torch/_dynamo/convert_frame.py", line 2052, in __call__
[rank4]:W0910 13:58:31.327000 2608034 torch/_dynamo/convert_frame.py:2147]     result = self._inner_convert(
[rank4]:W0910 13:58:31.327000 2608034 torch/_dynamo/convert_frame.py:2147]              ^^^^^^^^^^^^^^^^^^^^
[rank4]:W0910 13:58:31.327000 2608034 torch/_dynamo/convert_frame.py:2147]   File "/usr/local/lib/python3.12/dist-packages/torch/_dynamo/convert_frame.py", line 729, in __call__
[rank4]:W0910 13:58:31.327000 2608034 torch/_dynamo/convert_frame.py:2147]     result = _compile(
[rank4]:W0910 13:58:31.327000 2608034 torch/_dynamo/convert_frame.py:2147]              ^^^^^^^^^
[rank4]:W0910 13:58:31.327000 2608034 torch/_dynamo/convert_frame.py:2147]   File "/usr/local/lib/python3.12/dist-packages/torch/_dynamo/convert_frame.py", line 1827, in _compile
[rank4]:W0910 13:58:31.327000 2608034 torch/_dynamo/convert_frame.py:2147]     guarded_code, tracer_output = compile_inner(code, one_graph, hooks)
[rank4]:W0910 13:58:31.327000 2608034 torch/_dynamo/convert_frame.py:2147]                                   ^^^^^^^^^^^^^^^^^^^^^^^^^^^^^^^^^^^^^
[rank4]:W0910 13:58:31.327000 2608034 torch/_dynamo/convert_frame.py:2147]   File "/usr/local/lib/python3.12/dist-packages/torch/_utils_internal.py", line 96, in wrapper_function
[rank4]:W0910 13:58:31.327000 2608034 torch/_dynamo/convert_frame.py:2147]     return function(*args, **kwargs)
[rank4]:W0910 13:58:31.327000 2608034 torch/_dynamo/convert_frame.py:2147]            ^^^^^^^^^^^^^^^^^^^^^^^^^
[rank4]:W0910 13:58:31.327000 2608034 torch/_dynamo/convert_frame.py:2147]   File "/usr/local/lib/python3.12/dist-packages/torch/_dynamo/convert_frame.py", line 1500, in compile_inner
[rank4]:W0910 13:58:31.327000 2608034 torch/_dynamo/convert_frame.py:2147]     return _compile_inner(code, one_graph, hooks)
[rank4]:W0910 13:58:31.327000 2608034 torch/_dynamo/convert_frame.py:2147]            ^^^^^^^^^^^^^^^^^^^^^^^^^^^^^^^^^^^^^^
[rank4]:W0910 13:58:31.327000 2608034 torch/_dynamo/convert_frame.py:2147]   File "/usr/local/lib/python3.12/dist-packages/torch/_dynamo/convert_frame.py", line 1534, in _compile_inner
[rank4]:W0910 13:58:31.327000 2608034 torch/_dynamo/convert_frame.py:2147]     dynamo_output = compile_frame(
[rank4]:W0910 13:58:31.327000 2608034 torch/_dynamo/convert_frame.py:2147]                     ^^^^^^^^^^^^^^
[rank4]:W0910 13:58:31.327000 2608034 torch/_dynamo/convert_frame.py:2147]   File "/usr/local/lib/python3.12/dist-packages/torch/_dynamo/convert_frame.py", line 1408, in compile_frame
[rank4]:W0910 13:58:31.327000 2608034 torch/_dynamo/convert_frame.py:2147]     bytecode, tracer_output = transform_code_object(code, transform)
[rank4]:W0910 13:58:31.327000 2608034 torch/_dynamo/convert_frame.py:2147]                               ^^^^^^^^^^^^^^^^^^^^^^^^^^^^^^^^^^^^^^
[rank4]:W0910 13:58:31.327000 2608034 torch/_dynamo/convert_frame.py:2147]   File "/usr/local/lib/python3.12/dist-packages/torch/_dynamo/bytecode_transformation.py", line 1608, in transform_code_object
[rank4]:W0910 13:58:31.327000 2608034 torch/_dynamo/convert_frame.py:2147]     tracer_output = transformations(instructions, code_options)
[rank4]:W0910 13:58:31.327000 2608034 torch/_dynamo/convert_frame.py:2147]                     ^^^^^^^^^^^^^^^^^^^^^^^^^^^^^^^^^^^^^^^^^^^
[rank4]:W0910 13:58:31.327000 2608034 torch/_dynamo/convert_frame.py:2147]   File "/usr/local/lib/python3.12/dist-packages/torch/_dynamo/convert_frame.py", line 1380, in transform
[rank4]:W0910 13:58:31.327000 2608034 torch/_dynamo/convert_frame.py:2147]     tracer_output = trace_frame(
[rank4]:W0910 13:58:31.327000 2608034 torch/_dynamo/convert_frame.py:2147]                     ^^^^^^^^^^^^
[rank4]:W0910 13:58:31.327000 2608034 torch/_dynamo/convert_frame.py:2147]   File "/usr/local/lib/python3.12/dist-packages/torch/_dynamo/convert_frame.py", line 341, in _fn
[rank4]:W0910 13:58:31.327000 2608034 torch/_dynamo/convert_frame.py:2147]     return fn(*args, **kwargs)
[rank4]:W0910 13:58:31.327000 2608034 torch/_dynamo/convert_frame.py:2147]            ^^^^^^^^^^^^^^^^^^^
[rank4]:W0910 13:58:31.327000 2608034 torch/_dynamo/convert_frame.py:2147]   File "/usr/local/lib/python3.12/dist-packages/torch/_dynamo/convert_frame.py", line 863, in trace_frame
[rank4]:W0910 13:58:31.327000 2608034 torch/_dynamo/convert_frame.py:2147]     run_tracer()
[rank4]:W0910 13:58:31.327000 2608034 torch/_dynamo/convert_frame.py:2147]   File "/usr/local/lib/python3.12/dist-packages/torch/_dynamo/convert_frame.py", line 844, in run_tracer
[rank4]:W0910 13:58:31.327000 2608034 torch/_dynamo/convert_frame.py:2147]     tracer.run()
[rank4]:W0910 13:58:31.327000 2608034 torch/_dynamo/convert_frame.py:2147]   File "/usr/local/lib/python3.12/dist-packages/torch/_dynamo/symbolic_convert.py", line 1794, in run
[rank4]:W0910 13:58:31.327000 2608034 torch/_dynamo/convert_frame.py:2147]     while self.step():
[rank4]:W0910 13:58:31.327000 2608034 torch/_dynamo/convert_frame.py:2147]           ^^^^^^^^^^^
[rank4]:W0910 13:58:31.327000 2608034 torch/_dynamo/convert_frame.py:2147]   File "/usr/local/lib/python3.12/dist-packages/torch/_dynamo/symbolic_convert.py", line 1459, in step
[rank4]:W0910 13:58:31.327000 2608034 torch/_dynamo/convert_frame.py:2147]     self.dispatch_table[inst.opcode](self, inst)
[rank4]:W0910 13:58:31.327000 2608034 torch/_dynamo/convert_frame.py:2147]   File "/usr/local/lib/python3.12/dist-packages/torch/_dynamo/symbolic_convert.py", line 5570, in RETURN_VALUE
[rank4]:W0910 13:58:31.327000 2608034 torch/_dynamo/convert_frame.py:2147]     self._return(inst)
[rank4]:W0910 13:58:31.327000 2608034 torch/_dynamo/convert_frame.py:2147]   File "/usr/local/lib/python3.12/dist-packages/torch/_dynamo/symbolic_convert.py", line 5552, in _return
[rank4]:W0910 13:58:31.327000 2608034 torch/_dynamo/convert_frame.py:2147]     all_stack_locals_metadata = self.output.compile_subgraph(
[rank4]:W0910 13:58:31.327000 2608034 torch/_dynamo/convert_frame.py:2147]                                 ^^^^^^^^^^^^^^^^^^^^^^^^^^^^^
[rank4]:W0910 13:58:31.327000 2608034 torch/_dynamo/convert_frame.py:2147]   File "/usr/local/lib/python3.12/dist-packages/torch/_dynamo/output_graph.py", line 1889, in compile_subgraph
[rank4]:W0910 13:58:31.327000 2608034 torch/_dynamo/convert_frame.py:2147]     self.compile_and_call_fx_graph(tx, pass2.graph_output_vars(), root)
[rank4]:W0910 13:58:31.327000 2608034 torch/_dynamo/convert_frame.py:2147]   File "/usr/local/lib/python3.12/dist-packages/torch/_dynamo/output_graph.py", line 2460, in compile_and_call_fx_graph
[rank4]:W0910 13:58:31.327000 2608034 torch/_dynamo/convert_frame.py:2147]     compiled_fn = self.call_user_compiler(gm, self.example_inputs())
[rank4]:W0910 13:58:31.327000 2608034 torch/_dynamo/convert_frame.py:2147]                   ^^^^^^^^^^^^^^^^^^^^^^^^^^^^^^^^^^^^^^^^^^^^^^^^^^
[rank4]:W0910 13:58:31.327000 2608034 torch/_dynamo/convert_frame.py:2147]   File "/usr/local/lib/python3.12/dist-packages/torch/_dynamo/output_graph.py", line 2613, in call_user_compiler
[rank4]:W0910 13:58:31.327000 2608034 torch/_dynamo/convert_frame.py:2147]     return self._call_user_compiler(gm, example_inputs)
[rank4]:W0910 13:58:31.327000 2608034 torch/_dynamo/convert_frame.py:2147]            ^^^^^^^^^^^^^^^^^^^^^^^^^^^^^^^^^^^^^^^^^^^^
[rank4]:W0910 13:58:31.327000 2608034 torch/_dynamo/convert_frame.py:2147]   File "/usr/local/lib/python3.12/dist-packages/torch/_dynamo/output_graph.py", line 2664, in _call_user_compiler
[rank4]:W0910 13:58:31.327000 2608034 torch/_dynamo/convert_frame.py:2147]     compiled_fn = compiler_fn(gm, example_inputs)
[rank4]:W0910 13:58:31.327000 2608034 torch/_dynamo/convert_frame.py:2147]                   ^^^^^^^^^^^^^^^^^^^^^^^^^^^^^^^
[rank4]:W0910 13:58:31.327000 2608034 torch/_dynamo/convert_frame.py:2147]   File "/usr/local/lib/python3.12/dist-packages/torch/_dynamo/backends/distributed.py", line 569, in compile_fn
[rank4]:W0910 13:58:31.327000 2608034 torch/_dynamo/convert_frame.py:2147]     return self.backend_compile_fn(gm, example_inputs)
[rank4]:W0910 13:58:31.327000 2608034 torch/_dynamo/convert_frame.py:2147]            ^^^^^^^^^^^^^^^^^^^^^^^^^^^^^^^^^^^^^^^^^^^
[rank4]:W0910 13:58:31.327000 2608034 torch/_dynamo/convert_frame.py:2147]   File "/usr/local/lib/python3.12/dist-packages/torch/_dynamo/repro/after_dynamo.py", line 156, in __call__
[rank4]:W0910 13:58:31.327000 2608034 torch/_dynamo/convert_frame.py:2147]     compiled_gm = compiler_fn(gm, example_inputs)
[rank4]:W0910 13:58:31.327000 2608034 torch/_dynamo/convert_frame.py:2147]                   ^^^^^^^^^^^^^^^^^^^^^^^^^^^^^^^
[rank4]:W0910 13:58:31.327000 2608034 torch/_dynamo/convert_frame.py:2147]   File "/usr/local/lib/python3.12/dist-packages/torch/__init__.py", line 2461, in __call__
[rank4]:W0910 13:58:31.327000 2608034 torch/_dynamo/convert_frame.py:2147]     return compile_fx(model_, inputs_, config_patches=self.config)
[rank4]:W0910 13:58:31.327000 2608034 torch/_dynamo/convert_frame.py:2147]            ^^^^^^^^^^^^^^^^^^^^^^^^^^^^^^^^^^^^^^^^^^^^^^^^^^^^^^^
[rank4]:W0910 13:58:31.327000 2608034 torch/_dynamo/convert_frame.py:2147]   File "/usr/local/lib/python3.12/dist-packages/torch/_inductor/compile_fx.py", line 2578, in compile_fx
[rank4]:W0910 13:58:31.327000 2608034 torch/_dynamo/convert_frame.py:2147]     return _maybe_wrap_and_compile_fx_main(
[rank4]:W0910 13:58:31.327000 2608034 torch/_dynamo/convert_frame.py:2147]            ^^^^^^^^^^^^^^^^^^^^^^^^^^^^^^^^
[rank4]:W0910 13:58:31.327000 2608034 torch/_dynamo/convert_frame.py:2147]   File "/usr/local/lib/python3.12/dist-packages/torch/_inductor/compile_fx.py", line 2655, in _maybe_wrap_and_compile_fx_main
[rank4]:W0910 13:58:31.327000 2608034 torch/_dynamo/convert_frame.py:2147]     return _compile_fx_main(
[rank4]:W0910 13:58:31.327000 2608034 torch/_dynamo/convert_frame.py:2147]            ^^^^^^^^^^^^^^^^^
[rank4]:W0910 13:58:31.327000 2608034 torch/_dynamo/convert_frame.py:2147]   File "/usr/local/lib/python3.12/dist-packages/torch/_inductor/compile_fx.py", line 2864, in _compile_fx_main
[rank4]:W0910 13:58:31.327000 2608034 torch/_dynamo/convert_frame.py:2147]     raise e.remove_dynamo_frames() from None  # see TORCHDYNAMO_VERBOSE=1
[rank4]:W0910 13:58:31.327000 2608034 torch/_dynamo/convert_frame.py:2147]     ^^^^^^^^^^^^^^^^^^^^^^^^^^^^^^^^^^^^^^^^
[rank4]:W0910 13:58:31.327000 2608034 torch/_dynamo/convert_frame.py:2147]   File "/usr/local/lib/python3.12/dist-packages/torch/_inductor/compile_fx.py", line 1053, in _compile_fx_inner
[rank4]:W0910 13:58:31.327000 2608034 torch/_dynamo/convert_frame.py:2147]     raise InductorError(e, currentframe()).with_traceback(
[rank4]:W0910 13:58:31.327000 2608034 torch/_dynamo/convert_frame.py:2147]   File "/usr/local/lib/python3.12/dist-packages/torch/_inductor/compile_fx.py", line 1037, in _compile_fx_inner
[rank4]:W0910 13:58:31.327000 2608034 torch/_dynamo/convert_frame.py:2147]     mb_compiled_graph = fx_codegen_and_compile(
[rank4]:W0910 13:58:31.327000 2608034 torch/_dynamo/convert_frame.py:2147]                         ^^^^^^^^^^^^^^^^^^^^^^^
[rank4]:W0910 13:58:31.327000 2608034 torch/_dynamo/convert_frame.py:2147]   File "/usr/local/lib/python3.12/dist-packages/torch/_inductor/compile_fx.py", line 1798, in fx_codegen_and_compile
[rank4]:W0910 13:58:31.327000 2608034 torch/_dynamo/convert_frame.py:2147]     return scheme.codegen_and_compile(gm, example_inputs, inputs_to_check, graph_kwargs)
[rank4]:W0910 13:58:31.327000 2608034 torch/_dynamo/convert_frame.py:2147]            ^^^^^^^^^^^^^^^^^^^^^^^^^^^^^^^^^^^^^^^^^^^^^^^^^^^^^^^^^^^^^^^^^^^^^^^^^^^^^
[rank4]:W0910 13:58:31.327000 2608034 torch/_dynamo/convert_frame.py:2147]   File "/usr/local/lib/python3.12/dist-packages/torch/_inductor/compile_fx.py", line 1485, in codegen_and_compile
[rank4]:W0910 13:58:31.327000 2608034 torch/_dynamo/convert_frame.py:2147]     graph.run(*example_inputs)
[rank4]:W0910 13:58:31.327000 2608034 torch/_dynamo/convert_frame.py:2147]   File "/usr/local/lib/python3.12/dist-packages/torch/_inductor/graph.py", line 1025, in run
[rank4]:W0910 13:58:31.327000 2608034 torch/_dynamo/convert_frame.py:2147]     return super().run(*args)
[rank4]:W0910 13:58:31.327000 2608034 torch/_dynamo/convert_frame.py:2147]            ^^^^^^^^^^^^^^^^^^
[rank4]:W0910 13:58:31.327000 2608034 torch/_dynamo/convert_frame.py:2147]   File "/usr/local/lib/python3.12/dist-packages/torch/fx/interpreter.py", line 200, in run
[rank4]:W0910 13:58:31.327000 2608034 torch/_dynamo/convert_frame.py:2147]     self.env[node] = self.run_node(node)
[rank4]:W0910 13:58:31.327000 2608034 torch/_dynamo/convert_frame.py:2147]                      ^^^^^^^^^^^^^^^^^^^
[rank4]:W0910 13:58:31.327000 2608034 torch/_dynamo/convert_frame.py:2147]   File "/usr/local/lib/python3.12/dist-packages/torch/_inductor/graph.py", line 1997, in run_node
[rank4]:W0910 13:58:31.327000 2608034 torch/_dynamo/convert_frame.py:2147]     self.register_users_of(result)
[rank4]:W0910 13:58:31.327000 2608034 torch/_dynamo/convert_frame.py:2147]   File "/usr/local/lib/python3.12/dist-packages/torch/_inductor/graph.py", line 1072, in register_users_of
[rank4]:W0910 13:58:31.327000 2608034 torch/_dynamo/convert_frame.py:2147]     register(node_output)
[rank4]:W0910 13:58:31.327000 2608034 torch/_dynamo/convert_frame.py:2147]   File "/usr/local/lib/python3.12/dist-packages/torch/_inductor/graph.py", line 1069, in register
[rank4]:W0910 13:58:31.327000 2608034 torch/_dynamo/convert_frame.py:2147]     for read_name in value.get_read_names():
[rank4]:W0910 13:58:31.327000 2608034 torch/_dynamo/convert_frame.py:2147]                      ^^^^^^^^^^^^^^^^^^^^^^
[rank4]:W0910 13:58:31.327000 2608034 torch/_dynamo/convert_frame.py:2147]   File "/usr/local/lib/python3.12/dist-packages/torch/_inductor/ir.py", line 8658, in get_read_names
[rank4]:W0910 13:58:31.327000 2608034 torch/_dynamo/convert_frame.py:2147]     return self.data.get_read_names()
[rank4]:W0910 13:58:31.327000 2608034 torch/_dynamo/convert_frame.py:2147]            ^^^^^^^^^^^^^^^^^^^^^^^^^^
[rank4]:W0910 13:58:31.327000 2608034 torch/_dynamo/convert_frame.py:2147]   File "/usr/local/lib/python3.12/dist-packages/torch/_inductor/ir.py", line 8658, in get_read_names
[rank4]:W0910 13:58:31.327000 2608034 torch/_dynamo/convert_frame.py:2147]     return self.data.get_read_names()
[rank4]:W0910 13:58:31.327000 2608034 torch/_dynamo/convert_frame.py:2147]            ^^^^^^^^^^^^^^^^^^^^^^^^^^
[rank4]:W0910 13:58:31.327000 2608034 torch/_dynamo/convert_frame.py:2147]   File "/usr/local/lib/python3.12/dist-packages/torch/_inductor/ir.py", line 4766, in get_read_names
[rank4]:W0910 13:58:31.327000 2608034 torch/_dynamo/convert_frame.py:2147]     return self.data.get_read_names()
[rank4]:W0910 13:58:31.327000 2608034 torch/_dynamo/convert_frame.py:2147]            ^^^^^^^^^^^^^^^^^^^^^^^^^^
[rank4]:W0910 13:58:31.327000 2608034 torch/_dynamo/convert_frame.py:2147]   File "/usr/local/lib/python3.12/dist-packages/torch/_inductor/ir.py", line 1042, in get_read_names
[rank4]:W0910 13:58:31.327000 2608034 torch/_dynamo/convert_frame.py:2147]     return OrderedSet(self.inner_fn_opcount().read_buffers)
[rank4]:W0910 13:58:31.327000 2608034 torch/_dynamo/convert_frame.py:2147]                       ^^^^^^^^^^^^^^^^^^^^^^^
[rank4]:W0910 13:58:31.327000 2608034 torch/_dynamo/convert_frame.py:2147]   File "<string>", line 6, in inner_fn_opcount_cache_on_self
[rank4]:W0910 13:58:31.327000 2608034 torch/_dynamo/convert_frame.py:2147]   File "/usr/local/lib/python3.12/dist-packages/torch/_inductor/ir.py", line 1005, in inner_fn_opcount
[rank4]:W0910 13:58:31.327000 2608034 torch/_dynamo/convert_frame.py:2147]     self.inner_fn(*self.inner_fn_args())
[rank4]:W0910 13:58:31.327000 2608034 torch/_dynamo/convert_frame.py:2147]   File "/usr/local/lib/python3.12/dist-packages/torch/_inductor/lowering.py", line 2735, in inner_fn
[rank4]:W0910 13:58:31.327000 2608034 torch/_dynamo/convert_frame.py:2147]     _boundaries_helper(boundaries),
[rank4]:W0910 13:58:31.327000 2608034 torch/_dynamo/convert_frame.py:2147]     ^^^^^^^^^^^^^^^^^^^^^^^^^^^^^^
[rank4]:W0910 13:58:31.327000 2608034 torch/_dynamo/convert_frame.py:2147]   File "/usr/local/lib/python3.12/dist-packages/torch/_inductor/lowering.py", line 2589, in _boundaries_helper
[rank4]:W0910 13:58:31.327000 2608034 torch/_dynamo/convert_frame.py:2147]     stride = tb.get_stride()
[rank4]:W0910 13:58:31.327000 2608034 torch/_dynamo/convert_frame.py:2147]              ^^^^^^^^^^^^^^^
[rank4]:W0910 13:58:31.327000 2608034 torch/_dynamo/convert_frame.py:2147]   File "/usr/local/lib/python3.12/dist-packages/torch/_inductor/ir.py", line 8573, in get_stride
[rank4]:W0910 13:58:31.327000 2608034 torch/_dynamo/convert_frame.py:2147]     return self.data.get_stride()
[rank4]:W0910 13:58:31.327000 2608034 torch/_dynamo/convert_frame.py:2147]            ^^^^^^^^^^^^^^^^^^^^^^
[rank4]:W0910 13:58:31.327000 2608034 torch/_dynamo/convert_frame.py:2147]   File "/usr/local/lib/python3.12/dist-packages/torch/_inductor/ir.py", line 758, in get_stride
[rank4]:W0910 13:58:31.327000 2608034 torch/_dynamo/convert_frame.py:2147]     raise NotImplementedError(type(self).__name__)
[rank4]:W0910 13:58:31.327000 2608034 torch/_dynamo/convert_frame.py:2147] torch._inductor.exc.InductorError: NotImplementedError: SliceView
[rank4]:W0910 13:58:31.327000 2608034 torch/_dynamo/convert_frame.py:2147] 
[rank4]:W0910 13:58:31.327000 2608034 torch/_dynamo/convert_frame.py:2147] Set TORCHDYNAMO_VERBOSE=1 for the internal stack trace (please do this especially if you're reporting a bug to PyTorch). For even more developer context, set TORCH_LOGS="+dynamo"
[rank4]:W0910 13:58:31.327000 2608034 torch/_dynamo/convert_frame.py:2147] 
[rank4]:W0910 13:58:31.327000 2608034 torch/_dynamo/convert_frame.py:2147] Traceback (most recent call last):
[rank4]:W0910 13:58:31.327000 2608034 torch/_dynamo/convert_frame.py:2147]   File "/usr/local/lib/python3.12/dist-packages/torch/_dynamo/convert_frame.py", line 2052, in __call__
[rank4]:W0910 13:58:31.327000 2608034 torch/_dynamo/convert_frame.py:2147]     result = self._inner_convert(
[rank4]:W0910 13:58:31.327000 2608034 torch/_dynamo/convert_frame.py:2147]              ^^^^^^^^^^^^^^^^^^^^
[rank4]:W0910 13:58:31.327000 2608034 torch/_dynamo/convert_frame.py:2147]   File "/usr/local/lib/python3.12/dist-packages/torch/_dynamo/convert_frame.py", line 729, in __call__
[rank4]:W0910 13:58:31.327000 2608034 torch/_dynamo/convert_frame.py:2147]     result = _compile(
[rank4]:W0910 13:58:31.327000 2608034 torch/_dynamo/convert_frame.py:2147]              ^^^^^^^^^
[rank4]:W0910 13:58:31.327000 2608034 torch/_dynamo/convert_frame.py:2147]   File "/usr/local/lib/python3.12/dist-packages/torch/_dynamo/convert_frame.py", line 1827, in _compile
[rank4]:W0910 13:58:31.327000 2608034 torch/_dynamo/convert_frame.py:2147]     guarded_code, tracer_output = compile_inner(code, one_graph, hooks)
[rank4]:W0910 13:58:31.327000 2608034 torch/_dynamo/convert_frame.py:2147]                                   ^^^^^^^^^^^^^^^^^^^^^^^^^^^^^^^^^^^^^
[rank4]:W0910 13:58:31.327000 2608034 torch/_dynamo/convert_frame.py:2147]   File "/usr/local/lib/python3.12/dist-packages/torch/_utils_internal.py", line 96, in wrapper_function
[rank4]:W0910 13:58:31.327000 2608034 torch/_dynamo/convert_frame.py:2147]     return function(*args, **kwargs)
[rank4]:W0910 13:58:31.327000 2608034 torch/_dynamo/convert_frame.py:2147]            ^^^^^^^^^^^^^^^^^^^^^^^^^
[rank4]:W0910 13:58:31.327000 2608034 torch/_dynamo/convert_frame.py:2147]   File "/usr/local/lib/python3.12/dist-packages/torch/_dynamo/convert_frame.py", line 1500, in compile_inner
[rank4]:W0910 13:58:31.327000 2608034 torch/_dynamo/convert_frame.py:2147]     return _compile_inner(code, one_graph, hooks)
[rank4]:W0910 13:58:31.327000 2608034 torch/_dynamo/convert_frame.py:2147]            ^^^^^^^^^^^^^^^^^^^^^^^^^^^^^^^^^^^^^^
[rank4]:W0910 13:58:31.327000 2608034 torch/_dynamo/convert_frame.py:2147]   File "/usr/local/lib/python3.12/dist-packages/torch/_dynamo/convert_frame.py", line 1534, in _compile_inner
[rank4]:W0910 13:58:31.327000 2608034 torch/_dynamo/convert_frame.py:2147]     dynamo_output = compile_frame(
[rank4]:W0910 13:58:31.327000 2608034 torch/_dynamo/convert_frame.py:2147]                     ^^^^^^^^^^^^^^
[rank4]:W0910 13:58:31.327000 2608034 torch/_dynamo/convert_frame.py:2147]   File "/usr/local/lib/python3.12/dist-packages/torch/_dynamo/convert_frame.py", line 1408, in compile_frame
[rank4]:W0910 13:58:31.327000 2608034 torch/_dynamo/convert_frame.py:2147]     bytecode, tracer_output = transform_code_object(code, transform)
[rank4]:W0910 13:58:31.327000 2608034 torch/_dynamo/convert_frame.py:2147]                               ^^^^^^^^^^^^^^^^^^^^^^^^^^^^^^^^^^^^^^
[rank4]:W0910 13:58:31.327000 2608034 torch/_dynamo/convert_frame.py:2147]   File "/usr/local/lib/python3.12/dist-packages/torch/_dynamo/bytecode_transformation.py", line 1608, in transform_code_object
[rank4]:W0910 13:58:31.327000 2608034 torch/_dynamo/convert_frame.py:2147]     tracer_output = transformations(instructions, code_options)
[rank4]:W0910 13:58:31.327000 2608034 torch/_dynamo/convert_frame.py:2147]                     ^^^^^^^^^^^^^^^^^^^^^^^^^^^^^^^^^^^^^^^^^^^
[rank4]:W0910 13:58:31.327000 2608034 torch/_dynamo/convert_frame.py:2147]   File "/usr/local/lib/python3.12/dist-packages/torch/_dynamo/convert_frame.py", line 1380, in transform
[rank4]:W0910 13:58:31.327000 2608034 torch/_dynamo/convert_frame.py:2147]     tracer_output = trace_frame(
[rank4]:W0910 13:58:31.327000 2608034 torch/_dynamo/convert_frame.py:2147]                     ^^^^^^^^^^^^
[rank4]:W0910 13:58:31.327000 2608034 torch/_dynamo/convert_frame.py:2147]   File "/usr/local/lib/python3.12/dist-packages/torch/_dynamo/convert_frame.py", line 341, in _fn
[rank4]:W0910 13:58:31.327000 2608034 torch/_dynamo/convert_frame.py:2147]     return fn(*args, **kwargs)
[rank4]:W0910 13:58:31.327000 2608034 torch/_dynamo/convert_frame.py:2147]            ^^^^^^^^^^^^^^^^^^^
[rank4]:W0910 13:58:31.327000 2608034 torch/_dynamo/convert_frame.py:2147]   File "/usr/local/lib/python3.12/dist-packages/torch/_dynamo/convert_frame.py", line 863, in trace_frame
[rank4]:W0910 13:58:31.327000 2608034 torch/_dynamo/convert_frame.py:2147]     run_tracer()
[rank4]:W0910 13:58:31.327000 2608034 torch/_dynamo/convert_frame.py:2147]   File "/usr/local/lib/python3.12/dist-packages/torch/_dynamo/convert_frame.py", line 844, in run_tracer
[rank4]:W0910 13:58:31.327000 2608034 torch/_dynamo/convert_frame.py:2147]     tracer.run()
[rank4]:W0910 13:58:31.327000 2608034 torch/_dynamo/convert_frame.py:2147]   File "/usr/local/lib/python3.12/dist-packages/torch/_dynamo/symbolic_convert.py", line 1794, in run
[rank4]:W0910 13:58:31.327000 2608034 torch/_dynamo/convert_frame.py:2147]     while self.step():
[rank4]:W0910 13:58:31.327000 2608034 torch/_dynamo/convert_frame.py:2147]           ^^^^^^^^^^^
[rank4]:W0910 13:58:31.327000 2608034 torch/_dynamo/convert_frame.py:2147]   File "/usr/local/lib/python3.12/dist-packages/torch/_dynamo/symbolic_convert.py", line 1459, in step
[rank4]:W0910 13:58:31.327000 2608034 torch/_dynamo/convert_frame.py:2147]     self.dispatch_table[inst.opcode](self, inst)
[rank4]:W0910 13:58:31.327000 2608034 torch/_dynamo/convert_frame.py:2147]   File "/usr/local/lib/python3.12/dist-packages/torch/_dynamo/symbolic_convert.py", line 5570, in RETURN_VALUE
[rank4]:W0910 13:58:31.327000 2608034 torch/_dynamo/convert_frame.py:2147]     self._return(inst)
[rank4]:W0910 13:58:31.327000 2608034 torch/_dynamo/convert_frame.py:2147]   File "/usr/local/lib/python3.12/dist-packages/torch/_dynamo/symbolic_convert.py", line 5552, in _return
[rank4]:W0910 13:58:31.327000 2608034 torch/_dynamo/convert_frame.py:2147]     all_stack_locals_metadata = self.output.compile_subgraph(
[rank4]:W0910 13:58:31.327000 2608034 torch/_dynamo/convert_frame.py:2147]                                 ^^^^^^^^^^^^^^^^^^^^^^^^^^^^^
[rank4]:W0910 13:58:31.327000 2608034 torch/_dynamo/convert_frame.py:2147]   File "/usr/local/lib/python3.12/dist-packages/torch/_dynamo/output_graph.py", line 1889, in compile_subgraph
[rank4]:W0910 13:58:31.327000 2608034 torch/_dynamo/convert_frame.py:2147]     self.compile_and_call_fx_graph(tx, pass2.graph_output_vars(), root)
[rank4]:W0910 13:58:31.327000 2608034 torch/_dynamo/convert_frame.py:2147]   File "/usr/local/lib/python3.12/dist-packages/torch/_dynamo/output_graph.py", line 2460, in compile_and_call_fx_graph
[rank4]:W0910 13:58:31.327000 2608034 torch/_dynamo/convert_frame.py:2147]     compiled_fn = self.call_user_compiler(gm, self.example_inputs())
[rank4]:W0910 13:58:31.327000 2608034 torch/_dynamo/convert_frame.py:2147]                   ^^^^^^^^^^^^^^^^^^^^^^^^^^^^^^^^^^^^^^^^^^^^^^^^^^
[rank4]:W0910 13:58:31.327000 2608034 torch/_dynamo/convert_frame.py:2147]   File "/usr/local/lib/python3.12/dist-packages/torch/_dynamo/output_graph.py", line 2613, in call_user_compiler
[rank4]:W0910 13:58:31.327000 2608034 torch/_dynamo/convert_frame.py:2147]     return self._call_user_compiler(gm, example_inputs)
[rank4]:W0910 13:58:31.327000 2608034 torch/_dynamo/convert_frame.py:2147]            ^^^^^^^^^^^^^^^^^^^^^^^^^^^^^^^^^^^^^^^^^^^^
[rank4]:W0910 13:58:31.327000 2608034 torch/_dynamo/convert_frame.py:2147]   File "/usr/local/lib/python3.12/dist-packages/torch/_dynamo/output_graph.py", line 2664, in _call_user_compiler
[rank4]:W0910 13:58:31.327000 2608034 torch/_dynamo/convert_frame.py:2147]     compiled_fn = compiler_fn(gm, example_inputs)
[rank4]:W0910 13:58:31.327000 2608034 torch/_dynamo/convert_frame.py:2147]                   ^^^^^^^^^^^^^^^^^^^^^^^^^^^^^^^
[rank4]:W0910 13:58:31.327000 2608034 torch/_dynamo/convert_frame.py:2147]   File "/usr/local/lib/python3.12/dist-packages/torch/_dynamo/backends/distributed.py", line 569, in compile_fn
[rank4]:W0910 13:58:31.327000 2608034 torch/_dynamo/convert_frame.py:2147]     return self.backend_compile_fn(gm, example_inputs)
[rank4]:W0910 13:58:31.327000 2608034 torch/_dynamo/convert_frame.py:2147]            ^^^^^^^^^^^^^^^^^^^^^^^^^^^^^^^^^^^^^^^^^^^
[rank4]:W0910 13:58:31.327000 2608034 torch/_dynamo/convert_frame.py:2147]   File "/usr/local/lib/python3.12/dist-packages/torch/_dynamo/repro/after_dynamo.py", line 156, in __call__
[rank4]:W0910 13:58:31.327000 2608034 torch/_dynamo/convert_frame.py:2147]     compiled_gm = compiler_fn(gm, example_inputs)
[rank4]:W0910 13:58:31.327000 2608034 torch/_dynamo/convert_frame.py:2147]                   ^^^^^^^^^^^^^^^^^^^^^^^^^^^^^^^
[rank4]:W0910 13:58:31.327000 2608034 torch/_dynamo/convert_frame.py:2147]   File "/usr/local/lib/python3.12/dist-packages/torch/__init__.py", line 2461, in __call__
[rank4]:W0910 13:58:31.327000 2608034 torch/_dynamo/convert_frame.py:2147]     return compile_fx(model_, inputs_, config_patches=self.config)
[rank4]:W0910 13:58:31.327000 2608034 torch/_dynamo/convert_frame.py:2147]            ^^^^^^^^^^^^^^^^^^^^^^^^^^^^^^^^^^^^^^^^^^^^^^^^^^^^^^^
[rank4]:W0910 13:58:31.327000 2608034 torch/_dynamo/convert_frame.py:2147]   File "/usr/local/lib/python3.12/dist-packages/torch/_inductor/compile_fx.py", line 2578, in compile_fx
[rank4]:W0910 13:58:31.327000 2608034 torch/_dynamo/convert_frame.py:2147]     return _maybe_wrap_and_compile_fx_main(
[rank4]:W0910 13:58:31.327000 2608034 torch/_dynamo/convert_frame.py:2147]            ^^^^^^^^^^^^^^^^^^^^^^^^^^^^^^^^
[rank4]:W0910 13:58:31.327000 2608034 torch/_dynamo/convert_frame.py:2147]   File "/usr/local/lib/python3.12/dist-packages/torch/_inductor/compile_fx.py", line 2655, in _maybe_wrap_and_compile_fx_main
[rank4]:W0910 13:58:31.327000 2608034 torch/_dynamo/convert_frame.py:2147]     return _compile_fx_main(
[rank4]:W0910 13:58:31.327000 2608034 torch/_dynamo/convert_frame.py:2147]            ^^^^^^^^^^^^^^^^^
[rank4]:W0910 13:58:31.327000 2608034 torch/_dynamo/convert_frame.py:2147]   File "/usr/local/lib/python3.12/dist-packages/torch/_inductor/compile_fx.py", line 2864, in _compile_fx_main
[rank4]:W0910 13:58:31.327000 2608034 torch/_dynamo/convert_frame.py:2147]     raise e.remove_dynamo_frames() from None  # see TORCHDYNAMO_VERBOSE=1
[rank4]:W0910 13:58:31.327000 2608034 torch/_dynamo/convert_frame.py:2147]     ^^^^^^^^^^^^^^^^^^^^^^^^^^^^^^^^^^^^^^^^
[rank4]:W0910 13:58:31.327000 2608034 torch/_dynamo/convert_frame.py:2147]   File "/usr/local/lib/python3.12/dist-packages/torch/_inductor/compile_fx.py", line 1053, in _compile_fx_inner
[rank4]:W0910 13:58:31.327000 2608034 torch/_dynamo/convert_frame.py:2147]     raise InductorError(e, currentframe()).with_traceback(
[rank4]:W0910 13:58:31.327000 2608034 torch/_dynamo/convert_frame.py:2147]   File "/usr/local/lib/python3.12/dist-packages/torch/_inductor/compile_fx.py", line 1037, in _compile_fx_inner
[rank4]:W0910 13:58:31.327000 2608034 torch/_dynamo/convert_frame.py:2147]     mb_compiled_graph = fx_codegen_and_compile(
[rank4]:W0910 13:58:31.327000 2608034 torch/_dynamo/convert_frame.py:2147]                         ^^^^^^^^^^^^^^^^^^^^^^^
[rank4]:W0910 13:58:31.327000 2608034 torch/_dynamo/convert_frame.py:2147]   File "/usr/local/lib/python3.12/dist-packages/torch/_inductor/compile_fx.py", line 1798, in fx_codegen_and_compile
[rank4]:W0910 13:58:31.327000 2608034 torch/_dynamo/convert_frame.py:2147]     return scheme.codegen_and_compile(gm, example_inputs, inputs_to_check, graph_kwargs)
[rank4]:W0910 13:58:31.327000 2608034 torch/_dynamo/convert_frame.py:2147]            ^^^^^^^^^^^^^^^^^^^^^^^^^^^^^^^^^^^^^^^^^^^^^^^^^^^^^^^^^^^^^^^^^^^^^^^^^^^^^
[rank4]:W0910 13:58:31.327000 2608034 torch/_dynamo/convert_frame.py:2147]   File "/usr/local/lib/python3.12/dist-packages/torch/_inductor/compile_fx.py", line 1485, in codegen_and_compile
[rank4]:W0910 13:58:31.327000 2608034 torch/_dynamo/convert_frame.py:2147]     graph.run(*example_inputs)
[rank4]:W0910 13:58:31.327000 2608034 torch/_dynamo/convert_frame.py:2147]   File "/usr/local/lib/python3.12/dist-packages/torch/_inductor/graph.py", line 1025, in run
[rank4]:W0910 13:58:31.327000 2608034 torch/_dynamo/convert_frame.py:2147]     return super().run(*args)
[rank4]:W0910 13:58:31.327000 2608034 torch/_dynamo/convert_frame.py:2147]            ^^^^^^^^^^^^^^^^^^
[rank4]:W0910 13:58:31.327000 2608034 torch/_dynamo/convert_frame.py:2147]   File "/usr/local/lib/python3.12/dist-packages/torch/fx/interpreter.py", line 200, in run
[rank4]:W0910 13:58:31.327000 2608034 torch/_dynamo/convert_frame.py:2147]     self.env[node] = self.run_node(node)
[rank4]:W0910 13:58:31.327000 2608034 torch/_dynamo/convert_frame.py:2147]                      ^^^^^^^^^^^^^^^^^^^
[rank4]:W0910 13:58:31.327000 2608034 torch/_dynamo/convert_frame.py:2147]   File "/usr/local/lib/python3.12/dist-packages/torch/_inductor/graph.py", line 1997, in run_node
[rank4]:W0910 13:58:31.327000 2608034 torch/_dynamo/convert_frame.py:2147]     self.register_users_of(result)
[rank4]:W0910 13:58:31.327000 2608034 torch/_dynamo/convert_frame.py:2147]   File "/usr/local/lib/python3.12/dist-packages/torch/_inductor/graph.py", line 1072, in register_users_of
[rank4]:W0910 13:58:31.327000 2608034 torch/_dynamo/convert_frame.py:2147]     register(node_output)
[rank4]:W0910 13:58:31.327000 2608034 torch/_dynamo/convert_frame.py:2147]   File "/usr/local/lib/python3.12/dist-packages/torch/_inductor/graph.py", line 1069, in register
[rank4]:W0910 13:58:31.327000 2608034 torch/_dynamo/convert_frame.py:2147]     for read_name in value.get_read_names():
[rank4]:W0910 13:58:31.327000 2608034 torch/_dynamo/convert_frame.py:2147]                      ^^^^^^^^^^^^^^^^^^^^^^
[rank4]:W0910 13:58:31.327000 2608034 torch/_dynamo/convert_frame.py:2147]   File "/usr/local/lib/python3.12/dist-packages/torch/_inductor/ir.py", line 8658, in get_read_names
[rank4]:W0910 13:58:31.327000 2608034 torch/_dynamo/convert_frame.py:2147]     return self.data.get_read_names()
[rank4]:W0910 13:58:31.327000 2608034 torch/_dynamo/convert_frame.py:2147]            ^^^^^^^^^^^^^^^^^^^^^^^^^^
[rank4]:W0910 13:58:31.327000 2608034 torch/_dynamo/convert_frame.py:2147]   File "/usr/local/lib/python3.12/dist-packages/torch/_inductor/ir.py", line 8658, in get_read_names
[rank4]:W0910 13:58:31.327000 2608034 torch/_dynamo/convert_frame.py:2147]     return self.data.get_read_names()
[rank4]:W0910 13:58:31.327000 2608034 torch/_dynamo/convert_frame.py:2147]            ^^^^^^^^^^^^^^^^^^^^^^^^^^
[rank4]:W0910 13:58:31.327000 2608034 torch/_dynamo/convert_frame.py:2147]   File "/usr/local/lib/python3.12/dist-packages/torch/_inductor/ir.py", line 4766, in get_read_names
[rank4]:W0910 13:58:31.327000 2608034 torch/_dynamo/convert_frame.py:2147]     return self.data.get_read_names()
[rank4]:W0910 13:58:31.327000 2608034 torch/_dynamo/convert_frame.py:2147]            ^^^^^^^^^^^^^^^^^^^^^^^^^^
[rank4]:W0910 13:58:31.327000 2608034 torch/_dynamo/convert_frame.py:2147]   File "/usr/local/lib/python3.12/dist-packages/torch/_inductor/ir.py", line 1042, in get_read_names
[rank4]:W0910 13:58:31.327000 2608034 torch/_dynamo/convert_frame.py:2147]     return OrderedSet(self.inner_fn_opcount().read_buffers)
[rank4]:W0910 13:58:31.327000 2608034 torch/_dynamo/convert_frame.py:2147]                       ^^^^^^^^^^^^^^^^^^^^^^^
[rank4]:W0910 13:58:31.327000 2608034 torch/_dynamo/convert_frame.py:2147]   File "<string>", line 6, in inner_fn_opcount_cache_on_self
[rank4]:W0910 13:58:31.327000 2608034 torch/_dynamo/convert_frame.py:2147]   File "/usr/local/lib/python3.12/dist-packages/torch/_inductor/ir.py", line 1005, in inner_fn_opcount
[rank4]:W0910 13:58:31.327000 2608034 torch/_dynamo/convert_frame.py:2147]     self.inner_fn(*self.inner_fn_args())
[rank4]:W0910 13:58:31.327000 2608034 torch/_dynamo/convert_frame.py:2147]   File "/usr/local/lib/python3.12/dist-packages/torch/_inductor/lowering.py", line 2735, in inner_fn
[rank4]:W0910 13:58:31.327000 2608034 torch/_dynamo/convert_frame.py:2147]     _boundaries_helper(boundaries),
[rank4]:W0910 13:58:31.327000 2608034 torch/_dynamo/convert_frame.py:2147]     ^^^^^^^^^^^^^^^^^^^^^^^^^^^^^^
[rank4]:W0910 13:58:31.327000 2608034 torch/_dynamo/convert_frame.py:2147]   File "/usr/local/lib/python3.12/dist-packages/torch/_inductor/lowering.py", line 2589, in _boundaries_helper
[rank4]:W0910 13:58:31.327000 2608034 torch/_dynamo/convert_frame.py:2147]     stride = tb.get_stride()
[rank4]:W0910 13:58:31.327000 2608034 torch/_dynamo/convert_frame.py:2147]              ^^^^^^^^^^^^^^^
[rank4]:W0910 13:58:31.327000 2608034 torch/_dynamo/convert_frame.py:2147]   File "/usr/local/lib/python3.12/dist-packages/torch/_inductor/ir.py", line 8573, in get_stride
[rank4]:W0910 13:58:31.327000 2608034 torch/_dynamo/convert_frame.py:2147]     return self.data.get_stride()
[rank4]:W0910 13:58:31.327000 2608034 torch/_dynamo/convert_frame.py:2147]            ^^^^^^^^^^^^^^^^^^^^^^
[rank4]:W0910 13:58:31.327000 2608034 torch/_dynamo/convert_frame.py:2147]   File "/usr/local/lib/python3.12/dist-packages/torch/_inductor/ir.py", line 758, in get_stride
[rank4]:W0910 13:58:31.327000 2608034 torch/_dynamo/convert_frame.py:2147]     raise NotImplementedError(type(self).__name__)
[rank4]:W0910 13:58:31.327000 2608034 torch/_dynamo/convert_frame.py:2147] torch._inductor.exc.InductorError: NotImplementedError: SliceView
[rank4]:W0910 13:58:31.327000 2608034 torch/_dynamo/convert_frame.py:2147] 
[rank4]:W0910 13:58:31.327000 2608034 torch/_dynamo/convert_frame.py:2147] Set TORCHDYNAMO_VERBOSE=1 for the internal stack trace (please do this especially if you're reporting a bug to PyTorch). For even more developer context, set TORCH_LOGS="+dynamo"
[rank4]:W0910 13:58:31.327000 2608034 torch/_dynamo/convert_frame.py:2147] 
[rank7]:W0910 13:58:31.379000 2608037 torch/_dynamo/convert_frame.py:2147] WON'T CONVERT positions /work/aupai/model.py line 876 
[rank7]:W0910 13:58:31.379000 2608037 torch/_dynamo/convert_frame.py:2147] due to: 
[rank7]:W0910 13:58:31.379000 2608037 torch/_dynamo/convert_frame.py:2147] Traceback (most recent call last):
[rank7]:W0910 13:58:31.379000 2608037 torch/_dynamo/convert_frame.py:2147]   File "/usr/local/lib/python3.12/dist-packages/torch/_dynamo/convert_frame.py", line 2052, in __call__
[rank7]:W0910 13:58:31.379000 2608037 torch/_dynamo/convert_frame.py:2147]     result = self._inner_convert(
[rank7]:W0910 13:58:31.379000 2608037 torch/_dynamo/convert_frame.py:2147]              ^^^^^^^^^^^^^^^^^^^^
[rank7]:W0910 13:58:31.379000 2608037 torch/_dynamo/convert_frame.py:2147]   File "/usr/local/lib/python3.12/dist-packages/torch/_dynamo/convert_frame.py", line 729, in __call__
[rank7]:W0910 13:58:31.379000 2608037 torch/_dynamo/convert_frame.py:2147]     result = _compile(
[rank7]:W0910 13:58:31.379000 2608037 torch/_dynamo/convert_frame.py:2147]              ^^^^^^^^^
[rank7]:W0910 13:58:31.379000 2608037 torch/_dynamo/convert_frame.py:2147]   File "/usr/local/lib/python3.12/dist-packages/torch/_dynamo/convert_frame.py", line 1827, in _compile
[rank7]:W0910 13:58:31.379000 2608037 torch/_dynamo/convert_frame.py:2147]     guarded_code, tracer_output = compile_inner(code, one_graph, hooks)
[rank7]:W0910 13:58:31.379000 2608037 torch/_dynamo/convert_frame.py:2147]                                   ^^^^^^^^^^^^^^^^^^^^^^^^^^^^^^^^^^^^^
[rank7]:W0910 13:58:31.379000 2608037 torch/_dynamo/convert_frame.py:2147]   File "/usr/local/lib/python3.12/dist-packages/torch/_utils_internal.py", line 96, in wrapper_function
[rank7]:W0910 13:58:31.379000 2608037 torch/_dynamo/convert_frame.py:2147]     return function(*args, **kwargs)
[rank7]:W0910 13:58:31.379000 2608037 torch/_dynamo/convert_frame.py:2147]            ^^^^^^^^^^^^^^^^^^^^^^^^^
[rank7]:W0910 13:58:31.379000 2608037 torch/_dynamo/convert_frame.py:2147]   File "/usr/local/lib/python3.12/dist-packages/torch/_dynamo/convert_frame.py", line 1500, in compile_inner
[rank7]:W0910 13:58:31.379000 2608037 torch/_dynamo/convert_frame.py:2147]     return _compile_inner(code, one_graph, hooks)
[rank7]:W0910 13:58:31.379000 2608037 torch/_dynamo/convert_frame.py:2147]            ^^^^^^^^^^^^^^^^^^^^^^^^^^^^^^^^^^^^^^
[rank7]:W0910 13:58:31.379000 2608037 torch/_dynamo/convert_frame.py:2147]   File "/usr/local/lib/python3.12/dist-packages/torch/_dynamo/convert_frame.py", line 1534, in _compile_inner
[rank7]:W0910 13:58:31.379000 2608037 torch/_dynamo/convert_frame.py:2147]     dynamo_output = compile_frame(
[rank7]:W0910 13:58:31.379000 2608037 torch/_dynamo/convert_frame.py:2147]                     ^^^^^^^^^^^^^^
[rank7]:W0910 13:58:31.379000 2608037 torch/_dynamo/convert_frame.py:2147]   File "/usr/local/lib/python3.12/dist-packages/torch/_dynamo/convert_frame.py", line 1408, in compile_frame
[rank7]:W0910 13:58:31.379000 2608037 torch/_dynamo/convert_frame.py:2147]     bytecode, tracer_output = transform_code_object(code, transform)
[rank7]:W0910 13:58:31.379000 2608037 torch/_dynamo/convert_frame.py:2147]                               ^^^^^^^^^^^^^^^^^^^^^^^^^^^^^^^^^^^^^^
[rank7]:W0910 13:58:31.379000 2608037 torch/_dynamo/convert_frame.py:2147]   File "/usr/local/lib/python3.12/dist-packages/torch/_dynamo/bytecode_transformation.py", line 1608, in transform_code_object
[rank7]:W0910 13:58:31.379000 2608037 torch/_dynamo/convert_frame.py:2147]     tracer_output = transformations(instructions, code_options)
[rank7]:W0910 13:58:31.379000 2608037 torch/_dynamo/convert_frame.py:2147]                     ^^^^^^^^^^^^^^^^^^^^^^^^^^^^^^^^^^^^^^^^^^^
[rank7]:W0910 13:58:31.379000 2608037 torch/_dynamo/convert_frame.py:2147]   File "/usr/local/lib/python3.12/dist-packages/torch/_dynamo/convert_frame.py", line 1380, in transform
[rank7]:W0910 13:58:31.379000 2608037 torch/_dynamo/convert_frame.py:2147]     tracer_output = trace_frame(
[rank7]:W0910 13:58:31.379000 2608037 torch/_dynamo/convert_frame.py:2147]                     ^^^^^^^^^^^^
[rank7]:W0910 13:58:31.379000 2608037 torch/_dynamo/convert_frame.py:2147]   File "/usr/local/lib/python3.12/dist-packages/torch/_dynamo/convert_frame.py", line 341, in _fn
[rank7]:W0910 13:58:31.379000 2608037 torch/_dynamo/convert_frame.py:2147]     return fn(*args, **kwargs)
[rank7]:W0910 13:58:31.379000 2608037 torch/_dynamo/convert_frame.py:2147]            ^^^^^^^^^^^^^^^^^^^
[rank7]:W0910 13:58:31.379000 2608037 torch/_dynamo/convert_frame.py:2147]   File "/usr/local/lib/python3.12/dist-packages/torch/_dynamo/convert_frame.py", line 863, in trace_frame
[rank7]:W0910 13:58:31.379000 2608037 torch/_dynamo/convert_frame.py:2147]     run_tracer()
[rank7]:W0910 13:58:31.379000 2608037 torch/_dynamo/convert_frame.py:2147]   File "/usr/local/lib/python3.12/dist-packages/torch/_dynamo/convert_frame.py", line 844, in run_tracer
[rank7]:W0910 13:58:31.379000 2608037 torch/_dynamo/convert_frame.py:2147]     tracer.run()
[rank7]:W0910 13:58:31.379000 2608037 torch/_dynamo/convert_frame.py:2147]   File "/usr/local/lib/python3.12/dist-packages/torch/_dynamo/symbolic_convert.py", line 1794, in run
[rank7]:W0910 13:58:31.379000 2608037 torch/_dynamo/convert_frame.py:2147]     while self.step():
[rank7]:W0910 13:58:31.379000 2608037 torch/_dynamo/convert_frame.py:2147]           ^^^^^^^^^^^
[rank7]:W0910 13:58:31.379000 2608037 torch/_dynamo/convert_frame.py:2147]   File "/usr/local/lib/python3.12/dist-packages/torch/_dynamo/symbolic_convert.py", line 1459, in step
[rank7]:W0910 13:58:31.379000 2608037 torch/_dynamo/convert_frame.py:2147]     self.dispatch_table[inst.opcode](self, inst)
[rank7]:W0910 13:58:31.379000 2608037 torch/_dynamo/convert_frame.py:2147]   File "/usr/local/lib/python3.12/dist-packages/torch/_dynamo/symbolic_convert.py", line 5570, in RETURN_VALUE
[rank7]:W0910 13:58:31.379000 2608037 torch/_dynamo/convert_frame.py:2147]     self._return(inst)
[rank7]:W0910 13:58:31.379000 2608037 torch/_dynamo/convert_frame.py:2147]   File "/usr/local/lib/python3.12/dist-packages/torch/_dynamo/symbolic_convert.py", line 5552, in _return
[rank7]:W0910 13:58:31.379000 2608037 torch/_dynamo/convert_frame.py:2147]     all_stack_locals_metadata = self.output.compile_subgraph(
[rank7]:W0910 13:58:31.379000 2608037 torch/_dynamo/convert_frame.py:2147]                                 ^^^^^^^^^^^^^^^^^^^^^^^^^^^^^
[rank7]:W0910 13:58:31.379000 2608037 torch/_dynamo/convert_frame.py:2147]   File "/usr/local/lib/python3.12/dist-packages/torch/_dynamo/output_graph.py", line 1889, in compile_subgraph
[rank7]:W0910 13:58:31.379000 2608037 torch/_dynamo/convert_frame.py:2147]     self.compile_and_call_fx_graph(tx, pass2.graph_output_vars(), root)
[rank7]:W0910 13:58:31.379000 2608037 torch/_dynamo/convert_frame.py:2147]   File "/usr/local/lib/python3.12/dist-packages/torch/_dynamo/output_graph.py", line 2460, in compile_and_call_fx_graph
[rank7]:W0910 13:58:31.379000 2608037 torch/_dynamo/convert_frame.py:2147]     compiled_fn = self.call_user_compiler(gm, self.example_inputs())
[rank7]:W0910 13:58:31.379000 2608037 torch/_dynamo/convert_frame.py:2147]                   ^^^^^^^^^^^^^^^^^^^^^^^^^^^^^^^^^^^^^^^^^^^^^^^^^^
[rank7]:W0910 13:58:31.379000 2608037 torch/_dynamo/convert_frame.py:2147]   File "/usr/local/lib/python3.12/dist-packages/torch/_dynamo/output_graph.py", line 2613, in call_user_compiler
[rank7]:W0910 13:58:31.379000 2608037 torch/_dynamo/convert_frame.py:2147]     return self._call_user_compiler(gm, example_inputs)
[rank7]:W0910 13:58:31.379000 2608037 torch/_dynamo/convert_frame.py:2147]            ^^^^^^^^^^^^^^^^^^^^^^^^^^^^^^^^^^^^^^^^^^^^
[rank7]:W0910 13:58:31.379000 2608037 torch/_dynamo/convert_frame.py:2147]   File "/usr/local/lib/python3.12/dist-packages/torch/_dynamo/output_graph.py", line 2664, in _call_user_compiler
[rank7]:W0910 13:58:31.379000 2608037 torch/_dynamo/convert_frame.py:2147]     compiled_fn = compiler_fn(gm, example_inputs)
[rank7]:W0910 13:58:31.379000 2608037 torch/_dynamo/convert_frame.py:2147]                   ^^^^^^^^^^^^^^^^^^^^^^^^^^^^^^^
[rank7]:W0910 13:58:31.379000 2608037 torch/_dynamo/convert_frame.py:2147]   File "/usr/local/lib/python3.12/dist-packages/torch/_dynamo/backends/distributed.py", line 569, in compile_fn
[rank7]:W0910 13:58:31.379000 2608037 torch/_dynamo/convert_frame.py:2147]     return self.backend_compile_fn(gm, example_inputs)
[rank7]:W0910 13:58:31.379000 2608037 torch/_dynamo/convert_frame.py:2147]            ^^^^^^^^^^^^^^^^^^^^^^^^^^^^^^^^^^^^^^^^^^^
[rank7]:W0910 13:58:31.379000 2608037 torch/_dynamo/convert_frame.py:2147]   File "/usr/local/lib/python3.12/dist-packages/torch/_dynamo/repro/after_dynamo.py", line 156, in __call__
[rank7]:W0910 13:58:31.379000 2608037 torch/_dynamo/convert_frame.py:2147]     compiled_gm = compiler_fn(gm, example_inputs)
[rank7]:W0910 13:58:31.379000 2608037 torch/_dynamo/convert_frame.py:2147]                   ^^^^^^^^^^^^^^^^^^^^^^^^^^^^^^^
[rank7]:W0910 13:58:31.379000 2608037 torch/_dynamo/convert_frame.py:2147]   File "/usr/local/lib/python3.12/dist-packages/torch/__init__.py", line 2461, in __call__
[rank7]:W0910 13:58:31.379000 2608037 torch/_dynamo/convert_frame.py:2147]     return compile_fx(model_, inputs_, config_patches=self.config)
[rank7]:W0910 13:58:31.379000 2608037 torch/_dynamo/convert_frame.py:2147]            ^^^^^^^^^^^^^^^^^^^^^^^^^^^^^^^^^^^^^^^^^^^^^^^^^^^^^^^
[rank7]:W0910 13:58:31.379000 2608037 torch/_dynamo/convert_frame.py:2147]   File "/usr/local/lib/python3.12/dist-packages/torch/_inductor/compile_fx.py", line 2578, in compile_fx
[rank7]:W0910 13:58:31.379000 2608037 torch/_dynamo/convert_frame.py:2147]     return _maybe_wrap_and_compile_fx_main(
[rank7]:W0910 13:58:31.379000 2608037 torch/_dynamo/convert_frame.py:2147]            ^^^^^^^^^^^^^^^^^^^^^^^^^^^^^^^^
[rank7]:W0910 13:58:31.379000 2608037 torch/_dynamo/convert_frame.py:2147]   File "/usr/local/lib/python3.12/dist-packages/torch/_inductor/compile_fx.py", line 2655, in _maybe_wrap_and_compile_fx_main
[rank7]:W0910 13:58:31.379000 2608037 torch/_dynamo/convert_frame.py:2147]     return _compile_fx_main(
[rank7]:W0910 13:58:31.379000 2608037 torch/_dynamo/convert_frame.py:2147]            ^^^^^^^^^^^^^^^^^
[rank7]:W0910 13:58:31.379000 2608037 torch/_dynamo/convert_frame.py:2147]   File "/usr/local/lib/python3.12/dist-packages/torch/_inductor/compile_fx.py", line 2864, in _compile_fx_main
[rank7]:W0910 13:58:31.379000 2608037 torch/_dynamo/convert_frame.py:2147]     raise e.remove_dynamo_frames() from None  # see TORCHDYNAMO_VERBOSE=1
[rank7]:W0910 13:58:31.379000 2608037 torch/_dynamo/convert_frame.py:2147]     ^^^^^^^^^^^^^^^^^^^^^^^^^^^^^^^^^^^^^^^^
[rank7]:W0910 13:58:31.379000 2608037 torch/_dynamo/convert_frame.py:2147]   File "/usr/local/lib/python3.12/dist-packages/torch/_inductor/compile_fx.py", line 1053, in _compile_fx_inner
[rank7]:W0910 13:58:31.379000 2608037 torch/_dynamo/convert_frame.py:2147]     raise InductorError(e, currentframe()).with_traceback(
[rank7]:W0910 13:58:31.379000 2608037 torch/_dynamo/convert_frame.py:2147]   File "/usr/local/lib/python3.12/dist-packages/torch/_inductor/compile_fx.py", line 1037, in _compile_fx_inner
[rank7]:W0910 13:58:31.379000 2608037 torch/_dynamo/convert_frame.py:2147]     mb_compiled_graph = fx_codegen_and_compile(
[rank7]:W0910 13:58:31.379000 2608037 torch/_dynamo/convert_frame.py:2147]                         ^^^^^^^^^^^^^^^^^^^^^^^
[rank7]:W0910 13:58:31.379000 2608037 torch/_dynamo/convert_frame.py:2147]   File "/usr/local/lib/python3.12/dist-packages/torch/_inductor/compile_fx.py", line 1798, in fx_codegen_and_compile
[rank7]:W0910 13:58:31.379000 2608037 torch/_dynamo/convert_frame.py:2147]     return scheme.codegen_and_compile(gm, example_inputs, inputs_to_check, graph_kwargs)
[rank7]:W0910 13:58:31.379000 2608037 torch/_dynamo/convert_frame.py:2147]            ^^^^^^^^^^^^^^^^^^^^^^^^^^^^^^^^^^^^^^^^^^^^^^^^^^^^^^^^^^^^^^^^^^^^^^^^^^^^^
[rank7]:W0910 13:58:31.379000 2608037 torch/_dynamo/convert_frame.py:2147]   File "/usr/local/lib/python3.12/dist-packages/torch/_inductor/compile_fx.py", line 1485, in codegen_and_compile
[rank7]:W0910 13:58:31.379000 2608037 torch/_dynamo/convert_frame.py:2147]     graph.run(*example_inputs)
[rank7]:W0910 13:58:31.379000 2608037 torch/_dynamo/convert_frame.py:2147]   File "/usr/local/lib/python3.12/dist-packages/torch/_inductor/graph.py", line 1025, in run
[rank7]:W0910 13:58:31.379000 2608037 torch/_dynamo/convert_frame.py:2147]     return super().run(*args)
[rank7]:W0910 13:58:31.379000 2608037 torch/_dynamo/convert_frame.py:2147]            ^^^^^^^^^^^^^^^^^^
[rank7]:W0910 13:58:31.379000 2608037 torch/_dynamo/convert_frame.py:2147]   File "/usr/local/lib/python3.12/dist-packages/torch/fx/interpreter.py", line 200, in run
[rank7]:W0910 13:58:31.379000 2608037 torch/_dynamo/convert_frame.py:2147]     self.env[node] = self.run_node(node)
[rank7]:W0910 13:58:31.379000 2608037 torch/_dynamo/convert_frame.py:2147]                      ^^^^^^^^^^^^^^^^^^^
[rank7]:W0910 13:58:31.379000 2608037 torch/_dynamo/convert_frame.py:2147]   File "/usr/local/lib/python3.12/dist-packages/torch/_inductor/graph.py", line 1997, in run_node
[rank7]:W0910 13:58:31.379000 2608037 torch/_dynamo/convert_frame.py:2147]     self.register_users_of(result)
[rank7]:W0910 13:58:31.379000 2608037 torch/_dynamo/convert_frame.py:2147]   File "/usr/local/lib/python3.12/dist-packages/torch/_inductor/graph.py", line 1072, in register_users_of
[rank7]:W0910 13:58:31.379000 2608037 torch/_dynamo/convert_frame.py:2147]     register(node_output)
[rank7]:W0910 13:58:31.379000 2608037 torch/_dynamo/convert_frame.py:2147]   File "/usr/local/lib/python3.12/dist-packages/torch/_inductor/graph.py", line 1069, in register
[rank7]:W0910 13:58:31.379000 2608037 torch/_dynamo/convert_frame.py:2147]     for read_name in value.get_read_names():
[rank7]:W0910 13:58:31.379000 2608037 torch/_dynamo/convert_frame.py:2147]                      ^^^^^^^^^^^^^^^^^^^^^^
[rank7]:W0910 13:58:31.379000 2608037 torch/_dynamo/convert_frame.py:2147]   File "/usr/local/lib/python3.12/dist-packages/torch/_inductor/ir.py", line 8658, in get_read_names
[rank7]:W0910 13:58:31.379000 2608037 torch/_dynamo/convert_frame.py:2147]     return self.data.get_read_names()
[rank7]:W0910 13:58:31.379000 2608037 torch/_dynamo/convert_frame.py:2147]            ^^^^^^^^^^^^^^^^^^^^^^^^^^
[rank7]:W0910 13:58:31.379000 2608037 torch/_dynamo/convert_frame.py:2147]   File "/usr/local/lib/python3.12/dist-packages/torch/_inductor/ir.py", line 8658, in get_read_names
[rank7]:W0910 13:58:31.379000 2608037 torch/_dynamo/convert_frame.py:2147]     return self.data.get_read_names()
[rank7]:W0910 13:58:31.379000 2608037 torch/_dynamo/convert_frame.py:2147]            ^^^^^^^^^^^^^^^^^^^^^^^^^^
[rank7]:W0910 13:58:31.379000 2608037 torch/_dynamo/convert_frame.py:2147]   File "/usr/local/lib/python3.12/dist-packages/torch/_inductor/ir.py", line 4766, in get_read_names
[rank7]:W0910 13:58:31.379000 2608037 torch/_dynamo/convert_frame.py:2147]     return self.data.get_read_names()
[rank7]:W0910 13:58:31.379000 2608037 torch/_dynamo/convert_frame.py:2147]            ^^^^^^^^^^^^^^^^^^^^^^^^^^
[rank7]:W0910 13:58:31.379000 2608037 torch/_dynamo/convert_frame.py:2147]   File "/usr/local/lib/python3.12/dist-packages/torch/_inductor/ir.py", line 1042, in get_read_names
[rank7]:W0910 13:58:31.379000 2608037 torch/_dynamo/convert_frame.py:2147]     return OrderedSet(self.inner_fn_opcount().read_buffers)
[rank7]:W0910 13:58:31.379000 2608037 torch/_dynamo/convert_frame.py:2147]                       ^^^^^^^^^^^^^^^^^^^^^^^
[rank7]:W0910 13:58:31.379000 2608037 torch/_dynamo/convert_frame.py:2147]   File "<string>", line 6, in inner_fn_opcount_cache_on_self
[rank7]:W0910 13:58:31.379000 2608037 torch/_dynamo/convert_frame.py:2147]   File "/usr/local/lib/python3.12/dist-packages/torch/_inductor/ir.py", line 1005, in inner_fn_opcount
[rank7]:W0910 13:58:31.379000 2608037 torch/_dynamo/convert_frame.py:2147]     self.inner_fn(*self.inner_fn_args())
[rank7]:W0910 13:58:31.379000 2608037 torch/_dynamo/convert_frame.py:2147]   File "/usr/local/lib/python3.12/dist-packages/torch/_inductor/lowering.py", line 2735, in inner_fn
[rank7]:W0910 13:58:31.379000 2608037 torch/_dynamo/convert_frame.py:2147]     _boundaries_helper(boundaries),
[rank7]:W0910 13:58:31.379000 2608037 torch/_dynamo/convert_frame.py:2147]     ^^^^^^^^^^^^^^^^^^^^^^^^^^^^^^
[rank7]:W0910 13:58:31.379000 2608037 torch/_dynamo/convert_frame.py:2147]   File "/usr/local/lib/python3.12/dist-packages/torch/_inductor/lowering.py", line 2589, in _boundaries_helper
[rank7]:W0910 13:58:31.379000 2608037 torch/_dynamo/convert_frame.py:2147]     stride = tb.get_stride()
[rank7]:W0910 13:58:31.379000 2608037 torch/_dynamo/convert_frame.py:2147]              ^^^^^^^^^^^^^^^
[rank7]:W0910 13:58:31.379000 2608037 torch/_dynamo/convert_frame.py:2147]   File "/usr/local/lib/python3.12/dist-packages/torch/_inductor/ir.py", line 8573, in get_stride
[rank7]:W0910 13:58:31.379000 2608037 torch/_dynamo/convert_frame.py:2147]     return self.data.get_stride()
[rank7]:W0910 13:58:31.379000 2608037 torch/_dynamo/convert_frame.py:2147]            ^^^^^^^^^^^^^^^^^^^^^^
[rank7]:W0910 13:58:31.379000 2608037 torch/_dynamo/convert_frame.py:2147]   File "/usr/local/lib/python3.12/dist-packages/torch/_inductor/ir.py", line 758, in get_stride
[rank7]:W0910 13:58:31.379000 2608037 torch/_dynamo/convert_frame.py:2147]     raise NotImplementedError(type(self).__name__)
[rank7]:W0910 13:58:31.379000 2608037 torch/_dynamo/convert_frame.py:2147] torch._inductor.exc.InductorError: NotImplementedError: SliceView
[rank7]:W0910 13:58:31.379000 2608037 torch/_dynamo/convert_frame.py:2147] 
[rank7]:W0910 13:58:31.379000 2608037 torch/_dynamo/convert_frame.py:2147] Set TORCHDYNAMO_VERBOSE=1 for the internal stack trace (please do this especially if you're reporting a bug to PyTorch). For even more developer context, set TORCH_LOGS="+dynamo"
[rank7]:W0910 13:58:31.379000 2608037 torch/_dynamo/convert_frame.py:2147] 
[rank7]:W0910 13:58:31.379000 2608037 torch/_dynamo/convert_frame.py:2147] Traceback (most recent call last):
[rank7]:W0910 13:58:31.379000 2608037 torch/_dynamo/convert_frame.py:2147]   File "/usr/local/lib/python3.12/dist-packages/torch/_dynamo/convert_frame.py", line 2052, in __call__
[rank7]:W0910 13:58:31.379000 2608037 torch/_dynamo/convert_frame.py:2147]     result = self._inner_convert(
[rank7]:W0910 13:58:31.379000 2608037 torch/_dynamo/convert_frame.py:2147]              ^^^^^^^^^^^^^^^^^^^^
[rank7]:W0910 13:58:31.379000 2608037 torch/_dynamo/convert_frame.py:2147]   File "/usr/local/lib/python3.12/dist-packages/torch/_dynamo/convert_frame.py", line 729, in __call__
[rank7]:W0910 13:58:31.379000 2608037 torch/_dynamo/convert_frame.py:2147]     result = _compile(
[rank7]:W0910 13:58:31.379000 2608037 torch/_dynamo/convert_frame.py:2147]              ^^^^^^^^^
[rank7]:W0910 13:58:31.379000 2608037 torch/_dynamo/convert_frame.py:2147]   File "/usr/local/lib/python3.12/dist-packages/torch/_dynamo/convert_frame.py", line 1827, in _compile
[rank7]:W0910 13:58:31.379000 2608037 torch/_dynamo/convert_frame.py:2147]     guarded_code, tracer_output = compile_inner(code, one_graph, hooks)
[rank7]:W0910 13:58:31.379000 2608037 torch/_dynamo/convert_frame.py:2147]                                   ^^^^^^^^^^^^^^^^^^^^^^^^^^^^^^^^^^^^^
[rank7]:W0910 13:58:31.379000 2608037 torch/_dynamo/convert_frame.py:2147]   File "/usr/local/lib/python3.12/dist-packages/torch/_utils_internal.py", line 96, in wrapper_function
[rank7]:W0910 13:58:31.379000 2608037 torch/_dynamo/convert_frame.py:2147]     return function(*args, **kwargs)
[rank7]:W0910 13:58:31.379000 2608037 torch/_dynamo/convert_frame.py:2147]            ^^^^^^^^^^^^^^^^^^^^^^^^^
[rank7]:W0910 13:58:31.379000 2608037 torch/_dynamo/convert_frame.py:2147]   File "/usr/local/lib/python3.12/dist-packages/torch/_dynamo/convert_frame.py", line 1500, in compile_inner
[rank7]:W0910 13:58:31.379000 2608037 torch/_dynamo/convert_frame.py:2147]     return _compile_inner(code, one_graph, hooks)
[rank7]:W0910 13:58:31.379000 2608037 torch/_dynamo/convert_frame.py:2147]            ^^^^^^^^^^^^^^^^^^^^^^^^^^^^^^^^^^^^^^
[rank7]:W0910 13:58:31.379000 2608037 torch/_dynamo/convert_frame.py:2147]   File "/usr/local/lib/python3.12/dist-packages/torch/_dynamo/convert_frame.py", line 1534, in _compile_inner
[rank7]:W0910 13:58:31.379000 2608037 torch/_dynamo/convert_frame.py:2147]     dynamo_output = compile_frame(
[rank7]:W0910 13:58:31.379000 2608037 torch/_dynamo/convert_frame.py:2147]                     ^^^^^^^^^^^^^^
[rank7]:W0910 13:58:31.379000 2608037 torch/_dynamo/convert_frame.py:2147]   File "/usr/local/lib/python3.12/dist-packages/torch/_dynamo/convert_frame.py", line 1408, in compile_frame
[rank7]:W0910 13:58:31.379000 2608037 torch/_dynamo/convert_frame.py:2147]     bytecode, tracer_output = transform_code_object(code, transform)
[rank7]:W0910 13:58:31.379000 2608037 torch/_dynamo/convert_frame.py:2147]                               ^^^^^^^^^^^^^^^^^^^^^^^^^^^^^^^^^^^^^^
[rank7]:W0910 13:58:31.379000 2608037 torch/_dynamo/convert_frame.py:2147]   File "/usr/local/lib/python3.12/dist-packages/torch/_dynamo/bytecode_transformation.py", line 1608, in transform_code_object
[rank7]:W0910 13:58:31.379000 2608037 torch/_dynamo/convert_frame.py:2147]     tracer_output = transformations(instructions, code_options)
[rank7]:W0910 13:58:31.379000 2608037 torch/_dynamo/convert_frame.py:2147]                     ^^^^^^^^^^^^^^^^^^^^^^^^^^^^^^^^^^^^^^^^^^^
[rank7]:W0910 13:58:31.379000 2608037 torch/_dynamo/convert_frame.py:2147]   File "/usr/local/lib/python3.12/dist-packages/torch/_dynamo/convert_frame.py", line 1380, in transform
[rank7]:W0910 13:58:31.379000 2608037 torch/_dynamo/convert_frame.py:2147]     tracer_output = trace_frame(
[rank7]:W0910 13:58:31.379000 2608037 torch/_dynamo/convert_frame.py:2147]                     ^^^^^^^^^^^^
[rank7]:W0910 13:58:31.379000 2608037 torch/_dynamo/convert_frame.py:2147]   File "/usr/local/lib/python3.12/dist-packages/torch/_dynamo/convert_frame.py", line 341, in _fn
[rank7]:W0910 13:58:31.379000 2608037 torch/_dynamo/convert_frame.py:2147]     return fn(*args, **kwargs)
[rank7]:W0910 13:58:31.379000 2608037 torch/_dynamo/convert_frame.py:2147]            ^^^^^^^^^^^^^^^^^^^
[rank7]:W0910 13:58:31.379000 2608037 torch/_dynamo/convert_frame.py:2147]   File "/usr/local/lib/python3.12/dist-packages/torch/_dynamo/convert_frame.py", line 863, in trace_frame
[rank7]:W0910 13:58:31.379000 2608037 torch/_dynamo/convert_frame.py:2147]     run_tracer()
[rank7]:W0910 13:58:31.379000 2608037 torch/_dynamo/convert_frame.py:2147]   File "/usr/local/lib/python3.12/dist-packages/torch/_dynamo/convert_frame.py", line 844, in run_tracer
[rank7]:W0910 13:58:31.379000 2608037 torch/_dynamo/convert_frame.py:2147]     tracer.run()
[rank7]:W0910 13:58:31.379000 2608037 torch/_dynamo/convert_frame.py:2147]   File "/usr/local/lib/python3.12/dist-packages/torch/_dynamo/symbolic_convert.py", line 1794, in run
[rank7]:W0910 13:58:31.379000 2608037 torch/_dynamo/convert_frame.py:2147]     while self.step():
[rank7]:W0910 13:58:31.379000 2608037 torch/_dynamo/convert_frame.py:2147]           ^^^^^^^^^^^
[rank7]:W0910 13:58:31.379000 2608037 torch/_dynamo/convert_frame.py:2147]   File "/usr/local/lib/python3.12/dist-packages/torch/_dynamo/symbolic_convert.py", line 1459, in step
[rank7]:W0910 13:58:31.379000 2608037 torch/_dynamo/convert_frame.py:2147]     self.dispatch_table[inst.opcode](self, inst)
[rank7]:W0910 13:58:31.379000 2608037 torch/_dynamo/convert_frame.py:2147]   File "/usr/local/lib/python3.12/dist-packages/torch/_dynamo/symbolic_convert.py", line 5570, in RETURN_VALUE
[rank7]:W0910 13:58:31.379000 2608037 torch/_dynamo/convert_frame.py:2147]     self._return(inst)
[rank7]:W0910 13:58:31.379000 2608037 torch/_dynamo/convert_frame.py:2147]   File "/usr/local/lib/python3.12/dist-packages/torch/_dynamo/symbolic_convert.py", line 5552, in _return
[rank7]:W0910 13:58:31.379000 2608037 torch/_dynamo/convert_frame.py:2147]     all_stack_locals_metadata = self.output.compile_subgraph(
[rank7]:W0910 13:58:31.379000 2608037 torch/_dynamo/convert_frame.py:2147]                                 ^^^^^^^^^^^^^^^^^^^^^^^^^^^^^
[rank7]:W0910 13:58:31.379000 2608037 torch/_dynamo/convert_frame.py:2147]   File "/usr/local/lib/python3.12/dist-packages/torch/_dynamo/output_graph.py", line 1889, in compile_subgraph
[rank7]:W0910 13:58:31.379000 2608037 torch/_dynamo/convert_frame.py:2147]     self.compile_and_call_fx_graph(tx, pass2.graph_output_vars(), root)
[rank7]:W0910 13:58:31.379000 2608037 torch/_dynamo/convert_frame.py:2147]   File "/usr/local/lib/python3.12/dist-packages/torch/_dynamo/output_graph.py", line 2460, in compile_and_call_fx_graph
[rank7]:W0910 13:58:31.379000 2608037 torch/_dynamo/convert_frame.py:2147]     compiled_fn = self.call_user_compiler(gm, self.example_inputs())
[rank7]:W0910 13:58:31.379000 2608037 torch/_dynamo/convert_frame.py:2147]                   ^^^^^^^^^^^^^^^^^^^^^^^^^^^^^^^^^^^^^^^^^^^^^^^^^^
[rank7]:W0910 13:58:31.379000 2608037 torch/_dynamo/convert_frame.py:2147]   File "/usr/local/lib/python3.12/dist-packages/torch/_dynamo/output_graph.py", line 2613, in call_user_compiler
[rank7]:W0910 13:58:31.379000 2608037 torch/_dynamo/convert_frame.py:2147]     return self._call_user_compiler(gm, example_inputs)
[rank7]:W0910 13:58:31.379000 2608037 torch/_dynamo/convert_frame.py:2147]            ^^^^^^^^^^^^^^^^^^^^^^^^^^^^^^^^^^^^^^^^^^^^
[rank7]:W0910 13:58:31.379000 2608037 torch/_dynamo/convert_frame.py:2147]   File "/usr/local/lib/python3.12/dist-packages/torch/_dynamo/output_graph.py", line 2664, in _call_user_compiler
[rank7]:W0910 13:58:31.379000 2608037 torch/_dynamo/convert_frame.py:2147]     compiled_fn = compiler_fn(gm, example_inputs)
[rank7]:W0910 13:58:31.379000 2608037 torch/_dynamo/convert_frame.py:2147]                   ^^^^^^^^^^^^^^^^^^^^^^^^^^^^^^^
[rank7]:W0910 13:58:31.379000 2608037 torch/_dynamo/convert_frame.py:2147]   File "/usr/local/lib/python3.12/dist-packages/torch/_dynamo/backends/distributed.py", line 569, in compile_fn
[rank7]:W0910 13:58:31.379000 2608037 torch/_dynamo/convert_frame.py:2147]     return self.backend_compile_fn(gm, example_inputs)
[rank7]:W0910 13:58:31.379000 2608037 torch/_dynamo/convert_frame.py:2147]            ^^^^^^^^^^^^^^^^^^^^^^^^^^^^^^^^^^^^^^^^^^^
[rank7]:W0910 13:58:31.379000 2608037 torch/_dynamo/convert_frame.py:2147]   File "/usr/local/lib/python3.12/dist-packages/torch/_dynamo/repro/after_dynamo.py", line 156, in __call__
[rank7]:W0910 13:58:31.379000 2608037 torch/_dynamo/convert_frame.py:2147]     compiled_gm = compiler_fn(gm, example_inputs)
[rank7]:W0910 13:58:31.379000 2608037 torch/_dynamo/convert_frame.py:2147]                   ^^^^^^^^^^^^^^^^^^^^^^^^^^^^^^^
[rank7]:W0910 13:58:31.379000 2608037 torch/_dynamo/convert_frame.py:2147]   File "/usr/local/lib/python3.12/dist-packages/torch/__init__.py", line 2461, in __call__
[rank7]:W0910 13:58:31.379000 2608037 torch/_dynamo/convert_frame.py:2147]     return compile_fx(model_, inputs_, config_patches=self.config)
[rank7]:W0910 13:58:31.379000 2608037 torch/_dynamo/convert_frame.py:2147]            ^^^^^^^^^^^^^^^^^^^^^^^^^^^^^^^^^^^^^^^^^^^^^^^^^^^^^^^
[rank7]:W0910 13:58:31.379000 2608037 torch/_dynamo/convert_frame.py:2147]   File "/usr/local/lib/python3.12/dist-packages/torch/_inductor/compile_fx.py", line 2578, in compile_fx
[rank7]:W0910 13:58:31.379000 2608037 torch/_dynamo/convert_frame.py:2147]     return _maybe_wrap_and_compile_fx_main(
[rank7]:W0910 13:58:31.379000 2608037 torch/_dynamo/convert_frame.py:2147]            ^^^^^^^^^^^^^^^^^^^^^^^^^^^^^^^^
[rank7]:W0910 13:58:31.379000 2608037 torch/_dynamo/convert_frame.py:2147]   File "/usr/local/lib/python3.12/dist-packages/torch/_inductor/compile_fx.py", line 2655, in _maybe_wrap_and_compile_fx_main
[rank7]:W0910 13:58:31.379000 2608037 torch/_dynamo/convert_frame.py:2147]     return _compile_fx_main(
[rank7]:W0910 13:58:31.379000 2608037 torch/_dynamo/convert_frame.py:2147]            ^^^^^^^^^^^^^^^^^
[rank7]:W0910 13:58:31.379000 2608037 torch/_dynamo/convert_frame.py:2147]   File "/usr/local/lib/python3.12/dist-packages/torch/_inductor/compile_fx.py", line 2864, in _compile_fx_main
[rank7]:W0910 13:58:31.379000 2608037 torch/_dynamo/convert_frame.py:2147]     raise e.remove_dynamo_frames() from None  # see TORCHDYNAMO_VERBOSE=1
[rank7]:W0910 13:58:31.379000 2608037 torch/_dynamo/convert_frame.py:2147]     ^^^^^^^^^^^^^^^^^^^^^^^^^^^^^^^^^^^^^^^^
[rank7]:W0910 13:58:31.379000 2608037 torch/_dynamo/convert_frame.py:2147]   File "/usr/local/lib/python3.12/dist-packages/torch/_inductor/compile_fx.py", line 1053, in _compile_fx_inner
[rank7]:W0910 13:58:31.379000 2608037 torch/_dynamo/convert_frame.py:2147]     raise InductorError(e, currentframe()).with_traceback(
[rank7]:W0910 13:58:31.379000 2608037 torch/_dynamo/convert_frame.py:2147]   File "/usr/local/lib/python3.12/dist-packages/torch/_inductor/compile_fx.py", line 1037, in _compile_fx_inner
[rank7]:W0910 13:58:31.379000 2608037 torch/_dynamo/convert_frame.py:2147]     mb_compiled_graph = fx_codegen_and_compile(
[rank7]:W0910 13:58:31.379000 2608037 torch/_dynamo/convert_frame.py:2147]                         ^^^^^^^^^^^^^^^^^^^^^^^
[rank7]:W0910 13:58:31.379000 2608037 torch/_dynamo/convert_frame.py:2147]   File "/usr/local/lib/python3.12/dist-packages/torch/_inductor/compile_fx.py", line 1798, in fx_codegen_and_compile
[rank7]:W0910 13:58:31.379000 2608037 torch/_dynamo/convert_frame.py:2147]     return scheme.codegen_and_compile(gm, example_inputs, inputs_to_check, graph_kwargs)
[rank7]:W0910 13:58:31.379000 2608037 torch/_dynamo/convert_frame.py:2147]            ^^^^^^^^^^^^^^^^^^^^^^^^^^^^^^^^^^^^^^^^^^^^^^^^^^^^^^^^^^^^^^^^^^^^^^^^^^^^^
[rank7]:W0910 13:58:31.379000 2608037 torch/_dynamo/convert_frame.py:2147]   File "/usr/local/lib/python3.12/dist-packages/torch/_inductor/compile_fx.py", line 1485, in codegen_and_compile
[rank7]:W0910 13:58:31.379000 2608037 torch/_dynamo/convert_frame.py:2147]     graph.run(*example_inputs)
[rank7]:W0910 13:58:31.379000 2608037 torch/_dynamo/convert_frame.py:2147]   File "/usr/local/lib/python3.12/dist-packages/torch/_inductor/graph.py", line 1025, in run
[rank7]:W0910 13:58:31.379000 2608037 torch/_dynamo/convert_frame.py:2147]     return super().run(*args)
[rank7]:W0910 13:58:31.379000 2608037 torch/_dynamo/convert_frame.py:2147]            ^^^^^^^^^^^^^^^^^^
[rank7]:W0910 13:58:31.379000 2608037 torch/_dynamo/convert_frame.py:2147]   File "/usr/local/lib/python3.12/dist-packages/torch/fx/interpreter.py", line 200, in run
[rank7]:W0910 13:58:31.379000 2608037 torch/_dynamo/convert_frame.py:2147]     self.env[node] = self.run_node(node)
[rank7]:W0910 13:58:31.379000 2608037 torch/_dynamo/convert_frame.py:2147]                      ^^^^^^^^^^^^^^^^^^^
[rank7]:W0910 13:58:31.379000 2608037 torch/_dynamo/convert_frame.py:2147]   File "/usr/local/lib/python3.12/dist-packages/torch/_inductor/graph.py", line 1997, in run_node
[rank7]:W0910 13:58:31.379000 2608037 torch/_dynamo/convert_frame.py:2147]     self.register_users_of(result)
[rank7]:W0910 13:58:31.379000 2608037 torch/_dynamo/convert_frame.py:2147]   File "/usr/local/lib/python3.12/dist-packages/torch/_inductor/graph.py", line 1072, in register_users_of
[rank7]:W0910 13:58:31.379000 2608037 torch/_dynamo/convert_frame.py:2147]     register(node_output)
[rank7]:W0910 13:58:31.379000 2608037 torch/_dynamo/convert_frame.py:2147]   File "/usr/local/lib/python3.12/dist-packages/torch/_inductor/graph.py", line 1069, in register
[rank7]:W0910 13:58:31.379000 2608037 torch/_dynamo/convert_frame.py:2147]     for read_name in value.get_read_names():
[rank7]:W0910 13:58:31.379000 2608037 torch/_dynamo/convert_frame.py:2147]                      ^^^^^^^^^^^^^^^^^^^^^^
[rank7]:W0910 13:58:31.379000 2608037 torch/_dynamo/convert_frame.py:2147]   File "/usr/local/lib/python3.12/dist-packages/torch/_inductor/ir.py", line 8658, in get_read_names
[rank7]:W0910 13:58:31.379000 2608037 torch/_dynamo/convert_frame.py:2147]     return self.data.get_read_names()
[rank7]:W0910 13:58:31.379000 2608037 torch/_dynamo/convert_frame.py:2147]            ^^^^^^^^^^^^^^^^^^^^^^^^^^
[rank7]:W0910 13:58:31.379000 2608037 torch/_dynamo/convert_frame.py:2147]   File "/usr/local/lib/python3.12/dist-packages/torch/_inductor/ir.py", line 8658, in get_read_names
[rank7]:W0910 13:58:31.379000 2608037 torch/_dynamo/convert_frame.py:2147]     return self.data.get_read_names()
[rank7]:W0910 13:58:31.379000 2608037 torch/_dynamo/convert_frame.py:2147]            ^^^^^^^^^^^^^^^^^^^^^^^^^^
[rank7]:W0910 13:58:31.379000 2608037 torch/_dynamo/convert_frame.py:2147]   File "/usr/local/lib/python3.12/dist-packages/torch/_inductor/ir.py", line 4766, in get_read_names
[rank7]:W0910 13:58:31.379000 2608037 torch/_dynamo/convert_frame.py:2147]     return self.data.get_read_names()
[rank7]:W0910 13:58:31.379000 2608037 torch/_dynamo/convert_frame.py:2147]            ^^^^^^^^^^^^^^^^^^^^^^^^^^
[rank7]:W0910 13:58:31.379000 2608037 torch/_dynamo/convert_frame.py:2147]   File "/usr/local/lib/python3.12/dist-packages/torch/_inductor/ir.py", line 1042, in get_read_names
[rank7]:W0910 13:58:31.379000 2608037 torch/_dynamo/convert_frame.py:2147]     return OrderedSet(self.inner_fn_opcount().read_buffers)
[rank7]:W0910 13:58:31.379000 2608037 torch/_dynamo/convert_frame.py:2147]                       ^^^^^^^^^^^^^^^^^^^^^^^
[rank7]:W0910 13:58:31.379000 2608037 torch/_dynamo/convert_frame.py:2147]   File "<string>", line 6, in inner_fn_opcount_cache_on_self
[rank7]:W0910 13:58:31.379000 2608037 torch/_dynamo/convert_frame.py:2147]   File "/usr/local/lib/python3.12/dist-packages/torch/_inductor/ir.py", line 1005, in inner_fn_opcount
[rank7]:W0910 13:58:31.379000 2608037 torch/_dynamo/convert_frame.py:2147]     self.inner_fn(*self.inner_fn_args())
[rank7]:W0910 13:58:31.379000 2608037 torch/_dynamo/convert_frame.py:2147]   File "/usr/local/lib/python3.12/dist-packages/torch/_inductor/lowering.py", line 2735, in inner_fn
[rank7]:W0910 13:58:31.379000 2608037 torch/_dynamo/convert_frame.py:2147]     _boundaries_helper(boundaries),
[rank7]:W0910 13:58:31.379000 2608037 torch/_dynamo/convert_frame.py:2147]     ^^^^^^^^^^^^^^^^^^^^^^^^^^^^^^
[rank7]:W0910 13:58:31.379000 2608037 torch/_dynamo/convert_frame.py:2147]   File "/usr/local/lib/python3.12/dist-packages/torch/_inductor/lowering.py", line 2589, in _boundaries_helper
[rank7]:W0910 13:58:31.379000 2608037 torch/_dynamo/convert_frame.py:2147]     stride = tb.get_stride()
[rank7]:W0910 13:58:31.379000 2608037 torch/_dynamo/convert_frame.py:2147]              ^^^^^^^^^^^^^^^
[rank7]:W0910 13:58:31.379000 2608037 torch/_dynamo/convert_frame.py:2147]   File "/usr/local/lib/python3.12/dist-packages/torch/_inductor/ir.py", line 8573, in get_stride
[rank7]:W0910 13:58:31.379000 2608037 torch/_dynamo/convert_frame.py:2147]     return self.data.get_stride()
[rank7]:W0910 13:58:31.379000 2608037 torch/_dynamo/convert_frame.py:2147]            ^^^^^^^^^^^^^^^^^^^^^^
[rank7]:W0910 13:58:31.379000 2608037 torch/_dynamo/convert_frame.py:2147]   File "/usr/local/lib/python3.12/dist-packages/torch/_inductor/ir.py", line 758, in get_stride
[rank7]:W0910 13:58:31.379000 2608037 torch/_dynamo/convert_frame.py:2147]     raise NotImplementedError(type(self).__name__)
[rank7]:W0910 13:58:31.379000 2608037 torch/_dynamo/convert_frame.py:2147] torch._inductor.exc.InductorError: NotImplementedError: SliceView
[rank7]:W0910 13:58:31.379000 2608037 torch/_dynamo/convert_frame.py:2147] 
[rank7]:W0910 13:58:31.379000 2608037 torch/_dynamo/convert_frame.py:2147] Set TORCHDYNAMO_VERBOSE=1 for the internal stack trace (please do this especially if you're reporting a bug to PyTorch). For even more developer context, set TORCH_LOGS="+dynamo"
[rank7]:W0910 13:58:31.379000 2608037 torch/_dynamo/convert_frame.py:2147] 
[rank0]:W0910 13:58:31.449000 2608030 torch/_dynamo/convert_frame.py:2147] WON'T CONVERT positions /work/aupai/model.py line 876 
[rank0]:W0910 13:58:31.449000 2608030 torch/_dynamo/convert_frame.py:2147] due to: 
[rank0]:W0910 13:58:31.449000 2608030 torch/_dynamo/convert_frame.py:2147] Traceback (most recent call last):
[rank0]:W0910 13:58:31.449000 2608030 torch/_dynamo/convert_frame.py:2147]   File "/usr/local/lib/python3.12/dist-packages/torch/_dynamo/convert_frame.py", line 2052, in __call__
[rank0]:W0910 13:58:31.449000 2608030 torch/_dynamo/convert_frame.py:2147]     result = self._inner_convert(
[rank0]:W0910 13:58:31.449000 2608030 torch/_dynamo/convert_frame.py:2147]              ^^^^^^^^^^^^^^^^^^^^
[rank0]:W0910 13:58:31.449000 2608030 torch/_dynamo/convert_frame.py:2147]   File "/usr/local/lib/python3.12/dist-packages/torch/_dynamo/convert_frame.py", line 729, in __call__
[rank0]:W0910 13:58:31.449000 2608030 torch/_dynamo/convert_frame.py:2147]     result = _compile(
[rank0]:W0910 13:58:31.449000 2608030 torch/_dynamo/convert_frame.py:2147]              ^^^^^^^^^
[rank0]:W0910 13:58:31.449000 2608030 torch/_dynamo/convert_frame.py:2147]   File "/usr/local/lib/python3.12/dist-packages/torch/_dynamo/convert_frame.py", line 1827, in _compile
[rank0]:W0910 13:58:31.449000 2608030 torch/_dynamo/convert_frame.py:2147]     guarded_code, tracer_output = compile_inner(code, one_graph, hooks)
[rank0]:W0910 13:58:31.449000 2608030 torch/_dynamo/convert_frame.py:2147]                                   ^^^^^^^^^^^^^^^^^^^^^^^^^^^^^^^^^^^^^
[rank0]:W0910 13:58:31.449000 2608030 torch/_dynamo/convert_frame.py:2147]   File "/usr/local/lib/python3.12/dist-packages/torch/_utils_internal.py", line 96, in wrapper_function
[rank0]:W0910 13:58:31.449000 2608030 torch/_dynamo/convert_frame.py:2147]     return function(*args, **kwargs)
[rank0]:W0910 13:58:31.449000 2608030 torch/_dynamo/convert_frame.py:2147]            ^^^^^^^^^^^^^^^^^^^^^^^^^
[rank0]:W0910 13:58:31.449000 2608030 torch/_dynamo/convert_frame.py:2147]   File "/usr/local/lib/python3.12/dist-packages/torch/_dynamo/convert_frame.py", line 1500, in compile_inner
[rank0]:W0910 13:58:31.449000 2608030 torch/_dynamo/convert_frame.py:2147]     return _compile_inner(code, one_graph, hooks)
[rank0]:W0910 13:58:31.449000 2608030 torch/_dynamo/convert_frame.py:2147]            ^^^^^^^^^^^^^^^^^^^^^^^^^^^^^^^^^^^^^^
[rank0]:W0910 13:58:31.449000 2608030 torch/_dynamo/convert_frame.py:2147]   File "/usr/local/lib/python3.12/dist-packages/torch/_dynamo/convert_frame.py", line 1534, in _compile_inner
[rank0]:W0910 13:58:31.449000 2608030 torch/_dynamo/convert_frame.py:2147]     dynamo_output = compile_frame(
[rank0]:W0910 13:58:31.449000 2608030 torch/_dynamo/convert_frame.py:2147]                     ^^^^^^^^^^^^^^
[rank0]:W0910 13:58:31.449000 2608030 torch/_dynamo/convert_frame.py:2147]   File "/usr/local/lib/python3.12/dist-packages/torch/_dynamo/convert_frame.py", line 1408, in compile_frame
[rank0]:W0910 13:58:31.449000 2608030 torch/_dynamo/convert_frame.py:2147]     bytecode, tracer_output = transform_code_object(code, transform)
[rank0]:W0910 13:58:31.449000 2608030 torch/_dynamo/convert_frame.py:2147]                               ^^^^^^^^^^^^^^^^^^^^^^^^^^^^^^^^^^^^^^
[rank0]:W0910 13:58:31.449000 2608030 torch/_dynamo/convert_frame.py:2147]   File "/usr/local/lib/python3.12/dist-packages/torch/_dynamo/bytecode_transformation.py", line 1608, in transform_code_object
[rank0]:W0910 13:58:31.449000 2608030 torch/_dynamo/convert_frame.py:2147]     tracer_output = transformations(instructions, code_options)
[rank0]:W0910 13:58:31.449000 2608030 torch/_dynamo/convert_frame.py:2147]                     ^^^^^^^^^^^^^^^^^^^^^^^^^^^^^^^^^^^^^^^^^^^
[rank0]:W0910 13:58:31.449000 2608030 torch/_dynamo/convert_frame.py:2147]   File "/usr/local/lib/python3.12/dist-packages/torch/_dynamo/convert_frame.py", line 1380, in transform
[rank0]:W0910 13:58:31.449000 2608030 torch/_dynamo/convert_frame.py:2147]     tracer_output = trace_frame(
[rank0]:W0910 13:58:31.449000 2608030 torch/_dynamo/convert_frame.py:2147]                     ^^^^^^^^^^^^
[rank0]:W0910 13:58:31.449000 2608030 torch/_dynamo/convert_frame.py:2147]   File "/usr/local/lib/python3.12/dist-packages/torch/_dynamo/convert_frame.py", line 341, in _fn
[rank0]:W0910 13:58:31.449000 2608030 torch/_dynamo/convert_frame.py:2147]     return fn(*args, **kwargs)
[rank0]:W0910 13:58:31.449000 2608030 torch/_dynamo/convert_frame.py:2147]            ^^^^^^^^^^^^^^^^^^^
[rank0]:W0910 13:58:31.449000 2608030 torch/_dynamo/convert_frame.py:2147]   File "/usr/local/lib/python3.12/dist-packages/torch/_dynamo/convert_frame.py", line 863, in trace_frame
[rank0]:W0910 13:58:31.449000 2608030 torch/_dynamo/convert_frame.py:2147]     run_tracer()
[rank0]:W0910 13:58:31.449000 2608030 torch/_dynamo/convert_frame.py:2147]   File "/usr/local/lib/python3.12/dist-packages/torch/_dynamo/convert_frame.py", line 844, in run_tracer
[rank0]:W0910 13:58:31.449000 2608030 torch/_dynamo/convert_frame.py:2147]     tracer.run()
[rank0]:W0910 13:58:31.449000 2608030 torch/_dynamo/convert_frame.py:2147]   File "/usr/local/lib/python3.12/dist-packages/torch/_dynamo/symbolic_convert.py", line 1794, in run
[rank0]:W0910 13:58:31.449000 2608030 torch/_dynamo/convert_frame.py:2147]     while self.step():
[rank0]:W0910 13:58:31.449000 2608030 torch/_dynamo/convert_frame.py:2147]           ^^^^^^^^^^^
[rank0]:W0910 13:58:31.449000 2608030 torch/_dynamo/convert_frame.py:2147]   File "/usr/local/lib/python3.12/dist-packages/torch/_dynamo/symbolic_convert.py", line 1459, in step
[rank0]:W0910 13:58:31.449000 2608030 torch/_dynamo/convert_frame.py:2147]     self.dispatch_table[inst.opcode](self, inst)
[rank0]:W0910 13:58:31.449000 2608030 torch/_dynamo/convert_frame.py:2147]   File "/usr/local/lib/python3.12/dist-packages/torch/_dynamo/symbolic_convert.py", line 5570, in RETURN_VALUE
[rank0]:W0910 13:58:31.449000 2608030 torch/_dynamo/convert_frame.py:2147]     self._return(inst)
[rank0]:W0910 13:58:31.449000 2608030 torch/_dynamo/convert_frame.py:2147]   File "/usr/local/lib/python3.12/dist-packages/torch/_dynamo/symbolic_convert.py", line 5552, in _return
[rank0]:W0910 13:58:31.449000 2608030 torch/_dynamo/convert_frame.py:2147]     all_stack_locals_metadata = self.output.compile_subgraph(
[rank0]:W0910 13:58:31.449000 2608030 torch/_dynamo/convert_frame.py:2147]                                 ^^^^^^^^^^^^^^^^^^^^^^^^^^^^^
[rank0]:W0910 13:58:31.449000 2608030 torch/_dynamo/convert_frame.py:2147]   File "/usr/local/lib/python3.12/dist-packages/torch/_dynamo/output_graph.py", line 1889, in compile_subgraph
[rank0]:W0910 13:58:31.449000 2608030 torch/_dynamo/convert_frame.py:2147]     self.compile_and_call_fx_graph(tx, pass2.graph_output_vars(), root)
[rank0]:W0910 13:58:31.449000 2608030 torch/_dynamo/convert_frame.py:2147]   File "/usr/local/lib/python3.12/dist-packages/torch/_dynamo/output_graph.py", line 2460, in compile_and_call_fx_graph
[rank0]:W0910 13:58:31.449000 2608030 torch/_dynamo/convert_frame.py:2147]     compiled_fn = self.call_user_compiler(gm, self.example_inputs())
[rank0]:W0910 13:58:31.449000 2608030 torch/_dynamo/convert_frame.py:2147]                   ^^^^^^^^^^^^^^^^^^^^^^^^^^^^^^^^^^^^^^^^^^^^^^^^^^
[rank0]:W0910 13:58:31.449000 2608030 torch/_dynamo/convert_frame.py:2147]   File "/usr/local/lib/python3.12/dist-packages/torch/_dynamo/output_graph.py", line 2613, in call_user_compiler
[rank0]:W0910 13:58:31.449000 2608030 torch/_dynamo/convert_frame.py:2147]     return self._call_user_compiler(gm, example_inputs)
[rank0]:W0910 13:58:31.449000 2608030 torch/_dynamo/convert_frame.py:2147]            ^^^^^^^^^^^^^^^^^^^^^^^^^^^^^^^^^^^^^^^^^^^^
[rank0]:W0910 13:58:31.449000 2608030 torch/_dynamo/convert_frame.py:2147]   File "/usr/local/lib/python3.12/dist-packages/torch/_dynamo/output_graph.py", line 2664, in _call_user_compiler
[rank0]:W0910 13:58:31.449000 2608030 torch/_dynamo/convert_frame.py:2147]     compiled_fn = compiler_fn(gm, example_inputs)
[rank0]:W0910 13:58:31.449000 2608030 torch/_dynamo/convert_frame.py:2147]                   ^^^^^^^^^^^^^^^^^^^^^^^^^^^^^^^
[rank0]:W0910 13:58:31.449000 2608030 torch/_dynamo/convert_frame.py:2147]   File "/usr/local/lib/python3.12/dist-packages/torch/_dynamo/backends/distributed.py", line 569, in compile_fn
[rank0]:W0910 13:58:31.449000 2608030 torch/_dynamo/convert_frame.py:2147]     return self.backend_compile_fn(gm, example_inputs)
[rank0]:W0910 13:58:31.449000 2608030 torch/_dynamo/convert_frame.py:2147]            ^^^^^^^^^^^^^^^^^^^^^^^^^^^^^^^^^^^^^^^^^^^
[rank0]:W0910 13:58:31.449000 2608030 torch/_dynamo/convert_frame.py:2147]   File "/usr/local/lib/python3.12/dist-packages/torch/_dynamo/repro/after_dynamo.py", line 156, in __call__
[rank0]:W0910 13:58:31.449000 2608030 torch/_dynamo/convert_frame.py:2147]     compiled_gm = compiler_fn(gm, example_inputs)
[rank0]:W0910 13:58:31.449000 2608030 torch/_dynamo/convert_frame.py:2147]                   ^^^^^^^^^^^^^^^^^^^^^^^^^^^^^^^
[rank0]:W0910 13:58:31.449000 2608030 torch/_dynamo/convert_frame.py:2147]   File "/usr/local/lib/python3.12/dist-packages/torch/__init__.py", line 2461, in __call__
[rank0]:W0910 13:58:31.449000 2608030 torch/_dynamo/convert_frame.py:2147]     return compile_fx(model_, inputs_, config_patches=self.config)
[rank0]:W0910 13:58:31.449000 2608030 torch/_dynamo/convert_frame.py:2147]            ^^^^^^^^^^^^^^^^^^^^^^^^^^^^^^^^^^^^^^^^^^^^^^^^^^^^^^^
[rank0]:W0910 13:58:31.449000 2608030 torch/_dynamo/convert_frame.py:2147]   File "/usr/local/lib/python3.12/dist-packages/torch/_inductor/compile_fx.py", line 2578, in compile_fx
[rank0]:W0910 13:58:31.449000 2608030 torch/_dynamo/convert_frame.py:2147]     return _maybe_wrap_and_compile_fx_main(
[rank0]:W0910 13:58:31.449000 2608030 torch/_dynamo/convert_frame.py:2147]            ^^^^^^^^^^^^^^^^^^^^^^^^^^^^^^^^
[rank0]:W0910 13:58:31.449000 2608030 torch/_dynamo/convert_frame.py:2147]   File "/usr/local/lib/python3.12/dist-packages/torch/_inductor/compile_fx.py", line 2655, in _maybe_wrap_and_compile_fx_main
[rank0]:W0910 13:58:31.449000 2608030 torch/_dynamo/convert_frame.py:2147]     return _compile_fx_main(
[rank0]:W0910 13:58:31.449000 2608030 torch/_dynamo/convert_frame.py:2147]            ^^^^^^^^^^^^^^^^^
[rank0]:W0910 13:58:31.449000 2608030 torch/_dynamo/convert_frame.py:2147]   File "/usr/local/lib/python3.12/dist-packages/torch/_inductor/compile_fx.py", line 2864, in _compile_fx_main
[rank0]:W0910 13:58:31.449000 2608030 torch/_dynamo/convert_frame.py:2147]     raise e.remove_dynamo_frames() from None  # see TORCHDYNAMO_VERBOSE=1
[rank0]:W0910 13:58:31.449000 2608030 torch/_dynamo/convert_frame.py:2147]     ^^^^^^^^^^^^^^^^^^^^^^^^^^^^^^^^^^^^^^^^
[rank0]:W0910 13:58:31.449000 2608030 torch/_dynamo/convert_frame.py:2147]   File "/usr/local/lib/python3.12/dist-packages/torch/_inductor/compile_fx.py", line 1053, in _compile_fx_inner
[rank0]:W0910 13:58:31.449000 2608030 torch/_dynamo/convert_frame.py:2147]     raise InductorError(e, currentframe()).with_traceback(
[rank0]:W0910 13:58:31.449000 2608030 torch/_dynamo/convert_frame.py:2147]   File "/usr/local/lib/python3.12/dist-packages/torch/_inductor/compile_fx.py", line 1037, in _compile_fx_inner
[rank0]:W0910 13:58:31.449000 2608030 torch/_dynamo/convert_frame.py:2147]     mb_compiled_graph = fx_codegen_and_compile(
[rank0]:W0910 13:58:31.449000 2608030 torch/_dynamo/convert_frame.py:2147]                         ^^^^^^^^^^^^^^^^^^^^^^^
[rank0]:W0910 13:58:31.449000 2608030 torch/_dynamo/convert_frame.py:2147]   File "/usr/local/lib/python3.12/dist-packages/torch/_inductor/compile_fx.py", line 1798, in fx_codegen_and_compile
[rank0]:W0910 13:58:31.449000 2608030 torch/_dynamo/convert_frame.py:2147]     return scheme.codegen_and_compile(gm, example_inputs, inputs_to_check, graph_kwargs)
[rank0]:W0910 13:58:31.449000 2608030 torch/_dynamo/convert_frame.py:2147]            ^^^^^^^^^^^^^^^^^^^^^^^^^^^^^^^^^^^^^^^^^^^^^^^^^^^^^^^^^^^^^^^^^^^^^^^^^^^^^
[rank0]:W0910 13:58:31.449000 2608030 torch/_dynamo/convert_frame.py:2147]   File "/usr/local/lib/python3.12/dist-packages/torch/_inductor/compile_fx.py", line 1485, in codegen_and_compile
[rank0]:W0910 13:58:31.449000 2608030 torch/_dynamo/convert_frame.py:2147]     graph.run(*example_inputs)
[rank0]:W0910 13:58:31.449000 2608030 torch/_dynamo/convert_frame.py:2147]   File "/usr/local/lib/python3.12/dist-packages/torch/_inductor/graph.py", line 1025, in run
[rank0]:W0910 13:58:31.449000 2608030 torch/_dynamo/convert_frame.py:2147]     return super().run(*args)
[rank0]:W0910 13:58:31.449000 2608030 torch/_dynamo/convert_frame.py:2147]            ^^^^^^^^^^^^^^^^^^
[rank0]:W0910 13:58:31.449000 2608030 torch/_dynamo/convert_frame.py:2147]   File "/usr/local/lib/python3.12/dist-packages/torch/fx/interpreter.py", line 200, in run
[rank0]:W0910 13:58:31.449000 2608030 torch/_dynamo/convert_frame.py:2147]     self.env[node] = self.run_node(node)
[rank0]:W0910 13:58:31.449000 2608030 torch/_dynamo/convert_frame.py:2147]                      ^^^^^^^^^^^^^^^^^^^
[rank0]:W0910 13:58:31.449000 2608030 torch/_dynamo/convert_frame.py:2147]   File "/usr/local/lib/python3.12/dist-packages/torch/_inductor/graph.py", line 1997, in run_node
[rank0]:W0910 13:58:31.449000 2608030 torch/_dynamo/convert_frame.py:2147]     self.register_users_of(result)
[rank0]:W0910 13:58:31.449000 2608030 torch/_dynamo/convert_frame.py:2147]   File "/usr/local/lib/python3.12/dist-packages/torch/_inductor/graph.py", line 1072, in register_users_of
[rank0]:W0910 13:58:31.449000 2608030 torch/_dynamo/convert_frame.py:2147]     register(node_output)
[rank0]:W0910 13:58:31.449000 2608030 torch/_dynamo/convert_frame.py:2147]   File "/usr/local/lib/python3.12/dist-packages/torch/_inductor/graph.py", line 1069, in register
[rank0]:W0910 13:58:31.449000 2608030 torch/_dynamo/convert_frame.py:2147]     for read_name in value.get_read_names():
[rank0]:W0910 13:58:31.449000 2608030 torch/_dynamo/convert_frame.py:2147]                      ^^^^^^^^^^^^^^^^^^^^^^
[rank0]:W0910 13:58:31.449000 2608030 torch/_dynamo/convert_frame.py:2147]   File "/usr/local/lib/python3.12/dist-packages/torch/_inductor/ir.py", line 8658, in get_read_names
[rank0]:W0910 13:58:31.449000 2608030 torch/_dynamo/convert_frame.py:2147]     return self.data.get_read_names()
[rank0]:W0910 13:58:31.449000 2608030 torch/_dynamo/convert_frame.py:2147]            ^^^^^^^^^^^^^^^^^^^^^^^^^^
[rank0]:W0910 13:58:31.449000 2608030 torch/_dynamo/convert_frame.py:2147]   File "/usr/local/lib/python3.12/dist-packages/torch/_inductor/ir.py", line 8658, in get_read_names
[rank0]:W0910 13:58:31.449000 2608030 torch/_dynamo/convert_frame.py:2147]     return self.data.get_read_names()
[rank0]:W0910 13:58:31.449000 2608030 torch/_dynamo/convert_frame.py:2147]            ^^^^^^^^^^^^^^^^^^^^^^^^^^
[rank0]:W0910 13:58:31.449000 2608030 torch/_dynamo/convert_frame.py:2147]   File "/usr/local/lib/python3.12/dist-packages/torch/_inductor/ir.py", line 4766, in get_read_names
[rank0]:W0910 13:58:31.449000 2608030 torch/_dynamo/convert_frame.py:2147]     return self.data.get_read_names()
[rank0]:W0910 13:58:31.449000 2608030 torch/_dynamo/convert_frame.py:2147]            ^^^^^^^^^^^^^^^^^^^^^^^^^^
[rank0]:W0910 13:58:31.449000 2608030 torch/_dynamo/convert_frame.py:2147]   File "/usr/local/lib/python3.12/dist-packages/torch/_inductor/ir.py", line 1042, in get_read_names
[rank0]:W0910 13:58:31.449000 2608030 torch/_dynamo/convert_frame.py:2147]     return OrderedSet(self.inner_fn_opcount().read_buffers)
[rank0]:W0910 13:58:31.449000 2608030 torch/_dynamo/convert_frame.py:2147]                       ^^^^^^^^^^^^^^^^^^^^^^^
[rank0]:W0910 13:58:31.449000 2608030 torch/_dynamo/convert_frame.py:2147]   File "<string>", line 6, in inner_fn_opcount_cache_on_self
[rank0]:W0910 13:58:31.449000 2608030 torch/_dynamo/convert_frame.py:2147]   File "/usr/local/lib/python3.12/dist-packages/torch/_inductor/ir.py", line 1005, in inner_fn_opcount
[rank0]:W0910 13:58:31.449000 2608030 torch/_dynamo/convert_frame.py:2147]     self.inner_fn(*self.inner_fn_args())
[rank0]:W0910 13:58:31.449000 2608030 torch/_dynamo/convert_frame.py:2147]   File "/usr/local/lib/python3.12/dist-packages/torch/_inductor/lowering.py", line 2735, in inner_fn
[rank0]:W0910 13:58:31.449000 2608030 torch/_dynamo/convert_frame.py:2147]     _boundaries_helper(boundaries),
[rank0]:W0910 13:58:31.449000 2608030 torch/_dynamo/convert_frame.py:2147]     ^^^^^^^^^^^^^^^^^^^^^^^^^^^^^^
[rank0]:W0910 13:58:31.449000 2608030 torch/_dynamo/convert_frame.py:2147]   File "/usr/local/lib/python3.12/dist-packages/torch/_inductor/lowering.py", line 2589, in _boundaries_helper
[rank0]:W0910 13:58:31.449000 2608030 torch/_dynamo/convert_frame.py:2147]     stride = tb.get_stride()
[rank0]:W0910 13:58:31.449000 2608030 torch/_dynamo/convert_frame.py:2147]              ^^^^^^^^^^^^^^^
[rank0]:W0910 13:58:31.449000 2608030 torch/_dynamo/convert_frame.py:2147]   File "/usr/local/lib/python3.12/dist-packages/torch/_inductor/ir.py", line 8573, in get_stride
[rank0]:W0910 13:58:31.449000 2608030 torch/_dynamo/convert_frame.py:2147]     return self.data.get_stride()
[rank0]:W0910 13:58:31.449000 2608030 torch/_dynamo/convert_frame.py:2147]            ^^^^^^^^^^^^^^^^^^^^^^
[rank0]:W0910 13:58:31.449000 2608030 torch/_dynamo/convert_frame.py:2147]   File "/usr/local/lib/python3.12/dist-packages/torch/_inductor/ir.py", line 758, in get_stride
[rank0]:W0910 13:58:31.449000 2608030 torch/_dynamo/convert_frame.py:2147]     raise NotImplementedError(type(self).__name__)
[rank0]:W0910 13:58:31.449000 2608030 torch/_dynamo/convert_frame.py:2147] torch._inductor.exc.InductorError: NotImplementedError: SliceView
[rank0]:W0910 13:58:31.449000 2608030 torch/_dynamo/convert_frame.py:2147] 
[rank0]:W0910 13:58:31.449000 2608030 torch/_dynamo/convert_frame.py:2147] Set TORCHDYNAMO_VERBOSE=1 for the internal stack trace (please do this especially if you're reporting a bug to PyTorch). For even more developer context, set TORCH_LOGS="+dynamo"
[rank0]:W0910 13:58:31.449000 2608030 torch/_dynamo/convert_frame.py:2147] 
[rank0]:W0910 13:58:31.449000 2608030 torch/_dynamo/convert_frame.py:2147] Traceback (most recent call last):
[rank0]:W0910 13:58:31.449000 2608030 torch/_dynamo/convert_frame.py:2147]   File "/usr/local/lib/python3.12/dist-packages/torch/_dynamo/convert_frame.py", line 2052, in __call__
[rank0]:W0910 13:58:31.449000 2608030 torch/_dynamo/convert_frame.py:2147]     result = self._inner_convert(
[rank0]:W0910 13:58:31.449000 2608030 torch/_dynamo/convert_frame.py:2147]              ^^^^^^^^^^^^^^^^^^^^
[rank0]:W0910 13:58:31.449000 2608030 torch/_dynamo/convert_frame.py:2147]   File "/usr/local/lib/python3.12/dist-packages/torch/_dynamo/convert_frame.py", line 729, in __call__
[rank0]:W0910 13:58:31.449000 2608030 torch/_dynamo/convert_frame.py:2147]     result = _compile(
[rank0]:W0910 13:58:31.449000 2608030 torch/_dynamo/convert_frame.py:2147]              ^^^^^^^^^
[rank0]:W0910 13:58:31.449000 2608030 torch/_dynamo/convert_frame.py:2147]   File "/usr/local/lib/python3.12/dist-packages/torch/_dynamo/convert_frame.py", line 1827, in _compile
[rank0]:W0910 13:58:31.449000 2608030 torch/_dynamo/convert_frame.py:2147]     guarded_code, tracer_output = compile_inner(code, one_graph, hooks)
[rank0]:W0910 13:58:31.449000 2608030 torch/_dynamo/convert_frame.py:2147]                                   ^^^^^^^^^^^^^^^^^^^^^^^^^^^^^^^^^^^^^
[rank0]:W0910 13:58:31.449000 2608030 torch/_dynamo/convert_frame.py:2147]   File "/usr/local/lib/python3.12/dist-packages/torch/_utils_internal.py", line 96, in wrapper_function
[rank0]:W0910 13:58:31.449000 2608030 torch/_dynamo/convert_frame.py:2147]     return function(*args, **kwargs)
[rank0]:W0910 13:58:31.449000 2608030 torch/_dynamo/convert_frame.py:2147]            ^^^^^^^^^^^^^^^^^^^^^^^^^
[rank0]:W0910 13:58:31.449000 2608030 torch/_dynamo/convert_frame.py:2147]   File "/usr/local/lib/python3.12/dist-packages/torch/_dynamo/convert_frame.py", line 1500, in compile_inner
[rank0]:W0910 13:58:31.449000 2608030 torch/_dynamo/convert_frame.py:2147]     return _compile_inner(code, one_graph, hooks)
[rank0]:W0910 13:58:31.449000 2608030 torch/_dynamo/convert_frame.py:2147]            ^^^^^^^^^^^^^^^^^^^^^^^^^^^^^^^^^^^^^^
[rank0]:W0910 13:58:31.449000 2608030 torch/_dynamo/convert_frame.py:2147]   File "/usr/local/lib/python3.12/dist-packages/torch/_dynamo/convert_frame.py", line 1534, in _compile_inner
[rank0]:W0910 13:58:31.449000 2608030 torch/_dynamo/convert_frame.py:2147]     dynamo_output = compile_frame(
[rank0]:W0910 13:58:31.449000 2608030 torch/_dynamo/convert_frame.py:2147]                     ^^^^^^^^^^^^^^
[rank0]:W0910 13:58:31.449000 2608030 torch/_dynamo/convert_frame.py:2147]   File "/usr/local/lib/python3.12/dist-packages/torch/_dynamo/convert_frame.py", line 1408, in compile_frame
[rank0]:W0910 13:58:31.449000 2608030 torch/_dynamo/convert_frame.py:2147]     bytecode, tracer_output = transform_code_object(code, transform)
[rank0]:W0910 13:58:31.449000 2608030 torch/_dynamo/convert_frame.py:2147]                               ^^^^^^^^^^^^^^^^^^^^^^^^^^^^^^^^^^^^^^
[rank0]:W0910 13:58:31.449000 2608030 torch/_dynamo/convert_frame.py:2147]   File "/usr/local/lib/python3.12/dist-packages/torch/_dynamo/bytecode_transformation.py", line 1608, in transform_code_object
[rank0]:W0910 13:58:31.449000 2608030 torch/_dynamo/convert_frame.py:2147]     tracer_output = transformations(instructions, code_options)
[rank0]:W0910 13:58:31.449000 2608030 torch/_dynamo/convert_frame.py:2147]                     ^^^^^^^^^^^^^^^^^^^^^^^^^^^^^^^^^^^^^^^^^^^
[rank0]:W0910 13:58:31.449000 2608030 torch/_dynamo/convert_frame.py:2147]   File "/usr/local/lib/python3.12/dist-packages/torch/_dynamo/convert_frame.py", line 1380, in transform
[rank0]:W0910 13:58:31.449000 2608030 torch/_dynamo/convert_frame.py:2147]     tracer_output = trace_frame(
[rank0]:W0910 13:58:31.449000 2608030 torch/_dynamo/convert_frame.py:2147]                     ^^^^^^^^^^^^
[rank0]:W0910 13:58:31.449000 2608030 torch/_dynamo/convert_frame.py:2147]   File "/usr/local/lib/python3.12/dist-packages/torch/_dynamo/convert_frame.py", line 341, in _fn
[rank0]:W0910 13:58:31.449000 2608030 torch/_dynamo/convert_frame.py:2147]     return fn(*args, **kwargs)
[rank0]:W0910 13:58:31.449000 2608030 torch/_dynamo/convert_frame.py:2147]            ^^^^^^^^^^^^^^^^^^^
[rank0]:W0910 13:58:31.449000 2608030 torch/_dynamo/convert_frame.py:2147]   File "/usr/local/lib/python3.12/dist-packages/torch/_dynamo/convert_frame.py", line 863, in trace_frame
[rank0]:W0910 13:58:31.449000 2608030 torch/_dynamo/convert_frame.py:2147]     run_tracer()
[rank0]:W0910 13:58:31.449000 2608030 torch/_dynamo/convert_frame.py:2147]   File "/usr/local/lib/python3.12/dist-packages/torch/_dynamo/convert_frame.py", line 844, in run_tracer
[rank0]:W0910 13:58:31.449000 2608030 torch/_dynamo/convert_frame.py:2147]     tracer.run()
[rank0]:W0910 13:58:31.449000 2608030 torch/_dynamo/convert_frame.py:2147]   File "/usr/local/lib/python3.12/dist-packages/torch/_dynamo/symbolic_convert.py", line 1794, in run
[rank0]:W0910 13:58:31.449000 2608030 torch/_dynamo/convert_frame.py:2147]     while self.step():
[rank0]:W0910 13:58:31.449000 2608030 torch/_dynamo/convert_frame.py:2147]           ^^^^^^^^^^^
[rank0]:W0910 13:58:31.449000 2608030 torch/_dynamo/convert_frame.py:2147]   File "/usr/local/lib/python3.12/dist-packages/torch/_dynamo/symbolic_convert.py", line 1459, in step
[rank0]:W0910 13:58:31.449000 2608030 torch/_dynamo/convert_frame.py:2147]     self.dispatch_table[inst.opcode](self, inst)
[rank0]:W0910 13:58:31.449000 2608030 torch/_dynamo/convert_frame.py:2147]   File "/usr/local/lib/python3.12/dist-packages/torch/_dynamo/symbolic_convert.py", line 5570, in RETURN_VALUE
[rank0]:W0910 13:58:31.449000 2608030 torch/_dynamo/convert_frame.py:2147]     self._return(inst)
[rank0]:W0910 13:58:31.449000 2608030 torch/_dynamo/convert_frame.py:2147]   File "/usr/local/lib/python3.12/dist-packages/torch/_dynamo/symbolic_convert.py", line 5552, in _return
[rank0]:W0910 13:58:31.449000 2608030 torch/_dynamo/convert_frame.py:2147]     all_stack_locals_metadata = self.output.compile_subgraph(
[rank0]:W0910 13:58:31.449000 2608030 torch/_dynamo/convert_frame.py:2147]                                 ^^^^^^^^^^^^^^^^^^^^^^^^^^^^^
[rank0]:W0910 13:58:31.449000 2608030 torch/_dynamo/convert_frame.py:2147]   File "/usr/local/lib/python3.12/dist-packages/torch/_dynamo/output_graph.py", line 1889, in compile_subgraph
[rank0]:W0910 13:58:31.449000 2608030 torch/_dynamo/convert_frame.py:2147]     self.compile_and_call_fx_graph(tx, pass2.graph_output_vars(), root)
[rank0]:W0910 13:58:31.449000 2608030 torch/_dynamo/convert_frame.py:2147]   File "/usr/local/lib/python3.12/dist-packages/torch/_dynamo/output_graph.py", line 2460, in compile_and_call_fx_graph
[rank0]:W0910 13:58:31.449000 2608030 torch/_dynamo/convert_frame.py:2147]     compiled_fn = self.call_user_compiler(gm, self.example_inputs())
[rank0]:W0910 13:58:31.449000 2608030 torch/_dynamo/convert_frame.py:2147]                   ^^^^^^^^^^^^^^^^^^^^^^^^^^^^^^^^^^^^^^^^^^^^^^^^^^
[rank0]:W0910 13:58:31.449000 2608030 torch/_dynamo/convert_frame.py:2147]   File "/usr/local/lib/python3.12/dist-packages/torch/_dynamo/output_graph.py", line 2613, in call_user_compiler
[rank0]:W0910 13:58:31.449000 2608030 torch/_dynamo/convert_frame.py:2147]     return self._call_user_compiler(gm, example_inputs)
[rank0]:W0910 13:58:31.449000 2608030 torch/_dynamo/convert_frame.py:2147]            ^^^^^^^^^^^^^^^^^^^^^^^^^^^^^^^^^^^^^^^^^^^^
[rank0]:W0910 13:58:31.449000 2608030 torch/_dynamo/convert_frame.py:2147]   File "/usr/local/lib/python3.12/dist-packages/torch/_dynamo/output_graph.py", line 2664, in _call_user_compiler
[rank0]:W0910 13:58:31.449000 2608030 torch/_dynamo/convert_frame.py:2147]     compiled_fn = compiler_fn(gm, example_inputs)
[rank0]:W0910 13:58:31.449000 2608030 torch/_dynamo/convert_frame.py:2147]                   ^^^^^^^^^^^^^^^^^^^^^^^^^^^^^^^
[rank0]:W0910 13:58:31.449000 2608030 torch/_dynamo/convert_frame.py:2147]   File "/usr/local/lib/python3.12/dist-packages/torch/_dynamo/backends/distributed.py", line 569, in compile_fn
[rank0]:W0910 13:58:31.449000 2608030 torch/_dynamo/convert_frame.py:2147]     return self.backend_compile_fn(gm, example_inputs)
[rank0]:W0910 13:58:31.449000 2608030 torch/_dynamo/convert_frame.py:2147]            ^^^^^^^^^^^^^^^^^^^^^^^^^^^^^^^^^^^^^^^^^^^
[rank0]:W0910 13:58:31.449000 2608030 torch/_dynamo/convert_frame.py:2147]   File "/usr/local/lib/python3.12/dist-packages/torch/_dynamo/repro/after_dynamo.py", line 156, in __call__
[rank0]:W0910 13:58:31.449000 2608030 torch/_dynamo/convert_frame.py:2147]     compiled_gm = compiler_fn(gm, example_inputs)
[rank0]:W0910 13:58:31.449000 2608030 torch/_dynamo/convert_frame.py:2147]                   ^^^^^^^^^^^^^^^^^^^^^^^^^^^^^^^
[rank0]:W0910 13:58:31.449000 2608030 torch/_dynamo/convert_frame.py:2147]   File "/usr/local/lib/python3.12/dist-packages/torch/__init__.py", line 2461, in __call__
[rank0]:W0910 13:58:31.449000 2608030 torch/_dynamo/convert_frame.py:2147]     return compile_fx(model_, inputs_, config_patches=self.config)
[rank0]:W0910 13:58:31.449000 2608030 torch/_dynamo/convert_frame.py:2147]            ^^^^^^^^^^^^^^^^^^^^^^^^^^^^^^^^^^^^^^^^^^^^^^^^^^^^^^^
[rank0]:W0910 13:58:31.449000 2608030 torch/_dynamo/convert_frame.py:2147]   File "/usr/local/lib/python3.12/dist-packages/torch/_inductor/compile_fx.py", line 2578, in compile_fx
[rank0]:W0910 13:58:31.449000 2608030 torch/_dynamo/convert_frame.py:2147]     return _maybe_wrap_and_compile_fx_main(
[rank0]:W0910 13:58:31.449000 2608030 torch/_dynamo/convert_frame.py:2147]            ^^^^^^^^^^^^^^^^^^^^^^^^^^^^^^^^
[rank0]:W0910 13:58:31.449000 2608030 torch/_dynamo/convert_frame.py:2147]   File "/usr/local/lib/python3.12/dist-packages/torch/_inductor/compile_fx.py", line 2655, in _maybe_wrap_and_compile_fx_main
[rank0]:W0910 13:58:31.449000 2608030 torch/_dynamo/convert_frame.py:2147]     return _compile_fx_main(
[rank0]:W0910 13:58:31.449000 2608030 torch/_dynamo/convert_frame.py:2147]            ^^^^^^^^^^^^^^^^^
[rank0]:W0910 13:58:31.449000 2608030 torch/_dynamo/convert_frame.py:2147]   File "/usr/local/lib/python3.12/dist-packages/torch/_inductor/compile_fx.py", line 2864, in _compile_fx_main
[rank0]:W0910 13:58:31.449000 2608030 torch/_dynamo/convert_frame.py:2147]     raise e.remove_dynamo_frames() from None  # see TORCHDYNAMO_VERBOSE=1
[rank0]:W0910 13:58:31.449000 2608030 torch/_dynamo/convert_frame.py:2147]     ^^^^^^^^^^^^^^^^^^^^^^^^^^^^^^^^^^^^^^^^
[rank0]:W0910 13:58:31.449000 2608030 torch/_dynamo/convert_frame.py:2147]   File "/usr/local/lib/python3.12/dist-packages/torch/_inductor/compile_fx.py", line 1053, in _compile_fx_inner
[rank0]:W0910 13:58:31.449000 2608030 torch/_dynamo/convert_frame.py:2147]     raise InductorError(e, currentframe()).with_traceback(
[rank0]:W0910 13:58:31.449000 2608030 torch/_dynamo/convert_frame.py:2147]   File "/usr/local/lib/python3.12/dist-packages/torch/_inductor/compile_fx.py", line 1037, in _compile_fx_inner
[rank0]:W0910 13:58:31.449000 2608030 torch/_dynamo/convert_frame.py:2147]     mb_compiled_graph = fx_codegen_and_compile(
[rank0]:W0910 13:58:31.449000 2608030 torch/_dynamo/convert_frame.py:2147]                         ^^^^^^^^^^^^^^^^^^^^^^^
[rank0]:W0910 13:58:31.449000 2608030 torch/_dynamo/convert_frame.py:2147]   File "/usr/local/lib/python3.12/dist-packages/torch/_inductor/compile_fx.py", line 1798, in fx_codegen_and_compile
[rank0]:W0910 13:58:31.449000 2608030 torch/_dynamo/convert_frame.py:2147]     return scheme.codegen_and_compile(gm, example_inputs, inputs_to_check, graph_kwargs)
[rank0]:W0910 13:58:31.449000 2608030 torch/_dynamo/convert_frame.py:2147]            ^^^^^^^^^^^^^^^^^^^^^^^^^^^^^^^^^^^^^^^^^^^^^^^^^^^^^^^^^^^^^^^^^^^^^^^^^^^^^
[rank0]:W0910 13:58:31.449000 2608030 torch/_dynamo/convert_frame.py:2147]   File "/usr/local/lib/python3.12/dist-packages/torch/_inductor/compile_fx.py", line 1485, in codegen_and_compile
[rank0]:W0910 13:58:31.449000 2608030 torch/_dynamo/convert_frame.py:2147]     graph.run(*example_inputs)
[rank0]:W0910 13:58:31.449000 2608030 torch/_dynamo/convert_frame.py:2147]   File "/usr/local/lib/python3.12/dist-packages/torch/_inductor/graph.py", line 1025, in run
[rank0]:W0910 13:58:31.449000 2608030 torch/_dynamo/convert_frame.py:2147]     return super().run(*args)
[rank0]:W0910 13:58:31.449000 2608030 torch/_dynamo/convert_frame.py:2147]            ^^^^^^^^^^^^^^^^^^
[rank0]:W0910 13:58:31.449000 2608030 torch/_dynamo/convert_frame.py:2147]   File "/usr/local/lib/python3.12/dist-packages/torch/fx/interpreter.py", line 200, in run
[rank0]:W0910 13:58:31.449000 2608030 torch/_dynamo/convert_frame.py:2147]     self.env[node] = self.run_node(node)
[rank0]:W0910 13:58:31.449000 2608030 torch/_dynamo/convert_frame.py:2147]                      ^^^^^^^^^^^^^^^^^^^
[rank0]:W0910 13:58:31.449000 2608030 torch/_dynamo/convert_frame.py:2147]   File "/usr/local/lib/python3.12/dist-packages/torch/_inductor/graph.py", line 1997, in run_node
[rank0]:W0910 13:58:31.449000 2608030 torch/_dynamo/convert_frame.py:2147]     self.register_users_of(result)
[rank0]:W0910 13:58:31.449000 2608030 torch/_dynamo/convert_frame.py:2147]   File "/usr/local/lib/python3.12/dist-packages/torch/_inductor/graph.py", line 1072, in register_users_of
[rank0]:W0910 13:58:31.449000 2608030 torch/_dynamo/convert_frame.py:2147]     register(node_output)
[rank0]:W0910 13:58:31.449000 2608030 torch/_dynamo/convert_frame.py:2147]   File "/usr/local/lib/python3.12/dist-packages/torch/_inductor/graph.py", line 1069, in register
[rank0]:W0910 13:58:31.449000 2608030 torch/_dynamo/convert_frame.py:2147]     for read_name in value.get_read_names():
[rank0]:W0910 13:58:31.449000 2608030 torch/_dynamo/convert_frame.py:2147]                      ^^^^^^^^^^^^^^^^^^^^^^
[rank0]:W0910 13:58:31.449000 2608030 torch/_dynamo/convert_frame.py:2147]   File "/usr/local/lib/python3.12/dist-packages/torch/_inductor/ir.py", line 8658, in get_read_names
[rank0]:W0910 13:58:31.449000 2608030 torch/_dynamo/convert_frame.py:2147]     return self.data.get_read_names()
[rank0]:W0910 13:58:31.449000 2608030 torch/_dynamo/convert_frame.py:2147]            ^^^^^^^^^^^^^^^^^^^^^^^^^^
[rank0]:W0910 13:58:31.449000 2608030 torch/_dynamo/convert_frame.py:2147]   File "/usr/local/lib/python3.12/dist-packages/torch/_inductor/ir.py", line 8658, in get_read_names
[rank0]:W0910 13:58:31.449000 2608030 torch/_dynamo/convert_frame.py:2147]     return self.data.get_read_names()
[rank0]:W0910 13:58:31.449000 2608030 torch/_dynamo/convert_frame.py:2147]            ^^^^^^^^^^^^^^^^^^^^^^^^^^
[rank0]:W0910 13:58:31.449000 2608030 torch/_dynamo/convert_frame.py:2147]   File "/usr/local/lib/python3.12/dist-packages/torch/_inductor/ir.py", line 4766, in get_read_names
[rank0]:W0910 13:58:31.449000 2608030 torch/_dynamo/convert_frame.py:2147]     return self.data.get_read_names()
[rank0]:W0910 13:58:31.449000 2608030 torch/_dynamo/convert_frame.py:2147]            ^^^^^^^^^^^^^^^^^^^^^^^^^^
[rank0]:W0910 13:58:31.449000 2608030 torch/_dynamo/convert_frame.py:2147]   File "/usr/local/lib/python3.12/dist-packages/torch/_inductor/ir.py", line 1042, in get_read_names
[rank0]:W0910 13:58:31.449000 2608030 torch/_dynamo/convert_frame.py:2147]     return OrderedSet(self.inner_fn_opcount().read_buffers)
[rank0]:W0910 13:58:31.449000 2608030 torch/_dynamo/convert_frame.py:2147]                       ^^^^^^^^^^^^^^^^^^^^^^^
[rank0]:W0910 13:58:31.449000 2608030 torch/_dynamo/convert_frame.py:2147]   File "<string>", line 6, in inner_fn_opcount_cache_on_self
[rank0]:W0910 13:58:31.449000 2608030 torch/_dynamo/convert_frame.py:2147]   File "/usr/local/lib/python3.12/dist-packages/torch/_inductor/ir.py", line 1005, in inner_fn_opcount
[rank0]:W0910 13:58:31.449000 2608030 torch/_dynamo/convert_frame.py:2147]     self.inner_fn(*self.inner_fn_args())
[rank0]:W0910 13:58:31.449000 2608030 torch/_dynamo/convert_frame.py:2147]   File "/usr/local/lib/python3.12/dist-packages/torch/_inductor/lowering.py", line 2735, in inner_fn
[rank0]:W0910 13:58:31.449000 2608030 torch/_dynamo/convert_frame.py:2147]     _boundaries_helper(boundaries),
[rank0]:W0910 13:58:31.449000 2608030 torch/_dynamo/convert_frame.py:2147]     ^^^^^^^^^^^^^^^^^^^^^^^^^^^^^^
[rank0]:W0910 13:58:31.449000 2608030 torch/_dynamo/convert_frame.py:2147]   File "/usr/local/lib/python3.12/dist-packages/torch/_inductor/lowering.py", line 2589, in _boundaries_helper
[rank0]:W0910 13:58:31.449000 2608030 torch/_dynamo/convert_frame.py:2147]     stride = tb.get_stride()
[rank0]:W0910 13:58:31.449000 2608030 torch/_dynamo/convert_frame.py:2147]              ^^^^^^^^^^^^^^^
[rank0]:W0910 13:58:31.449000 2608030 torch/_dynamo/convert_frame.py:2147]   File "/usr/local/lib/python3.12/dist-packages/torch/_inductor/ir.py", line 8573, in get_stride
[rank0]:W0910 13:58:31.449000 2608030 torch/_dynamo/convert_frame.py:2147]     return self.data.get_stride()
[rank0]:W0910 13:58:31.449000 2608030 torch/_dynamo/convert_frame.py:2147]            ^^^^^^^^^^^^^^^^^^^^^^
[rank0]:W0910 13:58:31.449000 2608030 torch/_dynamo/convert_frame.py:2147]   File "/usr/local/lib/python3.12/dist-packages/torch/_inductor/ir.py", line 758, in get_stride
[rank0]:W0910 13:58:31.449000 2608030 torch/_dynamo/convert_frame.py:2147]     raise NotImplementedError(type(self).__name__)
[rank0]:W0910 13:58:31.449000 2608030 torch/_dynamo/convert_frame.py:2147] torch._inductor.exc.InductorError: NotImplementedError: SliceView
[rank0]:W0910 13:58:31.449000 2608030 torch/_dynamo/convert_frame.py:2147] 
[rank0]:W0910 13:58:31.449000 2608030 torch/_dynamo/convert_frame.py:2147] Set TORCHDYNAMO_VERBOSE=1 for the internal stack trace (please do this especially if you're reporting a bug to PyTorch). For even more developer context, set TORCH_LOGS="+dynamo"
[rank0]:W0910 13:58:31.449000 2608030 torch/_dynamo/convert_frame.py:2147] 
[rank2]:W0910 13:58:32.105000 2608032 torch/_dynamo/convert_frame.py:2147] WON'T CONVERT _doc_blocks /work/aupai/model.py line 277 
[rank2]:W0910 13:58:32.105000 2608032 torch/_dynamo/convert_frame.py:2147] due to: 
[rank2]:W0910 13:58:32.105000 2608032 torch/_dynamo/convert_frame.py:2147] Traceback (most recent call last):
[rank2]:W0910 13:58:32.105000 2608032 torch/_dynamo/convert_frame.py:2147]   File "/usr/local/lib/python3.12/dist-packages/torch/_dynamo/convert_frame.py", line 2052, in __call__
[rank2]:W0910 13:58:32.105000 2608032 torch/_dynamo/convert_frame.py:2147]     result = self._inner_convert(
[rank2]:W0910 13:58:32.105000 2608032 torch/_dynamo/convert_frame.py:2147]              ^^^^^^^^^^^^^^^^^^^^
[rank2]:W0910 13:58:32.105000 2608032 torch/_dynamo/convert_frame.py:2147]   File "/usr/local/lib/python3.12/dist-packages/torch/_dynamo/convert_frame.py", line 729, in __call__
[rank2]:W0910 13:58:32.105000 2608032 torch/_dynamo/convert_frame.py:2147]     result = _compile(
[rank2]:W0910 13:58:32.105000 2608032 torch/_dynamo/convert_frame.py:2147]              ^^^^^^^^^
[rank2]:W0910 13:58:32.105000 2608032 torch/_dynamo/convert_frame.py:2147]   File "/usr/local/lib/python3.12/dist-packages/torch/_dynamo/convert_frame.py", line 1827, in _compile
[rank2]:W0910 13:58:32.105000 2608032 torch/_dynamo/convert_frame.py:2147]     guarded_code, tracer_output = compile_inner(code, one_graph, hooks)
[rank2]:W0910 13:58:32.105000 2608032 torch/_dynamo/convert_frame.py:2147]                                   ^^^^^^^^^^^^^^^^^^^^^^^^^^^^^^^^^^^^^
[rank2]:W0910 13:58:32.105000 2608032 torch/_dynamo/convert_frame.py:2147]   File "/usr/local/lib/python3.12/dist-packages/torch/_utils_internal.py", line 96, in wrapper_function
[rank2]:W0910 13:58:32.105000 2608032 torch/_dynamo/convert_frame.py:2147]     return function(*args, **kwargs)
[rank2]:W0910 13:58:32.105000 2608032 torch/_dynamo/convert_frame.py:2147]            ^^^^^^^^^^^^^^^^^^^^^^^^^
[rank2]:W0910 13:58:32.105000 2608032 torch/_dynamo/convert_frame.py:2147]   File "/usr/local/lib/python3.12/dist-packages/torch/_dynamo/convert_frame.py", line 1500, in compile_inner
[rank2]:W0910 13:58:32.105000 2608032 torch/_dynamo/convert_frame.py:2147]     return _compile_inner(code, one_graph, hooks)
[rank2]:W0910 13:58:32.105000 2608032 torch/_dynamo/convert_frame.py:2147]            ^^^^^^^^^^^^^^^^^^^^^^^^^^^^^^^^^^^^^^
[rank2]:W0910 13:58:32.105000 2608032 torch/_dynamo/convert_frame.py:2147]   File "/usr/local/lib/python3.12/dist-packages/torch/_dynamo/convert_frame.py", line 1534, in _compile_inner
[rank2]:W0910 13:58:32.105000 2608032 torch/_dynamo/convert_frame.py:2147]     dynamo_output = compile_frame(
[rank2]:W0910 13:58:32.105000 2608032 torch/_dynamo/convert_frame.py:2147]                     ^^^^^^^^^^^^^^
[rank2]:W0910 13:58:32.105000 2608032 torch/_dynamo/convert_frame.py:2147]   File "/usr/local/lib/python3.12/dist-packages/torch/_dynamo/convert_frame.py", line 1408, in compile_frame
[rank2]:W0910 13:58:32.105000 2608032 torch/_dynamo/convert_frame.py:2147]     bytecode, tracer_output = transform_code_object(code, transform)
[rank2]:W0910 13:58:32.105000 2608032 torch/_dynamo/convert_frame.py:2147]                               ^^^^^^^^^^^^^^^^^^^^^^^^^^^^^^^^^^^^^^
[rank2]:W0910 13:58:32.105000 2608032 torch/_dynamo/convert_frame.py:2147]   File "/usr/local/lib/python3.12/dist-packages/torch/_dynamo/bytecode_transformation.py", line 1608, in transform_code_object
[rank2]:W0910 13:58:32.105000 2608032 torch/_dynamo/convert_frame.py:2147]     tracer_output = transformations(instructions, code_options)
[rank2]:W0910 13:58:32.105000 2608032 torch/_dynamo/convert_frame.py:2147]                     ^^^^^^^^^^^^^^^^^^^^^^^^^^^^^^^^^^^^^^^^^^^
[rank2]:W0910 13:58:32.105000 2608032 torch/_dynamo/convert_frame.py:2147]   File "/usr/local/lib/python3.12/dist-packages/torch/_dynamo/convert_frame.py", line 1380, in transform
[rank2]:W0910 13:58:32.105000 2608032 torch/_dynamo/convert_frame.py:2147]     tracer_output = trace_frame(
[rank2]:W0910 13:58:32.105000 2608032 torch/_dynamo/convert_frame.py:2147]                     ^^^^^^^^^^^^
[rank2]:W0910 13:58:32.105000 2608032 torch/_dynamo/convert_frame.py:2147]   File "/usr/local/lib/python3.12/dist-packages/torch/_dynamo/convert_frame.py", line 341, in _fn
[rank2]:W0910 13:58:32.105000 2608032 torch/_dynamo/convert_frame.py:2147]     return fn(*args, **kwargs)
[rank2]:W0910 13:58:32.105000 2608032 torch/_dynamo/convert_frame.py:2147]            ^^^^^^^^^^^^^^^^^^^
[rank2]:W0910 13:58:32.105000 2608032 torch/_dynamo/convert_frame.py:2147]   File "/usr/local/lib/python3.12/dist-packages/torch/_dynamo/convert_frame.py", line 863, in trace_frame
[rank2]:W0910 13:58:32.105000 2608032 torch/_dynamo/convert_frame.py:2147]     run_tracer()
[rank2]:W0910 13:58:32.105000 2608032 torch/_dynamo/convert_frame.py:2147]   File "/usr/local/lib/python3.12/dist-packages/torch/_dynamo/convert_frame.py", line 844, in run_tracer
[rank2]:W0910 13:58:32.105000 2608032 torch/_dynamo/convert_frame.py:2147]     tracer.run()
[rank2]:W0910 13:58:32.105000 2608032 torch/_dynamo/convert_frame.py:2147]   File "/usr/local/lib/python3.12/dist-packages/torch/_dynamo/symbolic_convert.py", line 1794, in run
[rank2]:W0910 13:58:32.105000 2608032 torch/_dynamo/convert_frame.py:2147]     while self.step():
[rank2]:W0910 13:58:32.105000 2608032 torch/_dynamo/convert_frame.py:2147]           ^^^^^^^^^^^
[rank2]:W0910 13:58:32.105000 2608032 torch/_dynamo/convert_frame.py:2147]   File "/usr/local/lib/python3.12/dist-packages/torch/_dynamo/symbolic_convert.py", line 1459, in step
[rank2]:W0910 13:58:32.105000 2608032 torch/_dynamo/convert_frame.py:2147]     self.dispatch_table[inst.opcode](self, inst)
[rank2]:W0910 13:58:32.105000 2608032 torch/_dynamo/convert_frame.py:2147]   File "/usr/local/lib/python3.12/dist-packages/torch/_dynamo/symbolic_convert.py", line 999, in wrapper
[rank2]:W0910 13:58:32.105000 2608032 torch/_dynamo/convert_frame.py:2147]     return handle_graph_break(self, inst, speculation.reason)
[rank2]:W0910 13:58:32.105000 2608032 torch/_dynamo/convert_frame.py:2147]            ^^^^^^^^^^^^^^^^^^^^^^^^^^^^^^^^^^^^^^^^^^^^^^^^^^
[rank2]:W0910 13:58:32.105000 2608032 torch/_dynamo/convert_frame.py:2147]   File "/usr/local/lib/python3.12/dist-packages/torch/_dynamo/symbolic_convert.py", line 1062, in handle_graph_break
[rank2]:W0910 13:58:32.105000 2608032 torch/_dynamo/convert_frame.py:2147]     all_stack_locals_metadata = self.output.compile_subgraph(
[rank2]:W0910 13:58:32.105000 2608032 torch/_dynamo/convert_frame.py:2147]                                 ^^^^^^^^^^^^^^^^^^^^^^^^^^^^^
[rank2]:W0910 13:58:32.105000 2608032 torch/_dynamo/convert_frame.py:2147]   File "/usr/local/lib/python3.12/dist-packages/torch/_dynamo/output_graph.py", line 1889, in compile_subgraph
[rank2]:W0910 13:58:32.105000 2608032 torch/_dynamo/convert_frame.py:2147]     self.compile_and_call_fx_graph(tx, pass2.graph_output_vars(), root)
[rank2]:W0910 13:58:32.105000 2608032 torch/_dynamo/convert_frame.py:2147]   File "/usr/local/lib/python3.12/dist-packages/torch/_dynamo/output_graph.py", line 2460, in compile_and_call_fx_graph
[rank2]:W0910 13:58:32.105000 2608032 torch/_dynamo/convert_frame.py:2147]     compiled_fn = self.call_user_compiler(gm, self.example_inputs())
[rank2]:W0910 13:58:32.105000 2608032 torch/_dynamo/convert_frame.py:2147]                   ^^^^^^^^^^^^^^^^^^^^^^^^^^^^^^^^^^^^^^^^^^^^^^^^^^
[rank2]:W0910 13:58:32.105000 2608032 torch/_dynamo/convert_frame.py:2147]   File "/usr/local/lib/python3.12/dist-packages/torch/_dynamo/output_graph.py", line 2613, in call_user_compiler
[rank2]:W0910 13:58:32.105000 2608032 torch/_dynamo/convert_frame.py:2147]     return self._call_user_compiler(gm, example_inputs)
[rank2]:W0910 13:58:32.105000 2608032 torch/_dynamo/convert_frame.py:2147]            ^^^^^^^^^^^^^^^^^^^^^^^^^^^^^^^^^^^^^^^^^^^^
[rank2]:W0910 13:58:32.105000 2608032 torch/_dynamo/convert_frame.py:2147]   File "/usr/local/lib/python3.12/dist-packages/torch/_dynamo/output_graph.py", line 2664, in _call_user_compiler
[rank2]:W0910 13:58:32.105000 2608032 torch/_dynamo/convert_frame.py:2147]     compiled_fn = compiler_fn(gm, example_inputs)
[rank2]:W0910 13:58:32.105000 2608032 torch/_dynamo/convert_frame.py:2147]                   ^^^^^^^^^^^^^^^^^^^^^^^^^^^^^^^
[rank2]:W0910 13:58:32.105000 2608032 torch/_dynamo/convert_frame.py:2147]   File "/usr/local/lib/python3.12/dist-packages/torch/_dynamo/backends/distributed.py", line 569, in compile_fn
[rank2]:W0910 13:58:32.105000 2608032 torch/_dynamo/convert_frame.py:2147]     return self.backend_compile_fn(gm, example_inputs)
[rank2]:W0910 13:58:32.105000 2608032 torch/_dynamo/convert_frame.py:2147]            ^^^^^^^^^^^^^^^^^^^^^^^^^^^^^^^^^^^^^^^^^^^
[rank2]:W0910 13:58:32.105000 2608032 torch/_dynamo/convert_frame.py:2147]   File "/usr/local/lib/python3.12/dist-packages/torch/_dynamo/repro/after_dynamo.py", line 156, in __call__
[rank2]:W0910 13:58:32.105000 2608032 torch/_dynamo/convert_frame.py:2147]     compiled_gm = compiler_fn(gm, example_inputs)
[rank2]:W0910 13:58:32.105000 2608032 torch/_dynamo/convert_frame.py:2147]                   ^^^^^^^^^^^^^^^^^^^^^^^^^^^^^^^
[rank2]:W0910 13:58:32.105000 2608032 torch/_dynamo/convert_frame.py:2147]   File "/usr/local/lib/python3.12/dist-packages/torch/__init__.py", line 2461, in __call__
[rank2]:W0910 13:58:32.105000 2608032 torch/_dynamo/convert_frame.py:2147]     return compile_fx(model_, inputs_, config_patches=self.config)
[rank2]:W0910 13:58:32.105000 2608032 torch/_dynamo/convert_frame.py:2147]            ^^^^^^^^^^^^^^^^^^^^^^^^^^^^^^^^^^^^^^^^^^^^^^^^^^^^^^^
[rank2]:W0910 13:58:32.105000 2608032 torch/_dynamo/convert_frame.py:2147]   File "/usr/local/lib/python3.12/dist-packages/torch/_inductor/compile_fx.py", line 2578, in compile_fx
[rank2]:W0910 13:58:32.105000 2608032 torch/_dynamo/convert_frame.py:2147]     return _maybe_wrap_and_compile_fx_main(
[rank2]:W0910 13:58:32.105000 2608032 torch/_dynamo/convert_frame.py:2147]            ^^^^^^^^^^^^^^^^^^^^^^^^^^^^^^^^
[rank2]:W0910 13:58:32.105000 2608032 torch/_dynamo/convert_frame.py:2147]   File "/usr/local/lib/python3.12/dist-packages/torch/_inductor/compile_fx.py", line 2655, in _maybe_wrap_and_compile_fx_main
[rank2]:W0910 13:58:32.105000 2608032 torch/_dynamo/convert_frame.py:2147]     return _compile_fx_main(
[rank2]:W0910 13:58:32.105000 2608032 torch/_dynamo/convert_frame.py:2147]            ^^^^^^^^^^^^^^^^^
[rank2]:W0910 13:58:32.105000 2608032 torch/_dynamo/convert_frame.py:2147]   File "/usr/local/lib/python3.12/dist-packages/torch/_inductor/compile_fx.py", line 2864, in _compile_fx_main
[rank2]:W0910 13:58:32.105000 2608032 torch/_dynamo/convert_frame.py:2147]     raise e.remove_dynamo_frames() from None  # see TORCHDYNAMO_VERBOSE=1
[rank2]:W0910 13:58:32.105000 2608032 torch/_dynamo/convert_frame.py:2147]     ^^^^^^^^^^^^^^^^^^^^^^^^^^^^^^^^^^^^^^^^
[rank2]:W0910 13:58:32.105000 2608032 torch/_dynamo/convert_frame.py:2147]   File "/usr/local/lib/python3.12/dist-packages/torch/_inductor/compile_fx.py", line 1053, in _compile_fx_inner
[rank2]:W0910 13:58:32.105000 2608032 torch/_dynamo/convert_frame.py:2147]     raise InductorError(e, currentframe()).with_traceback(
[rank2]:W0910 13:58:32.105000 2608032 torch/_dynamo/convert_frame.py:2147]   File "/usr/local/lib/python3.12/dist-packages/torch/_inductor/compile_fx.py", line 1037, in _compile_fx_inner
[rank2]:W0910 13:58:32.105000 2608032 torch/_dynamo/convert_frame.py:2147]     mb_compiled_graph = fx_codegen_and_compile(
[rank2]:W0910 13:58:32.105000 2608032 torch/_dynamo/convert_frame.py:2147]                         ^^^^^^^^^^^^^^^^^^^^^^^
[rank2]:W0910 13:58:32.105000 2608032 torch/_dynamo/convert_frame.py:2147]   File "/usr/local/lib/python3.12/dist-packages/torch/_inductor/compile_fx.py", line 1798, in fx_codegen_and_compile
[rank2]:W0910 13:58:32.105000 2608032 torch/_dynamo/convert_frame.py:2147]     return scheme.codegen_and_compile(gm, example_inputs, inputs_to_check, graph_kwargs)
[rank2]:W0910 13:58:32.105000 2608032 torch/_dynamo/convert_frame.py:2147]            ^^^^^^^^^^^^^^^^^^^^^^^^^^^^^^^^^^^^^^^^^^^^^^^^^^^^^^^^^^^^^^^^^^^^^^^^^^^^^
[rank2]:W0910 13:58:32.105000 2608032 torch/_dynamo/convert_frame.py:2147]   File "/usr/local/lib/python3.12/dist-packages/torch/_inductor/compile_fx.py", line 1485, in codegen_and_compile
[rank2]:W0910 13:58:32.105000 2608032 torch/_dynamo/convert_frame.py:2147]     graph.run(*example_inputs)
[rank2]:W0910 13:58:32.105000 2608032 torch/_dynamo/convert_frame.py:2147]   File "/usr/local/lib/python3.12/dist-packages/torch/_inductor/graph.py", line 1025, in run
[rank2]:W0910 13:58:32.105000 2608032 torch/_dynamo/convert_frame.py:2147]     return super().run(*args)
[rank2]:W0910 13:58:32.105000 2608032 torch/_dynamo/convert_frame.py:2147]            ^^^^^^^^^^^^^^^^^^
[rank2]:W0910 13:58:32.105000 2608032 torch/_dynamo/convert_frame.py:2147]   File "/usr/local/lib/python3.12/dist-packages/torch/fx/interpreter.py", line 200, in run
[rank2]:W0910 13:58:32.105000 2608032 torch/_dynamo/convert_frame.py:2147]     self.env[node] = self.run_node(node)
[rank2]:W0910 13:58:32.105000 2608032 torch/_dynamo/convert_frame.py:2147]                      ^^^^^^^^^^^^^^^^^^^
[rank2]:W0910 13:58:32.105000 2608032 torch/_dynamo/convert_frame.py:2147]   File "/usr/local/lib/python3.12/dist-packages/torch/_inductor/graph.py", line 1997, in run_node
[rank2]:W0910 13:58:32.105000 2608032 torch/_dynamo/convert_frame.py:2147]     self.register_users_of(result)
[rank2]:W0910 13:58:32.105000 2608032 torch/_dynamo/convert_frame.py:2147]   File "/usr/local/lib/python3.12/dist-packages/torch/_inductor/graph.py", line 1072, in register_users_of
[rank2]:W0910 13:58:32.105000 2608032 torch/_dynamo/convert_frame.py:2147]     register(node_output)
[rank2]:W0910 13:58:32.105000 2608032 torch/_dynamo/convert_frame.py:2147]   File "/usr/local/lib/python3.12/dist-packages/torch/_inductor/graph.py", line 1069, in register
[rank2]:W0910 13:58:32.105000 2608032 torch/_dynamo/convert_frame.py:2147]     for read_name in value.get_read_names():
[rank2]:W0910 13:58:32.105000 2608032 torch/_dynamo/convert_frame.py:2147]                      ^^^^^^^^^^^^^^^^^^^^^^
[rank2]:W0910 13:58:32.105000 2608032 torch/_dynamo/convert_frame.py:2147]   File "/usr/local/lib/python3.12/dist-packages/torch/_inductor/ir.py", line 8658, in get_read_names
[rank2]:W0910 13:58:32.105000 2608032 torch/_dynamo/convert_frame.py:2147]     return self.data.get_read_names()
[rank2]:W0910 13:58:32.105000 2608032 torch/_dynamo/convert_frame.py:2147]            ^^^^^^^^^^^^^^^^^^^^^^^^^^
[rank2]:W0910 13:58:32.105000 2608032 torch/_dynamo/convert_frame.py:2147]   File "/usr/local/lib/python3.12/dist-packages/torch/_inductor/ir.py", line 8658, in get_read_names
[rank2]:W0910 13:58:32.105000 2608032 torch/_dynamo/convert_frame.py:2147]     return self.data.get_read_names()
[rank2]:W0910 13:58:32.105000 2608032 torch/_dynamo/convert_frame.py:2147]            ^^^^^^^^^^^^^^^^^^^^^^^^^^
[rank2]:W0910 13:58:32.105000 2608032 torch/_dynamo/convert_frame.py:2147]   File "/usr/local/lib/python3.12/dist-packages/torch/_inductor/ir.py", line 4766, in get_read_names
[rank2]:W0910 13:58:32.105000 2608032 torch/_dynamo/convert_frame.py:2147]     return self.data.get_read_names()
[rank2]:W0910 13:58:32.105000 2608032 torch/_dynamo/convert_frame.py:2147]            ^^^^^^^^^^^^^^^^^^^^^^^^^^
[rank2]:W0910 13:58:32.105000 2608032 torch/_dynamo/convert_frame.py:2147]   File "/usr/local/lib/python3.12/dist-packages/torch/_inductor/ir.py", line 1042, in get_read_names
[rank2]:W0910 13:58:32.105000 2608032 torch/_dynamo/convert_frame.py:2147]     return OrderedSet(self.inner_fn_opcount().read_buffers)
[rank2]:W0910 13:58:32.105000 2608032 torch/_dynamo/convert_frame.py:2147]                       ^^^^^^^^^^^^^^^^^^^^^^^
[rank2]:W0910 13:58:32.105000 2608032 torch/_dynamo/convert_frame.py:2147]   File "<string>", line 6, in inner_fn_opcount_cache_on_self
[rank2]:W0910 13:58:32.105000 2608032 torch/_dynamo/convert_frame.py:2147]   File "/usr/local/lib/python3.12/dist-packages/torch/_inductor/ir.py", line 1005, in inner_fn_opcount
[rank2]:W0910 13:58:32.105000 2608032 torch/_dynamo/convert_frame.py:2147]     self.inner_fn(*self.inner_fn_args())
[rank2]:W0910 13:58:32.105000 2608032 torch/_dynamo/convert_frame.py:2147]   File "/usr/local/lib/python3.12/dist-packages/torch/_inductor/lowering.py", line 2735, in inner_fn
[rank2]:W0910 13:58:32.105000 2608032 torch/_dynamo/convert_frame.py:2147]     _boundaries_helper(boundaries),
[rank2]:W0910 13:58:32.105000 2608032 torch/_dynamo/convert_frame.py:2147]     ^^^^^^^^^^^^^^^^^^^^^^^^^^^^^^
[rank2]:W0910 13:58:32.105000 2608032 torch/_dynamo/convert_frame.py:2147]   File "/usr/local/lib/python3.12/dist-packages/torch/_inductor/lowering.py", line 2589, in _boundaries_helper
[rank2]:W0910 13:58:32.105000 2608032 torch/_dynamo/convert_frame.py:2147]     stride = tb.get_stride()
[rank2]:W0910 13:58:32.105000 2608032 torch/_dynamo/convert_frame.py:2147]              ^^^^^^^^^^^^^^^
[rank2]:W0910 13:58:32.105000 2608032 torch/_dynamo/convert_frame.py:2147]   File "/usr/local/lib/python3.12/dist-packages/torch/_inductor/ir.py", line 8573, in get_stride
[rank2]:W0910 13:58:32.105000 2608032 torch/_dynamo/convert_frame.py:2147]     return self.data.get_stride()
[rank2]:W0910 13:58:32.105000 2608032 torch/_dynamo/convert_frame.py:2147]            ^^^^^^^^^^^^^^^^^^^^^^
[rank2]:W0910 13:58:32.105000 2608032 torch/_dynamo/convert_frame.py:2147]   File "/usr/local/lib/python3.12/dist-packages/torch/_inductor/ir.py", line 758, in get_stride
[rank2]:W0910 13:58:32.105000 2608032 torch/_dynamo/convert_frame.py:2147]     raise NotImplementedError(type(self).__name__)
[rank2]:W0910 13:58:32.105000 2608032 torch/_dynamo/convert_frame.py:2147] torch._inductor.exc.InductorError: NotImplementedError: SliceView
[rank2]:W0910 13:58:32.105000 2608032 torch/_dynamo/convert_frame.py:2147] 
[rank2]:W0910 13:58:32.105000 2608032 torch/_dynamo/convert_frame.py:2147] Set TORCHDYNAMO_VERBOSE=1 for the internal stack trace (please do this especially if you're reporting a bug to PyTorch). For even more developer context, set TORCH_LOGS="+dynamo"
[rank2]:W0910 13:58:32.105000 2608032 torch/_dynamo/convert_frame.py:2147] 
[rank2]:W0910 13:58:32.105000 2608032 torch/_dynamo/convert_frame.py:2147] Traceback (most recent call last):
[rank2]:W0910 13:58:32.105000 2608032 torch/_dynamo/convert_frame.py:2147]   File "/usr/local/lib/python3.12/dist-packages/torch/_dynamo/convert_frame.py", line 2052, in __call__
[rank2]:W0910 13:58:32.105000 2608032 torch/_dynamo/convert_frame.py:2147]     result = self._inner_convert(
[rank2]:W0910 13:58:32.105000 2608032 torch/_dynamo/convert_frame.py:2147]              ^^^^^^^^^^^^^^^^^^^^
[rank2]:W0910 13:58:32.105000 2608032 torch/_dynamo/convert_frame.py:2147]   File "/usr/local/lib/python3.12/dist-packages/torch/_dynamo/convert_frame.py", line 729, in __call__
[rank2]:W0910 13:58:32.105000 2608032 torch/_dynamo/convert_frame.py:2147]     result = _compile(
[rank2]:W0910 13:58:32.105000 2608032 torch/_dynamo/convert_frame.py:2147]              ^^^^^^^^^
[rank2]:W0910 13:58:32.105000 2608032 torch/_dynamo/convert_frame.py:2147]   File "/usr/local/lib/python3.12/dist-packages/torch/_dynamo/convert_frame.py", line 1827, in _compile
[rank2]:W0910 13:58:32.105000 2608032 torch/_dynamo/convert_frame.py:2147]     guarded_code, tracer_output = compile_inner(code, one_graph, hooks)
[rank2]:W0910 13:58:32.105000 2608032 torch/_dynamo/convert_frame.py:2147]                                   ^^^^^^^^^^^^^^^^^^^^^^^^^^^^^^^^^^^^^
[rank2]:W0910 13:58:32.105000 2608032 torch/_dynamo/convert_frame.py:2147]   File "/usr/local/lib/python3.12/dist-packages/torch/_utils_internal.py", line 96, in wrapper_function
[rank2]:W0910 13:58:32.105000 2608032 torch/_dynamo/convert_frame.py:2147]     return function(*args, **kwargs)
[rank2]:W0910 13:58:32.105000 2608032 torch/_dynamo/convert_frame.py:2147]            ^^^^^^^^^^^^^^^^^^^^^^^^^
[rank2]:W0910 13:58:32.105000 2608032 torch/_dynamo/convert_frame.py:2147]   File "/usr/local/lib/python3.12/dist-packages/torch/_dynamo/convert_frame.py", line 1500, in compile_inner
[rank2]:W0910 13:58:32.105000 2608032 torch/_dynamo/convert_frame.py:2147]     return _compile_inner(code, one_graph, hooks)
[rank2]:W0910 13:58:32.105000 2608032 torch/_dynamo/convert_frame.py:2147]            ^^^^^^^^^^^^^^^^^^^^^^^^^^^^^^^^^^^^^^
[rank2]:W0910 13:58:32.105000 2608032 torch/_dynamo/convert_frame.py:2147]   File "/usr/local/lib/python3.12/dist-packages/torch/_dynamo/convert_frame.py", line 1534, in _compile_inner
[rank2]:W0910 13:58:32.105000 2608032 torch/_dynamo/convert_frame.py:2147]     dynamo_output = compile_frame(
[rank2]:W0910 13:58:32.105000 2608032 torch/_dynamo/convert_frame.py:2147]                     ^^^^^^^^^^^^^^
[rank2]:W0910 13:58:32.105000 2608032 torch/_dynamo/convert_frame.py:2147]   File "/usr/local/lib/python3.12/dist-packages/torch/_dynamo/convert_frame.py", line 1408, in compile_frame
[rank2]:W0910 13:58:32.105000 2608032 torch/_dynamo/convert_frame.py:2147]     bytecode, tracer_output = transform_code_object(code, transform)
[rank2]:W0910 13:58:32.105000 2608032 torch/_dynamo/convert_frame.py:2147]                               ^^^^^^^^^^^^^^^^^^^^^^^^^^^^^^^^^^^^^^
[rank2]:W0910 13:58:32.105000 2608032 torch/_dynamo/convert_frame.py:2147]   File "/usr/local/lib/python3.12/dist-packages/torch/_dynamo/bytecode_transformation.py", line 1608, in transform_code_object
[rank2]:W0910 13:58:32.105000 2608032 torch/_dynamo/convert_frame.py:2147]     tracer_output = transformations(instructions, code_options)
[rank2]:W0910 13:58:32.105000 2608032 torch/_dynamo/convert_frame.py:2147]                     ^^^^^^^^^^^^^^^^^^^^^^^^^^^^^^^^^^^^^^^^^^^
[rank2]:W0910 13:58:32.105000 2608032 torch/_dynamo/convert_frame.py:2147]   File "/usr/local/lib/python3.12/dist-packages/torch/_dynamo/convert_frame.py", line 1380, in transform
[rank2]:W0910 13:58:32.105000 2608032 torch/_dynamo/convert_frame.py:2147]     tracer_output = trace_frame(
[rank2]:W0910 13:58:32.105000 2608032 torch/_dynamo/convert_frame.py:2147]                     ^^^^^^^^^^^^
[rank2]:W0910 13:58:32.105000 2608032 torch/_dynamo/convert_frame.py:2147]   File "/usr/local/lib/python3.12/dist-packages/torch/_dynamo/convert_frame.py", line 341, in _fn
[rank2]:W0910 13:58:32.105000 2608032 torch/_dynamo/convert_frame.py:2147]     return fn(*args, **kwargs)
[rank2]:W0910 13:58:32.105000 2608032 torch/_dynamo/convert_frame.py:2147]            ^^^^^^^^^^^^^^^^^^^
[rank2]:W0910 13:58:32.105000 2608032 torch/_dynamo/convert_frame.py:2147]   File "/usr/local/lib/python3.12/dist-packages/torch/_dynamo/convert_frame.py", line 863, in trace_frame
[rank2]:W0910 13:58:32.105000 2608032 torch/_dynamo/convert_frame.py:2147]     run_tracer()
[rank2]:W0910 13:58:32.105000 2608032 torch/_dynamo/convert_frame.py:2147]   File "/usr/local/lib/python3.12/dist-packages/torch/_dynamo/convert_frame.py", line 844, in run_tracer
[rank2]:W0910 13:58:32.105000 2608032 torch/_dynamo/convert_frame.py:2147]     tracer.run()
[rank2]:W0910 13:58:32.105000 2608032 torch/_dynamo/convert_frame.py:2147]   File "/usr/local/lib/python3.12/dist-packages/torch/_dynamo/symbolic_convert.py", line 1794, in run
[rank2]:W0910 13:58:32.105000 2608032 torch/_dynamo/convert_frame.py:2147]     while self.step():
[rank2]:W0910 13:58:32.105000 2608032 torch/_dynamo/convert_frame.py:2147]           ^^^^^^^^^^^
[rank2]:W0910 13:58:32.105000 2608032 torch/_dynamo/convert_frame.py:2147]   File "/usr/local/lib/python3.12/dist-packages/torch/_dynamo/symbolic_convert.py", line 1459, in step
[rank2]:W0910 13:58:32.105000 2608032 torch/_dynamo/convert_frame.py:2147]     self.dispatch_table[inst.opcode](self, inst)
[rank2]:W0910 13:58:32.105000 2608032 torch/_dynamo/convert_frame.py:2147]   File "/usr/local/lib/python3.12/dist-packages/torch/_dynamo/symbolic_convert.py", line 999, in wrapper
[rank2]:W0910 13:58:32.105000 2608032 torch/_dynamo/convert_frame.py:2147]     return handle_graph_break(self, inst, speculation.reason)
[rank2]:W0910 13:58:32.105000 2608032 torch/_dynamo/convert_frame.py:2147]            ^^^^^^^^^^^^^^^^^^^^^^^^^^^^^^^^^^^^^^^^^^^^^^^^^^
[rank2]:W0910 13:58:32.105000 2608032 torch/_dynamo/convert_frame.py:2147]   File "/usr/local/lib/python3.12/dist-packages/torch/_dynamo/symbolic_convert.py", line 1062, in handle_graph_break
[rank2]:W0910 13:58:32.105000 2608032 torch/_dynamo/convert_frame.py:2147]     all_stack_locals_metadata = self.output.compile_subgraph(
[rank2]:W0910 13:58:32.105000 2608032 torch/_dynamo/convert_frame.py:2147]                                 ^^^^^^^^^^^^^^^^^^^^^^^^^^^^^
[rank2]:W0910 13:58:32.105000 2608032 torch/_dynamo/convert_frame.py:2147]   File "/usr/local/lib/python3.12/dist-packages/torch/_dynamo/output_graph.py", line 1889, in compile_subgraph
[rank2]:W0910 13:58:32.105000 2608032 torch/_dynamo/convert_frame.py:2147]     self.compile_and_call_fx_graph(tx, pass2.graph_output_vars(), root)
[rank2]:W0910 13:58:32.105000 2608032 torch/_dynamo/convert_frame.py:2147]   File "/usr/local/lib/python3.12/dist-packages/torch/_dynamo/output_graph.py", line 2460, in compile_and_call_fx_graph
[rank2]:W0910 13:58:32.105000 2608032 torch/_dynamo/convert_frame.py:2147]     compiled_fn = self.call_user_compiler(gm, self.example_inputs())
[rank2]:W0910 13:58:32.105000 2608032 torch/_dynamo/convert_frame.py:2147]                   ^^^^^^^^^^^^^^^^^^^^^^^^^^^^^^^^^^^^^^^^^^^^^^^^^^
[rank2]:W0910 13:58:32.105000 2608032 torch/_dynamo/convert_frame.py:2147]   File "/usr/local/lib/python3.12/dist-packages/torch/_dynamo/output_graph.py", line 2613, in call_user_compiler
[rank2]:W0910 13:58:32.105000 2608032 torch/_dynamo/convert_frame.py:2147]     return self._call_user_compiler(gm, example_inputs)
[rank2]:W0910 13:58:32.105000 2608032 torch/_dynamo/convert_frame.py:2147]            ^^^^^^^^^^^^^^^^^^^^^^^^^^^^^^^^^^^^^^^^^^^^
[rank2]:W0910 13:58:32.105000 2608032 torch/_dynamo/convert_frame.py:2147]   File "/usr/local/lib/python3.12/dist-packages/torch/_dynamo/output_graph.py", line 2664, in _call_user_compiler
[rank2]:W0910 13:58:32.105000 2608032 torch/_dynamo/convert_frame.py:2147]     compiled_fn = compiler_fn(gm, example_inputs)
[rank2]:W0910 13:58:32.105000 2608032 torch/_dynamo/convert_frame.py:2147]                   ^^^^^^^^^^^^^^^^^^^^^^^^^^^^^^^
[rank2]:W0910 13:58:32.105000 2608032 torch/_dynamo/convert_frame.py:2147]   File "/usr/local/lib/python3.12/dist-packages/torch/_dynamo/backends/distributed.py", line 569, in compile_fn
[rank2]:W0910 13:58:32.105000 2608032 torch/_dynamo/convert_frame.py:2147]     return self.backend_compile_fn(gm, example_inputs)
[rank2]:W0910 13:58:32.105000 2608032 torch/_dynamo/convert_frame.py:2147]            ^^^^^^^^^^^^^^^^^^^^^^^^^^^^^^^^^^^^^^^^^^^
[rank2]:W0910 13:58:32.105000 2608032 torch/_dynamo/convert_frame.py:2147]   File "/usr/local/lib/python3.12/dist-packages/torch/_dynamo/repro/after_dynamo.py", line 156, in __call__
[rank2]:W0910 13:58:32.105000 2608032 torch/_dynamo/convert_frame.py:2147]     compiled_gm = compiler_fn(gm, example_inputs)
[rank2]:W0910 13:58:32.105000 2608032 torch/_dynamo/convert_frame.py:2147]                   ^^^^^^^^^^^^^^^^^^^^^^^^^^^^^^^
[rank2]:W0910 13:58:32.105000 2608032 torch/_dynamo/convert_frame.py:2147]   File "/usr/local/lib/python3.12/dist-packages/torch/__init__.py", line 2461, in __call__
[rank2]:W0910 13:58:32.105000 2608032 torch/_dynamo/convert_frame.py:2147]     return compile_fx(model_, inputs_, config_patches=self.config)
[rank2]:W0910 13:58:32.105000 2608032 torch/_dynamo/convert_frame.py:2147]            ^^^^^^^^^^^^^^^^^^^^^^^^^^^^^^^^^^^^^^^^^^^^^^^^^^^^^^^
[rank2]:W0910 13:58:32.105000 2608032 torch/_dynamo/convert_frame.py:2147]   File "/usr/local/lib/python3.12/dist-packages/torch/_inductor/compile_fx.py", line 2578, in compile_fx
[rank2]:W0910 13:58:32.105000 2608032 torch/_dynamo/convert_frame.py:2147]     return _maybe_wrap_and_compile_fx_main(
[rank2]:W0910 13:58:32.105000 2608032 torch/_dynamo/convert_frame.py:2147]            ^^^^^^^^^^^^^^^^^^^^^^^^^^^^^^^^
[rank2]:W0910 13:58:32.105000 2608032 torch/_dynamo/convert_frame.py:2147]   File "/usr/local/lib/python3.12/dist-packages/torch/_inductor/compile_fx.py", line 2655, in _maybe_wrap_and_compile_fx_main
[rank2]:W0910 13:58:32.105000 2608032 torch/_dynamo/convert_frame.py:2147]     return _compile_fx_main(
[rank2]:W0910 13:58:32.105000 2608032 torch/_dynamo/convert_frame.py:2147]            ^^^^^^^^^^^^^^^^^
[rank2]:W0910 13:58:32.105000 2608032 torch/_dynamo/convert_frame.py:2147]   File "/usr/local/lib/python3.12/dist-packages/torch/_inductor/compile_fx.py", line 2864, in _compile_fx_main
[rank2]:W0910 13:58:32.105000 2608032 torch/_dynamo/convert_frame.py:2147]     raise e.remove_dynamo_frames() from None  # see TORCHDYNAMO_VERBOSE=1
[rank2]:W0910 13:58:32.105000 2608032 torch/_dynamo/convert_frame.py:2147]     ^^^^^^^^^^^^^^^^^^^^^^^^^^^^^^^^^^^^^^^^
[rank2]:W0910 13:58:32.105000 2608032 torch/_dynamo/convert_frame.py:2147]   File "/usr/local/lib/python3.12/dist-packages/torch/_inductor/compile_fx.py", line 1053, in _compile_fx_inner
[rank2]:W0910 13:58:32.105000 2608032 torch/_dynamo/convert_frame.py:2147]     raise InductorError(e, currentframe()).with_traceback(
[rank2]:W0910 13:58:32.105000 2608032 torch/_dynamo/convert_frame.py:2147]   File "/usr/local/lib/python3.12/dist-packages/torch/_inductor/compile_fx.py", line 1037, in _compile_fx_inner
[rank2]:W0910 13:58:32.105000 2608032 torch/_dynamo/convert_frame.py:2147]     mb_compiled_graph = fx_codegen_and_compile(
[rank2]:W0910 13:58:32.105000 2608032 torch/_dynamo/convert_frame.py:2147]                         ^^^^^^^^^^^^^^^^^^^^^^^
[rank2]:W0910 13:58:32.105000 2608032 torch/_dynamo/convert_frame.py:2147]   File "/usr/local/lib/python3.12/dist-packages/torch/_inductor/compile_fx.py", line 1798, in fx_codegen_and_compile
[rank2]:W0910 13:58:32.105000 2608032 torch/_dynamo/convert_frame.py:2147]     return scheme.codegen_and_compile(gm, example_inputs, inputs_to_check, graph_kwargs)
[rank2]:W0910 13:58:32.105000 2608032 torch/_dynamo/convert_frame.py:2147]            ^^^^^^^^^^^^^^^^^^^^^^^^^^^^^^^^^^^^^^^^^^^^^^^^^^^^^^^^^^^^^^^^^^^^^^^^^^^^^
[rank2]:W0910 13:58:32.105000 2608032 torch/_dynamo/convert_frame.py:2147]   File "/usr/local/lib/python3.12/dist-packages/torch/_inductor/compile_fx.py", line 1485, in codegen_and_compile
[rank2]:W0910 13:58:32.105000 2608032 torch/_dynamo/convert_frame.py:2147]     graph.run(*example_inputs)
[rank2]:W0910 13:58:32.105000 2608032 torch/_dynamo/convert_frame.py:2147]   File "/usr/local/lib/python3.12/dist-packages/torch/_inductor/graph.py", line 1025, in run
[rank2]:W0910 13:58:32.105000 2608032 torch/_dynamo/convert_frame.py:2147]     return super().run(*args)
[rank2]:W0910 13:58:32.105000 2608032 torch/_dynamo/convert_frame.py:2147]            ^^^^^^^^^^^^^^^^^^
[rank2]:W0910 13:58:32.105000 2608032 torch/_dynamo/convert_frame.py:2147]   File "/usr/local/lib/python3.12/dist-packages/torch/fx/interpreter.py", line 200, in run
[rank2]:W0910 13:58:32.105000 2608032 torch/_dynamo/convert_frame.py:2147]     self.env[node] = self.run_node(node)
[rank2]:W0910 13:58:32.105000 2608032 torch/_dynamo/convert_frame.py:2147]                      ^^^^^^^^^^^^^^^^^^^
[rank2]:W0910 13:58:32.105000 2608032 torch/_dynamo/convert_frame.py:2147]   File "/usr/local/lib/python3.12/dist-packages/torch/_inductor/graph.py", line 1997, in run_node
[rank2]:W0910 13:58:32.105000 2608032 torch/_dynamo/convert_frame.py:2147]     self.register_users_of(result)
[rank2]:W0910 13:58:32.105000 2608032 torch/_dynamo/convert_frame.py:2147]   File "/usr/local/lib/python3.12/dist-packages/torch/_inductor/graph.py", line 1072, in register_users_of
[rank2]:W0910 13:58:32.105000 2608032 torch/_dynamo/convert_frame.py:2147]     register(node_output)
[rank2]:W0910 13:58:32.105000 2608032 torch/_dynamo/convert_frame.py:2147]   File "/usr/local/lib/python3.12/dist-packages/torch/_inductor/graph.py", line 1069, in register
[rank2]:W0910 13:58:32.105000 2608032 torch/_dynamo/convert_frame.py:2147]     for read_name in value.get_read_names():
[rank2]:W0910 13:58:32.105000 2608032 torch/_dynamo/convert_frame.py:2147]                      ^^^^^^^^^^^^^^^^^^^^^^
[rank2]:W0910 13:58:32.105000 2608032 torch/_dynamo/convert_frame.py:2147]   File "/usr/local/lib/python3.12/dist-packages/torch/_inductor/ir.py", line 8658, in get_read_names
[rank2]:W0910 13:58:32.105000 2608032 torch/_dynamo/convert_frame.py:2147]     return self.data.get_read_names()
[rank2]:W0910 13:58:32.105000 2608032 torch/_dynamo/convert_frame.py:2147]            ^^^^^^^^^^^^^^^^^^^^^^^^^^
[rank2]:W0910 13:58:32.105000 2608032 torch/_dynamo/convert_frame.py:2147]   File "/usr/local/lib/python3.12/dist-packages/torch/_inductor/ir.py", line 8658, in get_read_names
[rank2]:W0910 13:58:32.105000 2608032 torch/_dynamo/convert_frame.py:2147]     return self.data.get_read_names()
[rank2]:W0910 13:58:32.105000 2608032 torch/_dynamo/convert_frame.py:2147]            ^^^^^^^^^^^^^^^^^^^^^^^^^^
[rank2]:W0910 13:58:32.105000 2608032 torch/_dynamo/convert_frame.py:2147]   File "/usr/local/lib/python3.12/dist-packages/torch/_inductor/ir.py", line 4766, in get_read_names
[rank2]:W0910 13:58:32.105000 2608032 torch/_dynamo/convert_frame.py:2147]     return self.data.get_read_names()
[rank2]:W0910 13:58:32.105000 2608032 torch/_dynamo/convert_frame.py:2147]            ^^^^^^^^^^^^^^^^^^^^^^^^^^
[rank2]:W0910 13:58:32.105000 2608032 torch/_dynamo/convert_frame.py:2147]   File "/usr/local/lib/python3.12/dist-packages/torch/_inductor/ir.py", line 1042, in get_read_names
[rank2]:W0910 13:58:32.105000 2608032 torch/_dynamo/convert_frame.py:2147]     return OrderedSet(self.inner_fn_opcount().read_buffers)
[rank2]:W0910 13:58:32.105000 2608032 torch/_dynamo/convert_frame.py:2147]                       ^^^^^^^^^^^^^^^^^^^^^^^
[rank2]:W0910 13:58:32.105000 2608032 torch/_dynamo/convert_frame.py:2147]   File "<string>", line 6, in inner_fn_opcount_cache_on_self
[rank2]:W0910 13:58:32.105000 2608032 torch/_dynamo/convert_frame.py:2147]   File "/usr/local/lib/python3.12/dist-packages/torch/_inductor/ir.py", line 1005, in inner_fn_opcount
[rank2]:W0910 13:58:32.105000 2608032 torch/_dynamo/convert_frame.py:2147]     self.inner_fn(*self.inner_fn_args())
[rank2]:W0910 13:58:32.105000 2608032 torch/_dynamo/convert_frame.py:2147]   File "/usr/local/lib/python3.12/dist-packages/torch/_inductor/lowering.py", line 2735, in inner_fn
[rank2]:W0910 13:58:32.105000 2608032 torch/_dynamo/convert_frame.py:2147]     _boundaries_helper(boundaries),
[rank2]:W0910 13:58:32.105000 2608032 torch/_dynamo/convert_frame.py:2147]     ^^^^^^^^^^^^^^^^^^^^^^^^^^^^^^
[rank2]:W0910 13:58:32.105000 2608032 torch/_dynamo/convert_frame.py:2147]   File "/usr/local/lib/python3.12/dist-packages/torch/_inductor/lowering.py", line 2589, in _boundaries_helper
[rank2]:W0910 13:58:32.105000 2608032 torch/_dynamo/convert_frame.py:2147]     stride = tb.get_stride()
[rank2]:W0910 13:58:32.105000 2608032 torch/_dynamo/convert_frame.py:2147]              ^^^^^^^^^^^^^^^
[rank2]:W0910 13:58:32.105000 2608032 torch/_dynamo/convert_frame.py:2147]   File "/usr/local/lib/python3.12/dist-packages/torch/_inductor/ir.py", line 8573, in get_stride
[rank2]:W0910 13:58:32.105000 2608032 torch/_dynamo/convert_frame.py:2147]     return self.data.get_stride()
[rank2]:W0910 13:58:32.105000 2608032 torch/_dynamo/convert_frame.py:2147]            ^^^^^^^^^^^^^^^^^^^^^^
[rank2]:W0910 13:58:32.105000 2608032 torch/_dynamo/convert_frame.py:2147]   File "/usr/local/lib/python3.12/dist-packages/torch/_inductor/ir.py", line 758, in get_stride
[rank2]:W0910 13:58:32.105000 2608032 torch/_dynamo/convert_frame.py:2147]     raise NotImplementedError(type(self).__name__)
[rank2]:W0910 13:58:32.105000 2608032 torch/_dynamo/convert_frame.py:2147] torch._inductor.exc.InductorError: NotImplementedError: SliceView
[rank2]:W0910 13:58:32.105000 2608032 torch/_dynamo/convert_frame.py:2147] 
[rank2]:W0910 13:58:32.105000 2608032 torch/_dynamo/convert_frame.py:2147] Set TORCHDYNAMO_VERBOSE=1 for the internal stack trace (please do this especially if you're reporting a bug to PyTorch). For even more developer context, set TORCH_LOGS="+dynamo"
[rank2]:W0910 13:58:32.105000 2608032 torch/_dynamo/convert_frame.py:2147] 
[rank1]:W0910 13:58:32.168000 2608031 torch/_dynamo/convert_frame.py:2147] WON'T CONVERT _doc_blocks /work/aupai/model.py line 277 
[rank1]:W0910 13:58:32.168000 2608031 torch/_dynamo/convert_frame.py:2147] due to: 
[rank1]:W0910 13:58:32.168000 2608031 torch/_dynamo/convert_frame.py:2147] Traceback (most recent call last):
[rank1]:W0910 13:58:32.168000 2608031 torch/_dynamo/convert_frame.py:2147]   File "/usr/local/lib/python3.12/dist-packages/torch/_dynamo/convert_frame.py", line 2052, in __call__
[rank1]:W0910 13:58:32.168000 2608031 torch/_dynamo/convert_frame.py:2147]     result = self._inner_convert(
[rank1]:W0910 13:58:32.168000 2608031 torch/_dynamo/convert_frame.py:2147]              ^^^^^^^^^^^^^^^^^^^^
[rank1]:W0910 13:58:32.168000 2608031 torch/_dynamo/convert_frame.py:2147]   File "/usr/local/lib/python3.12/dist-packages/torch/_dynamo/convert_frame.py", line 729, in __call__
[rank1]:W0910 13:58:32.168000 2608031 torch/_dynamo/convert_frame.py:2147]     result = _compile(
[rank1]:W0910 13:58:32.168000 2608031 torch/_dynamo/convert_frame.py:2147]              ^^^^^^^^^
[rank1]:W0910 13:58:32.168000 2608031 torch/_dynamo/convert_frame.py:2147]   File "/usr/local/lib/python3.12/dist-packages/torch/_dynamo/convert_frame.py", line 1827, in _compile
[rank1]:W0910 13:58:32.168000 2608031 torch/_dynamo/convert_frame.py:2147]     guarded_code, tracer_output = compile_inner(code, one_graph, hooks)
[rank1]:W0910 13:58:32.168000 2608031 torch/_dynamo/convert_frame.py:2147]                                   ^^^^^^^^^^^^^^^^^^^^^^^^^^^^^^^^^^^^^
[rank1]:W0910 13:58:32.168000 2608031 torch/_dynamo/convert_frame.py:2147]   File "/usr/local/lib/python3.12/dist-packages/torch/_utils_internal.py", line 96, in wrapper_function
[rank1]:W0910 13:58:32.168000 2608031 torch/_dynamo/convert_frame.py:2147]     return function(*args, **kwargs)
[rank1]:W0910 13:58:32.168000 2608031 torch/_dynamo/convert_frame.py:2147]            ^^^^^^^^^^^^^^^^^^^^^^^^^
[rank1]:W0910 13:58:32.168000 2608031 torch/_dynamo/convert_frame.py:2147]   File "/usr/local/lib/python3.12/dist-packages/torch/_dynamo/convert_frame.py", line 1500, in compile_inner
[rank1]:W0910 13:58:32.168000 2608031 torch/_dynamo/convert_frame.py:2147]     return _compile_inner(code, one_graph, hooks)
[rank1]:W0910 13:58:32.168000 2608031 torch/_dynamo/convert_frame.py:2147]            ^^^^^^^^^^^^^^^^^^^^^^^^^^^^^^^^^^^^^^
[rank1]:W0910 13:58:32.168000 2608031 torch/_dynamo/convert_frame.py:2147]   File "/usr/local/lib/python3.12/dist-packages/torch/_dynamo/convert_frame.py", line 1534, in _compile_inner
[rank1]:W0910 13:58:32.168000 2608031 torch/_dynamo/convert_frame.py:2147]     dynamo_output = compile_frame(
[rank1]:W0910 13:58:32.168000 2608031 torch/_dynamo/convert_frame.py:2147]                     ^^^^^^^^^^^^^^
[rank1]:W0910 13:58:32.168000 2608031 torch/_dynamo/convert_frame.py:2147]   File "/usr/local/lib/python3.12/dist-packages/torch/_dynamo/convert_frame.py", line 1408, in compile_frame
[rank1]:W0910 13:58:32.168000 2608031 torch/_dynamo/convert_frame.py:2147]     bytecode, tracer_output = transform_code_object(code, transform)
[rank1]:W0910 13:58:32.168000 2608031 torch/_dynamo/convert_frame.py:2147]                               ^^^^^^^^^^^^^^^^^^^^^^^^^^^^^^^^^^^^^^
[rank1]:W0910 13:58:32.168000 2608031 torch/_dynamo/convert_frame.py:2147]   File "/usr/local/lib/python3.12/dist-packages/torch/_dynamo/bytecode_transformation.py", line 1608, in transform_code_object
[rank1]:W0910 13:58:32.168000 2608031 torch/_dynamo/convert_frame.py:2147]     tracer_output = transformations(instructions, code_options)
[rank1]:W0910 13:58:32.168000 2608031 torch/_dynamo/convert_frame.py:2147]                     ^^^^^^^^^^^^^^^^^^^^^^^^^^^^^^^^^^^^^^^^^^^
[rank1]:W0910 13:58:32.168000 2608031 torch/_dynamo/convert_frame.py:2147]   File "/usr/local/lib/python3.12/dist-packages/torch/_dynamo/convert_frame.py", line 1380, in transform
[rank1]:W0910 13:58:32.168000 2608031 torch/_dynamo/convert_frame.py:2147]     tracer_output = trace_frame(
[rank1]:W0910 13:58:32.168000 2608031 torch/_dynamo/convert_frame.py:2147]                     ^^^^^^^^^^^^
[rank1]:W0910 13:58:32.168000 2608031 torch/_dynamo/convert_frame.py:2147]   File "/usr/local/lib/python3.12/dist-packages/torch/_dynamo/convert_frame.py", line 341, in _fn
[rank1]:W0910 13:58:32.168000 2608031 torch/_dynamo/convert_frame.py:2147]     return fn(*args, **kwargs)
[rank1]:W0910 13:58:32.168000 2608031 torch/_dynamo/convert_frame.py:2147]            ^^^^^^^^^^^^^^^^^^^
[rank1]:W0910 13:58:32.168000 2608031 torch/_dynamo/convert_frame.py:2147]   File "/usr/local/lib/python3.12/dist-packages/torch/_dynamo/convert_frame.py", line 863, in trace_frame
[rank1]:W0910 13:58:32.168000 2608031 torch/_dynamo/convert_frame.py:2147]     run_tracer()
[rank1]:W0910 13:58:32.168000 2608031 torch/_dynamo/convert_frame.py:2147]   File "/usr/local/lib/python3.12/dist-packages/torch/_dynamo/convert_frame.py", line 844, in run_tracer
[rank1]:W0910 13:58:32.168000 2608031 torch/_dynamo/convert_frame.py:2147]     tracer.run()
[rank1]:W0910 13:58:32.168000 2608031 torch/_dynamo/convert_frame.py:2147]   File "/usr/local/lib/python3.12/dist-packages/torch/_dynamo/symbolic_convert.py", line 1794, in run
[rank1]:W0910 13:58:32.168000 2608031 torch/_dynamo/convert_frame.py:2147]     while self.step():
[rank1]:W0910 13:58:32.168000 2608031 torch/_dynamo/convert_frame.py:2147]           ^^^^^^^^^^^
[rank1]:W0910 13:58:32.168000 2608031 torch/_dynamo/convert_frame.py:2147]   File "/usr/local/lib/python3.12/dist-packages/torch/_dynamo/symbolic_convert.py", line 1459, in step
[rank1]:W0910 13:58:32.168000 2608031 torch/_dynamo/convert_frame.py:2147]     self.dispatch_table[inst.opcode](self, inst)
[rank1]:W0910 13:58:32.168000 2608031 torch/_dynamo/convert_frame.py:2147]   File "/usr/local/lib/python3.12/dist-packages/torch/_dynamo/symbolic_convert.py", line 999, in wrapper
[rank1]:W0910 13:58:32.168000 2608031 torch/_dynamo/convert_frame.py:2147]     return handle_graph_break(self, inst, speculation.reason)
[rank1]:W0910 13:58:32.168000 2608031 torch/_dynamo/convert_frame.py:2147]            ^^^^^^^^^^^^^^^^^^^^^^^^^^^^^^^^^^^^^^^^^^^^^^^^^^
[rank1]:W0910 13:58:32.168000 2608031 torch/_dynamo/convert_frame.py:2147]   File "/usr/local/lib/python3.12/dist-packages/torch/_dynamo/symbolic_convert.py", line 1062, in handle_graph_break
[rank1]:W0910 13:58:32.168000 2608031 torch/_dynamo/convert_frame.py:2147]     all_stack_locals_metadata = self.output.compile_subgraph(
[rank1]:W0910 13:58:32.168000 2608031 torch/_dynamo/convert_frame.py:2147]                                 ^^^^^^^^^^^^^^^^^^^^^^^^^^^^^
[rank1]:W0910 13:58:32.168000 2608031 torch/_dynamo/convert_frame.py:2147]   File "/usr/local/lib/python3.12/dist-packages/torch/_dynamo/output_graph.py", line 1889, in compile_subgraph
[rank1]:W0910 13:58:32.168000 2608031 torch/_dynamo/convert_frame.py:2147]     self.compile_and_call_fx_graph(tx, pass2.graph_output_vars(), root)
[rank1]:W0910 13:58:32.168000 2608031 torch/_dynamo/convert_frame.py:2147]   File "/usr/local/lib/python3.12/dist-packages/torch/_dynamo/output_graph.py", line 2460, in compile_and_call_fx_graph
[rank1]:W0910 13:58:32.168000 2608031 torch/_dynamo/convert_frame.py:2147]     compiled_fn = self.call_user_compiler(gm, self.example_inputs())
[rank1]:W0910 13:58:32.168000 2608031 torch/_dynamo/convert_frame.py:2147]                   ^^^^^^^^^^^^^^^^^^^^^^^^^^^^^^^^^^^^^^^^^^^^^^^^^^
[rank1]:W0910 13:58:32.168000 2608031 torch/_dynamo/convert_frame.py:2147]   File "/usr/local/lib/python3.12/dist-packages/torch/_dynamo/output_graph.py", line 2613, in call_user_compiler
[rank1]:W0910 13:58:32.168000 2608031 torch/_dynamo/convert_frame.py:2147]     return self._call_user_compiler(gm, example_inputs)
[rank1]:W0910 13:58:32.168000 2608031 torch/_dynamo/convert_frame.py:2147]            ^^^^^^^^^^^^^^^^^^^^^^^^^^^^^^^^^^^^^^^^^^^^
[rank1]:W0910 13:58:32.168000 2608031 torch/_dynamo/convert_frame.py:2147]   File "/usr/local/lib/python3.12/dist-packages/torch/_dynamo/output_graph.py", line 2664, in _call_user_compiler
[rank1]:W0910 13:58:32.168000 2608031 torch/_dynamo/convert_frame.py:2147]     compiled_fn = compiler_fn(gm, example_inputs)
[rank1]:W0910 13:58:32.168000 2608031 torch/_dynamo/convert_frame.py:2147]                   ^^^^^^^^^^^^^^^^^^^^^^^^^^^^^^^
[rank1]:W0910 13:58:32.168000 2608031 torch/_dynamo/convert_frame.py:2147]   File "/usr/local/lib/python3.12/dist-packages/torch/_dynamo/backends/distributed.py", line 569, in compile_fn
[rank1]:W0910 13:58:32.168000 2608031 torch/_dynamo/convert_frame.py:2147]     return self.backend_compile_fn(gm, example_inputs)
[rank1]:W0910 13:58:32.168000 2608031 torch/_dynamo/convert_frame.py:2147]            ^^^^^^^^^^^^^^^^^^^^^^^^^^^^^^^^^^^^^^^^^^^
[rank1]:W0910 13:58:32.168000 2608031 torch/_dynamo/convert_frame.py:2147]   File "/usr/local/lib/python3.12/dist-packages/torch/_dynamo/repro/after_dynamo.py", line 156, in __call__
[rank1]:W0910 13:58:32.168000 2608031 torch/_dynamo/convert_frame.py:2147]     compiled_gm = compiler_fn(gm, example_inputs)
[rank1]:W0910 13:58:32.168000 2608031 torch/_dynamo/convert_frame.py:2147]                   ^^^^^^^^^^^^^^^^^^^^^^^^^^^^^^^
[rank1]:W0910 13:58:32.168000 2608031 torch/_dynamo/convert_frame.py:2147]   File "/usr/local/lib/python3.12/dist-packages/torch/__init__.py", line 2461, in __call__
[rank1]:W0910 13:58:32.168000 2608031 torch/_dynamo/convert_frame.py:2147]     return compile_fx(model_, inputs_, config_patches=self.config)
[rank1]:W0910 13:58:32.168000 2608031 torch/_dynamo/convert_frame.py:2147]            ^^^^^^^^^^^^^^^^^^^^^^^^^^^^^^^^^^^^^^^^^^^^^^^^^^^^^^^
[rank1]:W0910 13:58:32.168000 2608031 torch/_dynamo/convert_frame.py:2147]   File "/usr/local/lib/python3.12/dist-packages/torch/_inductor/compile_fx.py", line 2578, in compile_fx
[rank1]:W0910 13:58:32.168000 2608031 torch/_dynamo/convert_frame.py:2147]     return _maybe_wrap_and_compile_fx_main(
[rank1]:W0910 13:58:32.168000 2608031 torch/_dynamo/convert_frame.py:2147]            ^^^^^^^^^^^^^^^^^^^^^^^^^^^^^^^^
[rank1]:W0910 13:58:32.168000 2608031 torch/_dynamo/convert_frame.py:2147]   File "/usr/local/lib/python3.12/dist-packages/torch/_inductor/compile_fx.py", line 2655, in _maybe_wrap_and_compile_fx_main
[rank1]:W0910 13:58:32.168000 2608031 torch/_dynamo/convert_frame.py:2147]     return _compile_fx_main(
[rank1]:W0910 13:58:32.168000 2608031 torch/_dynamo/convert_frame.py:2147]            ^^^^^^^^^^^^^^^^^
[rank1]:W0910 13:58:32.168000 2608031 torch/_dynamo/convert_frame.py:2147]   File "/usr/local/lib/python3.12/dist-packages/torch/_inductor/compile_fx.py", line 2864, in _compile_fx_main
[rank1]:W0910 13:58:32.168000 2608031 torch/_dynamo/convert_frame.py:2147]     raise e.remove_dynamo_frames() from None  # see TORCHDYNAMO_VERBOSE=1
[rank1]:W0910 13:58:32.168000 2608031 torch/_dynamo/convert_frame.py:2147]     ^^^^^^^^^^^^^^^^^^^^^^^^^^^^^^^^^^^^^^^^
[rank1]:W0910 13:58:32.168000 2608031 torch/_dynamo/convert_frame.py:2147]   File "/usr/local/lib/python3.12/dist-packages/torch/_inductor/compile_fx.py", line 1053, in _compile_fx_inner
[rank1]:W0910 13:58:32.168000 2608031 torch/_dynamo/convert_frame.py:2147]     raise InductorError(e, currentframe()).with_traceback(
[rank1]:W0910 13:58:32.168000 2608031 torch/_dynamo/convert_frame.py:2147]   File "/usr/local/lib/python3.12/dist-packages/torch/_inductor/compile_fx.py", line 1037, in _compile_fx_inner
[rank1]:W0910 13:58:32.168000 2608031 torch/_dynamo/convert_frame.py:2147]     mb_compiled_graph = fx_codegen_and_compile(
[rank1]:W0910 13:58:32.168000 2608031 torch/_dynamo/convert_frame.py:2147]                         ^^^^^^^^^^^^^^^^^^^^^^^
[rank1]:W0910 13:58:32.168000 2608031 torch/_dynamo/convert_frame.py:2147]   File "/usr/local/lib/python3.12/dist-packages/torch/_inductor/compile_fx.py", line 1798, in fx_codegen_and_compile
[rank1]:W0910 13:58:32.168000 2608031 torch/_dynamo/convert_frame.py:2147]     return scheme.codegen_and_compile(gm, example_inputs, inputs_to_check, graph_kwargs)
[rank1]:W0910 13:58:32.168000 2608031 torch/_dynamo/convert_frame.py:2147]            ^^^^^^^^^^^^^^^^^^^^^^^^^^^^^^^^^^^^^^^^^^^^^^^^^^^^^^^^^^^^^^^^^^^^^^^^^^^^^
[rank1]:W0910 13:58:32.168000 2608031 torch/_dynamo/convert_frame.py:2147]   File "/usr/local/lib/python3.12/dist-packages/torch/_inductor/compile_fx.py", line 1485, in codegen_and_compile
[rank1]:W0910 13:58:32.168000 2608031 torch/_dynamo/convert_frame.py:2147]     graph.run(*example_inputs)
[rank1]:W0910 13:58:32.168000 2608031 torch/_dynamo/convert_frame.py:2147]   File "/usr/local/lib/python3.12/dist-packages/torch/_inductor/graph.py", line 1025, in run
[rank1]:W0910 13:58:32.168000 2608031 torch/_dynamo/convert_frame.py:2147]     return super().run(*args)
[rank1]:W0910 13:58:32.168000 2608031 torch/_dynamo/convert_frame.py:2147]            ^^^^^^^^^^^^^^^^^^
[rank1]:W0910 13:58:32.168000 2608031 torch/_dynamo/convert_frame.py:2147]   File "/usr/local/lib/python3.12/dist-packages/torch/fx/interpreter.py", line 200, in run
[rank1]:W0910 13:58:32.168000 2608031 torch/_dynamo/convert_frame.py:2147]     self.env[node] = self.run_node(node)
[rank1]:W0910 13:58:32.168000 2608031 torch/_dynamo/convert_frame.py:2147]                      ^^^^^^^^^^^^^^^^^^^
[rank1]:W0910 13:58:32.168000 2608031 torch/_dynamo/convert_frame.py:2147]   File "/usr/local/lib/python3.12/dist-packages/torch/_inductor/graph.py", line 1997, in run_node
[rank1]:W0910 13:58:32.168000 2608031 torch/_dynamo/convert_frame.py:2147]     self.register_users_of(result)
[rank1]:W0910 13:58:32.168000 2608031 torch/_dynamo/convert_frame.py:2147]   File "/usr/local/lib/python3.12/dist-packages/torch/_inductor/graph.py", line 1072, in register_users_of
[rank1]:W0910 13:58:32.168000 2608031 torch/_dynamo/convert_frame.py:2147]     register(node_output)
[rank1]:W0910 13:58:32.168000 2608031 torch/_dynamo/convert_frame.py:2147]   File "/usr/local/lib/python3.12/dist-packages/torch/_inductor/graph.py", line 1069, in register
[rank1]:W0910 13:58:32.168000 2608031 torch/_dynamo/convert_frame.py:2147]     for read_name in value.get_read_names():
[rank1]:W0910 13:58:32.168000 2608031 torch/_dynamo/convert_frame.py:2147]                      ^^^^^^^^^^^^^^^^^^^^^^
[rank1]:W0910 13:58:32.168000 2608031 torch/_dynamo/convert_frame.py:2147]   File "/usr/local/lib/python3.12/dist-packages/torch/_inductor/ir.py", line 8658, in get_read_names
[rank1]:W0910 13:58:32.168000 2608031 torch/_dynamo/convert_frame.py:2147]     return self.data.get_read_names()
[rank1]:W0910 13:58:32.168000 2608031 torch/_dynamo/convert_frame.py:2147]            ^^^^^^^^^^^^^^^^^^^^^^^^^^
[rank1]:W0910 13:58:32.168000 2608031 torch/_dynamo/convert_frame.py:2147]   File "/usr/local/lib/python3.12/dist-packages/torch/_inductor/ir.py", line 8658, in get_read_names
[rank1]:W0910 13:58:32.168000 2608031 torch/_dynamo/convert_frame.py:2147]     return self.data.get_read_names()
[rank1]:W0910 13:58:32.168000 2608031 torch/_dynamo/convert_frame.py:2147]            ^^^^^^^^^^^^^^^^^^^^^^^^^^
[rank1]:W0910 13:58:32.168000 2608031 torch/_dynamo/convert_frame.py:2147]   File "/usr/local/lib/python3.12/dist-packages/torch/_inductor/ir.py", line 4766, in get_read_names
[rank1]:W0910 13:58:32.168000 2608031 torch/_dynamo/convert_frame.py:2147]     return self.data.get_read_names()
[rank1]:W0910 13:58:32.168000 2608031 torch/_dynamo/convert_frame.py:2147]            ^^^^^^^^^^^^^^^^^^^^^^^^^^
[rank1]:W0910 13:58:32.168000 2608031 torch/_dynamo/convert_frame.py:2147]   File "/usr/local/lib/python3.12/dist-packages/torch/_inductor/ir.py", line 1042, in get_read_names
[rank1]:W0910 13:58:32.168000 2608031 torch/_dynamo/convert_frame.py:2147]     return OrderedSet(self.inner_fn_opcount().read_buffers)
[rank1]:W0910 13:58:32.168000 2608031 torch/_dynamo/convert_frame.py:2147]                       ^^^^^^^^^^^^^^^^^^^^^^^
[rank1]:W0910 13:58:32.168000 2608031 torch/_dynamo/convert_frame.py:2147]   File "<string>", line 6, in inner_fn_opcount_cache_on_self
[rank1]:W0910 13:58:32.168000 2608031 torch/_dynamo/convert_frame.py:2147]   File "/usr/local/lib/python3.12/dist-packages/torch/_inductor/ir.py", line 1005, in inner_fn_opcount
[rank1]:W0910 13:58:32.168000 2608031 torch/_dynamo/convert_frame.py:2147]     self.inner_fn(*self.inner_fn_args())
[rank1]:W0910 13:58:32.168000 2608031 torch/_dynamo/convert_frame.py:2147]   File "/usr/local/lib/python3.12/dist-packages/torch/_inductor/lowering.py", line 2735, in inner_fn
[rank1]:W0910 13:58:32.168000 2608031 torch/_dynamo/convert_frame.py:2147]     _boundaries_helper(boundaries),
[rank1]:W0910 13:58:32.168000 2608031 torch/_dynamo/convert_frame.py:2147]     ^^^^^^^^^^^^^^^^^^^^^^^^^^^^^^
[rank1]:W0910 13:58:32.168000 2608031 torch/_dynamo/convert_frame.py:2147]   File "/usr/local/lib/python3.12/dist-packages/torch/_inductor/lowering.py", line 2589, in _boundaries_helper
[rank1]:W0910 13:58:32.168000 2608031 torch/_dynamo/convert_frame.py:2147]     stride = tb.get_stride()
[rank1]:W0910 13:58:32.168000 2608031 torch/_dynamo/convert_frame.py:2147]              ^^^^^^^^^^^^^^^
[rank1]:W0910 13:58:32.168000 2608031 torch/_dynamo/convert_frame.py:2147]   File "/usr/local/lib/python3.12/dist-packages/torch/_inductor/ir.py", line 8573, in get_stride
[rank1]:W0910 13:58:32.168000 2608031 torch/_dynamo/convert_frame.py:2147]     return self.data.get_stride()
[rank1]:W0910 13:58:32.168000 2608031 torch/_dynamo/convert_frame.py:2147]            ^^^^^^^^^^^^^^^^^^^^^^
[rank1]:W0910 13:58:32.168000 2608031 torch/_dynamo/convert_frame.py:2147]   File "/usr/local/lib/python3.12/dist-packages/torch/_inductor/ir.py", line 758, in get_stride
[rank1]:W0910 13:58:32.168000 2608031 torch/_dynamo/convert_frame.py:2147]     raise NotImplementedError(type(self).__name__)
[rank1]:W0910 13:58:32.168000 2608031 torch/_dynamo/convert_frame.py:2147] torch._inductor.exc.InductorError: NotImplementedError: SliceView
[rank1]:W0910 13:58:32.168000 2608031 torch/_dynamo/convert_frame.py:2147] 
[rank1]:W0910 13:58:32.168000 2608031 torch/_dynamo/convert_frame.py:2147] Set TORCHDYNAMO_VERBOSE=1 for the internal stack trace (please do this especially if you're reporting a bug to PyTorch). For even more developer context, set TORCH_LOGS="+dynamo"
[rank1]:W0910 13:58:32.168000 2608031 torch/_dynamo/convert_frame.py:2147] 
[rank1]:W0910 13:58:32.168000 2608031 torch/_dynamo/convert_frame.py:2147] Traceback (most recent call last):
[rank1]:W0910 13:58:32.168000 2608031 torch/_dynamo/convert_frame.py:2147]   File "/usr/local/lib/python3.12/dist-packages/torch/_dynamo/convert_frame.py", line 2052, in __call__
[rank1]:W0910 13:58:32.168000 2608031 torch/_dynamo/convert_frame.py:2147]     result = self._inner_convert(
[rank1]:W0910 13:58:32.168000 2608031 torch/_dynamo/convert_frame.py:2147]              ^^^^^^^^^^^^^^^^^^^^
[rank1]:W0910 13:58:32.168000 2608031 torch/_dynamo/convert_frame.py:2147]   File "/usr/local/lib/python3.12/dist-packages/torch/_dynamo/convert_frame.py", line 729, in __call__
[rank1]:W0910 13:58:32.168000 2608031 torch/_dynamo/convert_frame.py:2147]     result = _compile(
[rank1]:W0910 13:58:32.168000 2608031 torch/_dynamo/convert_frame.py:2147]              ^^^^^^^^^
[rank1]:W0910 13:58:32.168000 2608031 torch/_dynamo/convert_frame.py:2147]   File "/usr/local/lib/python3.12/dist-packages/torch/_dynamo/convert_frame.py", line 1827, in _compile
[rank1]:W0910 13:58:32.168000 2608031 torch/_dynamo/convert_frame.py:2147]     guarded_code, tracer_output = compile_inner(code, one_graph, hooks)
[rank1]:W0910 13:58:32.168000 2608031 torch/_dynamo/convert_frame.py:2147]                                   ^^^^^^^^^^^^^^^^^^^^^^^^^^^^^^^^^^^^^
[rank1]:W0910 13:58:32.168000 2608031 torch/_dynamo/convert_frame.py:2147]   File "/usr/local/lib/python3.12/dist-packages/torch/_utils_internal.py", line 96, in wrapper_function
[rank1]:W0910 13:58:32.168000 2608031 torch/_dynamo/convert_frame.py:2147]     return function(*args, **kwargs)
[rank1]:W0910 13:58:32.168000 2608031 torch/_dynamo/convert_frame.py:2147]            ^^^^^^^^^^^^^^^^^^^^^^^^^
[rank1]:W0910 13:58:32.168000 2608031 torch/_dynamo/convert_frame.py:2147]   File "/usr/local/lib/python3.12/dist-packages/torch/_dynamo/convert_frame.py", line 1500, in compile_inner
[rank1]:W0910 13:58:32.168000 2608031 torch/_dynamo/convert_frame.py:2147]     return _compile_inner(code, one_graph, hooks)
[rank1]:W0910 13:58:32.168000 2608031 torch/_dynamo/convert_frame.py:2147]            ^^^^^^^^^^^^^^^^^^^^^^^^^^^^^^^^^^^^^^
[rank1]:W0910 13:58:32.168000 2608031 torch/_dynamo/convert_frame.py:2147]   File "/usr/local/lib/python3.12/dist-packages/torch/_dynamo/convert_frame.py", line 1534, in _compile_inner
[rank1]:W0910 13:58:32.168000 2608031 torch/_dynamo/convert_frame.py:2147]     dynamo_output = compile_frame(
[rank1]:W0910 13:58:32.168000 2608031 torch/_dynamo/convert_frame.py:2147]                     ^^^^^^^^^^^^^^
[rank1]:W0910 13:58:32.168000 2608031 torch/_dynamo/convert_frame.py:2147]   File "/usr/local/lib/python3.12/dist-packages/torch/_dynamo/convert_frame.py", line 1408, in compile_frame
[rank1]:W0910 13:58:32.168000 2608031 torch/_dynamo/convert_frame.py:2147]     bytecode, tracer_output = transform_code_object(code, transform)
[rank1]:W0910 13:58:32.168000 2608031 torch/_dynamo/convert_frame.py:2147]                               ^^^^^^^^^^^^^^^^^^^^^^^^^^^^^^^^^^^^^^
[rank1]:W0910 13:58:32.168000 2608031 torch/_dynamo/convert_frame.py:2147]   File "/usr/local/lib/python3.12/dist-packages/torch/_dynamo/bytecode_transformation.py", line 1608, in transform_code_object
[rank1]:W0910 13:58:32.168000 2608031 torch/_dynamo/convert_frame.py:2147]     tracer_output = transformations(instructions, code_options)
[rank1]:W0910 13:58:32.168000 2608031 torch/_dynamo/convert_frame.py:2147]                     ^^^^^^^^^^^^^^^^^^^^^^^^^^^^^^^^^^^^^^^^^^^
[rank1]:W0910 13:58:32.168000 2608031 torch/_dynamo/convert_frame.py:2147]   File "/usr/local/lib/python3.12/dist-packages/torch/_dynamo/convert_frame.py", line 1380, in transform
[rank1]:W0910 13:58:32.168000 2608031 torch/_dynamo/convert_frame.py:2147]     tracer_output = trace_frame(
[rank1]:W0910 13:58:32.168000 2608031 torch/_dynamo/convert_frame.py:2147]                     ^^^^^^^^^^^^
[rank1]:W0910 13:58:32.168000 2608031 torch/_dynamo/convert_frame.py:2147]   File "/usr/local/lib/python3.12/dist-packages/torch/_dynamo/convert_frame.py", line 341, in _fn
[rank1]:W0910 13:58:32.168000 2608031 torch/_dynamo/convert_frame.py:2147]     return fn(*args, **kwargs)
[rank1]:W0910 13:58:32.168000 2608031 torch/_dynamo/convert_frame.py:2147]            ^^^^^^^^^^^^^^^^^^^
[rank1]:W0910 13:58:32.168000 2608031 torch/_dynamo/convert_frame.py:2147]   File "/usr/local/lib/python3.12/dist-packages/torch/_dynamo/convert_frame.py", line 863, in trace_frame
[rank1]:W0910 13:58:32.168000 2608031 torch/_dynamo/convert_frame.py:2147]     run_tracer()
[rank1]:W0910 13:58:32.168000 2608031 torch/_dynamo/convert_frame.py:2147]   File "/usr/local/lib/python3.12/dist-packages/torch/_dynamo/convert_frame.py", line 844, in run_tracer
[rank1]:W0910 13:58:32.168000 2608031 torch/_dynamo/convert_frame.py:2147]     tracer.run()
[rank1]:W0910 13:58:32.168000 2608031 torch/_dynamo/convert_frame.py:2147]   File "/usr/local/lib/python3.12/dist-packages/torch/_dynamo/symbolic_convert.py", line 1794, in run
[rank1]:W0910 13:58:32.168000 2608031 torch/_dynamo/convert_frame.py:2147]     while self.step():
[rank1]:W0910 13:58:32.168000 2608031 torch/_dynamo/convert_frame.py:2147]           ^^^^^^^^^^^
[rank1]:W0910 13:58:32.168000 2608031 torch/_dynamo/convert_frame.py:2147]   File "/usr/local/lib/python3.12/dist-packages/torch/_dynamo/symbolic_convert.py", line 1459, in step
[rank1]:W0910 13:58:32.168000 2608031 torch/_dynamo/convert_frame.py:2147]     self.dispatch_table[inst.opcode](self, inst)
[rank1]:W0910 13:58:32.168000 2608031 torch/_dynamo/convert_frame.py:2147]   File "/usr/local/lib/python3.12/dist-packages/torch/_dynamo/symbolic_convert.py", line 999, in wrapper
[rank1]:W0910 13:58:32.168000 2608031 torch/_dynamo/convert_frame.py:2147]     return handle_graph_break(self, inst, speculation.reason)
[rank1]:W0910 13:58:32.168000 2608031 torch/_dynamo/convert_frame.py:2147]            ^^^^^^^^^^^^^^^^^^^^^^^^^^^^^^^^^^^^^^^^^^^^^^^^^^
[rank1]:W0910 13:58:32.168000 2608031 torch/_dynamo/convert_frame.py:2147]   File "/usr/local/lib/python3.12/dist-packages/torch/_dynamo/symbolic_convert.py", line 1062, in handle_graph_break
[rank1]:W0910 13:58:32.168000 2608031 torch/_dynamo/convert_frame.py:2147]     all_stack_locals_metadata = self.output.compile_subgraph(
[rank1]:W0910 13:58:32.168000 2608031 torch/_dynamo/convert_frame.py:2147]                                 ^^^^^^^^^^^^^^^^^^^^^^^^^^^^^
[rank1]:W0910 13:58:32.168000 2608031 torch/_dynamo/convert_frame.py:2147]   File "/usr/local/lib/python3.12/dist-packages/torch/_dynamo/output_graph.py", line 1889, in compile_subgraph
[rank1]:W0910 13:58:32.168000 2608031 torch/_dynamo/convert_frame.py:2147]     self.compile_and_call_fx_graph(tx, pass2.graph_output_vars(), root)
[rank1]:W0910 13:58:32.168000 2608031 torch/_dynamo/convert_frame.py:2147]   File "/usr/local/lib/python3.12/dist-packages/torch/_dynamo/output_graph.py", line 2460, in compile_and_call_fx_graph
[rank1]:W0910 13:58:32.168000 2608031 torch/_dynamo/convert_frame.py:2147]     compiled_fn = self.call_user_compiler(gm, self.example_inputs())
[rank1]:W0910 13:58:32.168000 2608031 torch/_dynamo/convert_frame.py:2147]                   ^^^^^^^^^^^^^^^^^^^^^^^^^^^^^^^^^^^^^^^^^^^^^^^^^^
[rank1]:W0910 13:58:32.168000 2608031 torch/_dynamo/convert_frame.py:2147]   File "/usr/local/lib/python3.12/dist-packages/torch/_dynamo/output_graph.py", line 2613, in call_user_compiler
[rank1]:W0910 13:58:32.168000 2608031 torch/_dynamo/convert_frame.py:2147]     return self._call_user_compiler(gm, example_inputs)
[rank1]:W0910 13:58:32.168000 2608031 torch/_dynamo/convert_frame.py:2147]            ^^^^^^^^^^^^^^^^^^^^^^^^^^^^^^^^^^^^^^^^^^^^
[rank1]:W0910 13:58:32.168000 2608031 torch/_dynamo/convert_frame.py:2147]   File "/usr/local/lib/python3.12/dist-packages/torch/_dynamo/output_graph.py", line 2664, in _call_user_compiler
[rank1]:W0910 13:58:32.168000 2608031 torch/_dynamo/convert_frame.py:2147]     compiled_fn = compiler_fn(gm, example_inputs)
[rank1]:W0910 13:58:32.168000 2608031 torch/_dynamo/convert_frame.py:2147]                   ^^^^^^^^^^^^^^^^^^^^^^^^^^^^^^^
[rank1]:W0910 13:58:32.168000 2608031 torch/_dynamo/convert_frame.py:2147]   File "/usr/local/lib/python3.12/dist-packages/torch/_dynamo/backends/distributed.py", line 569, in compile_fn
[rank1]:W0910 13:58:32.168000 2608031 torch/_dynamo/convert_frame.py:2147]     return self.backend_compile_fn(gm, example_inputs)
[rank1]:W0910 13:58:32.168000 2608031 torch/_dynamo/convert_frame.py:2147]            ^^^^^^^^^^^^^^^^^^^^^^^^^^^^^^^^^^^^^^^^^^^
[rank1]:W0910 13:58:32.168000 2608031 torch/_dynamo/convert_frame.py:2147]   File "/usr/local/lib/python3.12/dist-packages/torch/_dynamo/repro/after_dynamo.py", line 156, in __call__
[rank1]:W0910 13:58:32.168000 2608031 torch/_dynamo/convert_frame.py:2147]     compiled_gm = compiler_fn(gm, example_inputs)
[rank1]:W0910 13:58:32.168000 2608031 torch/_dynamo/convert_frame.py:2147]                   ^^^^^^^^^^^^^^^^^^^^^^^^^^^^^^^
[rank1]:W0910 13:58:32.168000 2608031 torch/_dynamo/convert_frame.py:2147]   File "/usr/local/lib/python3.12/dist-packages/torch/__init__.py", line 2461, in __call__
[rank1]:W0910 13:58:32.168000 2608031 torch/_dynamo/convert_frame.py:2147]     return compile_fx(model_, inputs_, config_patches=self.config)
[rank1]:W0910 13:58:32.168000 2608031 torch/_dynamo/convert_frame.py:2147]            ^^^^^^^^^^^^^^^^^^^^^^^^^^^^^^^^^^^^^^^^^^^^^^^^^^^^^^^
[rank1]:W0910 13:58:32.168000 2608031 torch/_dynamo/convert_frame.py:2147]   File "/usr/local/lib/python3.12/dist-packages/torch/_inductor/compile_fx.py", line 2578, in compile_fx
[rank1]:W0910 13:58:32.168000 2608031 torch/_dynamo/convert_frame.py:2147]     return _maybe_wrap_and_compile_fx_main(
[rank1]:W0910 13:58:32.168000 2608031 torch/_dynamo/convert_frame.py:2147]            ^^^^^^^^^^^^^^^^^^^^^^^^^^^^^^^^
[rank1]:W0910 13:58:32.168000 2608031 torch/_dynamo/convert_frame.py:2147]   File "/usr/local/lib/python3.12/dist-packages/torch/_inductor/compile_fx.py", line 2655, in _maybe_wrap_and_compile_fx_main
[rank1]:W0910 13:58:32.168000 2608031 torch/_dynamo/convert_frame.py:2147]     return _compile_fx_main(
[rank1]:W0910 13:58:32.168000 2608031 torch/_dynamo/convert_frame.py:2147]            ^^^^^^^^^^^^^^^^^
[rank1]:W0910 13:58:32.168000 2608031 torch/_dynamo/convert_frame.py:2147]   File "/usr/local/lib/python3.12/dist-packages/torch/_inductor/compile_fx.py", line 2864, in _compile_fx_main
[rank1]:W0910 13:58:32.168000 2608031 torch/_dynamo/convert_frame.py:2147]     raise e.remove_dynamo_frames() from None  # see TORCHDYNAMO_VERBOSE=1
[rank1]:W0910 13:58:32.168000 2608031 torch/_dynamo/convert_frame.py:2147]     ^^^^^^^^^^^^^^^^^^^^^^^^^^^^^^^^^^^^^^^^
[rank1]:W0910 13:58:32.168000 2608031 torch/_dynamo/convert_frame.py:2147]   File "/usr/local/lib/python3.12/dist-packages/torch/_inductor/compile_fx.py", line 1053, in _compile_fx_inner
[rank1]:W0910 13:58:32.168000 2608031 torch/_dynamo/convert_frame.py:2147]     raise InductorError(e, currentframe()).with_traceback(
[rank1]:W0910 13:58:32.168000 2608031 torch/_dynamo/convert_frame.py:2147]   File "/usr/local/lib/python3.12/dist-packages/torch/_inductor/compile_fx.py", line 1037, in _compile_fx_inner
[rank1]:W0910 13:58:32.168000 2608031 torch/_dynamo/convert_frame.py:2147]     mb_compiled_graph = fx_codegen_and_compile(
[rank1]:W0910 13:58:32.168000 2608031 torch/_dynamo/convert_frame.py:2147]                         ^^^^^^^^^^^^^^^^^^^^^^^
[rank1]:W0910 13:58:32.168000 2608031 torch/_dynamo/convert_frame.py:2147]   File "/usr/local/lib/python3.12/dist-packages/torch/_inductor/compile_fx.py", line 1798, in fx_codegen_and_compile
[rank1]:W0910 13:58:32.168000 2608031 torch/_dynamo/convert_frame.py:2147]     return scheme.codegen_and_compile(gm, example_inputs, inputs_to_check, graph_kwargs)
[rank1]:W0910 13:58:32.168000 2608031 torch/_dynamo/convert_frame.py:2147]            ^^^^^^^^^^^^^^^^^^^^^^^^^^^^^^^^^^^^^^^^^^^^^^^^^^^^^^^^^^^^^^^^^^^^^^^^^^^^^
[rank1]:W0910 13:58:32.168000 2608031 torch/_dynamo/convert_frame.py:2147]   File "/usr/local/lib/python3.12/dist-packages/torch/_inductor/compile_fx.py", line 1485, in codegen_and_compile
[rank1]:W0910 13:58:32.168000 2608031 torch/_dynamo/convert_frame.py:2147]     graph.run(*example_inputs)
[rank1]:W0910 13:58:32.168000 2608031 torch/_dynamo/convert_frame.py:2147]   File "/usr/local/lib/python3.12/dist-packages/torch/_inductor/graph.py", line 1025, in run
[rank1]:W0910 13:58:32.168000 2608031 torch/_dynamo/convert_frame.py:2147]     return super().run(*args)
[rank1]:W0910 13:58:32.168000 2608031 torch/_dynamo/convert_frame.py:2147]            ^^^^^^^^^^^^^^^^^^
[rank1]:W0910 13:58:32.168000 2608031 torch/_dynamo/convert_frame.py:2147]   File "/usr/local/lib/python3.12/dist-packages/torch/fx/interpreter.py", line 200, in run
[rank1]:W0910 13:58:32.168000 2608031 torch/_dynamo/convert_frame.py:2147]     self.env[node] = self.run_node(node)
[rank1]:W0910 13:58:32.168000 2608031 torch/_dynamo/convert_frame.py:2147]                      ^^^^^^^^^^^^^^^^^^^
[rank1]:W0910 13:58:32.168000 2608031 torch/_dynamo/convert_frame.py:2147]   File "/usr/local/lib/python3.12/dist-packages/torch/_inductor/graph.py", line 1997, in run_node
[rank1]:W0910 13:58:32.168000 2608031 torch/_dynamo/convert_frame.py:2147]     self.register_users_of(result)
[rank1]:W0910 13:58:32.168000 2608031 torch/_dynamo/convert_frame.py:2147]   File "/usr/local/lib/python3.12/dist-packages/torch/_inductor/graph.py", line 1072, in register_users_of
[rank1]:W0910 13:58:32.168000 2608031 torch/_dynamo/convert_frame.py:2147]     register(node_output)
[rank1]:W0910 13:58:32.168000 2608031 torch/_dynamo/convert_frame.py:2147]   File "/usr/local/lib/python3.12/dist-packages/torch/_inductor/graph.py", line 1069, in register
[rank1]:W0910 13:58:32.168000 2608031 torch/_dynamo/convert_frame.py:2147]     for read_name in value.get_read_names():
[rank1]:W0910 13:58:32.168000 2608031 torch/_dynamo/convert_frame.py:2147]                      ^^^^^^^^^^^^^^^^^^^^^^
[rank1]:W0910 13:58:32.168000 2608031 torch/_dynamo/convert_frame.py:2147]   File "/usr/local/lib/python3.12/dist-packages/torch/_inductor/ir.py", line 8658, in get_read_names
[rank1]:W0910 13:58:32.168000 2608031 torch/_dynamo/convert_frame.py:2147]     return self.data.get_read_names()
[rank1]:W0910 13:58:32.168000 2608031 torch/_dynamo/convert_frame.py:2147]            ^^^^^^^^^^^^^^^^^^^^^^^^^^
[rank1]:W0910 13:58:32.168000 2608031 torch/_dynamo/convert_frame.py:2147]   File "/usr/local/lib/python3.12/dist-packages/torch/_inductor/ir.py", line 8658, in get_read_names
[rank1]:W0910 13:58:32.168000 2608031 torch/_dynamo/convert_frame.py:2147]     return self.data.get_read_names()
[rank1]:W0910 13:58:32.168000 2608031 torch/_dynamo/convert_frame.py:2147]            ^^^^^^^^^^^^^^^^^^^^^^^^^^
[rank1]:W0910 13:58:32.168000 2608031 torch/_dynamo/convert_frame.py:2147]   File "/usr/local/lib/python3.12/dist-packages/torch/_inductor/ir.py", line 4766, in get_read_names
[rank1]:W0910 13:58:32.168000 2608031 torch/_dynamo/convert_frame.py:2147]     return self.data.get_read_names()
[rank1]:W0910 13:58:32.168000 2608031 torch/_dynamo/convert_frame.py:2147]            ^^^^^^^^^^^^^^^^^^^^^^^^^^
[rank1]:W0910 13:58:32.168000 2608031 torch/_dynamo/convert_frame.py:2147]   File "/usr/local/lib/python3.12/dist-packages/torch/_inductor/ir.py", line 1042, in get_read_names
[rank1]:W0910 13:58:32.168000 2608031 torch/_dynamo/convert_frame.py:2147]     return OrderedSet(self.inner_fn_opcount().read_buffers)
[rank1]:W0910 13:58:32.168000 2608031 torch/_dynamo/convert_frame.py:2147]                       ^^^^^^^^^^^^^^^^^^^^^^^
[rank1]:W0910 13:58:32.168000 2608031 torch/_dynamo/convert_frame.py:2147]   File "<string>", line 6, in inner_fn_opcount_cache_on_self
[rank1]:W0910 13:58:32.168000 2608031 torch/_dynamo/convert_frame.py:2147]   File "/usr/local/lib/python3.12/dist-packages/torch/_inductor/ir.py", line 1005, in inner_fn_opcount
[rank1]:W0910 13:58:32.168000 2608031 torch/_dynamo/convert_frame.py:2147]     self.inner_fn(*self.inner_fn_args())
[rank1]:W0910 13:58:32.168000 2608031 torch/_dynamo/convert_frame.py:2147]   File "/usr/local/lib/python3.12/dist-packages/torch/_inductor/lowering.py", line 2735, in inner_fn
[rank1]:W0910 13:58:32.168000 2608031 torch/_dynamo/convert_frame.py:2147]     _boundaries_helper(boundaries),
[rank1]:W0910 13:58:32.168000 2608031 torch/_dynamo/convert_frame.py:2147]     ^^^^^^^^^^^^^^^^^^^^^^^^^^^^^^
[rank1]:W0910 13:58:32.168000 2608031 torch/_dynamo/convert_frame.py:2147]   File "/usr/local/lib/python3.12/dist-packages/torch/_inductor/lowering.py", line 2589, in _boundaries_helper
[rank1]:W0910 13:58:32.168000 2608031 torch/_dynamo/convert_frame.py:2147]     stride = tb.get_stride()
[rank1]:W0910 13:58:32.168000 2608031 torch/_dynamo/convert_frame.py:2147]              ^^^^^^^^^^^^^^^
[rank1]:W0910 13:58:32.168000 2608031 torch/_dynamo/convert_frame.py:2147]   File "/usr/local/lib/python3.12/dist-packages/torch/_inductor/ir.py", line 8573, in get_stride
[rank1]:W0910 13:58:32.168000 2608031 torch/_dynamo/convert_frame.py:2147]     return self.data.get_stride()
[rank1]:W0910 13:58:32.168000 2608031 torch/_dynamo/convert_frame.py:2147]            ^^^^^^^^^^^^^^^^^^^^^^
[rank1]:W0910 13:58:32.168000 2608031 torch/_dynamo/convert_frame.py:2147]   File "/usr/local/lib/python3.12/dist-packages/torch/_inductor/ir.py", line 758, in get_stride
[rank1]:W0910 13:58:32.168000 2608031 torch/_dynamo/convert_frame.py:2147]     raise NotImplementedError(type(self).__name__)
[rank1]:W0910 13:58:32.168000 2608031 torch/_dynamo/convert_frame.py:2147] torch._inductor.exc.InductorError: NotImplementedError: SliceView
[rank1]:W0910 13:58:32.168000 2608031 torch/_dynamo/convert_frame.py:2147] 
[rank1]:W0910 13:58:32.168000 2608031 torch/_dynamo/convert_frame.py:2147] Set TORCHDYNAMO_VERBOSE=1 for the internal stack trace (please do this especially if you're reporting a bug to PyTorch). For even more developer context, set TORCH_LOGS="+dynamo"
[rank1]:W0910 13:58:32.168000 2608031 torch/_dynamo/convert_frame.py:2147] 
[rank3]:W0910 13:58:33.012000 2608033 torch/_dynamo/convert_frame.py:2147] WON'T CONVERT _doc_blocks /work/aupai/model.py line 277 
[rank3]:W0910 13:58:33.012000 2608033 torch/_dynamo/convert_frame.py:2147] due to: 
[rank3]:W0910 13:58:33.012000 2608033 torch/_dynamo/convert_frame.py:2147] Traceback (most recent call last):
[rank3]:W0910 13:58:33.012000 2608033 torch/_dynamo/convert_frame.py:2147]   File "/usr/local/lib/python3.12/dist-packages/torch/_dynamo/convert_frame.py", line 2052, in __call__
[rank3]:W0910 13:58:33.012000 2608033 torch/_dynamo/convert_frame.py:2147]     result = self._inner_convert(
[rank3]:W0910 13:58:33.012000 2608033 torch/_dynamo/convert_frame.py:2147]              ^^^^^^^^^^^^^^^^^^^^
[rank3]:W0910 13:58:33.012000 2608033 torch/_dynamo/convert_frame.py:2147]   File "/usr/local/lib/python3.12/dist-packages/torch/_dynamo/convert_frame.py", line 729, in __call__
[rank3]:W0910 13:58:33.012000 2608033 torch/_dynamo/convert_frame.py:2147]     result = _compile(
[rank3]:W0910 13:58:33.012000 2608033 torch/_dynamo/convert_frame.py:2147]              ^^^^^^^^^
[rank3]:W0910 13:58:33.012000 2608033 torch/_dynamo/convert_frame.py:2147]   File "/usr/local/lib/python3.12/dist-packages/torch/_dynamo/convert_frame.py", line 1827, in _compile
[rank3]:W0910 13:58:33.012000 2608033 torch/_dynamo/convert_frame.py:2147]     guarded_code, tracer_output = compile_inner(code, one_graph, hooks)
[rank3]:W0910 13:58:33.012000 2608033 torch/_dynamo/convert_frame.py:2147]                                   ^^^^^^^^^^^^^^^^^^^^^^^^^^^^^^^^^^^^^
[rank3]:W0910 13:58:33.012000 2608033 torch/_dynamo/convert_frame.py:2147]   File "/usr/local/lib/python3.12/dist-packages/torch/_utils_internal.py", line 96, in wrapper_function
[rank3]:W0910 13:58:33.012000 2608033 torch/_dynamo/convert_frame.py:2147]     return function(*args, **kwargs)
[rank3]:W0910 13:58:33.012000 2608033 torch/_dynamo/convert_frame.py:2147]            ^^^^^^^^^^^^^^^^^^^^^^^^^
[rank3]:W0910 13:58:33.012000 2608033 torch/_dynamo/convert_frame.py:2147]   File "/usr/local/lib/python3.12/dist-packages/torch/_dynamo/convert_frame.py", line 1500, in compile_inner
[rank3]:W0910 13:58:33.012000 2608033 torch/_dynamo/convert_frame.py:2147]     return _compile_inner(code, one_graph, hooks)
[rank3]:W0910 13:58:33.012000 2608033 torch/_dynamo/convert_frame.py:2147]            ^^^^^^^^^^^^^^^^^^^^^^^^^^^^^^^^^^^^^^
[rank3]:W0910 13:58:33.012000 2608033 torch/_dynamo/convert_frame.py:2147]   File "/usr/local/lib/python3.12/dist-packages/torch/_dynamo/convert_frame.py", line 1534, in _compile_inner
[rank3]:W0910 13:58:33.012000 2608033 torch/_dynamo/convert_frame.py:2147]     dynamo_output = compile_frame(
[rank3]:W0910 13:58:33.012000 2608033 torch/_dynamo/convert_frame.py:2147]                     ^^^^^^^^^^^^^^
[rank3]:W0910 13:58:33.012000 2608033 torch/_dynamo/convert_frame.py:2147]   File "/usr/local/lib/python3.12/dist-packages/torch/_dynamo/convert_frame.py", line 1408, in compile_frame
[rank3]:W0910 13:58:33.012000 2608033 torch/_dynamo/convert_frame.py:2147]     bytecode, tracer_output = transform_code_object(code, transform)
[rank3]:W0910 13:58:33.012000 2608033 torch/_dynamo/convert_frame.py:2147]                               ^^^^^^^^^^^^^^^^^^^^^^^^^^^^^^^^^^^^^^
[rank3]:W0910 13:58:33.012000 2608033 torch/_dynamo/convert_frame.py:2147]   File "/usr/local/lib/python3.12/dist-packages/torch/_dynamo/bytecode_transformation.py", line 1608, in transform_code_object
[rank3]:W0910 13:58:33.012000 2608033 torch/_dynamo/convert_frame.py:2147]     tracer_output = transformations(instructions, code_options)
[rank3]:W0910 13:58:33.012000 2608033 torch/_dynamo/convert_frame.py:2147]                     ^^^^^^^^^^^^^^^^^^^^^^^^^^^^^^^^^^^^^^^^^^^
[rank3]:W0910 13:58:33.012000 2608033 torch/_dynamo/convert_frame.py:2147]   File "/usr/local/lib/python3.12/dist-packages/torch/_dynamo/convert_frame.py", line 1380, in transform
[rank3]:W0910 13:58:33.012000 2608033 torch/_dynamo/convert_frame.py:2147]     tracer_output = trace_frame(
[rank3]:W0910 13:58:33.012000 2608033 torch/_dynamo/convert_frame.py:2147]                     ^^^^^^^^^^^^
[rank3]:W0910 13:58:33.012000 2608033 torch/_dynamo/convert_frame.py:2147]   File "/usr/local/lib/python3.12/dist-packages/torch/_dynamo/convert_frame.py", line 341, in _fn
[rank3]:W0910 13:58:33.012000 2608033 torch/_dynamo/convert_frame.py:2147]     return fn(*args, **kwargs)
[rank3]:W0910 13:58:33.012000 2608033 torch/_dynamo/convert_frame.py:2147]            ^^^^^^^^^^^^^^^^^^^
[rank3]:W0910 13:58:33.012000 2608033 torch/_dynamo/convert_frame.py:2147]   File "/usr/local/lib/python3.12/dist-packages/torch/_dynamo/convert_frame.py", line 863, in trace_frame
[rank3]:W0910 13:58:33.012000 2608033 torch/_dynamo/convert_frame.py:2147]     run_tracer()
[rank3]:W0910 13:58:33.012000 2608033 torch/_dynamo/convert_frame.py:2147]   File "/usr/local/lib/python3.12/dist-packages/torch/_dynamo/convert_frame.py", line 844, in run_tracer
[rank3]:W0910 13:58:33.012000 2608033 torch/_dynamo/convert_frame.py:2147]     tracer.run()
[rank3]:W0910 13:58:33.012000 2608033 torch/_dynamo/convert_frame.py:2147]   File "/usr/local/lib/python3.12/dist-packages/torch/_dynamo/symbolic_convert.py", line 1794, in run
[rank3]:W0910 13:58:33.012000 2608033 torch/_dynamo/convert_frame.py:2147]     while self.step():
[rank3]:W0910 13:58:33.012000 2608033 torch/_dynamo/convert_frame.py:2147]           ^^^^^^^^^^^
[rank3]:W0910 13:58:33.012000 2608033 torch/_dynamo/convert_frame.py:2147]   File "/usr/local/lib/python3.12/dist-packages/torch/_dynamo/symbolic_convert.py", line 1459, in step
[rank3]:W0910 13:58:33.012000 2608033 torch/_dynamo/convert_frame.py:2147]     self.dispatch_table[inst.opcode](self, inst)
[rank3]:W0910 13:58:33.012000 2608033 torch/_dynamo/convert_frame.py:2147]   File "/usr/local/lib/python3.12/dist-packages/torch/_dynamo/symbolic_convert.py", line 999, in wrapper
[rank3]:W0910 13:58:33.012000 2608033 torch/_dynamo/convert_frame.py:2147]     return handle_graph_break(self, inst, speculation.reason)
[rank3]:W0910 13:58:33.012000 2608033 torch/_dynamo/convert_frame.py:2147]            ^^^^^^^^^^^^^^^^^^^^^^^^^^^^^^^^^^^^^^^^^^^^^^^^^^
[rank3]:W0910 13:58:33.012000 2608033 torch/_dynamo/convert_frame.py:2147]   File "/usr/local/lib/python3.12/dist-packages/torch/_dynamo/symbolic_convert.py", line 1062, in handle_graph_break
[rank3]:W0910 13:58:33.012000 2608033 torch/_dynamo/convert_frame.py:2147]     all_stack_locals_metadata = self.output.compile_subgraph(
[rank3]:W0910 13:58:33.012000 2608033 torch/_dynamo/convert_frame.py:2147]                                 ^^^^^^^^^^^^^^^^^^^^^^^^^^^^^
[rank3]:W0910 13:58:33.012000 2608033 torch/_dynamo/convert_frame.py:2147]   File "/usr/local/lib/python3.12/dist-packages/torch/_dynamo/output_graph.py", line 1889, in compile_subgraph
[rank3]:W0910 13:58:33.012000 2608033 torch/_dynamo/convert_frame.py:2147]     self.compile_and_call_fx_graph(tx, pass2.graph_output_vars(), root)
[rank3]:W0910 13:58:33.012000 2608033 torch/_dynamo/convert_frame.py:2147]   File "/usr/local/lib/python3.12/dist-packages/torch/_dynamo/output_graph.py", line 2460, in compile_and_call_fx_graph
[rank3]:W0910 13:58:33.012000 2608033 torch/_dynamo/convert_frame.py:2147]     compiled_fn = self.call_user_compiler(gm, self.example_inputs())
[rank3]:W0910 13:58:33.012000 2608033 torch/_dynamo/convert_frame.py:2147]                   ^^^^^^^^^^^^^^^^^^^^^^^^^^^^^^^^^^^^^^^^^^^^^^^^^^
[rank3]:W0910 13:58:33.012000 2608033 torch/_dynamo/convert_frame.py:2147]   File "/usr/local/lib/python3.12/dist-packages/torch/_dynamo/output_graph.py", line 2613, in call_user_compiler
[rank3]:W0910 13:58:33.012000 2608033 torch/_dynamo/convert_frame.py:2147]     return self._call_user_compiler(gm, example_inputs)
[rank3]:W0910 13:58:33.012000 2608033 torch/_dynamo/convert_frame.py:2147]            ^^^^^^^^^^^^^^^^^^^^^^^^^^^^^^^^^^^^^^^^^^^^
[rank3]:W0910 13:58:33.012000 2608033 torch/_dynamo/convert_frame.py:2147]   File "/usr/local/lib/python3.12/dist-packages/torch/_dynamo/output_graph.py", line 2664, in _call_user_compiler
[rank3]:W0910 13:58:33.012000 2608033 torch/_dynamo/convert_frame.py:2147]     compiled_fn = compiler_fn(gm, example_inputs)
[rank3]:W0910 13:58:33.012000 2608033 torch/_dynamo/convert_frame.py:2147]                   ^^^^^^^^^^^^^^^^^^^^^^^^^^^^^^^
[rank3]:W0910 13:58:33.012000 2608033 torch/_dynamo/convert_frame.py:2147]   File "/usr/local/lib/python3.12/dist-packages/torch/_dynamo/backends/distributed.py", line 569, in compile_fn
[rank3]:W0910 13:58:33.012000 2608033 torch/_dynamo/convert_frame.py:2147]     return self.backend_compile_fn(gm, example_inputs)
[rank3]:W0910 13:58:33.012000 2608033 torch/_dynamo/convert_frame.py:2147]            ^^^^^^^^^^^^^^^^^^^^^^^^^^^^^^^^^^^^^^^^^^^
[rank3]:W0910 13:58:33.012000 2608033 torch/_dynamo/convert_frame.py:2147]   File "/usr/local/lib/python3.12/dist-packages/torch/_dynamo/repro/after_dynamo.py", line 156, in __call__
[rank3]:W0910 13:58:33.012000 2608033 torch/_dynamo/convert_frame.py:2147]     compiled_gm = compiler_fn(gm, example_inputs)
[rank3]:W0910 13:58:33.012000 2608033 torch/_dynamo/convert_frame.py:2147]                   ^^^^^^^^^^^^^^^^^^^^^^^^^^^^^^^
[rank3]:W0910 13:58:33.012000 2608033 torch/_dynamo/convert_frame.py:2147]   File "/usr/local/lib/python3.12/dist-packages/torch/__init__.py", line 2461, in __call__
[rank3]:W0910 13:58:33.012000 2608033 torch/_dynamo/convert_frame.py:2147]     return compile_fx(model_, inputs_, config_patches=self.config)
[rank3]:W0910 13:58:33.012000 2608033 torch/_dynamo/convert_frame.py:2147]            ^^^^^^^^^^^^^^^^^^^^^^^^^^^^^^^^^^^^^^^^^^^^^^^^^^^^^^^
[rank3]:W0910 13:58:33.012000 2608033 torch/_dynamo/convert_frame.py:2147]   File "/usr/local/lib/python3.12/dist-packages/torch/_inductor/compile_fx.py", line 2578, in compile_fx
[rank3]:W0910 13:58:33.012000 2608033 torch/_dynamo/convert_frame.py:2147]     return _maybe_wrap_and_compile_fx_main(
[rank3]:W0910 13:58:33.012000 2608033 torch/_dynamo/convert_frame.py:2147]            ^^^^^^^^^^^^^^^^^^^^^^^^^^^^^^^^
[rank3]:W0910 13:58:33.012000 2608033 torch/_dynamo/convert_frame.py:2147]   File "/usr/local/lib/python3.12/dist-packages/torch/_inductor/compile_fx.py", line 2655, in _maybe_wrap_and_compile_fx_main
[rank3]:W0910 13:58:33.012000 2608033 torch/_dynamo/convert_frame.py:2147]     return _compile_fx_main(
[rank3]:W0910 13:58:33.012000 2608033 torch/_dynamo/convert_frame.py:2147]            ^^^^^^^^^^^^^^^^^
[rank3]:W0910 13:58:33.012000 2608033 torch/_dynamo/convert_frame.py:2147]   File "/usr/local/lib/python3.12/dist-packages/torch/_inductor/compile_fx.py", line 2864, in _compile_fx_main
[rank3]:W0910 13:58:33.012000 2608033 torch/_dynamo/convert_frame.py:2147]     raise e.remove_dynamo_frames() from None  # see TORCHDYNAMO_VERBOSE=1
[rank3]:W0910 13:58:33.012000 2608033 torch/_dynamo/convert_frame.py:2147]     ^^^^^^^^^^^^^^^^^^^^^^^^^^^^^^^^^^^^^^^^
[rank3]:W0910 13:58:33.012000 2608033 torch/_dynamo/convert_frame.py:2147]   File "/usr/local/lib/python3.12/dist-packages/torch/_inductor/compile_fx.py", line 1053, in _compile_fx_inner
[rank3]:W0910 13:58:33.012000 2608033 torch/_dynamo/convert_frame.py:2147]     raise InductorError(e, currentframe()).with_traceback(
[rank3]:W0910 13:58:33.012000 2608033 torch/_dynamo/convert_frame.py:2147]   File "/usr/local/lib/python3.12/dist-packages/torch/_inductor/compile_fx.py", line 1037, in _compile_fx_inner
[rank3]:W0910 13:58:33.012000 2608033 torch/_dynamo/convert_frame.py:2147]     mb_compiled_graph = fx_codegen_and_compile(
[rank3]:W0910 13:58:33.012000 2608033 torch/_dynamo/convert_frame.py:2147]                         ^^^^^^^^^^^^^^^^^^^^^^^
[rank3]:W0910 13:58:33.012000 2608033 torch/_dynamo/convert_frame.py:2147]   File "/usr/local/lib/python3.12/dist-packages/torch/_inductor/compile_fx.py", line 1798, in fx_codegen_and_compile
[rank3]:W0910 13:58:33.012000 2608033 torch/_dynamo/convert_frame.py:2147]     return scheme.codegen_and_compile(gm, example_inputs, inputs_to_check, graph_kwargs)
[rank3]:W0910 13:58:33.012000 2608033 torch/_dynamo/convert_frame.py:2147]            ^^^^^^^^^^^^^^^^^^^^^^^^^^^^^^^^^^^^^^^^^^^^^^^^^^^^^^^^^^^^^^^^^^^^^^^^^^^^^
[rank3]:W0910 13:58:33.012000 2608033 torch/_dynamo/convert_frame.py:2147]   File "/usr/local/lib/python3.12/dist-packages/torch/_inductor/compile_fx.py", line 1485, in codegen_and_compile
[rank3]:W0910 13:58:33.012000 2608033 torch/_dynamo/convert_frame.py:2147]     graph.run(*example_inputs)
[rank3]:W0910 13:58:33.012000 2608033 torch/_dynamo/convert_frame.py:2147]   File "/usr/local/lib/python3.12/dist-packages/torch/_inductor/graph.py", line 1025, in run
[rank3]:W0910 13:58:33.012000 2608033 torch/_dynamo/convert_frame.py:2147]     return super().run(*args)
[rank3]:W0910 13:58:33.012000 2608033 torch/_dynamo/convert_frame.py:2147]            ^^^^^^^^^^^^^^^^^^
[rank3]:W0910 13:58:33.012000 2608033 torch/_dynamo/convert_frame.py:2147]   File "/usr/local/lib/python3.12/dist-packages/torch/fx/interpreter.py", line 200, in run
[rank3]:W0910 13:58:33.012000 2608033 torch/_dynamo/convert_frame.py:2147]     self.env[node] = self.run_node(node)
[rank3]:W0910 13:58:33.012000 2608033 torch/_dynamo/convert_frame.py:2147]                      ^^^^^^^^^^^^^^^^^^^
[rank3]:W0910 13:58:33.012000 2608033 torch/_dynamo/convert_frame.py:2147]   File "/usr/local/lib/python3.12/dist-packages/torch/_inductor/graph.py", line 1997, in run_node
[rank3]:W0910 13:58:33.012000 2608033 torch/_dynamo/convert_frame.py:2147]     self.register_users_of(result)
[rank3]:W0910 13:58:33.012000 2608033 torch/_dynamo/convert_frame.py:2147]   File "/usr/local/lib/python3.12/dist-packages/torch/_inductor/graph.py", line 1072, in register_users_of
[rank3]:W0910 13:58:33.012000 2608033 torch/_dynamo/convert_frame.py:2147]     register(node_output)
[rank3]:W0910 13:58:33.012000 2608033 torch/_dynamo/convert_frame.py:2147]   File "/usr/local/lib/python3.12/dist-packages/torch/_inductor/graph.py", line 1069, in register
[rank3]:W0910 13:58:33.012000 2608033 torch/_dynamo/convert_frame.py:2147]     for read_name in value.get_read_names():
[rank3]:W0910 13:58:33.012000 2608033 torch/_dynamo/convert_frame.py:2147]                      ^^^^^^^^^^^^^^^^^^^^^^
[rank3]:W0910 13:58:33.012000 2608033 torch/_dynamo/convert_frame.py:2147]   File "/usr/local/lib/python3.12/dist-packages/torch/_inductor/ir.py", line 8658, in get_read_names
[rank3]:W0910 13:58:33.012000 2608033 torch/_dynamo/convert_frame.py:2147]     return self.data.get_read_names()
[rank3]:W0910 13:58:33.012000 2608033 torch/_dynamo/convert_frame.py:2147]            ^^^^^^^^^^^^^^^^^^^^^^^^^^
[rank3]:W0910 13:58:33.012000 2608033 torch/_dynamo/convert_frame.py:2147]   File "/usr/local/lib/python3.12/dist-packages/torch/_inductor/ir.py", line 8658, in get_read_names
[rank3]:W0910 13:58:33.012000 2608033 torch/_dynamo/convert_frame.py:2147]     return self.data.get_read_names()
[rank3]:W0910 13:58:33.012000 2608033 torch/_dynamo/convert_frame.py:2147]            ^^^^^^^^^^^^^^^^^^^^^^^^^^
[rank3]:W0910 13:58:33.012000 2608033 torch/_dynamo/convert_frame.py:2147]   File "/usr/local/lib/python3.12/dist-packages/torch/_inductor/ir.py", line 4766, in get_read_names
[rank3]:W0910 13:58:33.012000 2608033 torch/_dynamo/convert_frame.py:2147]     return self.data.get_read_names()
[rank3]:W0910 13:58:33.012000 2608033 torch/_dynamo/convert_frame.py:2147]            ^^^^^^^^^^^^^^^^^^^^^^^^^^
[rank3]:W0910 13:58:33.012000 2608033 torch/_dynamo/convert_frame.py:2147]   File "/usr/local/lib/python3.12/dist-packages/torch/_inductor/ir.py", line 1042, in get_read_names
[rank3]:W0910 13:58:33.012000 2608033 torch/_dynamo/convert_frame.py:2147]     return OrderedSet(self.inner_fn_opcount().read_buffers)
[rank3]:W0910 13:58:33.012000 2608033 torch/_dynamo/convert_frame.py:2147]                       ^^^^^^^^^^^^^^^^^^^^^^^
[rank3]:W0910 13:58:33.012000 2608033 torch/_dynamo/convert_frame.py:2147]   File "<string>", line 6, in inner_fn_opcount_cache_on_self
[rank3]:W0910 13:58:33.012000 2608033 torch/_dynamo/convert_frame.py:2147]   File "/usr/local/lib/python3.12/dist-packages/torch/_inductor/ir.py", line 1005, in inner_fn_opcount
[rank3]:W0910 13:58:33.012000 2608033 torch/_dynamo/convert_frame.py:2147]     self.inner_fn(*self.inner_fn_args())
[rank3]:W0910 13:58:33.012000 2608033 torch/_dynamo/convert_frame.py:2147]   File "/usr/local/lib/python3.12/dist-packages/torch/_inductor/lowering.py", line 2735, in inner_fn
[rank3]:W0910 13:58:33.012000 2608033 torch/_dynamo/convert_frame.py:2147]     _boundaries_helper(boundaries),
[rank3]:W0910 13:58:33.012000 2608033 torch/_dynamo/convert_frame.py:2147]     ^^^^^^^^^^^^^^^^^^^^^^^^^^^^^^
[rank3]:W0910 13:58:33.012000 2608033 torch/_dynamo/convert_frame.py:2147]   File "/usr/local/lib/python3.12/dist-packages/torch/_inductor/lowering.py", line 2589, in _boundaries_helper
[rank3]:W0910 13:58:33.012000 2608033 torch/_dynamo/convert_frame.py:2147]     stride = tb.get_stride()
[rank3]:W0910 13:58:33.012000 2608033 torch/_dynamo/convert_frame.py:2147]              ^^^^^^^^^^^^^^^
[rank3]:W0910 13:58:33.012000 2608033 torch/_dynamo/convert_frame.py:2147]   File "/usr/local/lib/python3.12/dist-packages/torch/_inductor/ir.py", line 8573, in get_stride
[rank3]:W0910 13:58:33.012000 2608033 torch/_dynamo/convert_frame.py:2147]     return self.data.get_stride()
[rank3]:W0910 13:58:33.012000 2608033 torch/_dynamo/convert_frame.py:2147]            ^^^^^^^^^^^^^^^^^^^^^^
[rank3]:W0910 13:58:33.012000 2608033 torch/_dynamo/convert_frame.py:2147]   File "/usr/local/lib/python3.12/dist-packages/torch/_inductor/ir.py", line 758, in get_stride
[rank3]:W0910 13:58:33.012000 2608033 torch/_dynamo/convert_frame.py:2147]     raise NotImplementedError(type(self).__name__)
[rank3]:W0910 13:58:33.012000 2608033 torch/_dynamo/convert_frame.py:2147] torch._inductor.exc.InductorError: NotImplementedError: SliceView
[rank3]:W0910 13:58:33.012000 2608033 torch/_dynamo/convert_frame.py:2147] 
[rank3]:W0910 13:58:33.012000 2608033 torch/_dynamo/convert_frame.py:2147] Set TORCHDYNAMO_VERBOSE=1 for the internal stack trace (please do this especially if you're reporting a bug to PyTorch). For even more developer context, set TORCH_LOGS="+dynamo"
[rank3]:W0910 13:58:33.012000 2608033 torch/_dynamo/convert_frame.py:2147] 
[rank3]:W0910 13:58:33.012000 2608033 torch/_dynamo/convert_frame.py:2147] Traceback (most recent call last):
[rank3]:W0910 13:58:33.012000 2608033 torch/_dynamo/convert_frame.py:2147]   File "/usr/local/lib/python3.12/dist-packages/torch/_dynamo/convert_frame.py", line 2052, in __call__
[rank3]:W0910 13:58:33.012000 2608033 torch/_dynamo/convert_frame.py:2147]     result = self._inner_convert(
[rank3]:W0910 13:58:33.012000 2608033 torch/_dynamo/convert_frame.py:2147]              ^^^^^^^^^^^^^^^^^^^^
[rank3]:W0910 13:58:33.012000 2608033 torch/_dynamo/convert_frame.py:2147]   File "/usr/local/lib/python3.12/dist-packages/torch/_dynamo/convert_frame.py", line 729, in __call__
[rank3]:W0910 13:58:33.012000 2608033 torch/_dynamo/convert_frame.py:2147]     result = _compile(
[rank3]:W0910 13:58:33.012000 2608033 torch/_dynamo/convert_frame.py:2147]              ^^^^^^^^^
[rank3]:W0910 13:58:33.012000 2608033 torch/_dynamo/convert_frame.py:2147]   File "/usr/local/lib/python3.12/dist-packages/torch/_dynamo/convert_frame.py", line 1827, in _compile
[rank3]:W0910 13:58:33.012000 2608033 torch/_dynamo/convert_frame.py:2147]     guarded_code, tracer_output = compile_inner(code, one_graph, hooks)
[rank3]:W0910 13:58:33.012000 2608033 torch/_dynamo/convert_frame.py:2147]                                   ^^^^^^^^^^^^^^^^^^^^^^^^^^^^^^^^^^^^^
[rank3]:W0910 13:58:33.012000 2608033 torch/_dynamo/convert_frame.py:2147]   File "/usr/local/lib/python3.12/dist-packages/torch/_utils_internal.py", line 96, in wrapper_function
[rank3]:W0910 13:58:33.012000 2608033 torch/_dynamo/convert_frame.py:2147]     return function(*args, **kwargs)
[rank3]:W0910 13:58:33.012000 2608033 torch/_dynamo/convert_frame.py:2147]            ^^^^^^^^^^^^^^^^^^^^^^^^^
[rank3]:W0910 13:58:33.012000 2608033 torch/_dynamo/convert_frame.py:2147]   File "/usr/local/lib/python3.12/dist-packages/torch/_dynamo/convert_frame.py", line 1500, in compile_inner
[rank3]:W0910 13:58:33.012000 2608033 torch/_dynamo/convert_frame.py:2147]     return _compile_inner(code, one_graph, hooks)
[rank3]:W0910 13:58:33.012000 2608033 torch/_dynamo/convert_frame.py:2147]            ^^^^^^^^^^^^^^^^^^^^^^^^^^^^^^^^^^^^^^
[rank3]:W0910 13:58:33.012000 2608033 torch/_dynamo/convert_frame.py:2147]   File "/usr/local/lib/python3.12/dist-packages/torch/_dynamo/convert_frame.py", line 1534, in _compile_inner
[rank3]:W0910 13:58:33.012000 2608033 torch/_dynamo/convert_frame.py:2147]     dynamo_output = compile_frame(
[rank3]:W0910 13:58:33.012000 2608033 torch/_dynamo/convert_frame.py:2147]                     ^^^^^^^^^^^^^^
[rank3]:W0910 13:58:33.012000 2608033 torch/_dynamo/convert_frame.py:2147]   File "/usr/local/lib/python3.12/dist-packages/torch/_dynamo/convert_frame.py", line 1408, in compile_frame
[rank3]:W0910 13:58:33.012000 2608033 torch/_dynamo/convert_frame.py:2147]     bytecode, tracer_output = transform_code_object(code, transform)
[rank3]:W0910 13:58:33.012000 2608033 torch/_dynamo/convert_frame.py:2147]                               ^^^^^^^^^^^^^^^^^^^^^^^^^^^^^^^^^^^^^^
[rank3]:W0910 13:58:33.012000 2608033 torch/_dynamo/convert_frame.py:2147]   File "/usr/local/lib/python3.12/dist-packages/torch/_dynamo/bytecode_transformation.py", line 1608, in transform_code_object
[rank3]:W0910 13:58:33.012000 2608033 torch/_dynamo/convert_frame.py:2147]     tracer_output = transformations(instructions, code_options)
[rank3]:W0910 13:58:33.012000 2608033 torch/_dynamo/convert_frame.py:2147]                     ^^^^^^^^^^^^^^^^^^^^^^^^^^^^^^^^^^^^^^^^^^^
[rank3]:W0910 13:58:33.012000 2608033 torch/_dynamo/convert_frame.py:2147]   File "/usr/local/lib/python3.12/dist-packages/torch/_dynamo/convert_frame.py", line 1380, in transform
[rank3]:W0910 13:58:33.012000 2608033 torch/_dynamo/convert_frame.py:2147]     tracer_output = trace_frame(
[rank3]:W0910 13:58:33.012000 2608033 torch/_dynamo/convert_frame.py:2147]                     ^^^^^^^^^^^^
[rank3]:W0910 13:58:33.012000 2608033 torch/_dynamo/convert_frame.py:2147]   File "/usr/local/lib/python3.12/dist-packages/torch/_dynamo/convert_frame.py", line 341, in _fn
[rank3]:W0910 13:58:33.012000 2608033 torch/_dynamo/convert_frame.py:2147]     return fn(*args, **kwargs)
[rank3]:W0910 13:58:33.012000 2608033 torch/_dynamo/convert_frame.py:2147]            ^^^^^^^^^^^^^^^^^^^
[rank3]:W0910 13:58:33.012000 2608033 torch/_dynamo/convert_frame.py:2147]   File "/usr/local/lib/python3.12/dist-packages/torch/_dynamo/convert_frame.py", line 863, in trace_frame
[rank3]:W0910 13:58:33.012000 2608033 torch/_dynamo/convert_frame.py:2147]     run_tracer()
[rank3]:W0910 13:58:33.012000 2608033 torch/_dynamo/convert_frame.py:2147]   File "/usr/local/lib/python3.12/dist-packages/torch/_dynamo/convert_frame.py", line 844, in run_tracer
[rank3]:W0910 13:58:33.012000 2608033 torch/_dynamo/convert_frame.py:2147]     tracer.run()
[rank3]:W0910 13:58:33.012000 2608033 torch/_dynamo/convert_frame.py:2147]   File "/usr/local/lib/python3.12/dist-packages/torch/_dynamo/symbolic_convert.py", line 1794, in run
[rank3]:W0910 13:58:33.012000 2608033 torch/_dynamo/convert_frame.py:2147]     while self.step():
[rank3]:W0910 13:58:33.012000 2608033 torch/_dynamo/convert_frame.py:2147]           ^^^^^^^^^^^
[rank3]:W0910 13:58:33.012000 2608033 torch/_dynamo/convert_frame.py:2147]   File "/usr/local/lib/python3.12/dist-packages/torch/_dynamo/symbolic_convert.py", line 1459, in step
[rank3]:W0910 13:58:33.012000 2608033 torch/_dynamo/convert_frame.py:2147]     self.dispatch_table[inst.opcode](self, inst)
[rank3]:W0910 13:58:33.012000 2608033 torch/_dynamo/convert_frame.py:2147]   File "/usr/local/lib/python3.12/dist-packages/torch/_dynamo/symbolic_convert.py", line 999, in wrapper
[rank3]:W0910 13:58:33.012000 2608033 torch/_dynamo/convert_frame.py:2147]     return handle_graph_break(self, inst, speculation.reason)
[rank3]:W0910 13:58:33.012000 2608033 torch/_dynamo/convert_frame.py:2147]            ^^^^^^^^^^^^^^^^^^^^^^^^^^^^^^^^^^^^^^^^^^^^^^^^^^
[rank3]:W0910 13:58:33.012000 2608033 torch/_dynamo/convert_frame.py:2147]   File "/usr/local/lib/python3.12/dist-packages/torch/_dynamo/symbolic_convert.py", line 1062, in handle_graph_break
[rank3]:W0910 13:58:33.012000 2608033 torch/_dynamo/convert_frame.py:2147]     all_stack_locals_metadata = self.output.compile_subgraph(
[rank3]:W0910 13:58:33.012000 2608033 torch/_dynamo/convert_frame.py:2147]                                 ^^^^^^^^^^^^^^^^^^^^^^^^^^^^^
[rank3]:W0910 13:58:33.012000 2608033 torch/_dynamo/convert_frame.py:2147]   File "/usr/local/lib/python3.12/dist-packages/torch/_dynamo/output_graph.py", line 1889, in compile_subgraph
[rank3]:W0910 13:58:33.012000 2608033 torch/_dynamo/convert_frame.py:2147]     self.compile_and_call_fx_graph(tx, pass2.graph_output_vars(), root)
[rank3]:W0910 13:58:33.012000 2608033 torch/_dynamo/convert_frame.py:2147]   File "/usr/local/lib/python3.12/dist-packages/torch/_dynamo/output_graph.py", line 2460, in compile_and_call_fx_graph
[rank3]:W0910 13:58:33.012000 2608033 torch/_dynamo/convert_frame.py:2147]     compiled_fn = self.call_user_compiler(gm, self.example_inputs())
[rank3]:W0910 13:58:33.012000 2608033 torch/_dynamo/convert_frame.py:2147]                   ^^^^^^^^^^^^^^^^^^^^^^^^^^^^^^^^^^^^^^^^^^^^^^^^^^
[rank3]:W0910 13:58:33.012000 2608033 torch/_dynamo/convert_frame.py:2147]   File "/usr/local/lib/python3.12/dist-packages/torch/_dynamo/output_graph.py", line 2613, in call_user_compiler
[rank3]:W0910 13:58:33.012000 2608033 torch/_dynamo/convert_frame.py:2147]     return self._call_user_compiler(gm, example_inputs)
[rank3]:W0910 13:58:33.012000 2608033 torch/_dynamo/convert_frame.py:2147]            ^^^^^^^^^^^^^^^^^^^^^^^^^^^^^^^^^^^^^^^^^^^^
[rank3]:W0910 13:58:33.012000 2608033 torch/_dynamo/convert_frame.py:2147]   File "/usr/local/lib/python3.12/dist-packages/torch/_dynamo/output_graph.py", line 2664, in _call_user_compiler
[rank3]:W0910 13:58:33.012000 2608033 torch/_dynamo/convert_frame.py:2147]     compiled_fn = compiler_fn(gm, example_inputs)
[rank3]:W0910 13:58:33.012000 2608033 torch/_dynamo/convert_frame.py:2147]                   ^^^^^^^^^^^^^^^^^^^^^^^^^^^^^^^
[rank3]:W0910 13:58:33.012000 2608033 torch/_dynamo/convert_frame.py:2147]   File "/usr/local/lib/python3.12/dist-packages/torch/_dynamo/backends/distributed.py", line 569, in compile_fn
[rank3]:W0910 13:58:33.012000 2608033 torch/_dynamo/convert_frame.py:2147]     return self.backend_compile_fn(gm, example_inputs)
[rank3]:W0910 13:58:33.012000 2608033 torch/_dynamo/convert_frame.py:2147]            ^^^^^^^^^^^^^^^^^^^^^^^^^^^^^^^^^^^^^^^^^^^
[rank3]:W0910 13:58:33.012000 2608033 torch/_dynamo/convert_frame.py:2147]   File "/usr/local/lib/python3.12/dist-packages/torch/_dynamo/repro/after_dynamo.py", line 156, in __call__
[rank3]:W0910 13:58:33.012000 2608033 torch/_dynamo/convert_frame.py:2147]     compiled_gm = compiler_fn(gm, example_inputs)
[rank3]:W0910 13:58:33.012000 2608033 torch/_dynamo/convert_frame.py:2147]                   ^^^^^^^^^^^^^^^^^^^^^^^^^^^^^^^
[rank3]:W0910 13:58:33.012000 2608033 torch/_dynamo/convert_frame.py:2147]   File "/usr/local/lib/python3.12/dist-packages/torch/__init__.py", line 2461, in __call__
[rank3]:W0910 13:58:33.012000 2608033 torch/_dynamo/convert_frame.py:2147]     return compile_fx(model_, inputs_, config_patches=self.config)
[rank3]:W0910 13:58:33.012000 2608033 torch/_dynamo/convert_frame.py:2147]            ^^^^^^^^^^^^^^^^^^^^^^^^^^^^^^^^^^^^^^^^^^^^^^^^^^^^^^^
[rank3]:W0910 13:58:33.012000 2608033 torch/_dynamo/convert_frame.py:2147]   File "/usr/local/lib/python3.12/dist-packages/torch/_inductor/compile_fx.py", line 2578, in compile_fx
[rank3]:W0910 13:58:33.012000 2608033 torch/_dynamo/convert_frame.py:2147]     return _maybe_wrap_and_compile_fx_main(
[rank3]:W0910 13:58:33.012000 2608033 torch/_dynamo/convert_frame.py:2147]            ^^^^^^^^^^^^^^^^^^^^^^^^^^^^^^^^
[rank3]:W0910 13:58:33.012000 2608033 torch/_dynamo/convert_frame.py:2147]   File "/usr/local/lib/python3.12/dist-packages/torch/_inductor/compile_fx.py", line 2655, in _maybe_wrap_and_compile_fx_main
[rank3]:W0910 13:58:33.012000 2608033 torch/_dynamo/convert_frame.py:2147]     return _compile_fx_main(
[rank3]:W0910 13:58:33.012000 2608033 torch/_dynamo/convert_frame.py:2147]            ^^^^^^^^^^^^^^^^^
[rank3]:W0910 13:58:33.012000 2608033 torch/_dynamo/convert_frame.py:2147]   File "/usr/local/lib/python3.12/dist-packages/torch/_inductor/compile_fx.py", line 2864, in _compile_fx_main
[rank3]:W0910 13:58:33.012000 2608033 torch/_dynamo/convert_frame.py:2147]     raise e.remove_dynamo_frames() from None  # see TORCHDYNAMO_VERBOSE=1
[rank3]:W0910 13:58:33.012000 2608033 torch/_dynamo/convert_frame.py:2147]     ^^^^^^^^^^^^^^^^^^^^^^^^^^^^^^^^^^^^^^^^
[rank3]:W0910 13:58:33.012000 2608033 torch/_dynamo/convert_frame.py:2147]   File "/usr/local/lib/python3.12/dist-packages/torch/_inductor/compile_fx.py", line 1053, in _compile_fx_inner
[rank3]:W0910 13:58:33.012000 2608033 torch/_dynamo/convert_frame.py:2147]     raise InductorError(e, currentframe()).with_traceback(
[rank3]:W0910 13:58:33.012000 2608033 torch/_dynamo/convert_frame.py:2147]   File "/usr/local/lib/python3.12/dist-packages/torch/_inductor/compile_fx.py", line 1037, in _compile_fx_inner
[rank3]:W0910 13:58:33.012000 2608033 torch/_dynamo/convert_frame.py:2147]     mb_compiled_graph = fx_codegen_and_compile(
[rank3]:W0910 13:58:33.012000 2608033 torch/_dynamo/convert_frame.py:2147]                         ^^^^^^^^^^^^^^^^^^^^^^^
[rank3]:W0910 13:58:33.012000 2608033 torch/_dynamo/convert_frame.py:2147]   File "/usr/local/lib/python3.12/dist-packages/torch/_inductor/compile_fx.py", line 1798, in fx_codegen_and_compile
[rank3]:W0910 13:58:33.012000 2608033 torch/_dynamo/convert_frame.py:2147]     return scheme.codegen_and_compile(gm, example_inputs, inputs_to_check, graph_kwargs)
[rank3]:W0910 13:58:33.012000 2608033 torch/_dynamo/convert_frame.py:2147]            ^^^^^^^^^^^^^^^^^^^^^^^^^^^^^^^^^^^^^^^^^^^^^^^^^^^^^^^^^^^^^^^^^^^^^^^^^^^^^
[rank3]:W0910 13:58:33.012000 2608033 torch/_dynamo/convert_frame.py:2147]   File "/usr/local/lib/python3.12/dist-packages/torch/_inductor/compile_fx.py", line 1485, in codegen_and_compile
[rank3]:W0910 13:58:33.012000 2608033 torch/_dynamo/convert_frame.py:2147]     graph.run(*example_inputs)
[rank3]:W0910 13:58:33.012000 2608033 torch/_dynamo/convert_frame.py:2147]   File "/usr/local/lib/python3.12/dist-packages/torch/_inductor/graph.py", line 1025, in run
[rank3]:W0910 13:58:33.012000 2608033 torch/_dynamo/convert_frame.py:2147]     return super().run(*args)
[rank3]:W0910 13:58:33.012000 2608033 torch/_dynamo/convert_frame.py:2147]            ^^^^^^^^^^^^^^^^^^
[rank3]:W0910 13:58:33.012000 2608033 torch/_dynamo/convert_frame.py:2147]   File "/usr/local/lib/python3.12/dist-packages/torch/fx/interpreter.py", line 200, in run
[rank3]:W0910 13:58:33.012000 2608033 torch/_dynamo/convert_frame.py:2147]     self.env[node] = self.run_node(node)
[rank3]:W0910 13:58:33.012000 2608033 torch/_dynamo/convert_frame.py:2147]                      ^^^^^^^^^^^^^^^^^^^
[rank3]:W0910 13:58:33.012000 2608033 torch/_dynamo/convert_frame.py:2147]   File "/usr/local/lib/python3.12/dist-packages/torch/_inductor/graph.py", line 1997, in run_node
[rank3]:W0910 13:58:33.012000 2608033 torch/_dynamo/convert_frame.py:2147]     self.register_users_of(result)
[rank3]:W0910 13:58:33.012000 2608033 torch/_dynamo/convert_frame.py:2147]   File "/usr/local/lib/python3.12/dist-packages/torch/_inductor/graph.py", line 1072, in register_users_of
[rank3]:W0910 13:58:33.012000 2608033 torch/_dynamo/convert_frame.py:2147]     register(node_output)
[rank3]:W0910 13:58:33.012000 2608033 torch/_dynamo/convert_frame.py:2147]   File "/usr/local/lib/python3.12/dist-packages/torch/_inductor/graph.py", line 1069, in register
[rank3]:W0910 13:58:33.012000 2608033 torch/_dynamo/convert_frame.py:2147]     for read_name in value.get_read_names():
[rank3]:W0910 13:58:33.012000 2608033 torch/_dynamo/convert_frame.py:2147]                      ^^^^^^^^^^^^^^^^^^^^^^
[rank3]:W0910 13:58:33.012000 2608033 torch/_dynamo/convert_frame.py:2147]   File "/usr/local/lib/python3.12/dist-packages/torch/_inductor/ir.py", line 8658, in get_read_names
[rank3]:W0910 13:58:33.012000 2608033 torch/_dynamo/convert_frame.py:2147]     return self.data.get_read_names()
[rank3]:W0910 13:58:33.012000 2608033 torch/_dynamo/convert_frame.py:2147]            ^^^^^^^^^^^^^^^^^^^^^^^^^^
[rank3]:W0910 13:58:33.012000 2608033 torch/_dynamo/convert_frame.py:2147]   File "/usr/local/lib/python3.12/dist-packages/torch/_inductor/ir.py", line 8658, in get_read_names
[rank3]:W0910 13:58:33.012000 2608033 torch/_dynamo/convert_frame.py:2147]     return self.data.get_read_names()
[rank3]:W0910 13:58:33.012000 2608033 torch/_dynamo/convert_frame.py:2147]            ^^^^^^^^^^^^^^^^^^^^^^^^^^
[rank3]:W0910 13:58:33.012000 2608033 torch/_dynamo/convert_frame.py:2147]   File "/usr/local/lib/python3.12/dist-packages/torch/_inductor/ir.py", line 4766, in get_read_names
[rank3]:W0910 13:58:33.012000 2608033 torch/_dynamo/convert_frame.py:2147]     return self.data.get_read_names()
[rank3]:W0910 13:58:33.012000 2608033 torch/_dynamo/convert_frame.py:2147]            ^^^^^^^^^^^^^^^^^^^^^^^^^^
[rank3]:W0910 13:58:33.012000 2608033 torch/_dynamo/convert_frame.py:2147]   File "/usr/local/lib/python3.12/dist-packages/torch/_inductor/ir.py", line 1042, in get_read_names
[rank3]:W0910 13:58:33.012000 2608033 torch/_dynamo/convert_frame.py:2147]     return OrderedSet(self.inner_fn_opcount().read_buffers)
[rank3]:W0910 13:58:33.012000 2608033 torch/_dynamo/convert_frame.py:2147]                       ^^^^^^^^^^^^^^^^^^^^^^^
[rank3]:W0910 13:58:33.012000 2608033 torch/_dynamo/convert_frame.py:2147]   File "<string>", line 6, in inner_fn_opcount_cache_on_self
[rank3]:W0910 13:58:33.012000 2608033 torch/_dynamo/convert_frame.py:2147]   File "/usr/local/lib/python3.12/dist-packages/torch/_inductor/ir.py", line 1005, in inner_fn_opcount
[rank3]:W0910 13:58:33.012000 2608033 torch/_dynamo/convert_frame.py:2147]     self.inner_fn(*self.inner_fn_args())
[rank3]:W0910 13:58:33.012000 2608033 torch/_dynamo/convert_frame.py:2147]   File "/usr/local/lib/python3.12/dist-packages/torch/_inductor/lowering.py", line 2735, in inner_fn
[rank3]:W0910 13:58:33.012000 2608033 torch/_dynamo/convert_frame.py:2147]     _boundaries_helper(boundaries),
[rank3]:W0910 13:58:33.012000 2608033 torch/_dynamo/convert_frame.py:2147]     ^^^^^^^^^^^^^^^^^^^^^^^^^^^^^^
[rank3]:W0910 13:58:33.012000 2608033 torch/_dynamo/convert_frame.py:2147]   File "/usr/local/lib/python3.12/dist-packages/torch/_inductor/lowering.py", line 2589, in _boundaries_helper
[rank3]:W0910 13:58:33.012000 2608033 torch/_dynamo/convert_frame.py:2147]     stride = tb.get_stride()
[rank3]:W0910 13:58:33.012000 2608033 torch/_dynamo/convert_frame.py:2147]              ^^^^^^^^^^^^^^^
[rank3]:W0910 13:58:33.012000 2608033 torch/_dynamo/convert_frame.py:2147]   File "/usr/local/lib/python3.12/dist-packages/torch/_inductor/ir.py", line 8573, in get_stride
[rank3]:W0910 13:58:33.012000 2608033 torch/_dynamo/convert_frame.py:2147]     return self.data.get_stride()
[rank3]:W0910 13:58:33.012000 2608033 torch/_dynamo/convert_frame.py:2147]            ^^^^^^^^^^^^^^^^^^^^^^
[rank3]:W0910 13:58:33.012000 2608033 torch/_dynamo/convert_frame.py:2147]   File "/usr/local/lib/python3.12/dist-packages/torch/_inductor/ir.py", line 758, in get_stride
[rank3]:W0910 13:58:33.012000 2608033 torch/_dynamo/convert_frame.py:2147]     raise NotImplementedError(type(self).__name__)
[rank3]:W0910 13:58:33.012000 2608033 torch/_dynamo/convert_frame.py:2147] torch._inductor.exc.InductorError: NotImplementedError: SliceView
[rank3]:W0910 13:58:33.012000 2608033 torch/_dynamo/convert_frame.py:2147] 
[rank3]:W0910 13:58:33.012000 2608033 torch/_dynamo/convert_frame.py:2147] Set TORCHDYNAMO_VERBOSE=1 for the internal stack trace (please do this especially if you're reporting a bug to PyTorch). For even more developer context, set TORCH_LOGS="+dynamo"
[rank3]:W0910 13:58:33.012000 2608033 torch/_dynamo/convert_frame.py:2147] 
[rank5]:W0910 13:58:33.013000 2608035 torch/_dynamo/convert_frame.py:2147] WON'T CONVERT _doc_blocks /work/aupai/model.py line 277 
[rank5]:W0910 13:58:33.013000 2608035 torch/_dynamo/convert_frame.py:2147] due to: 
[rank5]:W0910 13:58:33.013000 2608035 torch/_dynamo/convert_frame.py:2147] Traceback (most recent call last):
[rank5]:W0910 13:58:33.013000 2608035 torch/_dynamo/convert_frame.py:2147]   File "/usr/local/lib/python3.12/dist-packages/torch/_dynamo/convert_frame.py", line 2052, in __call__
[rank5]:W0910 13:58:33.013000 2608035 torch/_dynamo/convert_frame.py:2147]     result = self._inner_convert(
[rank5]:W0910 13:58:33.013000 2608035 torch/_dynamo/convert_frame.py:2147]              ^^^^^^^^^^^^^^^^^^^^
[rank5]:W0910 13:58:33.013000 2608035 torch/_dynamo/convert_frame.py:2147]   File "/usr/local/lib/python3.12/dist-packages/torch/_dynamo/convert_frame.py", line 729, in __call__
[rank5]:W0910 13:58:33.013000 2608035 torch/_dynamo/convert_frame.py:2147]     result = _compile(
[rank5]:W0910 13:58:33.013000 2608035 torch/_dynamo/convert_frame.py:2147]              ^^^^^^^^^
[rank5]:W0910 13:58:33.013000 2608035 torch/_dynamo/convert_frame.py:2147]   File "/usr/local/lib/python3.12/dist-packages/torch/_dynamo/convert_frame.py", line 1827, in _compile
[rank5]:W0910 13:58:33.013000 2608035 torch/_dynamo/convert_frame.py:2147]     guarded_code, tracer_output = compile_inner(code, one_graph, hooks)
[rank5]:W0910 13:58:33.013000 2608035 torch/_dynamo/convert_frame.py:2147]                                   ^^^^^^^^^^^^^^^^^^^^^^^^^^^^^^^^^^^^^
[rank5]:W0910 13:58:33.013000 2608035 torch/_dynamo/convert_frame.py:2147]   File "/usr/local/lib/python3.12/dist-packages/torch/_utils_internal.py", line 96, in wrapper_function
[rank5]:W0910 13:58:33.013000 2608035 torch/_dynamo/convert_frame.py:2147]     return function(*args, **kwargs)
[rank5]:W0910 13:58:33.013000 2608035 torch/_dynamo/convert_frame.py:2147]            ^^^^^^^^^^^^^^^^^^^^^^^^^
[rank5]:W0910 13:58:33.013000 2608035 torch/_dynamo/convert_frame.py:2147]   File "/usr/local/lib/python3.12/dist-packages/torch/_dynamo/convert_frame.py", line 1500, in compile_inner
[rank5]:W0910 13:58:33.013000 2608035 torch/_dynamo/convert_frame.py:2147]     return _compile_inner(code, one_graph, hooks)
[rank5]:W0910 13:58:33.013000 2608035 torch/_dynamo/convert_frame.py:2147]            ^^^^^^^^^^^^^^^^^^^^^^^^^^^^^^^^^^^^^^
[rank5]:W0910 13:58:33.013000 2608035 torch/_dynamo/convert_frame.py:2147]   File "/usr/local/lib/python3.12/dist-packages/torch/_dynamo/convert_frame.py", line 1534, in _compile_inner
[rank5]:W0910 13:58:33.013000 2608035 torch/_dynamo/convert_frame.py:2147]     dynamo_output = compile_frame(
[rank5]:W0910 13:58:33.013000 2608035 torch/_dynamo/convert_frame.py:2147]                     ^^^^^^^^^^^^^^
[rank5]:W0910 13:58:33.013000 2608035 torch/_dynamo/convert_frame.py:2147]   File "/usr/local/lib/python3.12/dist-packages/torch/_dynamo/convert_frame.py", line 1408, in compile_frame
[rank5]:W0910 13:58:33.013000 2608035 torch/_dynamo/convert_frame.py:2147]     bytecode, tracer_output = transform_code_object(code, transform)
[rank5]:W0910 13:58:33.013000 2608035 torch/_dynamo/convert_frame.py:2147]                               ^^^^^^^^^^^^^^^^^^^^^^^^^^^^^^^^^^^^^^
[rank5]:W0910 13:58:33.013000 2608035 torch/_dynamo/convert_frame.py:2147]   File "/usr/local/lib/python3.12/dist-packages/torch/_dynamo/bytecode_transformation.py", line 1608, in transform_code_object
[rank5]:W0910 13:58:33.013000 2608035 torch/_dynamo/convert_frame.py:2147]     tracer_output = transformations(instructions, code_options)
[rank5]:W0910 13:58:33.013000 2608035 torch/_dynamo/convert_frame.py:2147]                     ^^^^^^^^^^^^^^^^^^^^^^^^^^^^^^^^^^^^^^^^^^^
[rank5]:W0910 13:58:33.013000 2608035 torch/_dynamo/convert_frame.py:2147]   File "/usr/local/lib/python3.12/dist-packages/torch/_dynamo/convert_frame.py", line 1380, in transform
[rank5]:W0910 13:58:33.013000 2608035 torch/_dynamo/convert_frame.py:2147]     tracer_output = trace_frame(
[rank5]:W0910 13:58:33.013000 2608035 torch/_dynamo/convert_frame.py:2147]                     ^^^^^^^^^^^^
[rank5]:W0910 13:58:33.013000 2608035 torch/_dynamo/convert_frame.py:2147]   File "/usr/local/lib/python3.12/dist-packages/torch/_dynamo/convert_frame.py", line 341, in _fn
[rank5]:W0910 13:58:33.013000 2608035 torch/_dynamo/convert_frame.py:2147]     return fn(*args, **kwargs)
[rank5]:W0910 13:58:33.013000 2608035 torch/_dynamo/convert_frame.py:2147]            ^^^^^^^^^^^^^^^^^^^
[rank5]:W0910 13:58:33.013000 2608035 torch/_dynamo/convert_frame.py:2147]   File "/usr/local/lib/python3.12/dist-packages/torch/_dynamo/convert_frame.py", line 863, in trace_frame
[rank5]:W0910 13:58:33.013000 2608035 torch/_dynamo/convert_frame.py:2147]     run_tracer()
[rank5]:W0910 13:58:33.013000 2608035 torch/_dynamo/convert_frame.py:2147]   File "/usr/local/lib/python3.12/dist-packages/torch/_dynamo/convert_frame.py", line 844, in run_tracer
[rank5]:W0910 13:58:33.013000 2608035 torch/_dynamo/convert_frame.py:2147]     tracer.run()
[rank5]:W0910 13:58:33.013000 2608035 torch/_dynamo/convert_frame.py:2147]   File "/usr/local/lib/python3.12/dist-packages/torch/_dynamo/symbolic_convert.py", line 1794, in run
[rank5]:W0910 13:58:33.013000 2608035 torch/_dynamo/convert_frame.py:2147]     while self.step():
[rank5]:W0910 13:58:33.013000 2608035 torch/_dynamo/convert_frame.py:2147]           ^^^^^^^^^^^
[rank5]:W0910 13:58:33.013000 2608035 torch/_dynamo/convert_frame.py:2147]   File "/usr/local/lib/python3.12/dist-packages/torch/_dynamo/symbolic_convert.py", line 1459, in step
[rank5]:W0910 13:58:33.013000 2608035 torch/_dynamo/convert_frame.py:2147]     self.dispatch_table[inst.opcode](self, inst)
[rank5]:W0910 13:58:33.013000 2608035 torch/_dynamo/convert_frame.py:2147]   File "/usr/local/lib/python3.12/dist-packages/torch/_dynamo/symbolic_convert.py", line 999, in wrapper
[rank5]:W0910 13:58:33.013000 2608035 torch/_dynamo/convert_frame.py:2147]     return handle_graph_break(self, inst, speculation.reason)
[rank5]:W0910 13:58:33.013000 2608035 torch/_dynamo/convert_frame.py:2147]            ^^^^^^^^^^^^^^^^^^^^^^^^^^^^^^^^^^^^^^^^^^^^^^^^^^
[rank5]:W0910 13:58:33.013000 2608035 torch/_dynamo/convert_frame.py:2147]   File "/usr/local/lib/python3.12/dist-packages/torch/_dynamo/symbolic_convert.py", line 1062, in handle_graph_break
[rank5]:W0910 13:58:33.013000 2608035 torch/_dynamo/convert_frame.py:2147]     all_stack_locals_metadata = self.output.compile_subgraph(
[rank5]:W0910 13:58:33.013000 2608035 torch/_dynamo/convert_frame.py:2147]                                 ^^^^^^^^^^^^^^^^^^^^^^^^^^^^^
[rank5]:W0910 13:58:33.013000 2608035 torch/_dynamo/convert_frame.py:2147]   File "/usr/local/lib/python3.12/dist-packages/torch/_dynamo/output_graph.py", line 1889, in compile_subgraph
[rank5]:W0910 13:58:33.013000 2608035 torch/_dynamo/convert_frame.py:2147]     self.compile_and_call_fx_graph(tx, pass2.graph_output_vars(), root)
[rank5]:W0910 13:58:33.013000 2608035 torch/_dynamo/convert_frame.py:2147]   File "/usr/local/lib/python3.12/dist-packages/torch/_dynamo/output_graph.py", line 2460, in compile_and_call_fx_graph
[rank5]:W0910 13:58:33.013000 2608035 torch/_dynamo/convert_frame.py:2147]     compiled_fn = self.call_user_compiler(gm, self.example_inputs())
[rank5]:W0910 13:58:33.013000 2608035 torch/_dynamo/convert_frame.py:2147]                   ^^^^^^^^^^^^^^^^^^^^^^^^^^^^^^^^^^^^^^^^^^^^^^^^^^
[rank5]:W0910 13:58:33.013000 2608035 torch/_dynamo/convert_frame.py:2147]   File "/usr/local/lib/python3.12/dist-packages/torch/_dynamo/output_graph.py", line 2613, in call_user_compiler
[rank5]:W0910 13:58:33.013000 2608035 torch/_dynamo/convert_frame.py:2147]     return self._call_user_compiler(gm, example_inputs)
[rank5]:W0910 13:58:33.013000 2608035 torch/_dynamo/convert_frame.py:2147]            ^^^^^^^^^^^^^^^^^^^^^^^^^^^^^^^^^^^^^^^^^^^^
[rank5]:W0910 13:58:33.013000 2608035 torch/_dynamo/convert_frame.py:2147]   File "/usr/local/lib/python3.12/dist-packages/torch/_dynamo/output_graph.py", line 2664, in _call_user_compiler
[rank5]:W0910 13:58:33.013000 2608035 torch/_dynamo/convert_frame.py:2147]     compiled_fn = compiler_fn(gm, example_inputs)
[rank5]:W0910 13:58:33.013000 2608035 torch/_dynamo/convert_frame.py:2147]                   ^^^^^^^^^^^^^^^^^^^^^^^^^^^^^^^
[rank5]:W0910 13:58:33.013000 2608035 torch/_dynamo/convert_frame.py:2147]   File "/usr/local/lib/python3.12/dist-packages/torch/_dynamo/backends/distributed.py", line 569, in compile_fn
[rank5]:W0910 13:58:33.013000 2608035 torch/_dynamo/convert_frame.py:2147]     return self.backend_compile_fn(gm, example_inputs)
[rank5]:W0910 13:58:33.013000 2608035 torch/_dynamo/convert_frame.py:2147]            ^^^^^^^^^^^^^^^^^^^^^^^^^^^^^^^^^^^^^^^^^^^
[rank5]:W0910 13:58:33.013000 2608035 torch/_dynamo/convert_frame.py:2147]   File "/usr/local/lib/python3.12/dist-packages/torch/_dynamo/repro/after_dynamo.py", line 156, in __call__
[rank5]:W0910 13:58:33.013000 2608035 torch/_dynamo/convert_frame.py:2147]     compiled_gm = compiler_fn(gm, example_inputs)
[rank5]:W0910 13:58:33.013000 2608035 torch/_dynamo/convert_frame.py:2147]                   ^^^^^^^^^^^^^^^^^^^^^^^^^^^^^^^
[rank5]:W0910 13:58:33.013000 2608035 torch/_dynamo/convert_frame.py:2147]   File "/usr/local/lib/python3.12/dist-packages/torch/__init__.py", line 2461, in __call__
[rank5]:W0910 13:58:33.013000 2608035 torch/_dynamo/convert_frame.py:2147]     return compile_fx(model_, inputs_, config_patches=self.config)
[rank5]:W0910 13:58:33.013000 2608035 torch/_dynamo/convert_frame.py:2147]            ^^^^^^^^^^^^^^^^^^^^^^^^^^^^^^^^^^^^^^^^^^^^^^^^^^^^^^^
[rank5]:W0910 13:58:33.013000 2608035 torch/_dynamo/convert_frame.py:2147]   File "/usr/local/lib/python3.12/dist-packages/torch/_inductor/compile_fx.py", line 2578, in compile_fx
[rank5]:W0910 13:58:33.013000 2608035 torch/_dynamo/convert_frame.py:2147]     return _maybe_wrap_and_compile_fx_main(
[rank5]:W0910 13:58:33.013000 2608035 torch/_dynamo/convert_frame.py:2147]            ^^^^^^^^^^^^^^^^^^^^^^^^^^^^^^^^
[rank5]:W0910 13:58:33.013000 2608035 torch/_dynamo/convert_frame.py:2147]   File "/usr/local/lib/python3.12/dist-packages/torch/_inductor/compile_fx.py", line 2655, in _maybe_wrap_and_compile_fx_main
[rank5]:W0910 13:58:33.013000 2608035 torch/_dynamo/convert_frame.py:2147]     return _compile_fx_main(
[rank5]:W0910 13:58:33.013000 2608035 torch/_dynamo/convert_frame.py:2147]            ^^^^^^^^^^^^^^^^^
[rank5]:W0910 13:58:33.013000 2608035 torch/_dynamo/convert_frame.py:2147]   File "/usr/local/lib/python3.12/dist-packages/torch/_inductor/compile_fx.py", line 2864, in _compile_fx_main
[rank5]:W0910 13:58:33.013000 2608035 torch/_dynamo/convert_frame.py:2147]     raise e.remove_dynamo_frames() from None  # see TORCHDYNAMO_VERBOSE=1
[rank5]:W0910 13:58:33.013000 2608035 torch/_dynamo/convert_frame.py:2147]     ^^^^^^^^^^^^^^^^^^^^^^^^^^^^^^^^^^^^^^^^
[rank5]:W0910 13:58:33.013000 2608035 torch/_dynamo/convert_frame.py:2147]   File "/usr/local/lib/python3.12/dist-packages/torch/_inductor/compile_fx.py", line 1053, in _compile_fx_inner
[rank5]:W0910 13:58:33.013000 2608035 torch/_dynamo/convert_frame.py:2147]     raise InductorError(e, currentframe()).with_traceback(
[rank5]:W0910 13:58:33.013000 2608035 torch/_dynamo/convert_frame.py:2147]   File "/usr/local/lib/python3.12/dist-packages/torch/_inductor/compile_fx.py", line 1037, in _compile_fx_inner
[rank5]:W0910 13:58:33.013000 2608035 torch/_dynamo/convert_frame.py:2147]     mb_compiled_graph = fx_codegen_and_compile(
[rank5]:W0910 13:58:33.013000 2608035 torch/_dynamo/convert_frame.py:2147]                         ^^^^^^^^^^^^^^^^^^^^^^^
[rank5]:W0910 13:58:33.013000 2608035 torch/_dynamo/convert_frame.py:2147]   File "/usr/local/lib/python3.12/dist-packages/torch/_inductor/compile_fx.py", line 1798, in fx_codegen_and_compile
[rank5]:W0910 13:58:33.013000 2608035 torch/_dynamo/convert_frame.py:2147]     return scheme.codegen_and_compile(gm, example_inputs, inputs_to_check, graph_kwargs)
[rank5]:W0910 13:58:33.013000 2608035 torch/_dynamo/convert_frame.py:2147]            ^^^^^^^^^^^^^^^^^^^^^^^^^^^^^^^^^^^^^^^^^^^^^^^^^^^^^^^^^^^^^^^^^^^^^^^^^^^^^
[rank5]:W0910 13:58:33.013000 2608035 torch/_dynamo/convert_frame.py:2147]   File "/usr/local/lib/python3.12/dist-packages/torch/_inductor/compile_fx.py", line 1485, in codegen_and_compile
[rank5]:W0910 13:58:33.013000 2608035 torch/_dynamo/convert_frame.py:2147]     graph.run(*example_inputs)
[rank5]:W0910 13:58:33.013000 2608035 torch/_dynamo/convert_frame.py:2147]   File "/usr/local/lib/python3.12/dist-packages/torch/_inductor/graph.py", line 1025, in run
[rank5]:W0910 13:58:33.013000 2608035 torch/_dynamo/convert_frame.py:2147]     return super().run(*args)
[rank5]:W0910 13:58:33.013000 2608035 torch/_dynamo/convert_frame.py:2147]            ^^^^^^^^^^^^^^^^^^
[rank5]:W0910 13:58:33.013000 2608035 torch/_dynamo/convert_frame.py:2147]   File "/usr/local/lib/python3.12/dist-packages/torch/fx/interpreter.py", line 200, in run
[rank5]:W0910 13:58:33.013000 2608035 torch/_dynamo/convert_frame.py:2147]     self.env[node] = self.run_node(node)
[rank5]:W0910 13:58:33.013000 2608035 torch/_dynamo/convert_frame.py:2147]                      ^^^^^^^^^^^^^^^^^^^
[rank5]:W0910 13:58:33.013000 2608035 torch/_dynamo/convert_frame.py:2147]   File "/usr/local/lib/python3.12/dist-packages/torch/_inductor/graph.py", line 1997, in run_node
[rank5]:W0910 13:58:33.013000 2608035 torch/_dynamo/convert_frame.py:2147]     self.register_users_of(result)
[rank5]:W0910 13:58:33.013000 2608035 torch/_dynamo/convert_frame.py:2147]   File "/usr/local/lib/python3.12/dist-packages/torch/_inductor/graph.py", line 1072, in register_users_of
[rank5]:W0910 13:58:33.013000 2608035 torch/_dynamo/convert_frame.py:2147]     register(node_output)
[rank5]:W0910 13:58:33.013000 2608035 torch/_dynamo/convert_frame.py:2147]   File "/usr/local/lib/python3.12/dist-packages/torch/_inductor/graph.py", line 1069, in register
[rank5]:W0910 13:58:33.013000 2608035 torch/_dynamo/convert_frame.py:2147]     for read_name in value.get_read_names():
[rank5]:W0910 13:58:33.013000 2608035 torch/_dynamo/convert_frame.py:2147]                      ^^^^^^^^^^^^^^^^^^^^^^
[rank5]:W0910 13:58:33.013000 2608035 torch/_dynamo/convert_frame.py:2147]   File "/usr/local/lib/python3.12/dist-packages/torch/_inductor/ir.py", line 8658, in get_read_names
[rank5]:W0910 13:58:33.013000 2608035 torch/_dynamo/convert_frame.py:2147]     return self.data.get_read_names()
[rank5]:W0910 13:58:33.013000 2608035 torch/_dynamo/convert_frame.py:2147]            ^^^^^^^^^^^^^^^^^^^^^^^^^^
[rank5]:W0910 13:58:33.013000 2608035 torch/_dynamo/convert_frame.py:2147]   File "/usr/local/lib/python3.12/dist-packages/torch/_inductor/ir.py", line 8658, in get_read_names
[rank5]:W0910 13:58:33.013000 2608035 torch/_dynamo/convert_frame.py:2147]     return self.data.get_read_names()
[rank5]:W0910 13:58:33.013000 2608035 torch/_dynamo/convert_frame.py:2147]            ^^^^^^^^^^^^^^^^^^^^^^^^^^
[rank5]:W0910 13:58:33.013000 2608035 torch/_dynamo/convert_frame.py:2147]   File "/usr/local/lib/python3.12/dist-packages/torch/_inductor/ir.py", line 4766, in get_read_names
[rank5]:W0910 13:58:33.013000 2608035 torch/_dynamo/convert_frame.py:2147]     return self.data.get_read_names()
[rank5]:W0910 13:58:33.013000 2608035 torch/_dynamo/convert_frame.py:2147]            ^^^^^^^^^^^^^^^^^^^^^^^^^^
[rank5]:W0910 13:58:33.013000 2608035 torch/_dynamo/convert_frame.py:2147]   File "/usr/local/lib/python3.12/dist-packages/torch/_inductor/ir.py", line 1042, in get_read_names
[rank5]:W0910 13:58:33.013000 2608035 torch/_dynamo/convert_frame.py:2147]     return OrderedSet(self.inner_fn_opcount().read_buffers)
[rank5]:W0910 13:58:33.013000 2608035 torch/_dynamo/convert_frame.py:2147]                       ^^^^^^^^^^^^^^^^^^^^^^^
[rank5]:W0910 13:58:33.013000 2608035 torch/_dynamo/convert_frame.py:2147]   File "<string>", line 6, in inner_fn_opcount_cache_on_self
[rank5]:W0910 13:58:33.013000 2608035 torch/_dynamo/convert_frame.py:2147]   File "/usr/local/lib/python3.12/dist-packages/torch/_inductor/ir.py", line 1005, in inner_fn_opcount
[rank5]:W0910 13:58:33.013000 2608035 torch/_dynamo/convert_frame.py:2147]     self.inner_fn(*self.inner_fn_args())
[rank5]:W0910 13:58:33.013000 2608035 torch/_dynamo/convert_frame.py:2147]   File "/usr/local/lib/python3.12/dist-packages/torch/_inductor/lowering.py", line 2735, in inner_fn
[rank5]:W0910 13:58:33.013000 2608035 torch/_dynamo/convert_frame.py:2147]     _boundaries_helper(boundaries),
[rank5]:W0910 13:58:33.013000 2608035 torch/_dynamo/convert_frame.py:2147]     ^^^^^^^^^^^^^^^^^^^^^^^^^^^^^^
[rank5]:W0910 13:58:33.013000 2608035 torch/_dynamo/convert_frame.py:2147]   File "/usr/local/lib/python3.12/dist-packages/torch/_inductor/lowering.py", line 2589, in _boundaries_helper
[rank5]:W0910 13:58:33.013000 2608035 torch/_dynamo/convert_frame.py:2147]     stride = tb.get_stride()
[rank5]:W0910 13:58:33.013000 2608035 torch/_dynamo/convert_frame.py:2147]              ^^^^^^^^^^^^^^^
[rank5]:W0910 13:58:33.013000 2608035 torch/_dynamo/convert_frame.py:2147]   File "/usr/local/lib/python3.12/dist-packages/torch/_inductor/ir.py", line 8573, in get_stride
[rank5]:W0910 13:58:33.013000 2608035 torch/_dynamo/convert_frame.py:2147]     return self.data.get_stride()
[rank5]:W0910 13:58:33.013000 2608035 torch/_dynamo/convert_frame.py:2147]            ^^^^^^^^^^^^^^^^^^^^^^
[rank5]:W0910 13:58:33.013000 2608035 torch/_dynamo/convert_frame.py:2147]   File "/usr/local/lib/python3.12/dist-packages/torch/_inductor/ir.py", line 758, in get_stride
[rank5]:W0910 13:58:33.013000 2608035 torch/_dynamo/convert_frame.py:2147]     raise NotImplementedError(type(self).__name__)
[rank5]:W0910 13:58:33.013000 2608035 torch/_dynamo/convert_frame.py:2147] torch._inductor.exc.InductorError: NotImplementedError: SliceView
[rank5]:W0910 13:58:33.013000 2608035 torch/_dynamo/convert_frame.py:2147] 
[rank5]:W0910 13:58:33.013000 2608035 torch/_dynamo/convert_frame.py:2147] Set TORCHDYNAMO_VERBOSE=1 for the internal stack trace (please do this especially if you're reporting a bug to PyTorch). For even more developer context, set TORCH_LOGS="+dynamo"
[rank5]:W0910 13:58:33.013000 2608035 torch/_dynamo/convert_frame.py:2147] 
[rank5]:W0910 13:58:33.013000 2608035 torch/_dynamo/convert_frame.py:2147] Traceback (most recent call last):
[rank5]:W0910 13:58:33.013000 2608035 torch/_dynamo/convert_frame.py:2147]   File "/usr/local/lib/python3.12/dist-packages/torch/_dynamo/convert_frame.py", line 2052, in __call__
[rank5]:W0910 13:58:33.013000 2608035 torch/_dynamo/convert_frame.py:2147]     result = self._inner_convert(
[rank5]:W0910 13:58:33.013000 2608035 torch/_dynamo/convert_frame.py:2147]              ^^^^^^^^^^^^^^^^^^^^
[rank5]:W0910 13:58:33.013000 2608035 torch/_dynamo/convert_frame.py:2147]   File "/usr/local/lib/python3.12/dist-packages/torch/_dynamo/convert_frame.py", line 729, in __call__
[rank5]:W0910 13:58:33.013000 2608035 torch/_dynamo/convert_frame.py:2147]     result = _compile(
[rank5]:W0910 13:58:33.013000 2608035 torch/_dynamo/convert_frame.py:2147]              ^^^^^^^^^
[rank5]:W0910 13:58:33.013000 2608035 torch/_dynamo/convert_frame.py:2147]   File "/usr/local/lib/python3.12/dist-packages/torch/_dynamo/convert_frame.py", line 1827, in _compile
[rank5]:W0910 13:58:33.013000 2608035 torch/_dynamo/convert_frame.py:2147]     guarded_code, tracer_output = compile_inner(code, one_graph, hooks)
[rank5]:W0910 13:58:33.013000 2608035 torch/_dynamo/convert_frame.py:2147]                                   ^^^^^^^^^^^^^^^^^^^^^^^^^^^^^^^^^^^^^
[rank5]:W0910 13:58:33.013000 2608035 torch/_dynamo/convert_frame.py:2147]   File "/usr/local/lib/python3.12/dist-packages/torch/_utils_internal.py", line 96, in wrapper_function
[rank5]:W0910 13:58:33.013000 2608035 torch/_dynamo/convert_frame.py:2147]     return function(*args, **kwargs)
[rank5]:W0910 13:58:33.013000 2608035 torch/_dynamo/convert_frame.py:2147]            ^^^^^^^^^^^^^^^^^^^^^^^^^
[rank5]:W0910 13:58:33.013000 2608035 torch/_dynamo/convert_frame.py:2147]   File "/usr/local/lib/python3.12/dist-packages/torch/_dynamo/convert_frame.py", line 1500, in compile_inner
[rank5]:W0910 13:58:33.013000 2608035 torch/_dynamo/convert_frame.py:2147]     return _compile_inner(code, one_graph, hooks)
[rank5]:W0910 13:58:33.013000 2608035 torch/_dynamo/convert_frame.py:2147]            ^^^^^^^^^^^^^^^^^^^^^^^^^^^^^^^^^^^^^^
[rank5]:W0910 13:58:33.013000 2608035 torch/_dynamo/convert_frame.py:2147]   File "/usr/local/lib/python3.12/dist-packages/torch/_dynamo/convert_frame.py", line 1534, in _compile_inner
[rank5]:W0910 13:58:33.013000 2608035 torch/_dynamo/convert_frame.py:2147]     dynamo_output = compile_frame(
[rank5]:W0910 13:58:33.013000 2608035 torch/_dynamo/convert_frame.py:2147]                     ^^^^^^^^^^^^^^
[rank5]:W0910 13:58:33.013000 2608035 torch/_dynamo/convert_frame.py:2147]   File "/usr/local/lib/python3.12/dist-packages/torch/_dynamo/convert_frame.py", line 1408, in compile_frame
[rank5]:W0910 13:58:33.013000 2608035 torch/_dynamo/convert_frame.py:2147]     bytecode, tracer_output = transform_code_object(code, transform)
[rank5]:W0910 13:58:33.013000 2608035 torch/_dynamo/convert_frame.py:2147]                               ^^^^^^^^^^^^^^^^^^^^^^^^^^^^^^^^^^^^^^
[rank5]:W0910 13:58:33.013000 2608035 torch/_dynamo/convert_frame.py:2147]   File "/usr/local/lib/python3.12/dist-packages/torch/_dynamo/bytecode_transformation.py", line 1608, in transform_code_object
[rank5]:W0910 13:58:33.013000 2608035 torch/_dynamo/convert_frame.py:2147]     tracer_output = transformations(instructions, code_options)
[rank5]:W0910 13:58:33.013000 2608035 torch/_dynamo/convert_frame.py:2147]                     ^^^^^^^^^^^^^^^^^^^^^^^^^^^^^^^^^^^^^^^^^^^
[rank5]:W0910 13:58:33.013000 2608035 torch/_dynamo/convert_frame.py:2147]   File "/usr/local/lib/python3.12/dist-packages/torch/_dynamo/convert_frame.py", line 1380, in transform
[rank5]:W0910 13:58:33.013000 2608035 torch/_dynamo/convert_frame.py:2147]     tracer_output = trace_frame(
[rank5]:W0910 13:58:33.013000 2608035 torch/_dynamo/convert_frame.py:2147]                     ^^^^^^^^^^^^
[rank5]:W0910 13:58:33.013000 2608035 torch/_dynamo/convert_frame.py:2147]   File "/usr/local/lib/python3.12/dist-packages/torch/_dynamo/convert_frame.py", line 341, in _fn
[rank5]:W0910 13:58:33.013000 2608035 torch/_dynamo/convert_frame.py:2147]     return fn(*args, **kwargs)
[rank5]:W0910 13:58:33.013000 2608035 torch/_dynamo/convert_frame.py:2147]            ^^^^^^^^^^^^^^^^^^^
[rank5]:W0910 13:58:33.013000 2608035 torch/_dynamo/convert_frame.py:2147]   File "/usr/local/lib/python3.12/dist-packages/torch/_dynamo/convert_frame.py", line 863, in trace_frame
[rank5]:W0910 13:58:33.013000 2608035 torch/_dynamo/convert_frame.py:2147]     run_tracer()
[rank5]:W0910 13:58:33.013000 2608035 torch/_dynamo/convert_frame.py:2147]   File "/usr/local/lib/python3.12/dist-packages/torch/_dynamo/convert_frame.py", line 844, in run_tracer
[rank5]:W0910 13:58:33.013000 2608035 torch/_dynamo/convert_frame.py:2147]     tracer.run()
[rank5]:W0910 13:58:33.013000 2608035 torch/_dynamo/convert_frame.py:2147]   File "/usr/local/lib/python3.12/dist-packages/torch/_dynamo/symbolic_convert.py", line 1794, in run
[rank5]:W0910 13:58:33.013000 2608035 torch/_dynamo/convert_frame.py:2147]     while self.step():
[rank5]:W0910 13:58:33.013000 2608035 torch/_dynamo/convert_frame.py:2147]           ^^^^^^^^^^^
[rank5]:W0910 13:58:33.013000 2608035 torch/_dynamo/convert_frame.py:2147]   File "/usr/local/lib/python3.12/dist-packages/torch/_dynamo/symbolic_convert.py", line 1459, in step
[rank5]:W0910 13:58:33.013000 2608035 torch/_dynamo/convert_frame.py:2147]     self.dispatch_table[inst.opcode](self, inst)
[rank5]:W0910 13:58:33.013000 2608035 torch/_dynamo/convert_frame.py:2147]   File "/usr/local/lib/python3.12/dist-packages/torch/_dynamo/symbolic_convert.py", line 999, in wrapper
[rank5]:W0910 13:58:33.013000 2608035 torch/_dynamo/convert_frame.py:2147]     return handle_graph_break(self, inst, speculation.reason)
[rank5]:W0910 13:58:33.013000 2608035 torch/_dynamo/convert_frame.py:2147]            ^^^^^^^^^^^^^^^^^^^^^^^^^^^^^^^^^^^^^^^^^^^^^^^^^^
[rank5]:W0910 13:58:33.013000 2608035 torch/_dynamo/convert_frame.py:2147]   File "/usr/local/lib/python3.12/dist-packages/torch/_dynamo/symbolic_convert.py", line 1062, in handle_graph_break
[rank5]:W0910 13:58:33.013000 2608035 torch/_dynamo/convert_frame.py:2147]     all_stack_locals_metadata = self.output.compile_subgraph(
[rank5]:W0910 13:58:33.013000 2608035 torch/_dynamo/convert_frame.py:2147]                                 ^^^^^^^^^^^^^^^^^^^^^^^^^^^^^
[rank5]:W0910 13:58:33.013000 2608035 torch/_dynamo/convert_frame.py:2147]   File "/usr/local/lib/python3.12/dist-packages/torch/_dynamo/output_graph.py", line 1889, in compile_subgraph
[rank5]:W0910 13:58:33.013000 2608035 torch/_dynamo/convert_frame.py:2147]     self.compile_and_call_fx_graph(tx, pass2.graph_output_vars(), root)
[rank5]:W0910 13:58:33.013000 2608035 torch/_dynamo/convert_frame.py:2147]   File "/usr/local/lib/python3.12/dist-packages/torch/_dynamo/output_graph.py", line 2460, in compile_and_call_fx_graph
[rank5]:W0910 13:58:33.013000 2608035 torch/_dynamo/convert_frame.py:2147]     compiled_fn = self.call_user_compiler(gm, self.example_inputs())
[rank5]:W0910 13:58:33.013000 2608035 torch/_dynamo/convert_frame.py:2147]                   ^^^^^^^^^^^^^^^^^^^^^^^^^^^^^^^^^^^^^^^^^^^^^^^^^^
[rank5]:W0910 13:58:33.013000 2608035 torch/_dynamo/convert_frame.py:2147]   File "/usr/local/lib/python3.12/dist-packages/torch/_dynamo/output_graph.py", line 2613, in call_user_compiler
[rank5]:W0910 13:58:33.013000 2608035 torch/_dynamo/convert_frame.py:2147]     return self._call_user_compiler(gm, example_inputs)
[rank5]:W0910 13:58:33.013000 2608035 torch/_dynamo/convert_frame.py:2147]            ^^^^^^^^^^^^^^^^^^^^^^^^^^^^^^^^^^^^^^^^^^^^
[rank5]:W0910 13:58:33.013000 2608035 torch/_dynamo/convert_frame.py:2147]   File "/usr/local/lib/python3.12/dist-packages/torch/_dynamo/output_graph.py", line 2664, in _call_user_compiler
[rank5]:W0910 13:58:33.013000 2608035 torch/_dynamo/convert_frame.py:2147]     compiled_fn = compiler_fn(gm, example_inputs)
[rank5]:W0910 13:58:33.013000 2608035 torch/_dynamo/convert_frame.py:2147]                   ^^^^^^^^^^^^^^^^^^^^^^^^^^^^^^^
[rank5]:W0910 13:58:33.013000 2608035 torch/_dynamo/convert_frame.py:2147]   File "/usr/local/lib/python3.12/dist-packages/torch/_dynamo/backends/distributed.py", line 569, in compile_fn
[rank5]:W0910 13:58:33.013000 2608035 torch/_dynamo/convert_frame.py:2147]     return self.backend_compile_fn(gm, example_inputs)
[rank5]:W0910 13:58:33.013000 2608035 torch/_dynamo/convert_frame.py:2147]            ^^^^^^^^^^^^^^^^^^^^^^^^^^^^^^^^^^^^^^^^^^^
[rank5]:W0910 13:58:33.013000 2608035 torch/_dynamo/convert_frame.py:2147]   File "/usr/local/lib/python3.12/dist-packages/torch/_dynamo/repro/after_dynamo.py", line 156, in __call__
[rank5]:W0910 13:58:33.013000 2608035 torch/_dynamo/convert_frame.py:2147]     compiled_gm = compiler_fn(gm, example_inputs)
[rank5]:W0910 13:58:33.013000 2608035 torch/_dynamo/convert_frame.py:2147]                   ^^^^^^^^^^^^^^^^^^^^^^^^^^^^^^^
[rank5]:W0910 13:58:33.013000 2608035 torch/_dynamo/convert_frame.py:2147]   File "/usr/local/lib/python3.12/dist-packages/torch/__init__.py", line 2461, in __call__
[rank5]:W0910 13:58:33.013000 2608035 torch/_dynamo/convert_frame.py:2147]     return compile_fx(model_, inputs_, config_patches=self.config)
[rank5]:W0910 13:58:33.013000 2608035 torch/_dynamo/convert_frame.py:2147]            ^^^^^^^^^^^^^^^^^^^^^^^^^^^^^^^^^^^^^^^^^^^^^^^^^^^^^^^
[rank5]:W0910 13:58:33.013000 2608035 torch/_dynamo/convert_frame.py:2147]   File "/usr/local/lib/python3.12/dist-packages/torch/_inductor/compile_fx.py", line 2578, in compile_fx
[rank5]:W0910 13:58:33.013000 2608035 torch/_dynamo/convert_frame.py:2147]     return _maybe_wrap_and_compile_fx_main(
[rank5]:W0910 13:58:33.013000 2608035 torch/_dynamo/convert_frame.py:2147]            ^^^^^^^^^^^^^^^^^^^^^^^^^^^^^^^^
[rank5]:W0910 13:58:33.013000 2608035 torch/_dynamo/convert_frame.py:2147]   File "/usr/local/lib/python3.12/dist-packages/torch/_inductor/compile_fx.py", line 2655, in _maybe_wrap_and_compile_fx_main
[rank5]:W0910 13:58:33.013000 2608035 torch/_dynamo/convert_frame.py:2147]     return _compile_fx_main(
[rank5]:W0910 13:58:33.013000 2608035 torch/_dynamo/convert_frame.py:2147]            ^^^^^^^^^^^^^^^^^
[rank5]:W0910 13:58:33.013000 2608035 torch/_dynamo/convert_frame.py:2147]   File "/usr/local/lib/python3.12/dist-packages/torch/_inductor/compile_fx.py", line 2864, in _compile_fx_main
[rank5]:W0910 13:58:33.013000 2608035 torch/_dynamo/convert_frame.py:2147]     raise e.remove_dynamo_frames() from None  # see TORCHDYNAMO_VERBOSE=1
[rank5]:W0910 13:58:33.013000 2608035 torch/_dynamo/convert_frame.py:2147]     ^^^^^^^^^^^^^^^^^^^^^^^^^^^^^^^^^^^^^^^^
[rank5]:W0910 13:58:33.013000 2608035 torch/_dynamo/convert_frame.py:2147]   File "/usr/local/lib/python3.12/dist-packages/torch/_inductor/compile_fx.py", line 1053, in _compile_fx_inner
[rank5]:W0910 13:58:33.013000 2608035 torch/_dynamo/convert_frame.py:2147]     raise InductorError(e, currentframe()).with_traceback(
[rank5]:W0910 13:58:33.013000 2608035 torch/_dynamo/convert_frame.py:2147]   File "/usr/local/lib/python3.12/dist-packages/torch/_inductor/compile_fx.py", line 1037, in _compile_fx_inner
[rank5]:W0910 13:58:33.013000 2608035 torch/_dynamo/convert_frame.py:2147]     mb_compiled_graph = fx_codegen_and_compile(
[rank5]:W0910 13:58:33.013000 2608035 torch/_dynamo/convert_frame.py:2147]                         ^^^^^^^^^^^^^^^^^^^^^^^
[rank5]:W0910 13:58:33.013000 2608035 torch/_dynamo/convert_frame.py:2147]   File "/usr/local/lib/python3.12/dist-packages/torch/_inductor/compile_fx.py", line 1798, in fx_codegen_and_compile
[rank5]:W0910 13:58:33.013000 2608035 torch/_dynamo/convert_frame.py:2147]     return scheme.codegen_and_compile(gm, example_inputs, inputs_to_check, graph_kwargs)
[rank5]:W0910 13:58:33.013000 2608035 torch/_dynamo/convert_frame.py:2147]            ^^^^^^^^^^^^^^^^^^^^^^^^^^^^^^^^^^^^^^^^^^^^^^^^^^^^^^^^^^^^^^^^^^^^^^^^^^^^^
[rank5]:W0910 13:58:33.013000 2608035 torch/_dynamo/convert_frame.py:2147]   File "/usr/local/lib/python3.12/dist-packages/torch/_inductor/compile_fx.py", line 1485, in codegen_and_compile
[rank5]:W0910 13:58:33.013000 2608035 torch/_dynamo/convert_frame.py:2147]     graph.run(*example_inputs)
[rank5]:W0910 13:58:33.013000 2608035 torch/_dynamo/convert_frame.py:2147]   File "/usr/local/lib/python3.12/dist-packages/torch/_inductor/graph.py", line 1025, in run
[rank5]:W0910 13:58:33.013000 2608035 torch/_dynamo/convert_frame.py:2147]     return super().run(*args)
[rank5]:W0910 13:58:33.013000 2608035 torch/_dynamo/convert_frame.py:2147]            ^^^^^^^^^^^^^^^^^^
[rank5]:W0910 13:58:33.013000 2608035 torch/_dynamo/convert_frame.py:2147]   File "/usr/local/lib/python3.12/dist-packages/torch/fx/interpreter.py", line 200, in run
[rank5]:W0910 13:58:33.013000 2608035 torch/_dynamo/convert_frame.py:2147]     self.env[node] = self.run_node(node)
[rank5]:W0910 13:58:33.013000 2608035 torch/_dynamo/convert_frame.py:2147]                      ^^^^^^^^^^^^^^^^^^^
[rank5]:W0910 13:58:33.013000 2608035 torch/_dynamo/convert_frame.py:2147]   File "/usr/local/lib/python3.12/dist-packages/torch/_inductor/graph.py", line 1997, in run_node
[rank5]:W0910 13:58:33.013000 2608035 torch/_dynamo/convert_frame.py:2147]     self.register_users_of(result)
[rank5]:W0910 13:58:33.013000 2608035 torch/_dynamo/convert_frame.py:2147]   File "/usr/local/lib/python3.12/dist-packages/torch/_inductor/graph.py", line 1072, in register_users_of
[rank5]:W0910 13:58:33.013000 2608035 torch/_dynamo/convert_frame.py:2147]     register(node_output)
[rank5]:W0910 13:58:33.013000 2608035 torch/_dynamo/convert_frame.py:2147]   File "/usr/local/lib/python3.12/dist-packages/torch/_inductor/graph.py", line 1069, in register
[rank5]:W0910 13:58:33.013000 2608035 torch/_dynamo/convert_frame.py:2147]     for read_name in value.get_read_names():
[rank5]:W0910 13:58:33.013000 2608035 torch/_dynamo/convert_frame.py:2147]                      ^^^^^^^^^^^^^^^^^^^^^^
[rank5]:W0910 13:58:33.013000 2608035 torch/_dynamo/convert_frame.py:2147]   File "/usr/local/lib/python3.12/dist-packages/torch/_inductor/ir.py", line 8658, in get_read_names
[rank5]:W0910 13:58:33.013000 2608035 torch/_dynamo/convert_frame.py:2147]     return self.data.get_read_names()
[rank5]:W0910 13:58:33.013000 2608035 torch/_dynamo/convert_frame.py:2147]            ^^^^^^^^^^^^^^^^^^^^^^^^^^
[rank5]:W0910 13:58:33.013000 2608035 torch/_dynamo/convert_frame.py:2147]   File "/usr/local/lib/python3.12/dist-packages/torch/_inductor/ir.py", line 8658, in get_read_names
[rank5]:W0910 13:58:33.013000 2608035 torch/_dynamo/convert_frame.py:2147]     return self.data.get_read_names()
[rank5]:W0910 13:58:33.013000 2608035 torch/_dynamo/convert_frame.py:2147]            ^^^^^^^^^^^^^^^^^^^^^^^^^^
[rank5]:W0910 13:58:33.013000 2608035 torch/_dynamo/convert_frame.py:2147]   File "/usr/local/lib/python3.12/dist-packages/torch/_inductor/ir.py", line 4766, in get_read_names
[rank5]:W0910 13:58:33.013000 2608035 torch/_dynamo/convert_frame.py:2147]     return self.data.get_read_names()
[rank5]:W0910 13:58:33.013000 2608035 torch/_dynamo/convert_frame.py:2147]            ^^^^^^^^^^^^^^^^^^^^^^^^^^
[rank5]:W0910 13:58:33.013000 2608035 torch/_dynamo/convert_frame.py:2147]   File "/usr/local/lib/python3.12/dist-packages/torch/_inductor/ir.py", line 1042, in get_read_names
[rank5]:W0910 13:58:33.013000 2608035 torch/_dynamo/convert_frame.py:2147]     return OrderedSet(self.inner_fn_opcount().read_buffers)
[rank5]:W0910 13:58:33.013000 2608035 torch/_dynamo/convert_frame.py:2147]                       ^^^^^^^^^^^^^^^^^^^^^^^
[rank5]:W0910 13:58:33.013000 2608035 torch/_dynamo/convert_frame.py:2147]   File "<string>", line 6, in inner_fn_opcount_cache_on_self
[rank5]:W0910 13:58:33.013000 2608035 torch/_dynamo/convert_frame.py:2147]   File "/usr/local/lib/python3.12/dist-packages/torch/_inductor/ir.py", line 1005, in inner_fn_opcount
[rank5]:W0910 13:58:33.013000 2608035 torch/_dynamo/convert_frame.py:2147]     self.inner_fn(*self.inner_fn_args())
[rank5]:W0910 13:58:33.013000 2608035 torch/_dynamo/convert_frame.py:2147]   File "/usr/local/lib/python3.12/dist-packages/torch/_inductor/lowering.py", line 2735, in inner_fn
[rank5]:W0910 13:58:33.013000 2608035 torch/_dynamo/convert_frame.py:2147]     _boundaries_helper(boundaries),
[rank5]:W0910 13:58:33.013000 2608035 torch/_dynamo/convert_frame.py:2147]     ^^^^^^^^^^^^^^^^^^^^^^^^^^^^^^
[rank5]:W0910 13:58:33.013000 2608035 torch/_dynamo/convert_frame.py:2147]   File "/usr/local/lib/python3.12/dist-packages/torch/_inductor/lowering.py", line 2589, in _boundaries_helper
[rank5]:W0910 13:58:33.013000 2608035 torch/_dynamo/convert_frame.py:2147]     stride = tb.get_stride()
[rank5]:W0910 13:58:33.013000 2608035 torch/_dynamo/convert_frame.py:2147]              ^^^^^^^^^^^^^^^
[rank5]:W0910 13:58:33.013000 2608035 torch/_dynamo/convert_frame.py:2147]   File "/usr/local/lib/python3.12/dist-packages/torch/_inductor/ir.py", line 8573, in get_stride
[rank5]:W0910 13:58:33.013000 2608035 torch/_dynamo/convert_frame.py:2147]     return self.data.get_stride()
[rank5]:W0910 13:58:33.013000 2608035 torch/_dynamo/convert_frame.py:2147]            ^^^^^^^^^^^^^^^^^^^^^^
[rank5]:W0910 13:58:33.013000 2608035 torch/_dynamo/convert_frame.py:2147]   File "/usr/local/lib/python3.12/dist-packages/torch/_inductor/ir.py", line 758, in get_stride
[rank5]:W0910 13:58:33.013000 2608035 torch/_dynamo/convert_frame.py:2147]     raise NotImplementedError(type(self).__name__)
[rank5]:W0910 13:58:33.013000 2608035 torch/_dynamo/convert_frame.py:2147] torch._inductor.exc.InductorError: NotImplementedError: SliceView
[rank5]:W0910 13:58:33.013000 2608035 torch/_dynamo/convert_frame.py:2147] 
[rank5]:W0910 13:58:33.013000 2608035 torch/_dynamo/convert_frame.py:2147] Set TORCHDYNAMO_VERBOSE=1 for the internal stack trace (please do this especially if you're reporting a bug to PyTorch). For even more developer context, set TORCH_LOGS="+dynamo"
[rank5]:W0910 13:58:33.013000 2608035 torch/_dynamo/convert_frame.py:2147] 
[rank6]:W0910 13:58:33.038000 2608036 torch/_dynamo/convert_frame.py:2147] WON'T CONVERT _doc_blocks /work/aupai/model.py line 277 
[rank6]:W0910 13:58:33.038000 2608036 torch/_dynamo/convert_frame.py:2147] due to: 
[rank6]:W0910 13:58:33.038000 2608036 torch/_dynamo/convert_frame.py:2147] Traceback (most recent call last):
[rank6]:W0910 13:58:33.038000 2608036 torch/_dynamo/convert_frame.py:2147]   File "/usr/local/lib/python3.12/dist-packages/torch/_dynamo/convert_frame.py", line 2052, in __call__
[rank6]:W0910 13:58:33.038000 2608036 torch/_dynamo/convert_frame.py:2147]     result = self._inner_convert(
[rank6]:W0910 13:58:33.038000 2608036 torch/_dynamo/convert_frame.py:2147]              ^^^^^^^^^^^^^^^^^^^^
[rank6]:W0910 13:58:33.038000 2608036 torch/_dynamo/convert_frame.py:2147]   File "/usr/local/lib/python3.12/dist-packages/torch/_dynamo/convert_frame.py", line 729, in __call__
[rank6]:W0910 13:58:33.038000 2608036 torch/_dynamo/convert_frame.py:2147]     result = _compile(
[rank6]:W0910 13:58:33.038000 2608036 torch/_dynamo/convert_frame.py:2147]              ^^^^^^^^^
[rank6]:W0910 13:58:33.038000 2608036 torch/_dynamo/convert_frame.py:2147]   File "/usr/local/lib/python3.12/dist-packages/torch/_dynamo/convert_frame.py", line 1827, in _compile
[rank6]:W0910 13:58:33.038000 2608036 torch/_dynamo/convert_frame.py:2147]     guarded_code, tracer_output = compile_inner(code, one_graph, hooks)
[rank6]:W0910 13:58:33.038000 2608036 torch/_dynamo/convert_frame.py:2147]                                   ^^^^^^^^^^^^^^^^^^^^^^^^^^^^^^^^^^^^^
[rank6]:W0910 13:58:33.038000 2608036 torch/_dynamo/convert_frame.py:2147]   File "/usr/local/lib/python3.12/dist-packages/torch/_utils_internal.py", line 96, in wrapper_function
[rank6]:W0910 13:58:33.038000 2608036 torch/_dynamo/convert_frame.py:2147]     return function(*args, **kwargs)
[rank6]:W0910 13:58:33.038000 2608036 torch/_dynamo/convert_frame.py:2147]            ^^^^^^^^^^^^^^^^^^^^^^^^^
[rank6]:W0910 13:58:33.038000 2608036 torch/_dynamo/convert_frame.py:2147]   File "/usr/local/lib/python3.12/dist-packages/torch/_dynamo/convert_frame.py", line 1500, in compile_inner
[rank6]:W0910 13:58:33.038000 2608036 torch/_dynamo/convert_frame.py:2147]     return _compile_inner(code, one_graph, hooks)
[rank6]:W0910 13:58:33.038000 2608036 torch/_dynamo/convert_frame.py:2147]            ^^^^^^^^^^^^^^^^^^^^^^^^^^^^^^^^^^^^^^
[rank6]:W0910 13:58:33.038000 2608036 torch/_dynamo/convert_frame.py:2147]   File "/usr/local/lib/python3.12/dist-packages/torch/_dynamo/convert_frame.py", line 1534, in _compile_inner
[rank6]:W0910 13:58:33.038000 2608036 torch/_dynamo/convert_frame.py:2147]     dynamo_output = compile_frame(
[rank6]:W0910 13:58:33.038000 2608036 torch/_dynamo/convert_frame.py:2147]                     ^^^^^^^^^^^^^^
[rank6]:W0910 13:58:33.038000 2608036 torch/_dynamo/convert_frame.py:2147]   File "/usr/local/lib/python3.12/dist-packages/torch/_dynamo/convert_frame.py", line 1408, in compile_frame
[rank6]:W0910 13:58:33.038000 2608036 torch/_dynamo/convert_frame.py:2147]     bytecode, tracer_output = transform_code_object(code, transform)
[rank6]:W0910 13:58:33.038000 2608036 torch/_dynamo/convert_frame.py:2147]                               ^^^^^^^^^^^^^^^^^^^^^^^^^^^^^^^^^^^^^^
[rank6]:W0910 13:58:33.038000 2608036 torch/_dynamo/convert_frame.py:2147]   File "/usr/local/lib/python3.12/dist-packages/torch/_dynamo/bytecode_transformation.py", line 1608, in transform_code_object
[rank6]:W0910 13:58:33.038000 2608036 torch/_dynamo/convert_frame.py:2147]     tracer_output = transformations(instructions, code_options)
[rank6]:W0910 13:58:33.038000 2608036 torch/_dynamo/convert_frame.py:2147]                     ^^^^^^^^^^^^^^^^^^^^^^^^^^^^^^^^^^^^^^^^^^^
[rank6]:W0910 13:58:33.038000 2608036 torch/_dynamo/convert_frame.py:2147]   File "/usr/local/lib/python3.12/dist-packages/torch/_dynamo/convert_frame.py", line 1380, in transform
[rank6]:W0910 13:58:33.038000 2608036 torch/_dynamo/convert_frame.py:2147]     tracer_output = trace_frame(
[rank6]:W0910 13:58:33.038000 2608036 torch/_dynamo/convert_frame.py:2147]                     ^^^^^^^^^^^^
[rank6]:W0910 13:58:33.038000 2608036 torch/_dynamo/convert_frame.py:2147]   File "/usr/local/lib/python3.12/dist-packages/torch/_dynamo/convert_frame.py", line 341, in _fn
[rank6]:W0910 13:58:33.038000 2608036 torch/_dynamo/convert_frame.py:2147]     return fn(*args, **kwargs)
[rank6]:W0910 13:58:33.038000 2608036 torch/_dynamo/convert_frame.py:2147]            ^^^^^^^^^^^^^^^^^^^
[rank6]:W0910 13:58:33.038000 2608036 torch/_dynamo/convert_frame.py:2147]   File "/usr/local/lib/python3.12/dist-packages/torch/_dynamo/convert_frame.py", line 863, in trace_frame
[rank6]:W0910 13:58:33.038000 2608036 torch/_dynamo/convert_frame.py:2147]     run_tracer()
[rank6]:W0910 13:58:33.038000 2608036 torch/_dynamo/convert_frame.py:2147]   File "/usr/local/lib/python3.12/dist-packages/torch/_dynamo/convert_frame.py", line 844, in run_tracer
[rank6]:W0910 13:58:33.038000 2608036 torch/_dynamo/convert_frame.py:2147]     tracer.run()
[rank6]:W0910 13:58:33.038000 2608036 torch/_dynamo/convert_frame.py:2147]   File "/usr/local/lib/python3.12/dist-packages/torch/_dynamo/symbolic_convert.py", line 1794, in run
[rank6]:W0910 13:58:33.038000 2608036 torch/_dynamo/convert_frame.py:2147]     while self.step():
[rank6]:W0910 13:58:33.038000 2608036 torch/_dynamo/convert_frame.py:2147]           ^^^^^^^^^^^
[rank6]:W0910 13:58:33.038000 2608036 torch/_dynamo/convert_frame.py:2147]   File "/usr/local/lib/python3.12/dist-packages/torch/_dynamo/symbolic_convert.py", line 1459, in step
[rank6]:W0910 13:58:33.038000 2608036 torch/_dynamo/convert_frame.py:2147]     self.dispatch_table[inst.opcode](self, inst)
[rank6]:W0910 13:58:33.038000 2608036 torch/_dynamo/convert_frame.py:2147]   File "/usr/local/lib/python3.12/dist-packages/torch/_dynamo/symbolic_convert.py", line 999, in wrapper
[rank6]:W0910 13:58:33.038000 2608036 torch/_dynamo/convert_frame.py:2147]     return handle_graph_break(self, inst, speculation.reason)
[rank6]:W0910 13:58:33.038000 2608036 torch/_dynamo/convert_frame.py:2147]            ^^^^^^^^^^^^^^^^^^^^^^^^^^^^^^^^^^^^^^^^^^^^^^^^^^
[rank6]:W0910 13:58:33.038000 2608036 torch/_dynamo/convert_frame.py:2147]   File "/usr/local/lib/python3.12/dist-packages/torch/_dynamo/symbolic_convert.py", line 1062, in handle_graph_break
[rank6]:W0910 13:58:33.038000 2608036 torch/_dynamo/convert_frame.py:2147]     all_stack_locals_metadata = self.output.compile_subgraph(
[rank6]:W0910 13:58:33.038000 2608036 torch/_dynamo/convert_frame.py:2147]                                 ^^^^^^^^^^^^^^^^^^^^^^^^^^^^^
[rank6]:W0910 13:58:33.038000 2608036 torch/_dynamo/convert_frame.py:2147]   File "/usr/local/lib/python3.12/dist-packages/torch/_dynamo/output_graph.py", line 1889, in compile_subgraph
[rank6]:W0910 13:58:33.038000 2608036 torch/_dynamo/convert_frame.py:2147]     self.compile_and_call_fx_graph(tx, pass2.graph_output_vars(), root)
[rank6]:W0910 13:58:33.038000 2608036 torch/_dynamo/convert_frame.py:2147]   File "/usr/local/lib/python3.12/dist-packages/torch/_dynamo/output_graph.py", line 2460, in compile_and_call_fx_graph
[rank6]:W0910 13:58:33.038000 2608036 torch/_dynamo/convert_frame.py:2147]     compiled_fn = self.call_user_compiler(gm, self.example_inputs())
[rank6]:W0910 13:58:33.038000 2608036 torch/_dynamo/convert_frame.py:2147]                   ^^^^^^^^^^^^^^^^^^^^^^^^^^^^^^^^^^^^^^^^^^^^^^^^^^
[rank6]:W0910 13:58:33.038000 2608036 torch/_dynamo/convert_frame.py:2147]   File "/usr/local/lib/python3.12/dist-packages/torch/_dynamo/output_graph.py", line 2613, in call_user_compiler
[rank6]:W0910 13:58:33.038000 2608036 torch/_dynamo/convert_frame.py:2147]     return self._call_user_compiler(gm, example_inputs)
[rank6]:W0910 13:58:33.038000 2608036 torch/_dynamo/convert_frame.py:2147]            ^^^^^^^^^^^^^^^^^^^^^^^^^^^^^^^^^^^^^^^^^^^^
[rank6]:W0910 13:58:33.038000 2608036 torch/_dynamo/convert_frame.py:2147]   File "/usr/local/lib/python3.12/dist-packages/torch/_dynamo/output_graph.py", line 2664, in _call_user_compiler
[rank6]:W0910 13:58:33.038000 2608036 torch/_dynamo/convert_frame.py:2147]     compiled_fn = compiler_fn(gm, example_inputs)
[rank6]:W0910 13:58:33.038000 2608036 torch/_dynamo/convert_frame.py:2147]                   ^^^^^^^^^^^^^^^^^^^^^^^^^^^^^^^
[rank6]:W0910 13:58:33.038000 2608036 torch/_dynamo/convert_frame.py:2147]   File "/usr/local/lib/python3.12/dist-packages/torch/_dynamo/backends/distributed.py", line 569, in compile_fn
[rank6]:W0910 13:58:33.038000 2608036 torch/_dynamo/convert_frame.py:2147]     return self.backend_compile_fn(gm, example_inputs)
[rank6]:W0910 13:58:33.038000 2608036 torch/_dynamo/convert_frame.py:2147]            ^^^^^^^^^^^^^^^^^^^^^^^^^^^^^^^^^^^^^^^^^^^
[rank6]:W0910 13:58:33.038000 2608036 torch/_dynamo/convert_frame.py:2147]   File "/usr/local/lib/python3.12/dist-packages/torch/_dynamo/repro/after_dynamo.py", line 156, in __call__
[rank6]:W0910 13:58:33.038000 2608036 torch/_dynamo/convert_frame.py:2147]     compiled_gm = compiler_fn(gm, example_inputs)
[rank6]:W0910 13:58:33.038000 2608036 torch/_dynamo/convert_frame.py:2147]                   ^^^^^^^^^^^^^^^^^^^^^^^^^^^^^^^
[rank6]:W0910 13:58:33.038000 2608036 torch/_dynamo/convert_frame.py:2147]   File "/usr/local/lib/python3.12/dist-packages/torch/__init__.py", line 2461, in __call__
[rank6]:W0910 13:58:33.038000 2608036 torch/_dynamo/convert_frame.py:2147]     return compile_fx(model_, inputs_, config_patches=self.config)
[rank6]:W0910 13:58:33.038000 2608036 torch/_dynamo/convert_frame.py:2147]            ^^^^^^^^^^^^^^^^^^^^^^^^^^^^^^^^^^^^^^^^^^^^^^^^^^^^^^^
[rank6]:W0910 13:58:33.038000 2608036 torch/_dynamo/convert_frame.py:2147]   File "/usr/local/lib/python3.12/dist-packages/torch/_inductor/compile_fx.py", line 2578, in compile_fx
[rank6]:W0910 13:58:33.038000 2608036 torch/_dynamo/convert_frame.py:2147]     return _maybe_wrap_and_compile_fx_main(
[rank6]:W0910 13:58:33.038000 2608036 torch/_dynamo/convert_frame.py:2147]            ^^^^^^^^^^^^^^^^^^^^^^^^^^^^^^^^
[rank6]:W0910 13:58:33.038000 2608036 torch/_dynamo/convert_frame.py:2147]   File "/usr/local/lib/python3.12/dist-packages/torch/_inductor/compile_fx.py", line 2655, in _maybe_wrap_and_compile_fx_main
[rank6]:W0910 13:58:33.038000 2608036 torch/_dynamo/convert_frame.py:2147]     return _compile_fx_main(
[rank6]:W0910 13:58:33.038000 2608036 torch/_dynamo/convert_frame.py:2147]            ^^^^^^^^^^^^^^^^^
[rank6]:W0910 13:58:33.038000 2608036 torch/_dynamo/convert_frame.py:2147]   File "/usr/local/lib/python3.12/dist-packages/torch/_inductor/compile_fx.py", line 2864, in _compile_fx_main
[rank6]:W0910 13:58:33.038000 2608036 torch/_dynamo/convert_frame.py:2147]     raise e.remove_dynamo_frames() from None  # see TORCHDYNAMO_VERBOSE=1
[rank6]:W0910 13:58:33.038000 2608036 torch/_dynamo/convert_frame.py:2147]     ^^^^^^^^^^^^^^^^^^^^^^^^^^^^^^^^^^^^^^^^
[rank6]:W0910 13:58:33.038000 2608036 torch/_dynamo/convert_frame.py:2147]   File "/usr/local/lib/python3.12/dist-packages/torch/_inductor/compile_fx.py", line 1053, in _compile_fx_inner
[rank6]:W0910 13:58:33.038000 2608036 torch/_dynamo/convert_frame.py:2147]     raise InductorError(e, currentframe()).with_traceback(
[rank6]:W0910 13:58:33.038000 2608036 torch/_dynamo/convert_frame.py:2147]   File "/usr/local/lib/python3.12/dist-packages/torch/_inductor/compile_fx.py", line 1037, in _compile_fx_inner
[rank6]:W0910 13:58:33.038000 2608036 torch/_dynamo/convert_frame.py:2147]     mb_compiled_graph = fx_codegen_and_compile(
[rank6]:W0910 13:58:33.038000 2608036 torch/_dynamo/convert_frame.py:2147]                         ^^^^^^^^^^^^^^^^^^^^^^^
[rank6]:W0910 13:58:33.038000 2608036 torch/_dynamo/convert_frame.py:2147]   File "/usr/local/lib/python3.12/dist-packages/torch/_inductor/compile_fx.py", line 1798, in fx_codegen_and_compile
[rank6]:W0910 13:58:33.038000 2608036 torch/_dynamo/convert_frame.py:2147]     return scheme.codegen_and_compile(gm, example_inputs, inputs_to_check, graph_kwargs)
[rank6]:W0910 13:58:33.038000 2608036 torch/_dynamo/convert_frame.py:2147]            ^^^^^^^^^^^^^^^^^^^^^^^^^^^^^^^^^^^^^^^^^^^^^^^^^^^^^^^^^^^^^^^^^^^^^^^^^^^^^
[rank6]:W0910 13:58:33.038000 2608036 torch/_dynamo/convert_frame.py:2147]   File "/usr/local/lib/python3.12/dist-packages/torch/_inductor/compile_fx.py", line 1485, in codegen_and_compile
[rank6]:W0910 13:58:33.038000 2608036 torch/_dynamo/convert_frame.py:2147]     graph.run(*example_inputs)
[rank6]:W0910 13:58:33.038000 2608036 torch/_dynamo/convert_frame.py:2147]   File "/usr/local/lib/python3.12/dist-packages/torch/_inductor/graph.py", line 1025, in run
[rank6]:W0910 13:58:33.038000 2608036 torch/_dynamo/convert_frame.py:2147]     return super().run(*args)
[rank6]:W0910 13:58:33.038000 2608036 torch/_dynamo/convert_frame.py:2147]            ^^^^^^^^^^^^^^^^^^
[rank6]:W0910 13:58:33.038000 2608036 torch/_dynamo/convert_frame.py:2147]   File "/usr/local/lib/python3.12/dist-packages/torch/fx/interpreter.py", line 200, in run
[rank6]:W0910 13:58:33.038000 2608036 torch/_dynamo/convert_frame.py:2147]     self.env[node] = self.run_node(node)
[rank6]:W0910 13:58:33.038000 2608036 torch/_dynamo/convert_frame.py:2147]                      ^^^^^^^^^^^^^^^^^^^
[rank6]:W0910 13:58:33.038000 2608036 torch/_dynamo/convert_frame.py:2147]   File "/usr/local/lib/python3.12/dist-packages/torch/_inductor/graph.py", line 1997, in run_node
[rank6]:W0910 13:58:33.038000 2608036 torch/_dynamo/convert_frame.py:2147]     self.register_users_of(result)
[rank6]:W0910 13:58:33.038000 2608036 torch/_dynamo/convert_frame.py:2147]   File "/usr/local/lib/python3.12/dist-packages/torch/_inductor/graph.py", line 1072, in register_users_of
[rank6]:W0910 13:58:33.038000 2608036 torch/_dynamo/convert_frame.py:2147]     register(node_output)
[rank6]:W0910 13:58:33.038000 2608036 torch/_dynamo/convert_frame.py:2147]   File "/usr/local/lib/python3.12/dist-packages/torch/_inductor/graph.py", line 1069, in register
[rank6]:W0910 13:58:33.038000 2608036 torch/_dynamo/convert_frame.py:2147]     for read_name in value.get_read_names():
[rank6]:W0910 13:58:33.038000 2608036 torch/_dynamo/convert_frame.py:2147]                      ^^^^^^^^^^^^^^^^^^^^^^
[rank6]:W0910 13:58:33.038000 2608036 torch/_dynamo/convert_frame.py:2147]   File "/usr/local/lib/python3.12/dist-packages/torch/_inductor/ir.py", line 8658, in get_read_names
[rank6]:W0910 13:58:33.038000 2608036 torch/_dynamo/convert_frame.py:2147]     return self.data.get_read_names()
[rank6]:W0910 13:58:33.038000 2608036 torch/_dynamo/convert_frame.py:2147]            ^^^^^^^^^^^^^^^^^^^^^^^^^^
[rank6]:W0910 13:58:33.038000 2608036 torch/_dynamo/convert_frame.py:2147]   File "/usr/local/lib/python3.12/dist-packages/torch/_inductor/ir.py", line 8658, in get_read_names
[rank6]:W0910 13:58:33.038000 2608036 torch/_dynamo/convert_frame.py:2147]     return self.data.get_read_names()
[rank6]:W0910 13:58:33.038000 2608036 torch/_dynamo/convert_frame.py:2147]            ^^^^^^^^^^^^^^^^^^^^^^^^^^
[rank6]:W0910 13:58:33.038000 2608036 torch/_dynamo/convert_frame.py:2147]   File "/usr/local/lib/python3.12/dist-packages/torch/_inductor/ir.py", line 4766, in get_read_names
[rank6]:W0910 13:58:33.038000 2608036 torch/_dynamo/convert_frame.py:2147]     return self.data.get_read_names()
[rank6]:W0910 13:58:33.038000 2608036 torch/_dynamo/convert_frame.py:2147]            ^^^^^^^^^^^^^^^^^^^^^^^^^^
[rank6]:W0910 13:58:33.038000 2608036 torch/_dynamo/convert_frame.py:2147]   File "/usr/local/lib/python3.12/dist-packages/torch/_inductor/ir.py", line 1042, in get_read_names
[rank6]:W0910 13:58:33.038000 2608036 torch/_dynamo/convert_frame.py:2147]     return OrderedSet(self.inner_fn_opcount().read_buffers)
[rank6]:W0910 13:58:33.038000 2608036 torch/_dynamo/convert_frame.py:2147]                       ^^^^^^^^^^^^^^^^^^^^^^^
[rank6]:W0910 13:58:33.038000 2608036 torch/_dynamo/convert_frame.py:2147]   File "<string>", line 6, in inner_fn_opcount_cache_on_self
[rank6]:W0910 13:58:33.038000 2608036 torch/_dynamo/convert_frame.py:2147]   File "/usr/local/lib/python3.12/dist-packages/torch/_inductor/ir.py", line 1005, in inner_fn_opcount
[rank6]:W0910 13:58:33.038000 2608036 torch/_dynamo/convert_frame.py:2147]     self.inner_fn(*self.inner_fn_args())
[rank6]:W0910 13:58:33.038000 2608036 torch/_dynamo/convert_frame.py:2147]   File "/usr/local/lib/python3.12/dist-packages/torch/_inductor/lowering.py", line 2735, in inner_fn
[rank6]:W0910 13:58:33.038000 2608036 torch/_dynamo/convert_frame.py:2147]     _boundaries_helper(boundaries),
[rank6]:W0910 13:58:33.038000 2608036 torch/_dynamo/convert_frame.py:2147]     ^^^^^^^^^^^^^^^^^^^^^^^^^^^^^^
[rank6]:W0910 13:58:33.038000 2608036 torch/_dynamo/convert_frame.py:2147]   File "/usr/local/lib/python3.12/dist-packages/torch/_inductor/lowering.py", line 2589, in _boundaries_helper
[rank6]:W0910 13:58:33.038000 2608036 torch/_dynamo/convert_frame.py:2147]     stride = tb.get_stride()
[rank6]:W0910 13:58:33.038000 2608036 torch/_dynamo/convert_frame.py:2147]              ^^^^^^^^^^^^^^^
[rank6]:W0910 13:58:33.038000 2608036 torch/_dynamo/convert_frame.py:2147]   File "/usr/local/lib/python3.12/dist-packages/torch/_inductor/ir.py", line 8573, in get_stride
[rank6]:W0910 13:58:33.038000 2608036 torch/_dynamo/convert_frame.py:2147]     return self.data.get_stride()
[rank6]:W0910 13:58:33.038000 2608036 torch/_dynamo/convert_frame.py:2147]            ^^^^^^^^^^^^^^^^^^^^^^
[rank6]:W0910 13:58:33.038000 2608036 torch/_dynamo/convert_frame.py:2147]   File "/usr/local/lib/python3.12/dist-packages/torch/_inductor/ir.py", line 758, in get_stride
[rank6]:W0910 13:58:33.038000 2608036 torch/_dynamo/convert_frame.py:2147]     raise NotImplementedError(type(self).__name__)
[rank6]:W0910 13:58:33.038000 2608036 torch/_dynamo/convert_frame.py:2147] torch._inductor.exc.InductorError: NotImplementedError: SliceView
[rank6]:W0910 13:58:33.038000 2608036 torch/_dynamo/convert_frame.py:2147] 
[rank6]:W0910 13:58:33.038000 2608036 torch/_dynamo/convert_frame.py:2147] Set TORCHDYNAMO_VERBOSE=1 for the internal stack trace (please do this especially if you're reporting a bug to PyTorch). For even more developer context, set TORCH_LOGS="+dynamo"
[rank6]:W0910 13:58:33.038000 2608036 torch/_dynamo/convert_frame.py:2147] 
[rank6]:W0910 13:58:33.038000 2608036 torch/_dynamo/convert_frame.py:2147] Traceback (most recent call last):
[rank6]:W0910 13:58:33.038000 2608036 torch/_dynamo/convert_frame.py:2147]   File "/usr/local/lib/python3.12/dist-packages/torch/_dynamo/convert_frame.py", line 2052, in __call__
[rank6]:W0910 13:58:33.038000 2608036 torch/_dynamo/convert_frame.py:2147]     result = self._inner_convert(
[rank6]:W0910 13:58:33.038000 2608036 torch/_dynamo/convert_frame.py:2147]              ^^^^^^^^^^^^^^^^^^^^
[rank6]:W0910 13:58:33.038000 2608036 torch/_dynamo/convert_frame.py:2147]   File "/usr/local/lib/python3.12/dist-packages/torch/_dynamo/convert_frame.py", line 729, in __call__
[rank6]:W0910 13:58:33.038000 2608036 torch/_dynamo/convert_frame.py:2147]     result = _compile(
[rank6]:W0910 13:58:33.038000 2608036 torch/_dynamo/convert_frame.py:2147]              ^^^^^^^^^
[rank6]:W0910 13:58:33.038000 2608036 torch/_dynamo/convert_frame.py:2147]   File "/usr/local/lib/python3.12/dist-packages/torch/_dynamo/convert_frame.py", line 1827, in _compile
[rank6]:W0910 13:58:33.038000 2608036 torch/_dynamo/convert_frame.py:2147]     guarded_code, tracer_output = compile_inner(code, one_graph, hooks)
[rank6]:W0910 13:58:33.038000 2608036 torch/_dynamo/convert_frame.py:2147]                                   ^^^^^^^^^^^^^^^^^^^^^^^^^^^^^^^^^^^^^
[rank6]:W0910 13:58:33.038000 2608036 torch/_dynamo/convert_frame.py:2147]   File "/usr/local/lib/python3.12/dist-packages/torch/_utils_internal.py", line 96, in wrapper_function
[rank6]:W0910 13:58:33.038000 2608036 torch/_dynamo/convert_frame.py:2147]     return function(*args, **kwargs)
[rank6]:W0910 13:58:33.038000 2608036 torch/_dynamo/convert_frame.py:2147]            ^^^^^^^^^^^^^^^^^^^^^^^^^
[rank6]:W0910 13:58:33.038000 2608036 torch/_dynamo/convert_frame.py:2147]   File "/usr/local/lib/python3.12/dist-packages/torch/_dynamo/convert_frame.py", line 1500, in compile_inner
[rank6]:W0910 13:58:33.038000 2608036 torch/_dynamo/convert_frame.py:2147]     return _compile_inner(code, one_graph, hooks)
[rank6]:W0910 13:58:33.038000 2608036 torch/_dynamo/convert_frame.py:2147]            ^^^^^^^^^^^^^^^^^^^^^^^^^^^^^^^^^^^^^^
[rank6]:W0910 13:58:33.038000 2608036 torch/_dynamo/convert_frame.py:2147]   File "/usr/local/lib/python3.12/dist-packages/torch/_dynamo/convert_frame.py", line 1534, in _compile_inner
[rank6]:W0910 13:58:33.038000 2608036 torch/_dynamo/convert_frame.py:2147]     dynamo_output = compile_frame(
[rank6]:W0910 13:58:33.038000 2608036 torch/_dynamo/convert_frame.py:2147]                     ^^^^^^^^^^^^^^
[rank6]:W0910 13:58:33.038000 2608036 torch/_dynamo/convert_frame.py:2147]   File "/usr/local/lib/python3.12/dist-packages/torch/_dynamo/convert_frame.py", line 1408, in compile_frame
[rank6]:W0910 13:58:33.038000 2608036 torch/_dynamo/convert_frame.py:2147]     bytecode, tracer_output = transform_code_object(code, transform)
[rank6]:W0910 13:58:33.038000 2608036 torch/_dynamo/convert_frame.py:2147]                               ^^^^^^^^^^^^^^^^^^^^^^^^^^^^^^^^^^^^^^
[rank6]:W0910 13:58:33.038000 2608036 torch/_dynamo/convert_frame.py:2147]   File "/usr/local/lib/python3.12/dist-packages/torch/_dynamo/bytecode_transformation.py", line 1608, in transform_code_object
[rank6]:W0910 13:58:33.038000 2608036 torch/_dynamo/convert_frame.py:2147]     tracer_output = transformations(instructions, code_options)
[rank6]:W0910 13:58:33.038000 2608036 torch/_dynamo/convert_frame.py:2147]                     ^^^^^^^^^^^^^^^^^^^^^^^^^^^^^^^^^^^^^^^^^^^
[rank6]:W0910 13:58:33.038000 2608036 torch/_dynamo/convert_frame.py:2147]   File "/usr/local/lib/python3.12/dist-packages/torch/_dynamo/convert_frame.py", line 1380, in transform
[rank6]:W0910 13:58:33.038000 2608036 torch/_dynamo/convert_frame.py:2147]     tracer_output = trace_frame(
[rank6]:W0910 13:58:33.038000 2608036 torch/_dynamo/convert_frame.py:2147]                     ^^^^^^^^^^^^
[rank6]:W0910 13:58:33.038000 2608036 torch/_dynamo/convert_frame.py:2147]   File "/usr/local/lib/python3.12/dist-packages/torch/_dynamo/convert_frame.py", line 341, in _fn
[rank6]:W0910 13:58:33.038000 2608036 torch/_dynamo/convert_frame.py:2147]     return fn(*args, **kwargs)
[rank6]:W0910 13:58:33.038000 2608036 torch/_dynamo/convert_frame.py:2147]            ^^^^^^^^^^^^^^^^^^^
[rank6]:W0910 13:58:33.038000 2608036 torch/_dynamo/convert_frame.py:2147]   File "/usr/local/lib/python3.12/dist-packages/torch/_dynamo/convert_frame.py", line 863, in trace_frame
[rank6]:W0910 13:58:33.038000 2608036 torch/_dynamo/convert_frame.py:2147]     run_tracer()
[rank6]:W0910 13:58:33.038000 2608036 torch/_dynamo/convert_frame.py:2147]   File "/usr/local/lib/python3.12/dist-packages/torch/_dynamo/convert_frame.py", line 844, in run_tracer
[rank6]:W0910 13:58:33.038000 2608036 torch/_dynamo/convert_frame.py:2147]     tracer.run()
[rank6]:W0910 13:58:33.038000 2608036 torch/_dynamo/convert_frame.py:2147]   File "/usr/local/lib/python3.12/dist-packages/torch/_dynamo/symbolic_convert.py", line 1794, in run
[rank6]:W0910 13:58:33.038000 2608036 torch/_dynamo/convert_frame.py:2147]     while self.step():
[rank6]:W0910 13:58:33.038000 2608036 torch/_dynamo/convert_frame.py:2147]           ^^^^^^^^^^^
[rank6]:W0910 13:58:33.038000 2608036 torch/_dynamo/convert_frame.py:2147]   File "/usr/local/lib/python3.12/dist-packages/torch/_dynamo/symbolic_convert.py", line 1459, in step
[rank6]:W0910 13:58:33.038000 2608036 torch/_dynamo/convert_frame.py:2147]     self.dispatch_table[inst.opcode](self, inst)
[rank6]:W0910 13:58:33.038000 2608036 torch/_dynamo/convert_frame.py:2147]   File "/usr/local/lib/python3.12/dist-packages/torch/_dynamo/symbolic_convert.py", line 999, in wrapper
[rank6]:W0910 13:58:33.038000 2608036 torch/_dynamo/convert_frame.py:2147]     return handle_graph_break(self, inst, speculation.reason)
[rank6]:W0910 13:58:33.038000 2608036 torch/_dynamo/convert_frame.py:2147]            ^^^^^^^^^^^^^^^^^^^^^^^^^^^^^^^^^^^^^^^^^^^^^^^^^^
[rank6]:W0910 13:58:33.038000 2608036 torch/_dynamo/convert_frame.py:2147]   File "/usr/local/lib/python3.12/dist-packages/torch/_dynamo/symbolic_convert.py", line 1062, in handle_graph_break
[rank6]:W0910 13:58:33.038000 2608036 torch/_dynamo/convert_frame.py:2147]     all_stack_locals_metadata = self.output.compile_subgraph(
[rank6]:W0910 13:58:33.038000 2608036 torch/_dynamo/convert_frame.py:2147]                                 ^^^^^^^^^^^^^^^^^^^^^^^^^^^^^
[rank6]:W0910 13:58:33.038000 2608036 torch/_dynamo/convert_frame.py:2147]   File "/usr/local/lib/python3.12/dist-packages/torch/_dynamo/output_graph.py", line 1889, in compile_subgraph
[rank6]:W0910 13:58:33.038000 2608036 torch/_dynamo/convert_frame.py:2147]     self.compile_and_call_fx_graph(tx, pass2.graph_output_vars(), root)
[rank6]:W0910 13:58:33.038000 2608036 torch/_dynamo/convert_frame.py:2147]   File "/usr/local/lib/python3.12/dist-packages/torch/_dynamo/output_graph.py", line 2460, in compile_and_call_fx_graph
[rank6]:W0910 13:58:33.038000 2608036 torch/_dynamo/convert_frame.py:2147]     compiled_fn = self.call_user_compiler(gm, self.example_inputs())
[rank6]:W0910 13:58:33.038000 2608036 torch/_dynamo/convert_frame.py:2147]                   ^^^^^^^^^^^^^^^^^^^^^^^^^^^^^^^^^^^^^^^^^^^^^^^^^^
[rank6]:W0910 13:58:33.038000 2608036 torch/_dynamo/convert_frame.py:2147]   File "/usr/local/lib/python3.12/dist-packages/torch/_dynamo/output_graph.py", line 2613, in call_user_compiler
[rank6]:W0910 13:58:33.038000 2608036 torch/_dynamo/convert_frame.py:2147]     return self._call_user_compiler(gm, example_inputs)
[rank6]:W0910 13:58:33.038000 2608036 torch/_dynamo/convert_frame.py:2147]            ^^^^^^^^^^^^^^^^^^^^^^^^^^^^^^^^^^^^^^^^^^^^
[rank6]:W0910 13:58:33.038000 2608036 torch/_dynamo/convert_frame.py:2147]   File "/usr/local/lib/python3.12/dist-packages/torch/_dynamo/output_graph.py", line 2664, in _call_user_compiler
[rank6]:W0910 13:58:33.038000 2608036 torch/_dynamo/convert_frame.py:2147]     compiled_fn = compiler_fn(gm, example_inputs)
[rank6]:W0910 13:58:33.038000 2608036 torch/_dynamo/convert_frame.py:2147]                   ^^^^^^^^^^^^^^^^^^^^^^^^^^^^^^^
[rank6]:W0910 13:58:33.038000 2608036 torch/_dynamo/convert_frame.py:2147]   File "/usr/local/lib/python3.12/dist-packages/torch/_dynamo/backends/distributed.py", line 569, in compile_fn
[rank6]:W0910 13:58:33.038000 2608036 torch/_dynamo/convert_frame.py:2147]     return self.backend_compile_fn(gm, example_inputs)
[rank6]:W0910 13:58:33.038000 2608036 torch/_dynamo/convert_frame.py:2147]            ^^^^^^^^^^^^^^^^^^^^^^^^^^^^^^^^^^^^^^^^^^^
[rank6]:W0910 13:58:33.038000 2608036 torch/_dynamo/convert_frame.py:2147]   File "/usr/local/lib/python3.12/dist-packages/torch/_dynamo/repro/after_dynamo.py", line 156, in __call__
[rank6]:W0910 13:58:33.038000 2608036 torch/_dynamo/convert_frame.py:2147]     compiled_gm = compiler_fn(gm, example_inputs)
[rank6]:W0910 13:58:33.038000 2608036 torch/_dynamo/convert_frame.py:2147]                   ^^^^^^^^^^^^^^^^^^^^^^^^^^^^^^^
[rank6]:W0910 13:58:33.038000 2608036 torch/_dynamo/convert_frame.py:2147]   File "/usr/local/lib/python3.12/dist-packages/torch/__init__.py", line 2461, in __call__
[rank6]:W0910 13:58:33.038000 2608036 torch/_dynamo/convert_frame.py:2147]     return compile_fx(model_, inputs_, config_patches=self.config)
[rank6]:W0910 13:58:33.038000 2608036 torch/_dynamo/convert_frame.py:2147]            ^^^^^^^^^^^^^^^^^^^^^^^^^^^^^^^^^^^^^^^^^^^^^^^^^^^^^^^
[rank6]:W0910 13:58:33.038000 2608036 torch/_dynamo/convert_frame.py:2147]   File "/usr/local/lib/python3.12/dist-packages/torch/_inductor/compile_fx.py", line 2578, in compile_fx
[rank6]:W0910 13:58:33.038000 2608036 torch/_dynamo/convert_frame.py:2147]     return _maybe_wrap_and_compile_fx_main(
[rank6]:W0910 13:58:33.038000 2608036 torch/_dynamo/convert_frame.py:2147]            ^^^^^^^^^^^^^^^^^^^^^^^^^^^^^^^^
[rank6]:W0910 13:58:33.038000 2608036 torch/_dynamo/convert_frame.py:2147]   File "/usr/local/lib/python3.12/dist-packages/torch/_inductor/compile_fx.py", line 2655, in _maybe_wrap_and_compile_fx_main
[rank6]:W0910 13:58:33.038000 2608036 torch/_dynamo/convert_frame.py:2147]     return _compile_fx_main(
[rank6]:W0910 13:58:33.038000 2608036 torch/_dynamo/convert_frame.py:2147]            ^^^^^^^^^^^^^^^^^
[rank6]:W0910 13:58:33.038000 2608036 torch/_dynamo/convert_frame.py:2147]   File "/usr/local/lib/python3.12/dist-packages/torch/_inductor/compile_fx.py", line 2864, in _compile_fx_main
[rank6]:W0910 13:58:33.038000 2608036 torch/_dynamo/convert_frame.py:2147]     raise e.remove_dynamo_frames() from None  # see TORCHDYNAMO_VERBOSE=1
[rank6]:W0910 13:58:33.038000 2608036 torch/_dynamo/convert_frame.py:2147]     ^^^^^^^^^^^^^^^^^^^^^^^^^^^^^^^^^^^^^^^^
[rank6]:W0910 13:58:33.038000 2608036 torch/_dynamo/convert_frame.py:2147]   File "/usr/local/lib/python3.12/dist-packages/torch/_inductor/compile_fx.py", line 1053, in _compile_fx_inner
[rank6]:W0910 13:58:33.038000 2608036 torch/_dynamo/convert_frame.py:2147]     raise InductorError(e, currentframe()).with_traceback(
[rank6]:W0910 13:58:33.038000 2608036 torch/_dynamo/convert_frame.py:2147]   File "/usr/local/lib/python3.12/dist-packages/torch/_inductor/compile_fx.py", line 1037, in _compile_fx_inner
[rank6]:W0910 13:58:33.038000 2608036 torch/_dynamo/convert_frame.py:2147]     mb_compiled_graph = fx_codegen_and_compile(
[rank6]:W0910 13:58:33.038000 2608036 torch/_dynamo/convert_frame.py:2147]                         ^^^^^^^^^^^^^^^^^^^^^^^
[rank6]:W0910 13:58:33.038000 2608036 torch/_dynamo/convert_frame.py:2147]   File "/usr/local/lib/python3.12/dist-packages/torch/_inductor/compile_fx.py", line 1798, in fx_codegen_and_compile
[rank6]:W0910 13:58:33.038000 2608036 torch/_dynamo/convert_frame.py:2147]     return scheme.codegen_and_compile(gm, example_inputs, inputs_to_check, graph_kwargs)
[rank6]:W0910 13:58:33.038000 2608036 torch/_dynamo/convert_frame.py:2147]            ^^^^^^^^^^^^^^^^^^^^^^^^^^^^^^^^^^^^^^^^^^^^^^^^^^^^^^^^^^^^^^^^^^^^^^^^^^^^^
[rank6]:W0910 13:58:33.038000 2608036 torch/_dynamo/convert_frame.py:2147]   File "/usr/local/lib/python3.12/dist-packages/torch/_inductor/compile_fx.py", line 1485, in codegen_and_compile
[rank6]:W0910 13:58:33.038000 2608036 torch/_dynamo/convert_frame.py:2147]     graph.run(*example_inputs)
[rank6]:W0910 13:58:33.038000 2608036 torch/_dynamo/convert_frame.py:2147]   File "/usr/local/lib/python3.12/dist-packages/torch/_inductor/graph.py", line 1025, in run
[rank6]:W0910 13:58:33.038000 2608036 torch/_dynamo/convert_frame.py:2147]     return super().run(*args)
[rank6]:W0910 13:58:33.038000 2608036 torch/_dynamo/convert_frame.py:2147]            ^^^^^^^^^^^^^^^^^^
[rank6]:W0910 13:58:33.038000 2608036 torch/_dynamo/convert_frame.py:2147]   File "/usr/local/lib/python3.12/dist-packages/torch/fx/interpreter.py", line 200, in run
[rank6]:W0910 13:58:33.038000 2608036 torch/_dynamo/convert_frame.py:2147]     self.env[node] = self.run_node(node)
[rank6]:W0910 13:58:33.038000 2608036 torch/_dynamo/convert_frame.py:2147]                      ^^^^^^^^^^^^^^^^^^^
[rank6]:W0910 13:58:33.038000 2608036 torch/_dynamo/convert_frame.py:2147]   File "/usr/local/lib/python3.12/dist-packages/torch/_inductor/graph.py", line 1997, in run_node
[rank6]:W0910 13:58:33.038000 2608036 torch/_dynamo/convert_frame.py:2147]     self.register_users_of(result)
[rank6]:W0910 13:58:33.038000 2608036 torch/_dynamo/convert_frame.py:2147]   File "/usr/local/lib/python3.12/dist-packages/torch/_inductor/graph.py", line 1072, in register_users_of
[rank6]:W0910 13:58:33.038000 2608036 torch/_dynamo/convert_frame.py:2147]     register(node_output)
[rank6]:W0910 13:58:33.038000 2608036 torch/_dynamo/convert_frame.py:2147]   File "/usr/local/lib/python3.12/dist-packages/torch/_inductor/graph.py", line 1069, in register
[rank6]:W0910 13:58:33.038000 2608036 torch/_dynamo/convert_frame.py:2147]     for read_name in value.get_read_names():
[rank6]:W0910 13:58:33.038000 2608036 torch/_dynamo/convert_frame.py:2147]                      ^^^^^^^^^^^^^^^^^^^^^^
[rank6]:W0910 13:58:33.038000 2608036 torch/_dynamo/convert_frame.py:2147]   File "/usr/local/lib/python3.12/dist-packages/torch/_inductor/ir.py", line 8658, in get_read_names
[rank6]:W0910 13:58:33.038000 2608036 torch/_dynamo/convert_frame.py:2147]     return self.data.get_read_names()
[rank6]:W0910 13:58:33.038000 2608036 torch/_dynamo/convert_frame.py:2147]            ^^^^^^^^^^^^^^^^^^^^^^^^^^
[rank6]:W0910 13:58:33.038000 2608036 torch/_dynamo/convert_frame.py:2147]   File "/usr/local/lib/python3.12/dist-packages/torch/_inductor/ir.py", line 8658, in get_read_names
[rank6]:W0910 13:58:33.038000 2608036 torch/_dynamo/convert_frame.py:2147]     return self.data.get_read_names()
[rank6]:W0910 13:58:33.038000 2608036 torch/_dynamo/convert_frame.py:2147]            ^^^^^^^^^^^^^^^^^^^^^^^^^^
[rank6]:W0910 13:58:33.038000 2608036 torch/_dynamo/convert_frame.py:2147]   File "/usr/local/lib/python3.12/dist-packages/torch/_inductor/ir.py", line 4766, in get_read_names
[rank6]:W0910 13:58:33.038000 2608036 torch/_dynamo/convert_frame.py:2147]     return self.data.get_read_names()
[rank6]:W0910 13:58:33.038000 2608036 torch/_dynamo/convert_frame.py:2147]            ^^^^^^^^^^^^^^^^^^^^^^^^^^
[rank6]:W0910 13:58:33.038000 2608036 torch/_dynamo/convert_frame.py:2147]   File "/usr/local/lib/python3.12/dist-packages/torch/_inductor/ir.py", line 1042, in get_read_names
[rank6]:W0910 13:58:33.038000 2608036 torch/_dynamo/convert_frame.py:2147]     return OrderedSet(self.inner_fn_opcount().read_buffers)
[rank6]:W0910 13:58:33.038000 2608036 torch/_dynamo/convert_frame.py:2147]                       ^^^^^^^^^^^^^^^^^^^^^^^
[rank6]:W0910 13:58:33.038000 2608036 torch/_dynamo/convert_frame.py:2147]   File "<string>", line 6, in inner_fn_opcount_cache_on_self
[rank6]:W0910 13:58:33.038000 2608036 torch/_dynamo/convert_frame.py:2147]   File "/usr/local/lib/python3.12/dist-packages/torch/_inductor/ir.py", line 1005, in inner_fn_opcount
[rank6]:W0910 13:58:33.038000 2608036 torch/_dynamo/convert_frame.py:2147]     self.inner_fn(*self.inner_fn_args())
[rank6]:W0910 13:58:33.038000 2608036 torch/_dynamo/convert_frame.py:2147]   File "/usr/local/lib/python3.12/dist-packages/torch/_inductor/lowering.py", line 2735, in inner_fn
[rank6]:W0910 13:58:33.038000 2608036 torch/_dynamo/convert_frame.py:2147]     _boundaries_helper(boundaries),
[rank6]:W0910 13:58:33.038000 2608036 torch/_dynamo/convert_frame.py:2147]     ^^^^^^^^^^^^^^^^^^^^^^^^^^^^^^
[rank6]:W0910 13:58:33.038000 2608036 torch/_dynamo/convert_frame.py:2147]   File "/usr/local/lib/python3.12/dist-packages/torch/_inductor/lowering.py", line 2589, in _boundaries_helper
[rank6]:W0910 13:58:33.038000 2608036 torch/_dynamo/convert_frame.py:2147]     stride = tb.get_stride()
[rank6]:W0910 13:58:33.038000 2608036 torch/_dynamo/convert_frame.py:2147]              ^^^^^^^^^^^^^^^
[rank6]:W0910 13:58:33.038000 2608036 torch/_dynamo/convert_frame.py:2147]   File "/usr/local/lib/python3.12/dist-packages/torch/_inductor/ir.py", line 8573, in get_stride
[rank6]:W0910 13:58:33.038000 2608036 torch/_dynamo/convert_frame.py:2147]     return self.data.get_stride()
[rank6]:W0910 13:58:33.038000 2608036 torch/_dynamo/convert_frame.py:2147]            ^^^^^^^^^^^^^^^^^^^^^^
[rank6]:W0910 13:58:33.038000 2608036 torch/_dynamo/convert_frame.py:2147]   File "/usr/local/lib/python3.12/dist-packages/torch/_inductor/ir.py", line 758, in get_stride
[rank6]:W0910 13:58:33.038000 2608036 torch/_dynamo/convert_frame.py:2147]     raise NotImplementedError(type(self).__name__)
[rank6]:W0910 13:58:33.038000 2608036 torch/_dynamo/convert_frame.py:2147] torch._inductor.exc.InductorError: NotImplementedError: SliceView
[rank6]:W0910 13:58:33.038000 2608036 torch/_dynamo/convert_frame.py:2147] 
[rank6]:W0910 13:58:33.038000 2608036 torch/_dynamo/convert_frame.py:2147] Set TORCHDYNAMO_VERBOSE=1 for the internal stack trace (please do this especially if you're reporting a bug to PyTorch). For even more developer context, set TORCH_LOGS="+dynamo"
[rank6]:W0910 13:58:33.038000 2608036 torch/_dynamo/convert_frame.py:2147] 
[rank4]:W0910 13:58:33.222000 2608034 torch/_dynamo/convert_frame.py:2147] WON'T CONVERT _doc_blocks /work/aupai/model.py line 277 
[rank4]:W0910 13:58:33.222000 2608034 torch/_dynamo/convert_frame.py:2147] due to: 
[rank4]:W0910 13:58:33.222000 2608034 torch/_dynamo/convert_frame.py:2147] Traceback (most recent call last):
[rank4]:W0910 13:58:33.222000 2608034 torch/_dynamo/convert_frame.py:2147]   File "/usr/local/lib/python3.12/dist-packages/torch/_dynamo/convert_frame.py", line 2052, in __call__
[rank4]:W0910 13:58:33.222000 2608034 torch/_dynamo/convert_frame.py:2147]     result = self._inner_convert(
[rank4]:W0910 13:58:33.222000 2608034 torch/_dynamo/convert_frame.py:2147]              ^^^^^^^^^^^^^^^^^^^^
[rank4]:W0910 13:58:33.222000 2608034 torch/_dynamo/convert_frame.py:2147]   File "/usr/local/lib/python3.12/dist-packages/torch/_dynamo/convert_frame.py", line 729, in __call__
[rank4]:W0910 13:58:33.222000 2608034 torch/_dynamo/convert_frame.py:2147]     result = _compile(
[rank4]:W0910 13:58:33.222000 2608034 torch/_dynamo/convert_frame.py:2147]              ^^^^^^^^^
[rank4]:W0910 13:58:33.222000 2608034 torch/_dynamo/convert_frame.py:2147]   File "/usr/local/lib/python3.12/dist-packages/torch/_dynamo/convert_frame.py", line 1827, in _compile
[rank4]:W0910 13:58:33.222000 2608034 torch/_dynamo/convert_frame.py:2147]     guarded_code, tracer_output = compile_inner(code, one_graph, hooks)
[rank4]:W0910 13:58:33.222000 2608034 torch/_dynamo/convert_frame.py:2147]                                   ^^^^^^^^^^^^^^^^^^^^^^^^^^^^^^^^^^^^^
[rank4]:W0910 13:58:33.222000 2608034 torch/_dynamo/convert_frame.py:2147]   File "/usr/local/lib/python3.12/dist-packages/torch/_utils_internal.py", line 96, in wrapper_function
[rank4]:W0910 13:58:33.222000 2608034 torch/_dynamo/convert_frame.py:2147]     return function(*args, **kwargs)
[rank4]:W0910 13:58:33.222000 2608034 torch/_dynamo/convert_frame.py:2147]            ^^^^^^^^^^^^^^^^^^^^^^^^^
[rank4]:W0910 13:58:33.222000 2608034 torch/_dynamo/convert_frame.py:2147]   File "/usr/local/lib/python3.12/dist-packages/torch/_dynamo/convert_frame.py", line 1500, in compile_inner
[rank4]:W0910 13:58:33.222000 2608034 torch/_dynamo/convert_frame.py:2147]     return _compile_inner(code, one_graph, hooks)
[rank4]:W0910 13:58:33.222000 2608034 torch/_dynamo/convert_frame.py:2147]            ^^^^^^^^^^^^^^^^^^^^^^^^^^^^^^^^^^^^^^
[rank4]:W0910 13:58:33.222000 2608034 torch/_dynamo/convert_frame.py:2147]   File "/usr/local/lib/python3.12/dist-packages/torch/_dynamo/convert_frame.py", line 1534, in _compile_inner
[rank4]:W0910 13:58:33.222000 2608034 torch/_dynamo/convert_frame.py:2147]     dynamo_output = compile_frame(
[rank4]:W0910 13:58:33.222000 2608034 torch/_dynamo/convert_frame.py:2147]                     ^^^^^^^^^^^^^^
[rank4]:W0910 13:58:33.222000 2608034 torch/_dynamo/convert_frame.py:2147]   File "/usr/local/lib/python3.12/dist-packages/torch/_dynamo/convert_frame.py", line 1408, in compile_frame
[rank4]:W0910 13:58:33.222000 2608034 torch/_dynamo/convert_frame.py:2147]     bytecode, tracer_output = transform_code_object(code, transform)
[rank4]:W0910 13:58:33.222000 2608034 torch/_dynamo/convert_frame.py:2147]                               ^^^^^^^^^^^^^^^^^^^^^^^^^^^^^^^^^^^^^^
[rank4]:W0910 13:58:33.222000 2608034 torch/_dynamo/convert_frame.py:2147]   File "/usr/local/lib/python3.12/dist-packages/torch/_dynamo/bytecode_transformation.py", line 1608, in transform_code_object
[rank4]:W0910 13:58:33.222000 2608034 torch/_dynamo/convert_frame.py:2147]     tracer_output = transformations(instructions, code_options)
[rank4]:W0910 13:58:33.222000 2608034 torch/_dynamo/convert_frame.py:2147]                     ^^^^^^^^^^^^^^^^^^^^^^^^^^^^^^^^^^^^^^^^^^^
[rank4]:W0910 13:58:33.222000 2608034 torch/_dynamo/convert_frame.py:2147]   File "/usr/local/lib/python3.12/dist-packages/torch/_dynamo/convert_frame.py", line 1380, in transform
[rank4]:W0910 13:58:33.222000 2608034 torch/_dynamo/convert_frame.py:2147]     tracer_output = trace_frame(
[rank4]:W0910 13:58:33.222000 2608034 torch/_dynamo/convert_frame.py:2147]                     ^^^^^^^^^^^^
[rank4]:W0910 13:58:33.222000 2608034 torch/_dynamo/convert_frame.py:2147]   File "/usr/local/lib/python3.12/dist-packages/torch/_dynamo/convert_frame.py", line 341, in _fn
[rank4]:W0910 13:58:33.222000 2608034 torch/_dynamo/convert_frame.py:2147]     return fn(*args, **kwargs)
[rank4]:W0910 13:58:33.222000 2608034 torch/_dynamo/convert_frame.py:2147]            ^^^^^^^^^^^^^^^^^^^
[rank4]:W0910 13:58:33.222000 2608034 torch/_dynamo/convert_frame.py:2147]   File "/usr/local/lib/python3.12/dist-packages/torch/_dynamo/convert_frame.py", line 863, in trace_frame
[rank4]:W0910 13:58:33.222000 2608034 torch/_dynamo/convert_frame.py:2147]     run_tracer()
[rank4]:W0910 13:58:33.222000 2608034 torch/_dynamo/convert_frame.py:2147]   File "/usr/local/lib/python3.12/dist-packages/torch/_dynamo/convert_frame.py", line 844, in run_tracer
[rank4]:W0910 13:58:33.222000 2608034 torch/_dynamo/convert_frame.py:2147]     tracer.run()
[rank4]:W0910 13:58:33.222000 2608034 torch/_dynamo/convert_frame.py:2147]   File "/usr/local/lib/python3.12/dist-packages/torch/_dynamo/symbolic_convert.py", line 1794, in run
[rank4]:W0910 13:58:33.222000 2608034 torch/_dynamo/convert_frame.py:2147]     while self.step():
[rank4]:W0910 13:58:33.222000 2608034 torch/_dynamo/convert_frame.py:2147]           ^^^^^^^^^^^
[rank4]:W0910 13:58:33.222000 2608034 torch/_dynamo/convert_frame.py:2147]   File "/usr/local/lib/python3.12/dist-packages/torch/_dynamo/symbolic_convert.py", line 1459, in step
[rank4]:W0910 13:58:33.222000 2608034 torch/_dynamo/convert_frame.py:2147]     self.dispatch_table[inst.opcode](self, inst)
[rank4]:W0910 13:58:33.222000 2608034 torch/_dynamo/convert_frame.py:2147]   File "/usr/local/lib/python3.12/dist-packages/torch/_dynamo/symbolic_convert.py", line 999, in wrapper
[rank4]:W0910 13:58:33.222000 2608034 torch/_dynamo/convert_frame.py:2147]     return handle_graph_break(self, inst, speculation.reason)
[rank4]:W0910 13:58:33.222000 2608034 torch/_dynamo/convert_frame.py:2147]            ^^^^^^^^^^^^^^^^^^^^^^^^^^^^^^^^^^^^^^^^^^^^^^^^^^
[rank4]:W0910 13:58:33.222000 2608034 torch/_dynamo/convert_frame.py:2147]   File "/usr/local/lib/python3.12/dist-packages/torch/_dynamo/symbolic_convert.py", line 1062, in handle_graph_break
[rank4]:W0910 13:58:33.222000 2608034 torch/_dynamo/convert_frame.py:2147]     all_stack_locals_metadata = self.output.compile_subgraph(
[rank4]:W0910 13:58:33.222000 2608034 torch/_dynamo/convert_frame.py:2147]                                 ^^^^^^^^^^^^^^^^^^^^^^^^^^^^^
[rank4]:W0910 13:58:33.222000 2608034 torch/_dynamo/convert_frame.py:2147]   File "/usr/local/lib/python3.12/dist-packages/torch/_dynamo/output_graph.py", line 1889, in compile_subgraph
[rank4]:W0910 13:58:33.222000 2608034 torch/_dynamo/convert_frame.py:2147]     self.compile_and_call_fx_graph(tx, pass2.graph_output_vars(), root)
[rank4]:W0910 13:58:33.222000 2608034 torch/_dynamo/convert_frame.py:2147]   File "/usr/local/lib/python3.12/dist-packages/torch/_dynamo/output_graph.py", line 2460, in compile_and_call_fx_graph
[rank4]:W0910 13:58:33.222000 2608034 torch/_dynamo/convert_frame.py:2147]     compiled_fn = self.call_user_compiler(gm, self.example_inputs())
[rank4]:W0910 13:58:33.222000 2608034 torch/_dynamo/convert_frame.py:2147]                   ^^^^^^^^^^^^^^^^^^^^^^^^^^^^^^^^^^^^^^^^^^^^^^^^^^
[rank4]:W0910 13:58:33.222000 2608034 torch/_dynamo/convert_frame.py:2147]   File "/usr/local/lib/python3.12/dist-packages/torch/_dynamo/output_graph.py", line 2613, in call_user_compiler
[rank4]:W0910 13:58:33.222000 2608034 torch/_dynamo/convert_frame.py:2147]     return self._call_user_compiler(gm, example_inputs)
[rank4]:W0910 13:58:33.222000 2608034 torch/_dynamo/convert_frame.py:2147]            ^^^^^^^^^^^^^^^^^^^^^^^^^^^^^^^^^^^^^^^^^^^^
[rank4]:W0910 13:58:33.222000 2608034 torch/_dynamo/convert_frame.py:2147]   File "/usr/local/lib/python3.12/dist-packages/torch/_dynamo/output_graph.py", line 2664, in _call_user_compiler
[rank4]:W0910 13:58:33.222000 2608034 torch/_dynamo/convert_frame.py:2147]     compiled_fn = compiler_fn(gm, example_inputs)
[rank4]:W0910 13:58:33.222000 2608034 torch/_dynamo/convert_frame.py:2147]                   ^^^^^^^^^^^^^^^^^^^^^^^^^^^^^^^
[rank4]:W0910 13:58:33.222000 2608034 torch/_dynamo/convert_frame.py:2147]   File "/usr/local/lib/python3.12/dist-packages/torch/_dynamo/backends/distributed.py", line 569, in compile_fn
[rank4]:W0910 13:58:33.222000 2608034 torch/_dynamo/convert_frame.py:2147]     return self.backend_compile_fn(gm, example_inputs)
[rank4]:W0910 13:58:33.222000 2608034 torch/_dynamo/convert_frame.py:2147]            ^^^^^^^^^^^^^^^^^^^^^^^^^^^^^^^^^^^^^^^^^^^
[rank4]:W0910 13:58:33.222000 2608034 torch/_dynamo/convert_frame.py:2147]   File "/usr/local/lib/python3.12/dist-packages/torch/_dynamo/repro/after_dynamo.py", line 156, in __call__
[rank4]:W0910 13:58:33.222000 2608034 torch/_dynamo/convert_frame.py:2147]     compiled_gm = compiler_fn(gm, example_inputs)
[rank4]:W0910 13:58:33.222000 2608034 torch/_dynamo/convert_frame.py:2147]                   ^^^^^^^^^^^^^^^^^^^^^^^^^^^^^^^
[rank4]:W0910 13:58:33.222000 2608034 torch/_dynamo/convert_frame.py:2147]   File "/usr/local/lib/python3.12/dist-packages/torch/__init__.py", line 2461, in __call__
[rank4]:W0910 13:58:33.222000 2608034 torch/_dynamo/convert_frame.py:2147]     return compile_fx(model_, inputs_, config_patches=self.config)
[rank4]:W0910 13:58:33.222000 2608034 torch/_dynamo/convert_frame.py:2147]            ^^^^^^^^^^^^^^^^^^^^^^^^^^^^^^^^^^^^^^^^^^^^^^^^^^^^^^^
[rank4]:W0910 13:58:33.222000 2608034 torch/_dynamo/convert_frame.py:2147]   File "/usr/local/lib/python3.12/dist-packages/torch/_inductor/compile_fx.py", line 2578, in compile_fx
[rank4]:W0910 13:58:33.222000 2608034 torch/_dynamo/convert_frame.py:2147]     return _maybe_wrap_and_compile_fx_main(
[rank4]:W0910 13:58:33.222000 2608034 torch/_dynamo/convert_frame.py:2147]            ^^^^^^^^^^^^^^^^^^^^^^^^^^^^^^^^
[rank4]:W0910 13:58:33.222000 2608034 torch/_dynamo/convert_frame.py:2147]   File "/usr/local/lib/python3.12/dist-packages/torch/_inductor/compile_fx.py", line 2655, in _maybe_wrap_and_compile_fx_main
[rank4]:W0910 13:58:33.222000 2608034 torch/_dynamo/convert_frame.py:2147]     return _compile_fx_main(
[rank4]:W0910 13:58:33.222000 2608034 torch/_dynamo/convert_frame.py:2147]            ^^^^^^^^^^^^^^^^^
[rank4]:W0910 13:58:33.222000 2608034 torch/_dynamo/convert_frame.py:2147]   File "/usr/local/lib/python3.12/dist-packages/torch/_inductor/compile_fx.py", line 2864, in _compile_fx_main
[rank4]:W0910 13:58:33.222000 2608034 torch/_dynamo/convert_frame.py:2147]     raise e.remove_dynamo_frames() from None  # see TORCHDYNAMO_VERBOSE=1
[rank4]:W0910 13:58:33.222000 2608034 torch/_dynamo/convert_frame.py:2147]     ^^^^^^^^^^^^^^^^^^^^^^^^^^^^^^^^^^^^^^^^
[rank4]:W0910 13:58:33.222000 2608034 torch/_dynamo/convert_frame.py:2147]   File "/usr/local/lib/python3.12/dist-packages/torch/_inductor/compile_fx.py", line 1053, in _compile_fx_inner
[rank4]:W0910 13:58:33.222000 2608034 torch/_dynamo/convert_frame.py:2147]     raise InductorError(e, currentframe()).with_traceback(
[rank4]:W0910 13:58:33.222000 2608034 torch/_dynamo/convert_frame.py:2147]   File "/usr/local/lib/python3.12/dist-packages/torch/_inductor/compile_fx.py", line 1037, in _compile_fx_inner
[rank4]:W0910 13:58:33.222000 2608034 torch/_dynamo/convert_frame.py:2147]     mb_compiled_graph = fx_codegen_and_compile(
[rank4]:W0910 13:58:33.222000 2608034 torch/_dynamo/convert_frame.py:2147]                         ^^^^^^^^^^^^^^^^^^^^^^^
[rank4]:W0910 13:58:33.222000 2608034 torch/_dynamo/convert_frame.py:2147]   File "/usr/local/lib/python3.12/dist-packages/torch/_inductor/compile_fx.py", line 1798, in fx_codegen_and_compile
[rank4]:W0910 13:58:33.222000 2608034 torch/_dynamo/convert_frame.py:2147]     return scheme.codegen_and_compile(gm, example_inputs, inputs_to_check, graph_kwargs)
[rank4]:W0910 13:58:33.222000 2608034 torch/_dynamo/convert_frame.py:2147]            ^^^^^^^^^^^^^^^^^^^^^^^^^^^^^^^^^^^^^^^^^^^^^^^^^^^^^^^^^^^^^^^^^^^^^^^^^^^^^
[rank4]:W0910 13:58:33.222000 2608034 torch/_dynamo/convert_frame.py:2147]   File "/usr/local/lib/python3.12/dist-packages/torch/_inductor/compile_fx.py", line 1485, in codegen_and_compile
[rank4]:W0910 13:58:33.222000 2608034 torch/_dynamo/convert_frame.py:2147]     graph.run(*example_inputs)
[rank4]:W0910 13:58:33.222000 2608034 torch/_dynamo/convert_frame.py:2147]   File "/usr/local/lib/python3.12/dist-packages/torch/_inductor/graph.py", line 1025, in run
[rank4]:W0910 13:58:33.222000 2608034 torch/_dynamo/convert_frame.py:2147]     return super().run(*args)
[rank4]:W0910 13:58:33.222000 2608034 torch/_dynamo/convert_frame.py:2147]            ^^^^^^^^^^^^^^^^^^
[rank4]:W0910 13:58:33.222000 2608034 torch/_dynamo/convert_frame.py:2147]   File "/usr/local/lib/python3.12/dist-packages/torch/fx/interpreter.py", line 200, in run
[rank4]:W0910 13:58:33.222000 2608034 torch/_dynamo/convert_frame.py:2147]     self.env[node] = self.run_node(node)
[rank4]:W0910 13:58:33.222000 2608034 torch/_dynamo/convert_frame.py:2147]                      ^^^^^^^^^^^^^^^^^^^
[rank4]:W0910 13:58:33.222000 2608034 torch/_dynamo/convert_frame.py:2147]   File "/usr/local/lib/python3.12/dist-packages/torch/_inductor/graph.py", line 1997, in run_node
[rank4]:W0910 13:58:33.222000 2608034 torch/_dynamo/convert_frame.py:2147]     self.register_users_of(result)
[rank4]:W0910 13:58:33.222000 2608034 torch/_dynamo/convert_frame.py:2147]   File "/usr/local/lib/python3.12/dist-packages/torch/_inductor/graph.py", line 1072, in register_users_of
[rank4]:W0910 13:58:33.222000 2608034 torch/_dynamo/convert_frame.py:2147]     register(node_output)
[rank4]:W0910 13:58:33.222000 2608034 torch/_dynamo/convert_frame.py:2147]   File "/usr/local/lib/python3.12/dist-packages/torch/_inductor/graph.py", line 1069, in register
[rank4]:W0910 13:58:33.222000 2608034 torch/_dynamo/convert_frame.py:2147]     for read_name in value.get_read_names():
[rank4]:W0910 13:58:33.222000 2608034 torch/_dynamo/convert_frame.py:2147]                      ^^^^^^^^^^^^^^^^^^^^^^
[rank4]:W0910 13:58:33.222000 2608034 torch/_dynamo/convert_frame.py:2147]   File "/usr/local/lib/python3.12/dist-packages/torch/_inductor/ir.py", line 8658, in get_read_names
[rank4]:W0910 13:58:33.222000 2608034 torch/_dynamo/convert_frame.py:2147]     return self.data.get_read_names()
[rank4]:W0910 13:58:33.222000 2608034 torch/_dynamo/convert_frame.py:2147]            ^^^^^^^^^^^^^^^^^^^^^^^^^^
[rank4]:W0910 13:58:33.222000 2608034 torch/_dynamo/convert_frame.py:2147]   File "/usr/local/lib/python3.12/dist-packages/torch/_inductor/ir.py", line 8658, in get_read_names
[rank4]:W0910 13:58:33.222000 2608034 torch/_dynamo/convert_frame.py:2147]     return self.data.get_read_names()
[rank4]:W0910 13:58:33.222000 2608034 torch/_dynamo/convert_frame.py:2147]            ^^^^^^^^^^^^^^^^^^^^^^^^^^
[rank4]:W0910 13:58:33.222000 2608034 torch/_dynamo/convert_frame.py:2147]   File "/usr/local/lib/python3.12/dist-packages/torch/_inductor/ir.py", line 4766, in get_read_names
[rank4]:W0910 13:58:33.222000 2608034 torch/_dynamo/convert_frame.py:2147]     return self.data.get_read_names()
[rank4]:W0910 13:58:33.222000 2608034 torch/_dynamo/convert_frame.py:2147]            ^^^^^^^^^^^^^^^^^^^^^^^^^^
[rank4]:W0910 13:58:33.222000 2608034 torch/_dynamo/convert_frame.py:2147]   File "/usr/local/lib/python3.12/dist-packages/torch/_inductor/ir.py", line 1042, in get_read_names
[rank4]:W0910 13:58:33.222000 2608034 torch/_dynamo/convert_frame.py:2147]     return OrderedSet(self.inner_fn_opcount().read_buffers)
[rank4]:W0910 13:58:33.222000 2608034 torch/_dynamo/convert_frame.py:2147]                       ^^^^^^^^^^^^^^^^^^^^^^^
[rank4]:W0910 13:58:33.222000 2608034 torch/_dynamo/convert_frame.py:2147]   File "<string>", line 6, in inner_fn_opcount_cache_on_self
[rank4]:W0910 13:58:33.222000 2608034 torch/_dynamo/convert_frame.py:2147]   File "/usr/local/lib/python3.12/dist-packages/torch/_inductor/ir.py", line 1005, in inner_fn_opcount
[rank4]:W0910 13:58:33.222000 2608034 torch/_dynamo/convert_frame.py:2147]     self.inner_fn(*self.inner_fn_args())
[rank4]:W0910 13:58:33.222000 2608034 torch/_dynamo/convert_frame.py:2147]   File "/usr/local/lib/python3.12/dist-packages/torch/_inductor/lowering.py", line 2735, in inner_fn
[rank4]:W0910 13:58:33.222000 2608034 torch/_dynamo/convert_frame.py:2147]     _boundaries_helper(boundaries),
[rank4]:W0910 13:58:33.222000 2608034 torch/_dynamo/convert_frame.py:2147]     ^^^^^^^^^^^^^^^^^^^^^^^^^^^^^^
[rank4]:W0910 13:58:33.222000 2608034 torch/_dynamo/convert_frame.py:2147]   File "/usr/local/lib/python3.12/dist-packages/torch/_inductor/lowering.py", line 2589, in _boundaries_helper
[rank4]:W0910 13:58:33.222000 2608034 torch/_dynamo/convert_frame.py:2147]     stride = tb.get_stride()
[rank4]:W0910 13:58:33.222000 2608034 torch/_dynamo/convert_frame.py:2147]              ^^^^^^^^^^^^^^^
[rank4]:W0910 13:58:33.222000 2608034 torch/_dynamo/convert_frame.py:2147]   File "/usr/local/lib/python3.12/dist-packages/torch/_inductor/ir.py", line 8573, in get_stride
[rank4]:W0910 13:58:33.222000 2608034 torch/_dynamo/convert_frame.py:2147]     return self.data.get_stride()
[rank4]:W0910 13:58:33.222000 2608034 torch/_dynamo/convert_frame.py:2147]            ^^^^^^^^^^^^^^^^^^^^^^
[rank4]:W0910 13:58:33.222000 2608034 torch/_dynamo/convert_frame.py:2147]   File "/usr/local/lib/python3.12/dist-packages/torch/_inductor/ir.py", line 758, in get_stride
[rank4]:W0910 13:58:33.222000 2608034 torch/_dynamo/convert_frame.py:2147]     raise NotImplementedError(type(self).__name__)
[rank4]:W0910 13:58:33.222000 2608034 torch/_dynamo/convert_frame.py:2147] torch._inductor.exc.InductorError: NotImplementedError: SliceView
[rank4]:W0910 13:58:33.222000 2608034 torch/_dynamo/convert_frame.py:2147] 
[rank4]:W0910 13:58:33.222000 2608034 torch/_dynamo/convert_frame.py:2147] Set TORCHDYNAMO_VERBOSE=1 for the internal stack trace (please do this especially if you're reporting a bug to PyTorch). For even more developer context, set TORCH_LOGS="+dynamo"
[rank4]:W0910 13:58:33.222000 2608034 torch/_dynamo/convert_frame.py:2147] 
[rank4]:W0910 13:58:33.222000 2608034 torch/_dynamo/convert_frame.py:2147] Traceback (most recent call last):
[rank4]:W0910 13:58:33.222000 2608034 torch/_dynamo/convert_frame.py:2147]   File "/usr/local/lib/python3.12/dist-packages/torch/_dynamo/convert_frame.py", line 2052, in __call__
[rank4]:W0910 13:58:33.222000 2608034 torch/_dynamo/convert_frame.py:2147]     result = self._inner_convert(
[rank4]:W0910 13:58:33.222000 2608034 torch/_dynamo/convert_frame.py:2147]              ^^^^^^^^^^^^^^^^^^^^
[rank4]:W0910 13:58:33.222000 2608034 torch/_dynamo/convert_frame.py:2147]   File "/usr/local/lib/python3.12/dist-packages/torch/_dynamo/convert_frame.py", line 729, in __call__
[rank4]:W0910 13:58:33.222000 2608034 torch/_dynamo/convert_frame.py:2147]     result = _compile(
[rank4]:W0910 13:58:33.222000 2608034 torch/_dynamo/convert_frame.py:2147]              ^^^^^^^^^
[rank4]:W0910 13:58:33.222000 2608034 torch/_dynamo/convert_frame.py:2147]   File "/usr/local/lib/python3.12/dist-packages/torch/_dynamo/convert_frame.py", line 1827, in _compile
[rank4]:W0910 13:58:33.222000 2608034 torch/_dynamo/convert_frame.py:2147]     guarded_code, tracer_output = compile_inner(code, one_graph, hooks)
[rank4]:W0910 13:58:33.222000 2608034 torch/_dynamo/convert_frame.py:2147]                                   ^^^^^^^^^^^^^^^^^^^^^^^^^^^^^^^^^^^^^
[rank4]:W0910 13:58:33.222000 2608034 torch/_dynamo/convert_frame.py:2147]   File "/usr/local/lib/python3.12/dist-packages/torch/_utils_internal.py", line 96, in wrapper_function
[rank4]:W0910 13:58:33.222000 2608034 torch/_dynamo/convert_frame.py:2147]     return function(*args, **kwargs)
[rank4]:W0910 13:58:33.222000 2608034 torch/_dynamo/convert_frame.py:2147]            ^^^^^^^^^^^^^^^^^^^^^^^^^
[rank4]:W0910 13:58:33.222000 2608034 torch/_dynamo/convert_frame.py:2147]   File "/usr/local/lib/python3.12/dist-packages/torch/_dynamo/convert_frame.py", line 1500, in compile_inner
[rank4]:W0910 13:58:33.222000 2608034 torch/_dynamo/convert_frame.py:2147]     return _compile_inner(code, one_graph, hooks)
[rank4]:W0910 13:58:33.222000 2608034 torch/_dynamo/convert_frame.py:2147]            ^^^^^^^^^^^^^^^^^^^^^^^^^^^^^^^^^^^^^^
[rank4]:W0910 13:58:33.222000 2608034 torch/_dynamo/convert_frame.py:2147]   File "/usr/local/lib/python3.12/dist-packages/torch/_dynamo/convert_frame.py", line 1534, in _compile_inner
[rank4]:W0910 13:58:33.222000 2608034 torch/_dynamo/convert_frame.py:2147]     dynamo_output = compile_frame(
[rank4]:W0910 13:58:33.222000 2608034 torch/_dynamo/convert_frame.py:2147]                     ^^^^^^^^^^^^^^
[rank4]:W0910 13:58:33.222000 2608034 torch/_dynamo/convert_frame.py:2147]   File "/usr/local/lib/python3.12/dist-packages/torch/_dynamo/convert_frame.py", line 1408, in compile_frame
[rank4]:W0910 13:58:33.222000 2608034 torch/_dynamo/convert_frame.py:2147]     bytecode, tracer_output = transform_code_object(code, transform)
[rank4]:W0910 13:58:33.222000 2608034 torch/_dynamo/convert_frame.py:2147]                               ^^^^^^^^^^^^^^^^^^^^^^^^^^^^^^^^^^^^^^
[rank4]:W0910 13:58:33.222000 2608034 torch/_dynamo/convert_frame.py:2147]   File "/usr/local/lib/python3.12/dist-packages/torch/_dynamo/bytecode_transformation.py", line 1608, in transform_code_object
[rank4]:W0910 13:58:33.222000 2608034 torch/_dynamo/convert_frame.py:2147]     tracer_output = transformations(instructions, code_options)
[rank4]:W0910 13:58:33.222000 2608034 torch/_dynamo/convert_frame.py:2147]                     ^^^^^^^^^^^^^^^^^^^^^^^^^^^^^^^^^^^^^^^^^^^
[rank4]:W0910 13:58:33.222000 2608034 torch/_dynamo/convert_frame.py:2147]   File "/usr/local/lib/python3.12/dist-packages/torch/_dynamo/convert_frame.py", line 1380, in transform
[rank4]:W0910 13:58:33.222000 2608034 torch/_dynamo/convert_frame.py:2147]     tracer_output = trace_frame(
[rank4]:W0910 13:58:33.222000 2608034 torch/_dynamo/convert_frame.py:2147]                     ^^^^^^^^^^^^
[rank4]:W0910 13:58:33.222000 2608034 torch/_dynamo/convert_frame.py:2147]   File "/usr/local/lib/python3.12/dist-packages/torch/_dynamo/convert_frame.py", line 341, in _fn
[rank4]:W0910 13:58:33.222000 2608034 torch/_dynamo/convert_frame.py:2147]     return fn(*args, **kwargs)
[rank4]:W0910 13:58:33.222000 2608034 torch/_dynamo/convert_frame.py:2147]            ^^^^^^^^^^^^^^^^^^^
[rank4]:W0910 13:58:33.222000 2608034 torch/_dynamo/convert_frame.py:2147]   File "/usr/local/lib/python3.12/dist-packages/torch/_dynamo/convert_frame.py", line 863, in trace_frame
[rank4]:W0910 13:58:33.222000 2608034 torch/_dynamo/convert_frame.py:2147]     run_tracer()
[rank4]:W0910 13:58:33.222000 2608034 torch/_dynamo/convert_frame.py:2147]   File "/usr/local/lib/python3.12/dist-packages/torch/_dynamo/convert_frame.py", line 844, in run_tracer
[rank4]:W0910 13:58:33.222000 2608034 torch/_dynamo/convert_frame.py:2147]     tracer.run()
[rank4]:W0910 13:58:33.222000 2608034 torch/_dynamo/convert_frame.py:2147]   File "/usr/local/lib/python3.12/dist-packages/torch/_dynamo/symbolic_convert.py", line 1794, in run
[rank4]:W0910 13:58:33.222000 2608034 torch/_dynamo/convert_frame.py:2147]     while self.step():
[rank4]:W0910 13:58:33.222000 2608034 torch/_dynamo/convert_frame.py:2147]           ^^^^^^^^^^^
[rank4]:W0910 13:58:33.222000 2608034 torch/_dynamo/convert_frame.py:2147]   File "/usr/local/lib/python3.12/dist-packages/torch/_dynamo/symbolic_convert.py", line 1459, in step
[rank4]:W0910 13:58:33.222000 2608034 torch/_dynamo/convert_frame.py:2147]     self.dispatch_table[inst.opcode](self, inst)
[rank4]:W0910 13:58:33.222000 2608034 torch/_dynamo/convert_frame.py:2147]   File "/usr/local/lib/python3.12/dist-packages/torch/_dynamo/symbolic_convert.py", line 999, in wrapper
[rank4]:W0910 13:58:33.222000 2608034 torch/_dynamo/convert_frame.py:2147]     return handle_graph_break(self, inst, speculation.reason)
[rank4]:W0910 13:58:33.222000 2608034 torch/_dynamo/convert_frame.py:2147]            ^^^^^^^^^^^^^^^^^^^^^^^^^^^^^^^^^^^^^^^^^^^^^^^^^^
[rank4]:W0910 13:58:33.222000 2608034 torch/_dynamo/convert_frame.py:2147]   File "/usr/local/lib/python3.12/dist-packages/torch/_dynamo/symbolic_convert.py", line 1062, in handle_graph_break
[rank4]:W0910 13:58:33.222000 2608034 torch/_dynamo/convert_frame.py:2147]     all_stack_locals_metadata = self.output.compile_subgraph(
[rank4]:W0910 13:58:33.222000 2608034 torch/_dynamo/convert_frame.py:2147]                                 ^^^^^^^^^^^^^^^^^^^^^^^^^^^^^
[rank4]:W0910 13:58:33.222000 2608034 torch/_dynamo/convert_frame.py:2147]   File "/usr/local/lib/python3.12/dist-packages/torch/_dynamo/output_graph.py", line 1889, in compile_subgraph
[rank4]:W0910 13:58:33.222000 2608034 torch/_dynamo/convert_frame.py:2147]     self.compile_and_call_fx_graph(tx, pass2.graph_output_vars(), root)
[rank4]:W0910 13:58:33.222000 2608034 torch/_dynamo/convert_frame.py:2147]   File "/usr/local/lib/python3.12/dist-packages/torch/_dynamo/output_graph.py", line 2460, in compile_and_call_fx_graph
[rank4]:W0910 13:58:33.222000 2608034 torch/_dynamo/convert_frame.py:2147]     compiled_fn = self.call_user_compiler(gm, self.example_inputs())
[rank4]:W0910 13:58:33.222000 2608034 torch/_dynamo/convert_frame.py:2147]                   ^^^^^^^^^^^^^^^^^^^^^^^^^^^^^^^^^^^^^^^^^^^^^^^^^^
[rank4]:W0910 13:58:33.222000 2608034 torch/_dynamo/convert_frame.py:2147]   File "/usr/local/lib/python3.12/dist-packages/torch/_dynamo/output_graph.py", line 2613, in call_user_compiler
[rank4]:W0910 13:58:33.222000 2608034 torch/_dynamo/convert_frame.py:2147]     return self._call_user_compiler(gm, example_inputs)
[rank4]:W0910 13:58:33.222000 2608034 torch/_dynamo/convert_frame.py:2147]            ^^^^^^^^^^^^^^^^^^^^^^^^^^^^^^^^^^^^^^^^^^^^
[rank4]:W0910 13:58:33.222000 2608034 torch/_dynamo/convert_frame.py:2147]   File "/usr/local/lib/python3.12/dist-packages/torch/_dynamo/output_graph.py", line 2664, in _call_user_compiler
[rank4]:W0910 13:58:33.222000 2608034 torch/_dynamo/convert_frame.py:2147]     compiled_fn = compiler_fn(gm, example_inputs)
[rank4]:W0910 13:58:33.222000 2608034 torch/_dynamo/convert_frame.py:2147]                   ^^^^^^^^^^^^^^^^^^^^^^^^^^^^^^^
[rank4]:W0910 13:58:33.222000 2608034 torch/_dynamo/convert_frame.py:2147]   File "/usr/local/lib/python3.12/dist-packages/torch/_dynamo/backends/distributed.py", line 569, in compile_fn
[rank4]:W0910 13:58:33.222000 2608034 torch/_dynamo/convert_frame.py:2147]     return self.backend_compile_fn(gm, example_inputs)
[rank4]:W0910 13:58:33.222000 2608034 torch/_dynamo/convert_frame.py:2147]            ^^^^^^^^^^^^^^^^^^^^^^^^^^^^^^^^^^^^^^^^^^^
[rank4]:W0910 13:58:33.222000 2608034 torch/_dynamo/convert_frame.py:2147]   File "/usr/local/lib/python3.12/dist-packages/torch/_dynamo/repro/after_dynamo.py", line 156, in __call__
[rank4]:W0910 13:58:33.222000 2608034 torch/_dynamo/convert_frame.py:2147]     compiled_gm = compiler_fn(gm, example_inputs)
[rank4]:W0910 13:58:33.222000 2608034 torch/_dynamo/convert_frame.py:2147]                   ^^^^^^^^^^^^^^^^^^^^^^^^^^^^^^^
[rank4]:W0910 13:58:33.222000 2608034 torch/_dynamo/convert_frame.py:2147]   File "/usr/local/lib/python3.12/dist-packages/torch/__init__.py", line 2461, in __call__
[rank4]:W0910 13:58:33.222000 2608034 torch/_dynamo/convert_frame.py:2147]     return compile_fx(model_, inputs_, config_patches=self.config)
[rank4]:W0910 13:58:33.222000 2608034 torch/_dynamo/convert_frame.py:2147]            ^^^^^^^^^^^^^^^^^^^^^^^^^^^^^^^^^^^^^^^^^^^^^^^^^^^^^^^
[rank4]:W0910 13:58:33.222000 2608034 torch/_dynamo/convert_frame.py:2147]   File "/usr/local/lib/python3.12/dist-packages/torch/_inductor/compile_fx.py", line 2578, in compile_fx
[rank4]:W0910 13:58:33.222000 2608034 torch/_dynamo/convert_frame.py:2147]     return _maybe_wrap_and_compile_fx_main(
[rank4]:W0910 13:58:33.222000 2608034 torch/_dynamo/convert_frame.py:2147]            ^^^^^^^^^^^^^^^^^^^^^^^^^^^^^^^^
[rank4]:W0910 13:58:33.222000 2608034 torch/_dynamo/convert_frame.py:2147]   File "/usr/local/lib/python3.12/dist-packages/torch/_inductor/compile_fx.py", line 2655, in _maybe_wrap_and_compile_fx_main
[rank4]:W0910 13:58:33.222000 2608034 torch/_dynamo/convert_frame.py:2147]     return _compile_fx_main(
[rank4]:W0910 13:58:33.222000 2608034 torch/_dynamo/convert_frame.py:2147]            ^^^^^^^^^^^^^^^^^
[rank4]:W0910 13:58:33.222000 2608034 torch/_dynamo/convert_frame.py:2147]   File "/usr/local/lib/python3.12/dist-packages/torch/_inductor/compile_fx.py", line 2864, in _compile_fx_main
[rank4]:W0910 13:58:33.222000 2608034 torch/_dynamo/convert_frame.py:2147]     raise e.remove_dynamo_frames() from None  # see TORCHDYNAMO_VERBOSE=1
[rank4]:W0910 13:58:33.222000 2608034 torch/_dynamo/convert_frame.py:2147]     ^^^^^^^^^^^^^^^^^^^^^^^^^^^^^^^^^^^^^^^^
[rank4]:W0910 13:58:33.222000 2608034 torch/_dynamo/convert_frame.py:2147]   File "/usr/local/lib/python3.12/dist-packages/torch/_inductor/compile_fx.py", line 1053, in _compile_fx_inner
[rank4]:W0910 13:58:33.222000 2608034 torch/_dynamo/convert_frame.py:2147]     raise InductorError(e, currentframe()).with_traceback(
[rank4]:W0910 13:58:33.222000 2608034 torch/_dynamo/convert_frame.py:2147]   File "/usr/local/lib/python3.12/dist-packages/torch/_inductor/compile_fx.py", line 1037, in _compile_fx_inner
[rank4]:W0910 13:58:33.222000 2608034 torch/_dynamo/convert_frame.py:2147]     mb_compiled_graph = fx_codegen_and_compile(
[rank4]:W0910 13:58:33.222000 2608034 torch/_dynamo/convert_frame.py:2147]                         ^^^^^^^^^^^^^^^^^^^^^^^
[rank4]:W0910 13:58:33.222000 2608034 torch/_dynamo/convert_frame.py:2147]   File "/usr/local/lib/python3.12/dist-packages/torch/_inductor/compile_fx.py", line 1798, in fx_codegen_and_compile
[rank4]:W0910 13:58:33.222000 2608034 torch/_dynamo/convert_frame.py:2147]     return scheme.codegen_and_compile(gm, example_inputs, inputs_to_check, graph_kwargs)
[rank4]:W0910 13:58:33.222000 2608034 torch/_dynamo/convert_frame.py:2147]            ^^^^^^^^^^^^^^^^^^^^^^^^^^^^^^^^^^^^^^^^^^^^^^^^^^^^^^^^^^^^^^^^^^^^^^^^^^^^^
[rank4]:W0910 13:58:33.222000 2608034 torch/_dynamo/convert_frame.py:2147]   File "/usr/local/lib/python3.12/dist-packages/torch/_inductor/compile_fx.py", line 1485, in codegen_and_compile
[rank4]:W0910 13:58:33.222000 2608034 torch/_dynamo/convert_frame.py:2147]     graph.run(*example_inputs)
[rank4]:W0910 13:58:33.222000 2608034 torch/_dynamo/convert_frame.py:2147]   File "/usr/local/lib/python3.12/dist-packages/torch/_inductor/graph.py", line 1025, in run
[rank4]:W0910 13:58:33.222000 2608034 torch/_dynamo/convert_frame.py:2147]     return super().run(*args)
[rank4]:W0910 13:58:33.222000 2608034 torch/_dynamo/convert_frame.py:2147]            ^^^^^^^^^^^^^^^^^^
[rank4]:W0910 13:58:33.222000 2608034 torch/_dynamo/convert_frame.py:2147]   File "/usr/local/lib/python3.12/dist-packages/torch/fx/interpreter.py", line 200, in run
[rank4]:W0910 13:58:33.222000 2608034 torch/_dynamo/convert_frame.py:2147]     self.env[node] = self.run_node(node)
[rank4]:W0910 13:58:33.222000 2608034 torch/_dynamo/convert_frame.py:2147]                      ^^^^^^^^^^^^^^^^^^^
[rank4]:W0910 13:58:33.222000 2608034 torch/_dynamo/convert_frame.py:2147]   File "/usr/local/lib/python3.12/dist-packages/torch/_inductor/graph.py", line 1997, in run_node
[rank4]:W0910 13:58:33.222000 2608034 torch/_dynamo/convert_frame.py:2147]     self.register_users_of(result)
[rank4]:W0910 13:58:33.222000 2608034 torch/_dynamo/convert_frame.py:2147]   File "/usr/local/lib/python3.12/dist-packages/torch/_inductor/graph.py", line 1072, in register_users_of
[rank4]:W0910 13:58:33.222000 2608034 torch/_dynamo/convert_frame.py:2147]     register(node_output)
[rank4]:W0910 13:58:33.222000 2608034 torch/_dynamo/convert_frame.py:2147]   File "/usr/local/lib/python3.12/dist-packages/torch/_inductor/graph.py", line 1069, in register
[rank4]:W0910 13:58:33.222000 2608034 torch/_dynamo/convert_frame.py:2147]     for read_name in value.get_read_names():
[rank4]:W0910 13:58:33.222000 2608034 torch/_dynamo/convert_frame.py:2147]                      ^^^^^^^^^^^^^^^^^^^^^^
[rank4]:W0910 13:58:33.222000 2608034 torch/_dynamo/convert_frame.py:2147]   File "/usr/local/lib/python3.12/dist-packages/torch/_inductor/ir.py", line 8658, in get_read_names
[rank4]:W0910 13:58:33.222000 2608034 torch/_dynamo/convert_frame.py:2147]     return self.data.get_read_names()
[rank4]:W0910 13:58:33.222000 2608034 torch/_dynamo/convert_frame.py:2147]            ^^^^^^^^^^^^^^^^^^^^^^^^^^
[rank4]:W0910 13:58:33.222000 2608034 torch/_dynamo/convert_frame.py:2147]   File "/usr/local/lib/python3.12/dist-packages/torch/_inductor/ir.py", line 8658, in get_read_names
[rank4]:W0910 13:58:33.222000 2608034 torch/_dynamo/convert_frame.py:2147]     return self.data.get_read_names()
[rank4]:W0910 13:58:33.222000 2608034 torch/_dynamo/convert_frame.py:2147]            ^^^^^^^^^^^^^^^^^^^^^^^^^^
[rank4]:W0910 13:58:33.222000 2608034 torch/_dynamo/convert_frame.py:2147]   File "/usr/local/lib/python3.12/dist-packages/torch/_inductor/ir.py", line 4766, in get_read_names
[rank4]:W0910 13:58:33.222000 2608034 torch/_dynamo/convert_frame.py:2147]     return self.data.get_read_names()
[rank4]:W0910 13:58:33.222000 2608034 torch/_dynamo/convert_frame.py:2147]            ^^^^^^^^^^^^^^^^^^^^^^^^^^
[rank4]:W0910 13:58:33.222000 2608034 torch/_dynamo/convert_frame.py:2147]   File "/usr/local/lib/python3.12/dist-packages/torch/_inductor/ir.py", line 1042, in get_read_names
[rank4]:W0910 13:58:33.222000 2608034 torch/_dynamo/convert_frame.py:2147]     return OrderedSet(self.inner_fn_opcount().read_buffers)
[rank4]:W0910 13:58:33.222000 2608034 torch/_dynamo/convert_frame.py:2147]                       ^^^^^^^^^^^^^^^^^^^^^^^
[rank4]:W0910 13:58:33.222000 2608034 torch/_dynamo/convert_frame.py:2147]   File "<string>", line 6, in inner_fn_opcount_cache_on_self
[rank4]:W0910 13:58:33.222000 2608034 torch/_dynamo/convert_frame.py:2147]   File "/usr/local/lib/python3.12/dist-packages/torch/_inductor/ir.py", line 1005, in inner_fn_opcount
[rank4]:W0910 13:58:33.222000 2608034 torch/_dynamo/convert_frame.py:2147]     self.inner_fn(*self.inner_fn_args())
[rank4]:W0910 13:58:33.222000 2608034 torch/_dynamo/convert_frame.py:2147]   File "/usr/local/lib/python3.12/dist-packages/torch/_inductor/lowering.py", line 2735, in inner_fn
[rank4]:W0910 13:58:33.222000 2608034 torch/_dynamo/convert_frame.py:2147]     _boundaries_helper(boundaries),
[rank4]:W0910 13:58:33.222000 2608034 torch/_dynamo/convert_frame.py:2147]     ^^^^^^^^^^^^^^^^^^^^^^^^^^^^^^
[rank4]:W0910 13:58:33.222000 2608034 torch/_dynamo/convert_frame.py:2147]   File "/usr/local/lib/python3.12/dist-packages/torch/_inductor/lowering.py", line 2589, in _boundaries_helper
[rank4]:W0910 13:58:33.222000 2608034 torch/_dynamo/convert_frame.py:2147]     stride = tb.get_stride()
[rank4]:W0910 13:58:33.222000 2608034 torch/_dynamo/convert_frame.py:2147]              ^^^^^^^^^^^^^^^
[rank4]:W0910 13:58:33.222000 2608034 torch/_dynamo/convert_frame.py:2147]   File "/usr/local/lib/python3.12/dist-packages/torch/_inductor/ir.py", line 8573, in get_stride
[rank4]:W0910 13:58:33.222000 2608034 torch/_dynamo/convert_frame.py:2147]     return self.data.get_stride()
[rank4]:W0910 13:58:33.222000 2608034 torch/_dynamo/convert_frame.py:2147]            ^^^^^^^^^^^^^^^^^^^^^^
[rank4]:W0910 13:58:33.222000 2608034 torch/_dynamo/convert_frame.py:2147]   File "/usr/local/lib/python3.12/dist-packages/torch/_inductor/ir.py", line 758, in get_stride
[rank4]:W0910 13:58:33.222000 2608034 torch/_dynamo/convert_frame.py:2147]     raise NotImplementedError(type(self).__name__)
[rank4]:W0910 13:58:33.222000 2608034 torch/_dynamo/convert_frame.py:2147] torch._inductor.exc.InductorError: NotImplementedError: SliceView
[rank4]:W0910 13:58:33.222000 2608034 torch/_dynamo/convert_frame.py:2147] 
[rank4]:W0910 13:58:33.222000 2608034 torch/_dynamo/convert_frame.py:2147] Set TORCHDYNAMO_VERBOSE=1 for the internal stack trace (please do this especially if you're reporting a bug to PyTorch). For even more developer context, set TORCH_LOGS="+dynamo"
[rank4]:W0910 13:58:33.222000 2608034 torch/_dynamo/convert_frame.py:2147] 
[rank7]:W0910 13:58:33.314000 2608037 torch/_dynamo/convert_frame.py:2147] WON'T CONVERT _doc_blocks /work/aupai/model.py line 277 
[rank7]:W0910 13:58:33.314000 2608037 torch/_dynamo/convert_frame.py:2147] due to: 
[rank7]:W0910 13:58:33.314000 2608037 torch/_dynamo/convert_frame.py:2147] Traceback (most recent call last):
[rank7]:W0910 13:58:33.314000 2608037 torch/_dynamo/convert_frame.py:2147]   File "/usr/local/lib/python3.12/dist-packages/torch/_dynamo/convert_frame.py", line 2052, in __call__
[rank7]:W0910 13:58:33.314000 2608037 torch/_dynamo/convert_frame.py:2147]     result = self._inner_convert(
[rank7]:W0910 13:58:33.314000 2608037 torch/_dynamo/convert_frame.py:2147]              ^^^^^^^^^^^^^^^^^^^^
[rank7]:W0910 13:58:33.314000 2608037 torch/_dynamo/convert_frame.py:2147]   File "/usr/local/lib/python3.12/dist-packages/torch/_dynamo/convert_frame.py", line 729, in __call__
[rank7]:W0910 13:58:33.314000 2608037 torch/_dynamo/convert_frame.py:2147]     result = _compile(
[rank7]:W0910 13:58:33.314000 2608037 torch/_dynamo/convert_frame.py:2147]              ^^^^^^^^^
[rank7]:W0910 13:58:33.314000 2608037 torch/_dynamo/convert_frame.py:2147]   File "/usr/local/lib/python3.12/dist-packages/torch/_dynamo/convert_frame.py", line 1827, in _compile
[rank7]:W0910 13:58:33.314000 2608037 torch/_dynamo/convert_frame.py:2147]     guarded_code, tracer_output = compile_inner(code, one_graph, hooks)
[rank7]:W0910 13:58:33.314000 2608037 torch/_dynamo/convert_frame.py:2147]                                   ^^^^^^^^^^^^^^^^^^^^^^^^^^^^^^^^^^^^^
[rank7]:W0910 13:58:33.314000 2608037 torch/_dynamo/convert_frame.py:2147]   File "/usr/local/lib/python3.12/dist-packages/torch/_utils_internal.py", line 96, in wrapper_function
[rank7]:W0910 13:58:33.314000 2608037 torch/_dynamo/convert_frame.py:2147]     return function(*args, **kwargs)
[rank7]:W0910 13:58:33.314000 2608037 torch/_dynamo/convert_frame.py:2147]            ^^^^^^^^^^^^^^^^^^^^^^^^^
[rank7]:W0910 13:58:33.314000 2608037 torch/_dynamo/convert_frame.py:2147]   File "/usr/local/lib/python3.12/dist-packages/torch/_dynamo/convert_frame.py", line 1500, in compile_inner
[rank7]:W0910 13:58:33.314000 2608037 torch/_dynamo/convert_frame.py:2147]     return _compile_inner(code, one_graph, hooks)
[rank7]:W0910 13:58:33.314000 2608037 torch/_dynamo/convert_frame.py:2147]            ^^^^^^^^^^^^^^^^^^^^^^^^^^^^^^^^^^^^^^
[rank7]:W0910 13:58:33.314000 2608037 torch/_dynamo/convert_frame.py:2147]   File "/usr/local/lib/python3.12/dist-packages/torch/_dynamo/convert_frame.py", line 1534, in _compile_inner
[rank7]:W0910 13:58:33.314000 2608037 torch/_dynamo/convert_frame.py:2147]     dynamo_output = compile_frame(
[rank7]:W0910 13:58:33.314000 2608037 torch/_dynamo/convert_frame.py:2147]                     ^^^^^^^^^^^^^^
[rank7]:W0910 13:58:33.314000 2608037 torch/_dynamo/convert_frame.py:2147]   File "/usr/local/lib/python3.12/dist-packages/torch/_dynamo/convert_frame.py", line 1408, in compile_frame
[rank7]:W0910 13:58:33.314000 2608037 torch/_dynamo/convert_frame.py:2147]     bytecode, tracer_output = transform_code_object(code, transform)
[rank7]:W0910 13:58:33.314000 2608037 torch/_dynamo/convert_frame.py:2147]                               ^^^^^^^^^^^^^^^^^^^^^^^^^^^^^^^^^^^^^^
[rank7]:W0910 13:58:33.314000 2608037 torch/_dynamo/convert_frame.py:2147]   File "/usr/local/lib/python3.12/dist-packages/torch/_dynamo/bytecode_transformation.py", line 1608, in transform_code_object
[rank7]:W0910 13:58:33.314000 2608037 torch/_dynamo/convert_frame.py:2147]     tracer_output = transformations(instructions, code_options)
[rank7]:W0910 13:58:33.314000 2608037 torch/_dynamo/convert_frame.py:2147]                     ^^^^^^^^^^^^^^^^^^^^^^^^^^^^^^^^^^^^^^^^^^^
[rank7]:W0910 13:58:33.314000 2608037 torch/_dynamo/convert_frame.py:2147]   File "/usr/local/lib/python3.12/dist-packages/torch/_dynamo/convert_frame.py", line 1380, in transform
[rank7]:W0910 13:58:33.314000 2608037 torch/_dynamo/convert_frame.py:2147]     tracer_output = trace_frame(
[rank7]:W0910 13:58:33.314000 2608037 torch/_dynamo/convert_frame.py:2147]                     ^^^^^^^^^^^^
[rank7]:W0910 13:58:33.314000 2608037 torch/_dynamo/convert_frame.py:2147]   File "/usr/local/lib/python3.12/dist-packages/torch/_dynamo/convert_frame.py", line 341, in _fn
[rank7]:W0910 13:58:33.314000 2608037 torch/_dynamo/convert_frame.py:2147]     return fn(*args, **kwargs)
[rank7]:W0910 13:58:33.314000 2608037 torch/_dynamo/convert_frame.py:2147]            ^^^^^^^^^^^^^^^^^^^
[rank7]:W0910 13:58:33.314000 2608037 torch/_dynamo/convert_frame.py:2147]   File "/usr/local/lib/python3.12/dist-packages/torch/_dynamo/convert_frame.py", line 863, in trace_frame
[rank7]:W0910 13:58:33.314000 2608037 torch/_dynamo/convert_frame.py:2147]     run_tracer()
[rank7]:W0910 13:58:33.314000 2608037 torch/_dynamo/convert_frame.py:2147]   File "/usr/local/lib/python3.12/dist-packages/torch/_dynamo/convert_frame.py", line 844, in run_tracer
[rank7]:W0910 13:58:33.314000 2608037 torch/_dynamo/convert_frame.py:2147]     tracer.run()
[rank7]:W0910 13:58:33.314000 2608037 torch/_dynamo/convert_frame.py:2147]   File "/usr/local/lib/python3.12/dist-packages/torch/_dynamo/symbolic_convert.py", line 1794, in run
[rank7]:W0910 13:58:33.314000 2608037 torch/_dynamo/convert_frame.py:2147]     while self.step():
[rank7]:W0910 13:58:33.314000 2608037 torch/_dynamo/convert_frame.py:2147]           ^^^^^^^^^^^
[rank7]:W0910 13:58:33.314000 2608037 torch/_dynamo/convert_frame.py:2147]   File "/usr/local/lib/python3.12/dist-packages/torch/_dynamo/symbolic_convert.py", line 1459, in step
[rank7]:W0910 13:58:33.314000 2608037 torch/_dynamo/convert_frame.py:2147]     self.dispatch_table[inst.opcode](self, inst)
[rank7]:W0910 13:58:33.314000 2608037 torch/_dynamo/convert_frame.py:2147]   File "/usr/local/lib/python3.12/dist-packages/torch/_dynamo/symbolic_convert.py", line 999, in wrapper
[rank7]:W0910 13:58:33.314000 2608037 torch/_dynamo/convert_frame.py:2147]     return handle_graph_break(self, inst, speculation.reason)
[rank7]:W0910 13:58:33.314000 2608037 torch/_dynamo/convert_frame.py:2147]            ^^^^^^^^^^^^^^^^^^^^^^^^^^^^^^^^^^^^^^^^^^^^^^^^^^
[rank7]:W0910 13:58:33.314000 2608037 torch/_dynamo/convert_frame.py:2147]   File "/usr/local/lib/python3.12/dist-packages/torch/_dynamo/symbolic_convert.py", line 1062, in handle_graph_break
[rank7]:W0910 13:58:33.314000 2608037 torch/_dynamo/convert_frame.py:2147]     all_stack_locals_metadata = self.output.compile_subgraph(
[rank7]:W0910 13:58:33.314000 2608037 torch/_dynamo/convert_frame.py:2147]                                 ^^^^^^^^^^^^^^^^^^^^^^^^^^^^^
[rank7]:W0910 13:58:33.314000 2608037 torch/_dynamo/convert_frame.py:2147]   File "/usr/local/lib/python3.12/dist-packages/torch/_dynamo/output_graph.py", line 1889, in compile_subgraph
[rank7]:W0910 13:58:33.314000 2608037 torch/_dynamo/convert_frame.py:2147]     self.compile_and_call_fx_graph(tx, pass2.graph_output_vars(), root)
[rank7]:W0910 13:58:33.314000 2608037 torch/_dynamo/convert_frame.py:2147]   File "/usr/local/lib/python3.12/dist-packages/torch/_dynamo/output_graph.py", line 2460, in compile_and_call_fx_graph
[rank7]:W0910 13:58:33.314000 2608037 torch/_dynamo/convert_frame.py:2147]     compiled_fn = self.call_user_compiler(gm, self.example_inputs())
[rank7]:W0910 13:58:33.314000 2608037 torch/_dynamo/convert_frame.py:2147]                   ^^^^^^^^^^^^^^^^^^^^^^^^^^^^^^^^^^^^^^^^^^^^^^^^^^
[rank7]:W0910 13:58:33.314000 2608037 torch/_dynamo/convert_frame.py:2147]   File "/usr/local/lib/python3.12/dist-packages/torch/_dynamo/output_graph.py", line 2613, in call_user_compiler
[rank7]:W0910 13:58:33.314000 2608037 torch/_dynamo/convert_frame.py:2147]     return self._call_user_compiler(gm, example_inputs)
[rank7]:W0910 13:58:33.314000 2608037 torch/_dynamo/convert_frame.py:2147]            ^^^^^^^^^^^^^^^^^^^^^^^^^^^^^^^^^^^^^^^^^^^^
[rank7]:W0910 13:58:33.314000 2608037 torch/_dynamo/convert_frame.py:2147]   File "/usr/local/lib/python3.12/dist-packages/torch/_dynamo/output_graph.py", line 2664, in _call_user_compiler
[rank7]:W0910 13:58:33.314000 2608037 torch/_dynamo/convert_frame.py:2147]     compiled_fn = compiler_fn(gm, example_inputs)
[rank7]:W0910 13:58:33.314000 2608037 torch/_dynamo/convert_frame.py:2147]                   ^^^^^^^^^^^^^^^^^^^^^^^^^^^^^^^
[rank7]:W0910 13:58:33.314000 2608037 torch/_dynamo/convert_frame.py:2147]   File "/usr/local/lib/python3.12/dist-packages/torch/_dynamo/backends/distributed.py", line 569, in compile_fn
[rank7]:W0910 13:58:33.314000 2608037 torch/_dynamo/convert_frame.py:2147]     return self.backend_compile_fn(gm, example_inputs)
[rank7]:W0910 13:58:33.314000 2608037 torch/_dynamo/convert_frame.py:2147]            ^^^^^^^^^^^^^^^^^^^^^^^^^^^^^^^^^^^^^^^^^^^
[rank7]:W0910 13:58:33.314000 2608037 torch/_dynamo/convert_frame.py:2147]   File "/usr/local/lib/python3.12/dist-packages/torch/_dynamo/repro/after_dynamo.py", line 156, in __call__
[rank7]:W0910 13:58:33.314000 2608037 torch/_dynamo/convert_frame.py:2147]     compiled_gm = compiler_fn(gm, example_inputs)
[rank7]:W0910 13:58:33.314000 2608037 torch/_dynamo/convert_frame.py:2147]                   ^^^^^^^^^^^^^^^^^^^^^^^^^^^^^^^
[rank7]:W0910 13:58:33.314000 2608037 torch/_dynamo/convert_frame.py:2147]   File "/usr/local/lib/python3.12/dist-packages/torch/__init__.py", line 2461, in __call__
[rank7]:W0910 13:58:33.314000 2608037 torch/_dynamo/convert_frame.py:2147]     return compile_fx(model_, inputs_, config_patches=self.config)
[rank7]:W0910 13:58:33.314000 2608037 torch/_dynamo/convert_frame.py:2147]            ^^^^^^^^^^^^^^^^^^^^^^^^^^^^^^^^^^^^^^^^^^^^^^^^^^^^^^^
[rank7]:W0910 13:58:33.314000 2608037 torch/_dynamo/convert_frame.py:2147]   File "/usr/local/lib/python3.12/dist-packages/torch/_inductor/compile_fx.py", line 2578, in compile_fx
[rank7]:W0910 13:58:33.314000 2608037 torch/_dynamo/convert_frame.py:2147]     return _maybe_wrap_and_compile_fx_main(
[rank7]:W0910 13:58:33.314000 2608037 torch/_dynamo/convert_frame.py:2147]            ^^^^^^^^^^^^^^^^^^^^^^^^^^^^^^^^
[rank7]:W0910 13:58:33.314000 2608037 torch/_dynamo/convert_frame.py:2147]   File "/usr/local/lib/python3.12/dist-packages/torch/_inductor/compile_fx.py", line 2655, in _maybe_wrap_and_compile_fx_main
[rank7]:W0910 13:58:33.314000 2608037 torch/_dynamo/convert_frame.py:2147]     return _compile_fx_main(
[rank7]:W0910 13:58:33.314000 2608037 torch/_dynamo/convert_frame.py:2147]            ^^^^^^^^^^^^^^^^^
[rank7]:W0910 13:58:33.314000 2608037 torch/_dynamo/convert_frame.py:2147]   File "/usr/local/lib/python3.12/dist-packages/torch/_inductor/compile_fx.py", line 2864, in _compile_fx_main
[rank7]:W0910 13:58:33.314000 2608037 torch/_dynamo/convert_frame.py:2147]     raise e.remove_dynamo_frames() from None  # see TORCHDYNAMO_VERBOSE=1
[rank7]:W0910 13:58:33.314000 2608037 torch/_dynamo/convert_frame.py:2147]     ^^^^^^^^^^^^^^^^^^^^^^^^^^^^^^^^^^^^^^^^
[rank7]:W0910 13:58:33.314000 2608037 torch/_dynamo/convert_frame.py:2147]   File "/usr/local/lib/python3.12/dist-packages/torch/_inductor/compile_fx.py", line 1053, in _compile_fx_inner
[rank7]:W0910 13:58:33.314000 2608037 torch/_dynamo/convert_frame.py:2147]     raise InductorError(e, currentframe()).with_traceback(
[rank7]:W0910 13:58:33.314000 2608037 torch/_dynamo/convert_frame.py:2147]   File "/usr/local/lib/python3.12/dist-packages/torch/_inductor/compile_fx.py", line 1037, in _compile_fx_inner
[rank7]:W0910 13:58:33.314000 2608037 torch/_dynamo/convert_frame.py:2147]     mb_compiled_graph = fx_codegen_and_compile(
[rank7]:W0910 13:58:33.314000 2608037 torch/_dynamo/convert_frame.py:2147]                         ^^^^^^^^^^^^^^^^^^^^^^^
[rank7]:W0910 13:58:33.314000 2608037 torch/_dynamo/convert_frame.py:2147]   File "/usr/local/lib/python3.12/dist-packages/torch/_inductor/compile_fx.py", line 1798, in fx_codegen_and_compile
[rank7]:W0910 13:58:33.314000 2608037 torch/_dynamo/convert_frame.py:2147]     return scheme.codegen_and_compile(gm, example_inputs, inputs_to_check, graph_kwargs)
[rank7]:W0910 13:58:33.314000 2608037 torch/_dynamo/convert_frame.py:2147]            ^^^^^^^^^^^^^^^^^^^^^^^^^^^^^^^^^^^^^^^^^^^^^^^^^^^^^^^^^^^^^^^^^^^^^^^^^^^^^
[rank7]:W0910 13:58:33.314000 2608037 torch/_dynamo/convert_frame.py:2147]   File "/usr/local/lib/python3.12/dist-packages/torch/_inductor/compile_fx.py", line 1485, in codegen_and_compile
[rank7]:W0910 13:58:33.314000 2608037 torch/_dynamo/convert_frame.py:2147]     graph.run(*example_inputs)
[rank7]:W0910 13:58:33.314000 2608037 torch/_dynamo/convert_frame.py:2147]   File "/usr/local/lib/python3.12/dist-packages/torch/_inductor/graph.py", line 1025, in run
[rank7]:W0910 13:58:33.314000 2608037 torch/_dynamo/convert_frame.py:2147]     return super().run(*args)
[rank7]:W0910 13:58:33.314000 2608037 torch/_dynamo/convert_frame.py:2147]            ^^^^^^^^^^^^^^^^^^
[rank7]:W0910 13:58:33.314000 2608037 torch/_dynamo/convert_frame.py:2147]   File "/usr/local/lib/python3.12/dist-packages/torch/fx/interpreter.py", line 200, in run
[rank7]:W0910 13:58:33.314000 2608037 torch/_dynamo/convert_frame.py:2147]     self.env[node] = self.run_node(node)
[rank7]:W0910 13:58:33.314000 2608037 torch/_dynamo/convert_frame.py:2147]                      ^^^^^^^^^^^^^^^^^^^
[rank7]:W0910 13:58:33.314000 2608037 torch/_dynamo/convert_frame.py:2147]   File "/usr/local/lib/python3.12/dist-packages/torch/_inductor/graph.py", line 1997, in run_node
[rank7]:W0910 13:58:33.314000 2608037 torch/_dynamo/convert_frame.py:2147]     self.register_users_of(result)
[rank7]:W0910 13:58:33.314000 2608037 torch/_dynamo/convert_frame.py:2147]   File "/usr/local/lib/python3.12/dist-packages/torch/_inductor/graph.py", line 1072, in register_users_of
[rank7]:W0910 13:58:33.314000 2608037 torch/_dynamo/convert_frame.py:2147]     register(node_output)
[rank7]:W0910 13:58:33.314000 2608037 torch/_dynamo/convert_frame.py:2147]   File "/usr/local/lib/python3.12/dist-packages/torch/_inductor/graph.py", line 1069, in register
[rank7]:W0910 13:58:33.314000 2608037 torch/_dynamo/convert_frame.py:2147]     for read_name in value.get_read_names():
[rank7]:W0910 13:58:33.314000 2608037 torch/_dynamo/convert_frame.py:2147]                      ^^^^^^^^^^^^^^^^^^^^^^
[rank7]:W0910 13:58:33.314000 2608037 torch/_dynamo/convert_frame.py:2147]   File "/usr/local/lib/python3.12/dist-packages/torch/_inductor/ir.py", line 8658, in get_read_names
[rank7]:W0910 13:58:33.314000 2608037 torch/_dynamo/convert_frame.py:2147]     return self.data.get_read_names()
[rank7]:W0910 13:58:33.314000 2608037 torch/_dynamo/convert_frame.py:2147]            ^^^^^^^^^^^^^^^^^^^^^^^^^^
[rank7]:W0910 13:58:33.314000 2608037 torch/_dynamo/convert_frame.py:2147]   File "/usr/local/lib/python3.12/dist-packages/torch/_inductor/ir.py", line 8658, in get_read_names
[rank7]:W0910 13:58:33.314000 2608037 torch/_dynamo/convert_frame.py:2147]     return self.data.get_read_names()
[rank7]:W0910 13:58:33.314000 2608037 torch/_dynamo/convert_frame.py:2147]            ^^^^^^^^^^^^^^^^^^^^^^^^^^
[rank7]:W0910 13:58:33.314000 2608037 torch/_dynamo/convert_frame.py:2147]   File "/usr/local/lib/python3.12/dist-packages/torch/_inductor/ir.py", line 4766, in get_read_names
[rank7]:W0910 13:58:33.314000 2608037 torch/_dynamo/convert_frame.py:2147]     return self.data.get_read_names()
[rank7]:W0910 13:58:33.314000 2608037 torch/_dynamo/convert_frame.py:2147]            ^^^^^^^^^^^^^^^^^^^^^^^^^^
[rank7]:W0910 13:58:33.314000 2608037 torch/_dynamo/convert_frame.py:2147]   File "/usr/local/lib/python3.12/dist-packages/torch/_inductor/ir.py", line 1042, in get_read_names
[rank7]:W0910 13:58:33.314000 2608037 torch/_dynamo/convert_frame.py:2147]     return OrderedSet(self.inner_fn_opcount().read_buffers)
[rank7]:W0910 13:58:33.314000 2608037 torch/_dynamo/convert_frame.py:2147]                       ^^^^^^^^^^^^^^^^^^^^^^^
[rank7]:W0910 13:58:33.314000 2608037 torch/_dynamo/convert_frame.py:2147]   File "<string>", line 6, in inner_fn_opcount_cache_on_self
[rank7]:W0910 13:58:33.314000 2608037 torch/_dynamo/convert_frame.py:2147]   File "/usr/local/lib/python3.12/dist-packages/torch/_inductor/ir.py", line 1005, in inner_fn_opcount
[rank7]:W0910 13:58:33.314000 2608037 torch/_dynamo/convert_frame.py:2147]     self.inner_fn(*self.inner_fn_args())
[rank7]:W0910 13:58:33.314000 2608037 torch/_dynamo/convert_frame.py:2147]   File "/usr/local/lib/python3.12/dist-packages/torch/_inductor/lowering.py", line 2735, in inner_fn
[rank7]:W0910 13:58:33.314000 2608037 torch/_dynamo/convert_frame.py:2147]     _boundaries_helper(boundaries),
[rank7]:W0910 13:58:33.314000 2608037 torch/_dynamo/convert_frame.py:2147]     ^^^^^^^^^^^^^^^^^^^^^^^^^^^^^^
[rank7]:W0910 13:58:33.314000 2608037 torch/_dynamo/convert_frame.py:2147]   File "/usr/local/lib/python3.12/dist-packages/torch/_inductor/lowering.py", line 2589, in _boundaries_helper
[rank7]:W0910 13:58:33.314000 2608037 torch/_dynamo/convert_frame.py:2147]     stride = tb.get_stride()
[rank7]:W0910 13:58:33.314000 2608037 torch/_dynamo/convert_frame.py:2147]              ^^^^^^^^^^^^^^^
[rank7]:W0910 13:58:33.314000 2608037 torch/_dynamo/convert_frame.py:2147]   File "/usr/local/lib/python3.12/dist-packages/torch/_inductor/ir.py", line 8573, in get_stride
[rank7]:W0910 13:58:33.314000 2608037 torch/_dynamo/convert_frame.py:2147]     return self.data.get_stride()
[rank7]:W0910 13:58:33.314000 2608037 torch/_dynamo/convert_frame.py:2147]            ^^^^^^^^^^^^^^^^^^^^^^
[rank7]:W0910 13:58:33.314000 2608037 torch/_dynamo/convert_frame.py:2147]   File "/usr/local/lib/python3.12/dist-packages/torch/_inductor/ir.py", line 758, in get_stride
[rank7]:W0910 13:58:33.314000 2608037 torch/_dynamo/convert_frame.py:2147]     raise NotImplementedError(type(self).__name__)
[rank7]:W0910 13:58:33.314000 2608037 torch/_dynamo/convert_frame.py:2147] torch._inductor.exc.InductorError: NotImplementedError: SliceView
[rank7]:W0910 13:58:33.314000 2608037 torch/_dynamo/convert_frame.py:2147] 
[rank7]:W0910 13:58:33.314000 2608037 torch/_dynamo/convert_frame.py:2147] Set TORCHDYNAMO_VERBOSE=1 for the internal stack trace (please do this especially if you're reporting a bug to PyTorch). For even more developer context, set TORCH_LOGS="+dynamo"
[rank7]:W0910 13:58:33.314000 2608037 torch/_dynamo/convert_frame.py:2147] 
[rank7]:W0910 13:58:33.314000 2608037 torch/_dynamo/convert_frame.py:2147] Traceback (most recent call last):
[rank7]:W0910 13:58:33.314000 2608037 torch/_dynamo/convert_frame.py:2147]   File "/usr/local/lib/python3.12/dist-packages/torch/_dynamo/convert_frame.py", line 2052, in __call__
[rank7]:W0910 13:58:33.314000 2608037 torch/_dynamo/convert_frame.py:2147]     result = self._inner_convert(
[rank7]:W0910 13:58:33.314000 2608037 torch/_dynamo/convert_frame.py:2147]              ^^^^^^^^^^^^^^^^^^^^
[rank7]:W0910 13:58:33.314000 2608037 torch/_dynamo/convert_frame.py:2147]   File "/usr/local/lib/python3.12/dist-packages/torch/_dynamo/convert_frame.py", line 729, in __call__
[rank7]:W0910 13:58:33.314000 2608037 torch/_dynamo/convert_frame.py:2147]     result = _compile(
[rank7]:W0910 13:58:33.314000 2608037 torch/_dynamo/convert_frame.py:2147]              ^^^^^^^^^
[rank7]:W0910 13:58:33.314000 2608037 torch/_dynamo/convert_frame.py:2147]   File "/usr/local/lib/python3.12/dist-packages/torch/_dynamo/convert_frame.py", line 1827, in _compile
[rank7]:W0910 13:58:33.314000 2608037 torch/_dynamo/convert_frame.py:2147]     guarded_code, tracer_output = compile_inner(code, one_graph, hooks)
[rank7]:W0910 13:58:33.314000 2608037 torch/_dynamo/convert_frame.py:2147]                                   ^^^^^^^^^^^^^^^^^^^^^^^^^^^^^^^^^^^^^
[rank7]:W0910 13:58:33.314000 2608037 torch/_dynamo/convert_frame.py:2147]   File "/usr/local/lib/python3.12/dist-packages/torch/_utils_internal.py", line 96, in wrapper_function
[rank7]:W0910 13:58:33.314000 2608037 torch/_dynamo/convert_frame.py:2147]     return function(*args, **kwargs)
[rank7]:W0910 13:58:33.314000 2608037 torch/_dynamo/convert_frame.py:2147]            ^^^^^^^^^^^^^^^^^^^^^^^^^
[rank7]:W0910 13:58:33.314000 2608037 torch/_dynamo/convert_frame.py:2147]   File "/usr/local/lib/python3.12/dist-packages/torch/_dynamo/convert_frame.py", line 1500, in compile_inner
[rank7]:W0910 13:58:33.314000 2608037 torch/_dynamo/convert_frame.py:2147]     return _compile_inner(code, one_graph, hooks)
[rank7]:W0910 13:58:33.314000 2608037 torch/_dynamo/convert_frame.py:2147]            ^^^^^^^^^^^^^^^^^^^^^^^^^^^^^^^^^^^^^^
[rank7]:W0910 13:58:33.314000 2608037 torch/_dynamo/convert_frame.py:2147]   File "/usr/local/lib/python3.12/dist-packages/torch/_dynamo/convert_frame.py", line 1534, in _compile_inner
[rank7]:W0910 13:58:33.314000 2608037 torch/_dynamo/convert_frame.py:2147]     dynamo_output = compile_frame(
[rank7]:W0910 13:58:33.314000 2608037 torch/_dynamo/convert_frame.py:2147]                     ^^^^^^^^^^^^^^
[rank7]:W0910 13:58:33.314000 2608037 torch/_dynamo/convert_frame.py:2147]   File "/usr/local/lib/python3.12/dist-packages/torch/_dynamo/convert_frame.py", line 1408, in compile_frame
[rank7]:W0910 13:58:33.314000 2608037 torch/_dynamo/convert_frame.py:2147]     bytecode, tracer_output = transform_code_object(code, transform)
[rank7]:W0910 13:58:33.314000 2608037 torch/_dynamo/convert_frame.py:2147]                               ^^^^^^^^^^^^^^^^^^^^^^^^^^^^^^^^^^^^^^
[rank7]:W0910 13:58:33.314000 2608037 torch/_dynamo/convert_frame.py:2147]   File "/usr/local/lib/python3.12/dist-packages/torch/_dynamo/bytecode_transformation.py", line 1608, in transform_code_object
[rank7]:W0910 13:58:33.314000 2608037 torch/_dynamo/convert_frame.py:2147]     tracer_output = transformations(instructions, code_options)
[rank7]:W0910 13:58:33.314000 2608037 torch/_dynamo/convert_frame.py:2147]                     ^^^^^^^^^^^^^^^^^^^^^^^^^^^^^^^^^^^^^^^^^^^
[rank7]:W0910 13:58:33.314000 2608037 torch/_dynamo/convert_frame.py:2147]   File "/usr/local/lib/python3.12/dist-packages/torch/_dynamo/convert_frame.py", line 1380, in transform
[rank7]:W0910 13:58:33.314000 2608037 torch/_dynamo/convert_frame.py:2147]     tracer_output = trace_frame(
[rank7]:W0910 13:58:33.314000 2608037 torch/_dynamo/convert_frame.py:2147]                     ^^^^^^^^^^^^
[rank7]:W0910 13:58:33.314000 2608037 torch/_dynamo/convert_frame.py:2147]   File "/usr/local/lib/python3.12/dist-packages/torch/_dynamo/convert_frame.py", line 341, in _fn
[rank7]:W0910 13:58:33.314000 2608037 torch/_dynamo/convert_frame.py:2147]     return fn(*args, **kwargs)
[rank7]:W0910 13:58:33.314000 2608037 torch/_dynamo/convert_frame.py:2147]            ^^^^^^^^^^^^^^^^^^^
[rank7]:W0910 13:58:33.314000 2608037 torch/_dynamo/convert_frame.py:2147]   File "/usr/local/lib/python3.12/dist-packages/torch/_dynamo/convert_frame.py", line 863, in trace_frame
[rank7]:W0910 13:58:33.314000 2608037 torch/_dynamo/convert_frame.py:2147]     run_tracer()
[rank7]:W0910 13:58:33.314000 2608037 torch/_dynamo/convert_frame.py:2147]   File "/usr/local/lib/python3.12/dist-packages/torch/_dynamo/convert_frame.py", line 844, in run_tracer
[rank7]:W0910 13:58:33.314000 2608037 torch/_dynamo/convert_frame.py:2147]     tracer.run()
[rank7]:W0910 13:58:33.314000 2608037 torch/_dynamo/convert_frame.py:2147]   File "/usr/local/lib/python3.12/dist-packages/torch/_dynamo/symbolic_convert.py", line 1794, in run
[rank7]:W0910 13:58:33.314000 2608037 torch/_dynamo/convert_frame.py:2147]     while self.step():
[rank7]:W0910 13:58:33.314000 2608037 torch/_dynamo/convert_frame.py:2147]           ^^^^^^^^^^^
[rank7]:W0910 13:58:33.314000 2608037 torch/_dynamo/convert_frame.py:2147]   File "/usr/local/lib/python3.12/dist-packages/torch/_dynamo/symbolic_convert.py", line 1459, in step
[rank7]:W0910 13:58:33.314000 2608037 torch/_dynamo/convert_frame.py:2147]     self.dispatch_table[inst.opcode](self, inst)
[rank7]:W0910 13:58:33.314000 2608037 torch/_dynamo/convert_frame.py:2147]   File "/usr/local/lib/python3.12/dist-packages/torch/_dynamo/symbolic_convert.py", line 999, in wrapper
[rank7]:W0910 13:58:33.314000 2608037 torch/_dynamo/convert_frame.py:2147]     return handle_graph_break(self, inst, speculation.reason)
[rank7]:W0910 13:58:33.314000 2608037 torch/_dynamo/convert_frame.py:2147]            ^^^^^^^^^^^^^^^^^^^^^^^^^^^^^^^^^^^^^^^^^^^^^^^^^^
[rank7]:W0910 13:58:33.314000 2608037 torch/_dynamo/convert_frame.py:2147]   File "/usr/local/lib/python3.12/dist-packages/torch/_dynamo/symbolic_convert.py", line 1062, in handle_graph_break
[rank7]:W0910 13:58:33.314000 2608037 torch/_dynamo/convert_frame.py:2147]     all_stack_locals_metadata = self.output.compile_subgraph(
[rank7]:W0910 13:58:33.314000 2608037 torch/_dynamo/convert_frame.py:2147]                                 ^^^^^^^^^^^^^^^^^^^^^^^^^^^^^
[rank7]:W0910 13:58:33.314000 2608037 torch/_dynamo/convert_frame.py:2147]   File "/usr/local/lib/python3.12/dist-packages/torch/_dynamo/output_graph.py", line 1889, in compile_subgraph
[rank7]:W0910 13:58:33.314000 2608037 torch/_dynamo/convert_frame.py:2147]     self.compile_and_call_fx_graph(tx, pass2.graph_output_vars(), root)
[rank7]:W0910 13:58:33.314000 2608037 torch/_dynamo/convert_frame.py:2147]   File "/usr/local/lib/python3.12/dist-packages/torch/_dynamo/output_graph.py", line 2460, in compile_and_call_fx_graph
[rank7]:W0910 13:58:33.314000 2608037 torch/_dynamo/convert_frame.py:2147]     compiled_fn = self.call_user_compiler(gm, self.example_inputs())
[rank7]:W0910 13:58:33.314000 2608037 torch/_dynamo/convert_frame.py:2147]                   ^^^^^^^^^^^^^^^^^^^^^^^^^^^^^^^^^^^^^^^^^^^^^^^^^^
[rank7]:W0910 13:58:33.314000 2608037 torch/_dynamo/convert_frame.py:2147]   File "/usr/local/lib/python3.12/dist-packages/torch/_dynamo/output_graph.py", line 2613, in call_user_compiler
[rank7]:W0910 13:58:33.314000 2608037 torch/_dynamo/convert_frame.py:2147]     return self._call_user_compiler(gm, example_inputs)
[rank7]:W0910 13:58:33.314000 2608037 torch/_dynamo/convert_frame.py:2147]            ^^^^^^^^^^^^^^^^^^^^^^^^^^^^^^^^^^^^^^^^^^^^
[rank7]:W0910 13:58:33.314000 2608037 torch/_dynamo/convert_frame.py:2147]   File "/usr/local/lib/python3.12/dist-packages/torch/_dynamo/output_graph.py", line 2664, in _call_user_compiler
[rank7]:W0910 13:58:33.314000 2608037 torch/_dynamo/convert_frame.py:2147]     compiled_fn = compiler_fn(gm, example_inputs)
[rank7]:W0910 13:58:33.314000 2608037 torch/_dynamo/convert_frame.py:2147]                   ^^^^^^^^^^^^^^^^^^^^^^^^^^^^^^^
[rank7]:W0910 13:58:33.314000 2608037 torch/_dynamo/convert_frame.py:2147]   File "/usr/local/lib/python3.12/dist-packages/torch/_dynamo/backends/distributed.py", line 569, in compile_fn
[rank7]:W0910 13:58:33.314000 2608037 torch/_dynamo/convert_frame.py:2147]     return self.backend_compile_fn(gm, example_inputs)
[rank7]:W0910 13:58:33.314000 2608037 torch/_dynamo/convert_frame.py:2147]            ^^^^^^^^^^^^^^^^^^^^^^^^^^^^^^^^^^^^^^^^^^^
[rank7]:W0910 13:58:33.314000 2608037 torch/_dynamo/convert_frame.py:2147]   File "/usr/local/lib/python3.12/dist-packages/torch/_dynamo/repro/after_dynamo.py", line 156, in __call__
[rank7]:W0910 13:58:33.314000 2608037 torch/_dynamo/convert_frame.py:2147]     compiled_gm = compiler_fn(gm, example_inputs)
[rank7]:W0910 13:58:33.314000 2608037 torch/_dynamo/convert_frame.py:2147]                   ^^^^^^^^^^^^^^^^^^^^^^^^^^^^^^^
[rank7]:W0910 13:58:33.314000 2608037 torch/_dynamo/convert_frame.py:2147]   File "/usr/local/lib/python3.12/dist-packages/torch/__init__.py", line 2461, in __call__
[rank7]:W0910 13:58:33.314000 2608037 torch/_dynamo/convert_frame.py:2147]     return compile_fx(model_, inputs_, config_patches=self.config)
[rank7]:W0910 13:58:33.314000 2608037 torch/_dynamo/convert_frame.py:2147]            ^^^^^^^^^^^^^^^^^^^^^^^^^^^^^^^^^^^^^^^^^^^^^^^^^^^^^^^
[rank7]:W0910 13:58:33.314000 2608037 torch/_dynamo/convert_frame.py:2147]   File "/usr/local/lib/python3.12/dist-packages/torch/_inductor/compile_fx.py", line 2578, in compile_fx
[rank7]:W0910 13:58:33.314000 2608037 torch/_dynamo/convert_frame.py:2147]     return _maybe_wrap_and_compile_fx_main(
[rank7]:W0910 13:58:33.314000 2608037 torch/_dynamo/convert_frame.py:2147]            ^^^^^^^^^^^^^^^^^^^^^^^^^^^^^^^^
[rank7]:W0910 13:58:33.314000 2608037 torch/_dynamo/convert_frame.py:2147]   File "/usr/local/lib/python3.12/dist-packages/torch/_inductor/compile_fx.py", line 2655, in _maybe_wrap_and_compile_fx_main
[rank7]:W0910 13:58:33.314000 2608037 torch/_dynamo/convert_frame.py:2147]     return _compile_fx_main(
[rank7]:W0910 13:58:33.314000 2608037 torch/_dynamo/convert_frame.py:2147]            ^^^^^^^^^^^^^^^^^
[rank7]:W0910 13:58:33.314000 2608037 torch/_dynamo/convert_frame.py:2147]   File "/usr/local/lib/python3.12/dist-packages/torch/_inductor/compile_fx.py", line 2864, in _compile_fx_main
[rank7]:W0910 13:58:33.314000 2608037 torch/_dynamo/convert_frame.py:2147]     raise e.remove_dynamo_frames() from None  # see TORCHDYNAMO_VERBOSE=1
[rank7]:W0910 13:58:33.314000 2608037 torch/_dynamo/convert_frame.py:2147]     ^^^^^^^^^^^^^^^^^^^^^^^^^^^^^^^^^^^^^^^^
[rank7]:W0910 13:58:33.314000 2608037 torch/_dynamo/convert_frame.py:2147]   File "/usr/local/lib/python3.12/dist-packages/torch/_inductor/compile_fx.py", line 1053, in _compile_fx_inner
[rank7]:W0910 13:58:33.314000 2608037 torch/_dynamo/convert_frame.py:2147]     raise InductorError(e, currentframe()).with_traceback(
[rank7]:W0910 13:58:33.314000 2608037 torch/_dynamo/convert_frame.py:2147]   File "/usr/local/lib/python3.12/dist-packages/torch/_inductor/compile_fx.py", line 1037, in _compile_fx_inner
[rank7]:W0910 13:58:33.314000 2608037 torch/_dynamo/convert_frame.py:2147]     mb_compiled_graph = fx_codegen_and_compile(
[rank7]:W0910 13:58:33.314000 2608037 torch/_dynamo/convert_frame.py:2147]                         ^^^^^^^^^^^^^^^^^^^^^^^
[rank7]:W0910 13:58:33.314000 2608037 torch/_dynamo/convert_frame.py:2147]   File "/usr/local/lib/python3.12/dist-packages/torch/_inductor/compile_fx.py", line 1798, in fx_codegen_and_compile
[rank7]:W0910 13:58:33.314000 2608037 torch/_dynamo/convert_frame.py:2147]     return scheme.codegen_and_compile(gm, example_inputs, inputs_to_check, graph_kwargs)
[rank7]:W0910 13:58:33.314000 2608037 torch/_dynamo/convert_frame.py:2147]            ^^^^^^^^^^^^^^^^^^^^^^^^^^^^^^^^^^^^^^^^^^^^^^^^^^^^^^^^^^^^^^^^^^^^^^^^^^^^^
[rank7]:W0910 13:58:33.314000 2608037 torch/_dynamo/convert_frame.py:2147]   File "/usr/local/lib/python3.12/dist-packages/torch/_inductor/compile_fx.py", line 1485, in codegen_and_compile
[rank7]:W0910 13:58:33.314000 2608037 torch/_dynamo/convert_frame.py:2147]     graph.run(*example_inputs)
[rank7]:W0910 13:58:33.314000 2608037 torch/_dynamo/convert_frame.py:2147]   File "/usr/local/lib/python3.12/dist-packages/torch/_inductor/graph.py", line 1025, in run
[rank7]:W0910 13:58:33.314000 2608037 torch/_dynamo/convert_frame.py:2147]     return super().run(*args)
[rank7]:W0910 13:58:33.314000 2608037 torch/_dynamo/convert_frame.py:2147]            ^^^^^^^^^^^^^^^^^^
[rank7]:W0910 13:58:33.314000 2608037 torch/_dynamo/convert_frame.py:2147]   File "/usr/local/lib/python3.12/dist-packages/torch/fx/interpreter.py", line 200, in run
[rank7]:W0910 13:58:33.314000 2608037 torch/_dynamo/convert_frame.py:2147]     self.env[node] = self.run_node(node)
[rank7]:W0910 13:58:33.314000 2608037 torch/_dynamo/convert_frame.py:2147]                      ^^^^^^^^^^^^^^^^^^^
[rank7]:W0910 13:58:33.314000 2608037 torch/_dynamo/convert_frame.py:2147]   File "/usr/local/lib/python3.12/dist-packages/torch/_inductor/graph.py", line 1997, in run_node
[rank7]:W0910 13:58:33.314000 2608037 torch/_dynamo/convert_frame.py:2147]     self.register_users_of(result)
[rank7]:W0910 13:58:33.314000 2608037 torch/_dynamo/convert_frame.py:2147]   File "/usr/local/lib/python3.12/dist-packages/torch/_inductor/graph.py", line 1072, in register_users_of
[rank7]:W0910 13:58:33.314000 2608037 torch/_dynamo/convert_frame.py:2147]     register(node_output)
[rank7]:W0910 13:58:33.314000 2608037 torch/_dynamo/convert_frame.py:2147]   File "/usr/local/lib/python3.12/dist-packages/torch/_inductor/graph.py", line 1069, in register
[rank7]:W0910 13:58:33.314000 2608037 torch/_dynamo/convert_frame.py:2147]     for read_name in value.get_read_names():
[rank7]:W0910 13:58:33.314000 2608037 torch/_dynamo/convert_frame.py:2147]                      ^^^^^^^^^^^^^^^^^^^^^^
[rank7]:W0910 13:58:33.314000 2608037 torch/_dynamo/convert_frame.py:2147]   File "/usr/local/lib/python3.12/dist-packages/torch/_inductor/ir.py", line 8658, in get_read_names
[rank7]:W0910 13:58:33.314000 2608037 torch/_dynamo/convert_frame.py:2147]     return self.data.get_read_names()
[rank7]:W0910 13:58:33.314000 2608037 torch/_dynamo/convert_frame.py:2147]            ^^^^^^^^^^^^^^^^^^^^^^^^^^
[rank7]:W0910 13:58:33.314000 2608037 torch/_dynamo/convert_frame.py:2147]   File "/usr/local/lib/python3.12/dist-packages/torch/_inductor/ir.py", line 8658, in get_read_names
[rank7]:W0910 13:58:33.314000 2608037 torch/_dynamo/convert_frame.py:2147]     return self.data.get_read_names()
[rank7]:W0910 13:58:33.314000 2608037 torch/_dynamo/convert_frame.py:2147]            ^^^^^^^^^^^^^^^^^^^^^^^^^^
[rank7]:W0910 13:58:33.314000 2608037 torch/_dynamo/convert_frame.py:2147]   File "/usr/local/lib/python3.12/dist-packages/torch/_inductor/ir.py", line 4766, in get_read_names
[rank7]:W0910 13:58:33.314000 2608037 torch/_dynamo/convert_frame.py:2147]     return self.data.get_read_names()
[rank7]:W0910 13:58:33.314000 2608037 torch/_dynamo/convert_frame.py:2147]            ^^^^^^^^^^^^^^^^^^^^^^^^^^
[rank7]:W0910 13:58:33.314000 2608037 torch/_dynamo/convert_frame.py:2147]   File "/usr/local/lib/python3.12/dist-packages/torch/_inductor/ir.py", line 1042, in get_read_names
[rank7]:W0910 13:58:33.314000 2608037 torch/_dynamo/convert_frame.py:2147]     return OrderedSet(self.inner_fn_opcount().read_buffers)
[rank7]:W0910 13:58:33.314000 2608037 torch/_dynamo/convert_frame.py:2147]                       ^^^^^^^^^^^^^^^^^^^^^^^
[rank7]:W0910 13:58:33.314000 2608037 torch/_dynamo/convert_frame.py:2147]   File "<string>", line 6, in inner_fn_opcount_cache_on_self
[rank7]:W0910 13:58:33.314000 2608037 torch/_dynamo/convert_frame.py:2147]   File "/usr/local/lib/python3.12/dist-packages/torch/_inductor/ir.py", line 1005, in inner_fn_opcount
[rank7]:W0910 13:58:33.314000 2608037 torch/_dynamo/convert_frame.py:2147]     self.inner_fn(*self.inner_fn_args())
[rank7]:W0910 13:58:33.314000 2608037 torch/_dynamo/convert_frame.py:2147]   File "/usr/local/lib/python3.12/dist-packages/torch/_inductor/lowering.py", line 2735, in inner_fn
[rank7]:W0910 13:58:33.314000 2608037 torch/_dynamo/convert_frame.py:2147]     _boundaries_helper(boundaries),
[rank7]:W0910 13:58:33.314000 2608037 torch/_dynamo/convert_frame.py:2147]     ^^^^^^^^^^^^^^^^^^^^^^^^^^^^^^
[rank7]:W0910 13:58:33.314000 2608037 torch/_dynamo/convert_frame.py:2147]   File "/usr/local/lib/python3.12/dist-packages/torch/_inductor/lowering.py", line 2589, in _boundaries_helper
[rank7]:W0910 13:58:33.314000 2608037 torch/_dynamo/convert_frame.py:2147]     stride = tb.get_stride()
[rank7]:W0910 13:58:33.314000 2608037 torch/_dynamo/convert_frame.py:2147]              ^^^^^^^^^^^^^^^
[rank7]:W0910 13:58:33.314000 2608037 torch/_dynamo/convert_frame.py:2147]   File "/usr/local/lib/python3.12/dist-packages/torch/_inductor/ir.py", line 8573, in get_stride
[rank7]:W0910 13:58:33.314000 2608037 torch/_dynamo/convert_frame.py:2147]     return self.data.get_stride()
[rank7]:W0910 13:58:33.314000 2608037 torch/_dynamo/convert_frame.py:2147]            ^^^^^^^^^^^^^^^^^^^^^^
[rank7]:W0910 13:58:33.314000 2608037 torch/_dynamo/convert_frame.py:2147]   File "/usr/local/lib/python3.12/dist-packages/torch/_inductor/ir.py", line 758, in get_stride
[rank7]:W0910 13:58:33.314000 2608037 torch/_dynamo/convert_frame.py:2147]     raise NotImplementedError(type(self).__name__)
[rank7]:W0910 13:58:33.314000 2608037 torch/_dynamo/convert_frame.py:2147] torch._inductor.exc.InductorError: NotImplementedError: SliceView
[rank7]:W0910 13:58:33.314000 2608037 torch/_dynamo/convert_frame.py:2147] 
[rank7]:W0910 13:58:33.314000 2608037 torch/_dynamo/convert_frame.py:2147] Set TORCHDYNAMO_VERBOSE=1 for the internal stack trace (please do this especially if you're reporting a bug to PyTorch). For even more developer context, set TORCH_LOGS="+dynamo"
[rank7]:W0910 13:58:33.314000 2608037 torch/_dynamo/convert_frame.py:2147] 
[rank0]:W0910 13:58:33.450000 2608030 torch/_dynamo/convert_frame.py:2147] WON'T CONVERT _doc_blocks /work/aupai/model.py line 277 
[rank0]:W0910 13:58:33.450000 2608030 torch/_dynamo/convert_frame.py:2147] due to: 
[rank0]:W0910 13:58:33.450000 2608030 torch/_dynamo/convert_frame.py:2147] Traceback (most recent call last):
[rank0]:W0910 13:58:33.450000 2608030 torch/_dynamo/convert_frame.py:2147]   File "/usr/local/lib/python3.12/dist-packages/torch/_dynamo/convert_frame.py", line 2052, in __call__
[rank0]:W0910 13:58:33.450000 2608030 torch/_dynamo/convert_frame.py:2147]     result = self._inner_convert(
[rank0]:W0910 13:58:33.450000 2608030 torch/_dynamo/convert_frame.py:2147]              ^^^^^^^^^^^^^^^^^^^^
[rank0]:W0910 13:58:33.450000 2608030 torch/_dynamo/convert_frame.py:2147]   File "/usr/local/lib/python3.12/dist-packages/torch/_dynamo/convert_frame.py", line 729, in __call__
[rank0]:W0910 13:58:33.450000 2608030 torch/_dynamo/convert_frame.py:2147]     result = _compile(
[rank0]:W0910 13:58:33.450000 2608030 torch/_dynamo/convert_frame.py:2147]              ^^^^^^^^^
[rank0]:W0910 13:58:33.450000 2608030 torch/_dynamo/convert_frame.py:2147]   File "/usr/local/lib/python3.12/dist-packages/torch/_dynamo/convert_frame.py", line 1827, in _compile
[rank0]:W0910 13:58:33.450000 2608030 torch/_dynamo/convert_frame.py:2147]     guarded_code, tracer_output = compile_inner(code, one_graph, hooks)
[rank0]:W0910 13:58:33.450000 2608030 torch/_dynamo/convert_frame.py:2147]                                   ^^^^^^^^^^^^^^^^^^^^^^^^^^^^^^^^^^^^^
[rank0]:W0910 13:58:33.450000 2608030 torch/_dynamo/convert_frame.py:2147]   File "/usr/local/lib/python3.12/dist-packages/torch/_utils_internal.py", line 96, in wrapper_function
[rank0]:W0910 13:58:33.450000 2608030 torch/_dynamo/convert_frame.py:2147]     return function(*args, **kwargs)
[rank0]:W0910 13:58:33.450000 2608030 torch/_dynamo/convert_frame.py:2147]            ^^^^^^^^^^^^^^^^^^^^^^^^^
[rank0]:W0910 13:58:33.450000 2608030 torch/_dynamo/convert_frame.py:2147]   File "/usr/local/lib/python3.12/dist-packages/torch/_dynamo/convert_frame.py", line 1500, in compile_inner
[rank0]:W0910 13:58:33.450000 2608030 torch/_dynamo/convert_frame.py:2147]     return _compile_inner(code, one_graph, hooks)
[rank0]:W0910 13:58:33.450000 2608030 torch/_dynamo/convert_frame.py:2147]            ^^^^^^^^^^^^^^^^^^^^^^^^^^^^^^^^^^^^^^
[rank0]:W0910 13:58:33.450000 2608030 torch/_dynamo/convert_frame.py:2147]   File "/usr/local/lib/python3.12/dist-packages/torch/_dynamo/convert_frame.py", line 1534, in _compile_inner
[rank0]:W0910 13:58:33.450000 2608030 torch/_dynamo/convert_frame.py:2147]     dynamo_output = compile_frame(
[rank0]:W0910 13:58:33.450000 2608030 torch/_dynamo/convert_frame.py:2147]                     ^^^^^^^^^^^^^^
[rank0]:W0910 13:58:33.450000 2608030 torch/_dynamo/convert_frame.py:2147]   File "/usr/local/lib/python3.12/dist-packages/torch/_dynamo/convert_frame.py", line 1408, in compile_frame
[rank0]:W0910 13:58:33.450000 2608030 torch/_dynamo/convert_frame.py:2147]     bytecode, tracer_output = transform_code_object(code, transform)
[rank0]:W0910 13:58:33.450000 2608030 torch/_dynamo/convert_frame.py:2147]                               ^^^^^^^^^^^^^^^^^^^^^^^^^^^^^^^^^^^^^^
[rank0]:W0910 13:58:33.450000 2608030 torch/_dynamo/convert_frame.py:2147]   File "/usr/local/lib/python3.12/dist-packages/torch/_dynamo/bytecode_transformation.py", line 1608, in transform_code_object
[rank0]:W0910 13:58:33.450000 2608030 torch/_dynamo/convert_frame.py:2147]     tracer_output = transformations(instructions, code_options)
[rank0]:W0910 13:58:33.450000 2608030 torch/_dynamo/convert_frame.py:2147]                     ^^^^^^^^^^^^^^^^^^^^^^^^^^^^^^^^^^^^^^^^^^^
[rank0]:W0910 13:58:33.450000 2608030 torch/_dynamo/convert_frame.py:2147]   File "/usr/local/lib/python3.12/dist-packages/torch/_dynamo/convert_frame.py", line 1380, in transform
[rank0]:W0910 13:58:33.450000 2608030 torch/_dynamo/convert_frame.py:2147]     tracer_output = trace_frame(
[rank0]:W0910 13:58:33.450000 2608030 torch/_dynamo/convert_frame.py:2147]                     ^^^^^^^^^^^^
[rank0]:W0910 13:58:33.450000 2608030 torch/_dynamo/convert_frame.py:2147]   File "/usr/local/lib/python3.12/dist-packages/torch/_dynamo/convert_frame.py", line 341, in _fn
[rank0]:W0910 13:58:33.450000 2608030 torch/_dynamo/convert_frame.py:2147]     return fn(*args, **kwargs)
[rank0]:W0910 13:58:33.450000 2608030 torch/_dynamo/convert_frame.py:2147]            ^^^^^^^^^^^^^^^^^^^
[rank0]:W0910 13:58:33.450000 2608030 torch/_dynamo/convert_frame.py:2147]   File "/usr/local/lib/python3.12/dist-packages/torch/_dynamo/convert_frame.py", line 863, in trace_frame
[rank0]:W0910 13:58:33.450000 2608030 torch/_dynamo/convert_frame.py:2147]     run_tracer()
[rank0]:W0910 13:58:33.450000 2608030 torch/_dynamo/convert_frame.py:2147]   File "/usr/local/lib/python3.12/dist-packages/torch/_dynamo/convert_frame.py", line 844, in run_tracer
[rank0]:W0910 13:58:33.450000 2608030 torch/_dynamo/convert_frame.py:2147]     tracer.run()
[rank0]:W0910 13:58:33.450000 2608030 torch/_dynamo/convert_frame.py:2147]   File "/usr/local/lib/python3.12/dist-packages/torch/_dynamo/symbolic_convert.py", line 1794, in run
[rank0]:W0910 13:58:33.450000 2608030 torch/_dynamo/convert_frame.py:2147]     while self.step():
[rank0]:W0910 13:58:33.450000 2608030 torch/_dynamo/convert_frame.py:2147]           ^^^^^^^^^^^
[rank0]:W0910 13:58:33.450000 2608030 torch/_dynamo/convert_frame.py:2147]   File "/usr/local/lib/python3.12/dist-packages/torch/_dynamo/symbolic_convert.py", line 1459, in step
[rank0]:W0910 13:58:33.450000 2608030 torch/_dynamo/convert_frame.py:2147]     self.dispatch_table[inst.opcode](self, inst)
[rank0]:W0910 13:58:33.450000 2608030 torch/_dynamo/convert_frame.py:2147]   File "/usr/local/lib/python3.12/dist-packages/torch/_dynamo/symbolic_convert.py", line 999, in wrapper
[rank0]:W0910 13:58:33.450000 2608030 torch/_dynamo/convert_frame.py:2147]     return handle_graph_break(self, inst, speculation.reason)
[rank0]:W0910 13:58:33.450000 2608030 torch/_dynamo/convert_frame.py:2147]            ^^^^^^^^^^^^^^^^^^^^^^^^^^^^^^^^^^^^^^^^^^^^^^^^^^
[rank0]:W0910 13:58:33.450000 2608030 torch/_dynamo/convert_frame.py:2147]   File "/usr/local/lib/python3.12/dist-packages/torch/_dynamo/symbolic_convert.py", line 1062, in handle_graph_break
[rank0]:W0910 13:58:33.450000 2608030 torch/_dynamo/convert_frame.py:2147]     all_stack_locals_metadata = self.output.compile_subgraph(
[rank0]:W0910 13:58:33.450000 2608030 torch/_dynamo/convert_frame.py:2147]                                 ^^^^^^^^^^^^^^^^^^^^^^^^^^^^^
[rank0]:W0910 13:58:33.450000 2608030 torch/_dynamo/convert_frame.py:2147]   File "/usr/local/lib/python3.12/dist-packages/torch/_dynamo/output_graph.py", line 1889, in compile_subgraph
[rank0]:W0910 13:58:33.450000 2608030 torch/_dynamo/convert_frame.py:2147]     self.compile_and_call_fx_graph(tx, pass2.graph_output_vars(), root)
[rank0]:W0910 13:58:33.450000 2608030 torch/_dynamo/convert_frame.py:2147]   File "/usr/local/lib/python3.12/dist-packages/torch/_dynamo/output_graph.py", line 2460, in compile_and_call_fx_graph
[rank0]:W0910 13:58:33.450000 2608030 torch/_dynamo/convert_frame.py:2147]     compiled_fn = self.call_user_compiler(gm, self.example_inputs())
[rank0]:W0910 13:58:33.450000 2608030 torch/_dynamo/convert_frame.py:2147]                   ^^^^^^^^^^^^^^^^^^^^^^^^^^^^^^^^^^^^^^^^^^^^^^^^^^
[rank0]:W0910 13:58:33.450000 2608030 torch/_dynamo/convert_frame.py:2147]   File "/usr/local/lib/python3.12/dist-packages/torch/_dynamo/output_graph.py", line 2613, in call_user_compiler
[rank0]:W0910 13:58:33.450000 2608030 torch/_dynamo/convert_frame.py:2147]     return self._call_user_compiler(gm, example_inputs)
[rank0]:W0910 13:58:33.450000 2608030 torch/_dynamo/convert_frame.py:2147]            ^^^^^^^^^^^^^^^^^^^^^^^^^^^^^^^^^^^^^^^^^^^^
[rank0]:W0910 13:58:33.450000 2608030 torch/_dynamo/convert_frame.py:2147]   File "/usr/local/lib/python3.12/dist-packages/torch/_dynamo/output_graph.py", line 2664, in _call_user_compiler
[rank0]:W0910 13:58:33.450000 2608030 torch/_dynamo/convert_frame.py:2147]     compiled_fn = compiler_fn(gm, example_inputs)
[rank0]:W0910 13:58:33.450000 2608030 torch/_dynamo/convert_frame.py:2147]                   ^^^^^^^^^^^^^^^^^^^^^^^^^^^^^^^
[rank0]:W0910 13:58:33.450000 2608030 torch/_dynamo/convert_frame.py:2147]   File "/usr/local/lib/python3.12/dist-packages/torch/_dynamo/backends/distributed.py", line 569, in compile_fn
[rank0]:W0910 13:58:33.450000 2608030 torch/_dynamo/convert_frame.py:2147]     return self.backend_compile_fn(gm, example_inputs)
[rank0]:W0910 13:58:33.450000 2608030 torch/_dynamo/convert_frame.py:2147]            ^^^^^^^^^^^^^^^^^^^^^^^^^^^^^^^^^^^^^^^^^^^
[rank0]:W0910 13:58:33.450000 2608030 torch/_dynamo/convert_frame.py:2147]   File "/usr/local/lib/python3.12/dist-packages/torch/_dynamo/repro/after_dynamo.py", line 156, in __call__
[rank0]:W0910 13:58:33.450000 2608030 torch/_dynamo/convert_frame.py:2147]     compiled_gm = compiler_fn(gm, example_inputs)
[rank0]:W0910 13:58:33.450000 2608030 torch/_dynamo/convert_frame.py:2147]                   ^^^^^^^^^^^^^^^^^^^^^^^^^^^^^^^
[rank0]:W0910 13:58:33.450000 2608030 torch/_dynamo/convert_frame.py:2147]   File "/usr/local/lib/python3.12/dist-packages/torch/__init__.py", line 2461, in __call__
[rank0]:W0910 13:58:33.450000 2608030 torch/_dynamo/convert_frame.py:2147]     return compile_fx(model_, inputs_, config_patches=self.config)
[rank0]:W0910 13:58:33.450000 2608030 torch/_dynamo/convert_frame.py:2147]            ^^^^^^^^^^^^^^^^^^^^^^^^^^^^^^^^^^^^^^^^^^^^^^^^^^^^^^^
[rank0]:W0910 13:58:33.450000 2608030 torch/_dynamo/convert_frame.py:2147]   File "/usr/local/lib/python3.12/dist-packages/torch/_inductor/compile_fx.py", line 2578, in compile_fx
[rank0]:W0910 13:58:33.450000 2608030 torch/_dynamo/convert_frame.py:2147]     return _maybe_wrap_and_compile_fx_main(
[rank0]:W0910 13:58:33.450000 2608030 torch/_dynamo/convert_frame.py:2147]            ^^^^^^^^^^^^^^^^^^^^^^^^^^^^^^^^
[rank0]:W0910 13:58:33.450000 2608030 torch/_dynamo/convert_frame.py:2147]   File "/usr/local/lib/python3.12/dist-packages/torch/_inductor/compile_fx.py", line 2655, in _maybe_wrap_and_compile_fx_main
[rank0]:W0910 13:58:33.450000 2608030 torch/_dynamo/convert_frame.py:2147]     return _compile_fx_main(
[rank0]:W0910 13:58:33.450000 2608030 torch/_dynamo/convert_frame.py:2147]            ^^^^^^^^^^^^^^^^^
[rank0]:W0910 13:58:33.450000 2608030 torch/_dynamo/convert_frame.py:2147]   File "/usr/local/lib/python3.12/dist-packages/torch/_inductor/compile_fx.py", line 2864, in _compile_fx_main
[rank0]:W0910 13:58:33.450000 2608030 torch/_dynamo/convert_frame.py:2147]     raise e.remove_dynamo_frames() from None  # see TORCHDYNAMO_VERBOSE=1
[rank0]:W0910 13:58:33.450000 2608030 torch/_dynamo/convert_frame.py:2147]     ^^^^^^^^^^^^^^^^^^^^^^^^^^^^^^^^^^^^^^^^
[rank0]:W0910 13:58:33.450000 2608030 torch/_dynamo/convert_frame.py:2147]   File "/usr/local/lib/python3.12/dist-packages/torch/_inductor/compile_fx.py", line 1053, in _compile_fx_inner
[rank0]:W0910 13:58:33.450000 2608030 torch/_dynamo/convert_frame.py:2147]     raise InductorError(e, currentframe()).with_traceback(
[rank0]:W0910 13:58:33.450000 2608030 torch/_dynamo/convert_frame.py:2147]   File "/usr/local/lib/python3.12/dist-packages/torch/_inductor/compile_fx.py", line 1037, in _compile_fx_inner
[rank0]:W0910 13:58:33.450000 2608030 torch/_dynamo/convert_frame.py:2147]     mb_compiled_graph = fx_codegen_and_compile(
[rank0]:W0910 13:58:33.450000 2608030 torch/_dynamo/convert_frame.py:2147]                         ^^^^^^^^^^^^^^^^^^^^^^^
[rank0]:W0910 13:58:33.450000 2608030 torch/_dynamo/convert_frame.py:2147]   File "/usr/local/lib/python3.12/dist-packages/torch/_inductor/compile_fx.py", line 1798, in fx_codegen_and_compile
[rank0]:W0910 13:58:33.450000 2608030 torch/_dynamo/convert_frame.py:2147]     return scheme.codegen_and_compile(gm, example_inputs, inputs_to_check, graph_kwargs)
[rank0]:W0910 13:58:33.450000 2608030 torch/_dynamo/convert_frame.py:2147]            ^^^^^^^^^^^^^^^^^^^^^^^^^^^^^^^^^^^^^^^^^^^^^^^^^^^^^^^^^^^^^^^^^^^^^^^^^^^^^
[rank0]:W0910 13:58:33.450000 2608030 torch/_dynamo/convert_frame.py:2147]   File "/usr/local/lib/python3.12/dist-packages/torch/_inductor/compile_fx.py", line 1485, in codegen_and_compile
[rank0]:W0910 13:58:33.450000 2608030 torch/_dynamo/convert_frame.py:2147]     graph.run(*example_inputs)
[rank0]:W0910 13:58:33.450000 2608030 torch/_dynamo/convert_frame.py:2147]   File "/usr/local/lib/python3.12/dist-packages/torch/_inductor/graph.py", line 1025, in run
[rank0]:W0910 13:58:33.450000 2608030 torch/_dynamo/convert_frame.py:2147]     return super().run(*args)
[rank0]:W0910 13:58:33.450000 2608030 torch/_dynamo/convert_frame.py:2147]            ^^^^^^^^^^^^^^^^^^
[rank0]:W0910 13:58:33.450000 2608030 torch/_dynamo/convert_frame.py:2147]   File "/usr/local/lib/python3.12/dist-packages/torch/fx/interpreter.py", line 200, in run
[rank0]:W0910 13:58:33.450000 2608030 torch/_dynamo/convert_frame.py:2147]     self.env[node] = self.run_node(node)
[rank0]:W0910 13:58:33.450000 2608030 torch/_dynamo/convert_frame.py:2147]                      ^^^^^^^^^^^^^^^^^^^
[rank0]:W0910 13:58:33.450000 2608030 torch/_dynamo/convert_frame.py:2147]   File "/usr/local/lib/python3.12/dist-packages/torch/_inductor/graph.py", line 1997, in run_node
[rank0]:W0910 13:58:33.450000 2608030 torch/_dynamo/convert_frame.py:2147]     self.register_users_of(result)
[rank0]:W0910 13:58:33.450000 2608030 torch/_dynamo/convert_frame.py:2147]   File "/usr/local/lib/python3.12/dist-packages/torch/_inductor/graph.py", line 1072, in register_users_of
[rank0]:W0910 13:58:33.450000 2608030 torch/_dynamo/convert_frame.py:2147]     register(node_output)
[rank0]:W0910 13:58:33.450000 2608030 torch/_dynamo/convert_frame.py:2147]   File "/usr/local/lib/python3.12/dist-packages/torch/_inductor/graph.py", line 1069, in register
[rank0]:W0910 13:58:33.450000 2608030 torch/_dynamo/convert_frame.py:2147]     for read_name in value.get_read_names():
[rank0]:W0910 13:58:33.450000 2608030 torch/_dynamo/convert_frame.py:2147]                      ^^^^^^^^^^^^^^^^^^^^^^
[rank0]:W0910 13:58:33.450000 2608030 torch/_dynamo/convert_frame.py:2147]   File "/usr/local/lib/python3.12/dist-packages/torch/_inductor/ir.py", line 8658, in get_read_names
[rank0]:W0910 13:58:33.450000 2608030 torch/_dynamo/convert_frame.py:2147]     return self.data.get_read_names()
[rank0]:W0910 13:58:33.450000 2608030 torch/_dynamo/convert_frame.py:2147]            ^^^^^^^^^^^^^^^^^^^^^^^^^^
[rank0]:W0910 13:58:33.450000 2608030 torch/_dynamo/convert_frame.py:2147]   File "/usr/local/lib/python3.12/dist-packages/torch/_inductor/ir.py", line 8658, in get_read_names
[rank0]:W0910 13:58:33.450000 2608030 torch/_dynamo/convert_frame.py:2147]     return self.data.get_read_names()
[rank0]:W0910 13:58:33.450000 2608030 torch/_dynamo/convert_frame.py:2147]            ^^^^^^^^^^^^^^^^^^^^^^^^^^
[rank0]:W0910 13:58:33.450000 2608030 torch/_dynamo/convert_frame.py:2147]   File "/usr/local/lib/python3.12/dist-packages/torch/_inductor/ir.py", line 4766, in get_read_names
[rank0]:W0910 13:58:33.450000 2608030 torch/_dynamo/convert_frame.py:2147]     return self.data.get_read_names()
[rank0]:W0910 13:58:33.450000 2608030 torch/_dynamo/convert_frame.py:2147]            ^^^^^^^^^^^^^^^^^^^^^^^^^^
[rank0]:W0910 13:58:33.450000 2608030 torch/_dynamo/convert_frame.py:2147]   File "/usr/local/lib/python3.12/dist-packages/torch/_inductor/ir.py", line 1042, in get_read_names
[rank0]:W0910 13:58:33.450000 2608030 torch/_dynamo/convert_frame.py:2147]     return OrderedSet(self.inner_fn_opcount().read_buffers)
[rank0]:W0910 13:58:33.450000 2608030 torch/_dynamo/convert_frame.py:2147]                       ^^^^^^^^^^^^^^^^^^^^^^^
[rank0]:W0910 13:58:33.450000 2608030 torch/_dynamo/convert_frame.py:2147]   File "<string>", line 6, in inner_fn_opcount_cache_on_self
[rank0]:W0910 13:58:33.450000 2608030 torch/_dynamo/convert_frame.py:2147]   File "/usr/local/lib/python3.12/dist-packages/torch/_inductor/ir.py", line 1005, in inner_fn_opcount
[rank0]:W0910 13:58:33.450000 2608030 torch/_dynamo/convert_frame.py:2147]     self.inner_fn(*self.inner_fn_args())
[rank0]:W0910 13:58:33.450000 2608030 torch/_dynamo/convert_frame.py:2147]   File "/usr/local/lib/python3.12/dist-packages/torch/_inductor/lowering.py", line 2735, in inner_fn
[rank0]:W0910 13:58:33.450000 2608030 torch/_dynamo/convert_frame.py:2147]     _boundaries_helper(boundaries),
[rank0]:W0910 13:58:33.450000 2608030 torch/_dynamo/convert_frame.py:2147]     ^^^^^^^^^^^^^^^^^^^^^^^^^^^^^^
[rank0]:W0910 13:58:33.450000 2608030 torch/_dynamo/convert_frame.py:2147]   File "/usr/local/lib/python3.12/dist-packages/torch/_inductor/lowering.py", line 2589, in _boundaries_helper
[rank0]:W0910 13:58:33.450000 2608030 torch/_dynamo/convert_frame.py:2147]     stride = tb.get_stride()
[rank0]:W0910 13:58:33.450000 2608030 torch/_dynamo/convert_frame.py:2147]              ^^^^^^^^^^^^^^^
[rank0]:W0910 13:58:33.450000 2608030 torch/_dynamo/convert_frame.py:2147]   File "/usr/local/lib/python3.12/dist-packages/torch/_inductor/ir.py", line 8573, in get_stride
[rank0]:W0910 13:58:33.450000 2608030 torch/_dynamo/convert_frame.py:2147]     return self.data.get_stride()
[rank0]:W0910 13:58:33.450000 2608030 torch/_dynamo/convert_frame.py:2147]            ^^^^^^^^^^^^^^^^^^^^^^
[rank0]:W0910 13:58:33.450000 2608030 torch/_dynamo/convert_frame.py:2147]   File "/usr/local/lib/python3.12/dist-packages/torch/_inductor/ir.py", line 758, in get_stride
[rank0]:W0910 13:58:33.450000 2608030 torch/_dynamo/convert_frame.py:2147]     raise NotImplementedError(type(self).__name__)
[rank0]:W0910 13:58:33.450000 2608030 torch/_dynamo/convert_frame.py:2147] torch._inductor.exc.InductorError: NotImplementedError: SliceView
[rank0]:W0910 13:58:33.450000 2608030 torch/_dynamo/convert_frame.py:2147] 
[rank0]:W0910 13:58:33.450000 2608030 torch/_dynamo/convert_frame.py:2147] Set TORCHDYNAMO_VERBOSE=1 for the internal stack trace (please do this especially if you're reporting a bug to PyTorch). For even more developer context, set TORCH_LOGS="+dynamo"
[rank0]:W0910 13:58:33.450000 2608030 torch/_dynamo/convert_frame.py:2147] 
[rank0]:W0910 13:58:33.450000 2608030 torch/_dynamo/convert_frame.py:2147] Traceback (most recent call last):
[rank0]:W0910 13:58:33.450000 2608030 torch/_dynamo/convert_frame.py:2147]   File "/usr/local/lib/python3.12/dist-packages/torch/_dynamo/convert_frame.py", line 2052, in __call__
[rank0]:W0910 13:58:33.450000 2608030 torch/_dynamo/convert_frame.py:2147]     result = self._inner_convert(
[rank0]:W0910 13:58:33.450000 2608030 torch/_dynamo/convert_frame.py:2147]              ^^^^^^^^^^^^^^^^^^^^
[rank0]:W0910 13:58:33.450000 2608030 torch/_dynamo/convert_frame.py:2147]   File "/usr/local/lib/python3.12/dist-packages/torch/_dynamo/convert_frame.py", line 729, in __call__
[rank0]:W0910 13:58:33.450000 2608030 torch/_dynamo/convert_frame.py:2147]     result = _compile(
[rank0]:W0910 13:58:33.450000 2608030 torch/_dynamo/convert_frame.py:2147]              ^^^^^^^^^
[rank0]:W0910 13:58:33.450000 2608030 torch/_dynamo/convert_frame.py:2147]   File "/usr/local/lib/python3.12/dist-packages/torch/_dynamo/convert_frame.py", line 1827, in _compile
[rank0]:W0910 13:58:33.450000 2608030 torch/_dynamo/convert_frame.py:2147]     guarded_code, tracer_output = compile_inner(code, one_graph, hooks)
[rank0]:W0910 13:58:33.450000 2608030 torch/_dynamo/convert_frame.py:2147]                                   ^^^^^^^^^^^^^^^^^^^^^^^^^^^^^^^^^^^^^
[rank0]:W0910 13:58:33.450000 2608030 torch/_dynamo/convert_frame.py:2147]   File "/usr/local/lib/python3.12/dist-packages/torch/_utils_internal.py", line 96, in wrapper_function
[rank0]:W0910 13:58:33.450000 2608030 torch/_dynamo/convert_frame.py:2147]     return function(*args, **kwargs)
[rank0]:W0910 13:58:33.450000 2608030 torch/_dynamo/convert_frame.py:2147]            ^^^^^^^^^^^^^^^^^^^^^^^^^
[rank0]:W0910 13:58:33.450000 2608030 torch/_dynamo/convert_frame.py:2147]   File "/usr/local/lib/python3.12/dist-packages/torch/_dynamo/convert_frame.py", line 1500, in compile_inner
[rank0]:W0910 13:58:33.450000 2608030 torch/_dynamo/convert_frame.py:2147]     return _compile_inner(code, one_graph, hooks)
[rank0]:W0910 13:58:33.450000 2608030 torch/_dynamo/convert_frame.py:2147]            ^^^^^^^^^^^^^^^^^^^^^^^^^^^^^^^^^^^^^^
[rank0]:W0910 13:58:33.450000 2608030 torch/_dynamo/convert_frame.py:2147]   File "/usr/local/lib/python3.12/dist-packages/torch/_dynamo/convert_frame.py", line 1534, in _compile_inner
[rank0]:W0910 13:58:33.450000 2608030 torch/_dynamo/convert_frame.py:2147]     dynamo_output = compile_frame(
[rank0]:W0910 13:58:33.450000 2608030 torch/_dynamo/convert_frame.py:2147]                     ^^^^^^^^^^^^^^
[rank0]:W0910 13:58:33.450000 2608030 torch/_dynamo/convert_frame.py:2147]   File "/usr/local/lib/python3.12/dist-packages/torch/_dynamo/convert_frame.py", line 1408, in compile_frame
[rank0]:W0910 13:58:33.450000 2608030 torch/_dynamo/convert_frame.py:2147]     bytecode, tracer_output = transform_code_object(code, transform)
[rank0]:W0910 13:58:33.450000 2608030 torch/_dynamo/convert_frame.py:2147]                               ^^^^^^^^^^^^^^^^^^^^^^^^^^^^^^^^^^^^^^
[rank0]:W0910 13:58:33.450000 2608030 torch/_dynamo/convert_frame.py:2147]   File "/usr/local/lib/python3.12/dist-packages/torch/_dynamo/bytecode_transformation.py", line 1608, in transform_code_object
[rank0]:W0910 13:58:33.450000 2608030 torch/_dynamo/convert_frame.py:2147]     tracer_output = transformations(instructions, code_options)
[rank0]:W0910 13:58:33.450000 2608030 torch/_dynamo/convert_frame.py:2147]                     ^^^^^^^^^^^^^^^^^^^^^^^^^^^^^^^^^^^^^^^^^^^
[rank0]:W0910 13:58:33.450000 2608030 torch/_dynamo/convert_frame.py:2147]   File "/usr/local/lib/python3.12/dist-packages/torch/_dynamo/convert_frame.py", line 1380, in transform
[rank0]:W0910 13:58:33.450000 2608030 torch/_dynamo/convert_frame.py:2147]     tracer_output = trace_frame(
[rank0]:W0910 13:58:33.450000 2608030 torch/_dynamo/convert_frame.py:2147]                     ^^^^^^^^^^^^
[rank0]:W0910 13:58:33.450000 2608030 torch/_dynamo/convert_frame.py:2147]   File "/usr/local/lib/python3.12/dist-packages/torch/_dynamo/convert_frame.py", line 341, in _fn
[rank0]:W0910 13:58:33.450000 2608030 torch/_dynamo/convert_frame.py:2147]     return fn(*args, **kwargs)
[rank0]:W0910 13:58:33.450000 2608030 torch/_dynamo/convert_frame.py:2147]            ^^^^^^^^^^^^^^^^^^^
[rank0]:W0910 13:58:33.450000 2608030 torch/_dynamo/convert_frame.py:2147]   File "/usr/local/lib/python3.12/dist-packages/torch/_dynamo/convert_frame.py", line 863, in trace_frame
[rank0]:W0910 13:58:33.450000 2608030 torch/_dynamo/convert_frame.py:2147]     run_tracer()
[rank0]:W0910 13:58:33.450000 2608030 torch/_dynamo/convert_frame.py:2147]   File "/usr/local/lib/python3.12/dist-packages/torch/_dynamo/convert_frame.py", line 844, in run_tracer
[rank0]:W0910 13:58:33.450000 2608030 torch/_dynamo/convert_frame.py:2147]     tracer.run()
[rank0]:W0910 13:58:33.450000 2608030 torch/_dynamo/convert_frame.py:2147]   File "/usr/local/lib/python3.12/dist-packages/torch/_dynamo/symbolic_convert.py", line 1794, in run
[rank0]:W0910 13:58:33.450000 2608030 torch/_dynamo/convert_frame.py:2147]     while self.step():
[rank0]:W0910 13:58:33.450000 2608030 torch/_dynamo/convert_frame.py:2147]           ^^^^^^^^^^^
[rank0]:W0910 13:58:33.450000 2608030 torch/_dynamo/convert_frame.py:2147]   File "/usr/local/lib/python3.12/dist-packages/torch/_dynamo/symbolic_convert.py", line 1459, in step
[rank0]:W0910 13:58:33.450000 2608030 torch/_dynamo/convert_frame.py:2147]     self.dispatch_table[inst.opcode](self, inst)
[rank0]:W0910 13:58:33.450000 2608030 torch/_dynamo/convert_frame.py:2147]   File "/usr/local/lib/python3.12/dist-packages/torch/_dynamo/symbolic_convert.py", line 999, in wrapper
[rank0]:W0910 13:58:33.450000 2608030 torch/_dynamo/convert_frame.py:2147]     return handle_graph_break(self, inst, speculation.reason)
[rank0]:W0910 13:58:33.450000 2608030 torch/_dynamo/convert_frame.py:2147]            ^^^^^^^^^^^^^^^^^^^^^^^^^^^^^^^^^^^^^^^^^^^^^^^^^^
[rank0]:W0910 13:58:33.450000 2608030 torch/_dynamo/convert_frame.py:2147]   File "/usr/local/lib/python3.12/dist-packages/torch/_dynamo/symbolic_convert.py", line 1062, in handle_graph_break
[rank0]:W0910 13:58:33.450000 2608030 torch/_dynamo/convert_frame.py:2147]     all_stack_locals_metadata = self.output.compile_subgraph(
[rank0]:W0910 13:58:33.450000 2608030 torch/_dynamo/convert_frame.py:2147]                                 ^^^^^^^^^^^^^^^^^^^^^^^^^^^^^
[rank0]:W0910 13:58:33.450000 2608030 torch/_dynamo/convert_frame.py:2147]   File "/usr/local/lib/python3.12/dist-packages/torch/_dynamo/output_graph.py", line 1889, in compile_subgraph
[rank0]:W0910 13:58:33.450000 2608030 torch/_dynamo/convert_frame.py:2147]     self.compile_and_call_fx_graph(tx, pass2.graph_output_vars(), root)
[rank0]:W0910 13:58:33.450000 2608030 torch/_dynamo/convert_frame.py:2147]   File "/usr/local/lib/python3.12/dist-packages/torch/_dynamo/output_graph.py", line 2460, in compile_and_call_fx_graph
[rank0]:W0910 13:58:33.450000 2608030 torch/_dynamo/convert_frame.py:2147]     compiled_fn = self.call_user_compiler(gm, self.example_inputs())
[rank0]:W0910 13:58:33.450000 2608030 torch/_dynamo/convert_frame.py:2147]                   ^^^^^^^^^^^^^^^^^^^^^^^^^^^^^^^^^^^^^^^^^^^^^^^^^^
[rank0]:W0910 13:58:33.450000 2608030 torch/_dynamo/convert_frame.py:2147]   File "/usr/local/lib/python3.12/dist-packages/torch/_dynamo/output_graph.py", line 2613, in call_user_compiler
[rank0]:W0910 13:58:33.450000 2608030 torch/_dynamo/convert_frame.py:2147]     return self._call_user_compiler(gm, example_inputs)
[rank0]:W0910 13:58:33.450000 2608030 torch/_dynamo/convert_frame.py:2147]            ^^^^^^^^^^^^^^^^^^^^^^^^^^^^^^^^^^^^^^^^^^^^
[rank0]:W0910 13:58:33.450000 2608030 torch/_dynamo/convert_frame.py:2147]   File "/usr/local/lib/python3.12/dist-packages/torch/_dynamo/output_graph.py", line 2664, in _call_user_compiler
[rank0]:W0910 13:58:33.450000 2608030 torch/_dynamo/convert_frame.py:2147]     compiled_fn = compiler_fn(gm, example_inputs)
[rank0]:W0910 13:58:33.450000 2608030 torch/_dynamo/convert_frame.py:2147]                   ^^^^^^^^^^^^^^^^^^^^^^^^^^^^^^^
[rank0]:W0910 13:58:33.450000 2608030 torch/_dynamo/convert_frame.py:2147]   File "/usr/local/lib/python3.12/dist-packages/torch/_dynamo/backends/distributed.py", line 569, in compile_fn
[rank0]:W0910 13:58:33.450000 2608030 torch/_dynamo/convert_frame.py:2147]     return self.backend_compile_fn(gm, example_inputs)
[rank0]:W0910 13:58:33.450000 2608030 torch/_dynamo/convert_frame.py:2147]            ^^^^^^^^^^^^^^^^^^^^^^^^^^^^^^^^^^^^^^^^^^^
[rank0]:W0910 13:58:33.450000 2608030 torch/_dynamo/convert_frame.py:2147]   File "/usr/local/lib/python3.12/dist-packages/torch/_dynamo/repro/after_dynamo.py", line 156, in __call__
[rank0]:W0910 13:58:33.450000 2608030 torch/_dynamo/convert_frame.py:2147]     compiled_gm = compiler_fn(gm, example_inputs)
[rank0]:W0910 13:58:33.450000 2608030 torch/_dynamo/convert_frame.py:2147]                   ^^^^^^^^^^^^^^^^^^^^^^^^^^^^^^^
[rank0]:W0910 13:58:33.450000 2608030 torch/_dynamo/convert_frame.py:2147]   File "/usr/local/lib/python3.12/dist-packages/torch/__init__.py", line 2461, in __call__
[rank0]:W0910 13:58:33.450000 2608030 torch/_dynamo/convert_frame.py:2147]     return compile_fx(model_, inputs_, config_patches=self.config)
[rank0]:W0910 13:58:33.450000 2608030 torch/_dynamo/convert_frame.py:2147]            ^^^^^^^^^^^^^^^^^^^^^^^^^^^^^^^^^^^^^^^^^^^^^^^^^^^^^^^
[rank0]:W0910 13:58:33.450000 2608030 torch/_dynamo/convert_frame.py:2147]   File "/usr/local/lib/python3.12/dist-packages/torch/_inductor/compile_fx.py", line 2578, in compile_fx
[rank0]:W0910 13:58:33.450000 2608030 torch/_dynamo/convert_frame.py:2147]     return _maybe_wrap_and_compile_fx_main(
[rank0]:W0910 13:58:33.450000 2608030 torch/_dynamo/convert_frame.py:2147]            ^^^^^^^^^^^^^^^^^^^^^^^^^^^^^^^^
[rank0]:W0910 13:58:33.450000 2608030 torch/_dynamo/convert_frame.py:2147]   File "/usr/local/lib/python3.12/dist-packages/torch/_inductor/compile_fx.py", line 2655, in _maybe_wrap_and_compile_fx_main
[rank0]:W0910 13:58:33.450000 2608030 torch/_dynamo/convert_frame.py:2147]     return _compile_fx_main(
[rank0]:W0910 13:58:33.450000 2608030 torch/_dynamo/convert_frame.py:2147]            ^^^^^^^^^^^^^^^^^
[rank0]:W0910 13:58:33.450000 2608030 torch/_dynamo/convert_frame.py:2147]   File "/usr/local/lib/python3.12/dist-packages/torch/_inductor/compile_fx.py", line 2864, in _compile_fx_main
[rank0]:W0910 13:58:33.450000 2608030 torch/_dynamo/convert_frame.py:2147]     raise e.remove_dynamo_frames() from None  # see TORCHDYNAMO_VERBOSE=1
[rank0]:W0910 13:58:33.450000 2608030 torch/_dynamo/convert_frame.py:2147]     ^^^^^^^^^^^^^^^^^^^^^^^^^^^^^^^^^^^^^^^^
[rank0]:W0910 13:58:33.450000 2608030 torch/_dynamo/convert_frame.py:2147]   File "/usr/local/lib/python3.12/dist-packages/torch/_inductor/compile_fx.py", line 1053, in _compile_fx_inner
[rank0]:W0910 13:58:33.450000 2608030 torch/_dynamo/convert_frame.py:2147]     raise InductorError(e, currentframe()).with_traceback(
[rank0]:W0910 13:58:33.450000 2608030 torch/_dynamo/convert_frame.py:2147]   File "/usr/local/lib/python3.12/dist-packages/torch/_inductor/compile_fx.py", line 1037, in _compile_fx_inner
[rank0]:W0910 13:58:33.450000 2608030 torch/_dynamo/convert_frame.py:2147]     mb_compiled_graph = fx_codegen_and_compile(
[rank0]:W0910 13:58:33.450000 2608030 torch/_dynamo/convert_frame.py:2147]                         ^^^^^^^^^^^^^^^^^^^^^^^
[rank0]:W0910 13:58:33.450000 2608030 torch/_dynamo/convert_frame.py:2147]   File "/usr/local/lib/python3.12/dist-packages/torch/_inductor/compile_fx.py", line 1798, in fx_codegen_and_compile
[rank0]:W0910 13:58:33.450000 2608030 torch/_dynamo/convert_frame.py:2147]     return scheme.codegen_and_compile(gm, example_inputs, inputs_to_check, graph_kwargs)
[rank0]:W0910 13:58:33.450000 2608030 torch/_dynamo/convert_frame.py:2147]            ^^^^^^^^^^^^^^^^^^^^^^^^^^^^^^^^^^^^^^^^^^^^^^^^^^^^^^^^^^^^^^^^^^^^^^^^^^^^^
[rank0]:W0910 13:58:33.450000 2608030 torch/_dynamo/convert_frame.py:2147]   File "/usr/local/lib/python3.12/dist-packages/torch/_inductor/compile_fx.py", line 1485, in codegen_and_compile
[rank0]:W0910 13:58:33.450000 2608030 torch/_dynamo/convert_frame.py:2147]     graph.run(*example_inputs)
[rank0]:W0910 13:58:33.450000 2608030 torch/_dynamo/convert_frame.py:2147]   File "/usr/local/lib/python3.12/dist-packages/torch/_inductor/graph.py", line 1025, in run
[rank0]:W0910 13:58:33.450000 2608030 torch/_dynamo/convert_frame.py:2147]     return super().run(*args)
[rank0]:W0910 13:58:33.450000 2608030 torch/_dynamo/convert_frame.py:2147]            ^^^^^^^^^^^^^^^^^^
[rank0]:W0910 13:58:33.450000 2608030 torch/_dynamo/convert_frame.py:2147]   File "/usr/local/lib/python3.12/dist-packages/torch/fx/interpreter.py", line 200, in run
[rank0]:W0910 13:58:33.450000 2608030 torch/_dynamo/convert_frame.py:2147]     self.env[node] = self.run_node(node)
[rank0]:W0910 13:58:33.450000 2608030 torch/_dynamo/convert_frame.py:2147]                      ^^^^^^^^^^^^^^^^^^^
[rank0]:W0910 13:58:33.450000 2608030 torch/_dynamo/convert_frame.py:2147]   File "/usr/local/lib/python3.12/dist-packages/torch/_inductor/graph.py", line 1997, in run_node
[rank0]:W0910 13:58:33.450000 2608030 torch/_dynamo/convert_frame.py:2147]     self.register_users_of(result)
[rank0]:W0910 13:58:33.450000 2608030 torch/_dynamo/convert_frame.py:2147]   File "/usr/local/lib/python3.12/dist-packages/torch/_inductor/graph.py", line 1072, in register_users_of
[rank0]:W0910 13:58:33.450000 2608030 torch/_dynamo/convert_frame.py:2147]     register(node_output)
[rank0]:W0910 13:58:33.450000 2608030 torch/_dynamo/convert_frame.py:2147]   File "/usr/local/lib/python3.12/dist-packages/torch/_inductor/graph.py", line 1069, in register
[rank0]:W0910 13:58:33.450000 2608030 torch/_dynamo/convert_frame.py:2147]     for read_name in value.get_read_names():
[rank0]:W0910 13:58:33.450000 2608030 torch/_dynamo/convert_frame.py:2147]                      ^^^^^^^^^^^^^^^^^^^^^^
[rank0]:W0910 13:58:33.450000 2608030 torch/_dynamo/convert_frame.py:2147]   File "/usr/local/lib/python3.12/dist-packages/torch/_inductor/ir.py", line 8658, in get_read_names
[rank0]:W0910 13:58:33.450000 2608030 torch/_dynamo/convert_frame.py:2147]     return self.data.get_read_names()
[rank0]:W0910 13:58:33.450000 2608030 torch/_dynamo/convert_frame.py:2147]            ^^^^^^^^^^^^^^^^^^^^^^^^^^
[rank0]:W0910 13:58:33.450000 2608030 torch/_dynamo/convert_frame.py:2147]   File "/usr/local/lib/python3.12/dist-packages/torch/_inductor/ir.py", line 8658, in get_read_names
[rank0]:W0910 13:58:33.450000 2608030 torch/_dynamo/convert_frame.py:2147]     return self.data.get_read_names()
[rank0]:W0910 13:58:33.450000 2608030 torch/_dynamo/convert_frame.py:2147]            ^^^^^^^^^^^^^^^^^^^^^^^^^^
[rank0]:W0910 13:58:33.450000 2608030 torch/_dynamo/convert_frame.py:2147]   File "/usr/local/lib/python3.12/dist-packages/torch/_inductor/ir.py", line 4766, in get_read_names
[rank0]:W0910 13:58:33.450000 2608030 torch/_dynamo/convert_frame.py:2147]     return self.data.get_read_names()
[rank0]:W0910 13:58:33.450000 2608030 torch/_dynamo/convert_frame.py:2147]            ^^^^^^^^^^^^^^^^^^^^^^^^^^
[rank0]:W0910 13:58:33.450000 2608030 torch/_dynamo/convert_frame.py:2147]   File "/usr/local/lib/python3.12/dist-packages/torch/_inductor/ir.py", line 1042, in get_read_names
[rank0]:W0910 13:58:33.450000 2608030 torch/_dynamo/convert_frame.py:2147]     return OrderedSet(self.inner_fn_opcount().read_buffers)
[rank0]:W0910 13:58:33.450000 2608030 torch/_dynamo/convert_frame.py:2147]                       ^^^^^^^^^^^^^^^^^^^^^^^
[rank0]:W0910 13:58:33.450000 2608030 torch/_dynamo/convert_frame.py:2147]   File "<string>", line 6, in inner_fn_opcount_cache_on_self
[rank0]:W0910 13:58:33.450000 2608030 torch/_dynamo/convert_frame.py:2147]   File "/usr/local/lib/python3.12/dist-packages/torch/_inductor/ir.py", line 1005, in inner_fn_opcount
[rank0]:W0910 13:58:33.450000 2608030 torch/_dynamo/convert_frame.py:2147]     self.inner_fn(*self.inner_fn_args())
[rank0]:W0910 13:58:33.450000 2608030 torch/_dynamo/convert_frame.py:2147]   File "/usr/local/lib/python3.12/dist-packages/torch/_inductor/lowering.py", line 2735, in inner_fn
[rank0]:W0910 13:58:33.450000 2608030 torch/_dynamo/convert_frame.py:2147]     _boundaries_helper(boundaries),
[rank0]:W0910 13:58:33.450000 2608030 torch/_dynamo/convert_frame.py:2147]     ^^^^^^^^^^^^^^^^^^^^^^^^^^^^^^
[rank0]:W0910 13:58:33.450000 2608030 torch/_dynamo/convert_frame.py:2147]   File "/usr/local/lib/python3.12/dist-packages/torch/_inductor/lowering.py", line 2589, in _boundaries_helper
[rank0]:W0910 13:58:33.450000 2608030 torch/_dynamo/convert_frame.py:2147]     stride = tb.get_stride()
[rank0]:W0910 13:58:33.450000 2608030 torch/_dynamo/convert_frame.py:2147]              ^^^^^^^^^^^^^^^
[rank0]:W0910 13:58:33.450000 2608030 torch/_dynamo/convert_frame.py:2147]   File "/usr/local/lib/python3.12/dist-packages/torch/_inductor/ir.py", line 8573, in get_stride
[rank0]:W0910 13:58:33.450000 2608030 torch/_dynamo/convert_frame.py:2147]     return self.data.get_stride()
[rank0]:W0910 13:58:33.450000 2608030 torch/_dynamo/convert_frame.py:2147]            ^^^^^^^^^^^^^^^^^^^^^^
[rank0]:W0910 13:58:33.450000 2608030 torch/_dynamo/convert_frame.py:2147]   File "/usr/local/lib/python3.12/dist-packages/torch/_inductor/ir.py", line 758, in get_stride
[rank0]:W0910 13:58:33.450000 2608030 torch/_dynamo/convert_frame.py:2147]     raise NotImplementedError(type(self).__name__)
[rank0]:W0910 13:58:33.450000 2608030 torch/_dynamo/convert_frame.py:2147] torch._inductor.exc.InductorError: NotImplementedError: SliceView
[rank0]:W0910 13:58:33.450000 2608030 torch/_dynamo/convert_frame.py:2147] 
[rank0]:W0910 13:58:33.450000 2608030 torch/_dynamo/convert_frame.py:2147] Set TORCHDYNAMO_VERBOSE=1 for the internal stack trace (please do this especially if you're reporting a bug to PyTorch). For even more developer context, set TORCH_LOGS="+dynamo"
[rank0]:W0910 13:58:33.450000 2608030 torch/_dynamo/convert_frame.py:2147] 
/usr/local/lib/python3.12/dist-packages/triton/language/semantic.py:1670: UserWarning: tl.where with a non-boolean condition is deprecated and will error out in a future triton release. Got int8
  warnings.warn(
/usr/local/lib/python3.12/dist-packages/triton/language/semantic.py:1670: UserWarning: tl.where with a non-boolean condition is deprecated and will error out in a future triton release. Got int8
  warnings.warn(
/usr/local/lib/python3.12/dist-packages/triton/language/semantic.py:1670: UserWarning: tl.where with a non-boolean condition is deprecated and will error out in a future triton release. Got int8
  warnings.warn(
/usr/local/lib/python3.12/dist-packages/triton/language/semantic.py:1670: UserWarning: tl.where with a non-boolean condition is deprecated and will error out in a future triton release. Got int8
  warnings.warn(
/usr/local/lib/python3.12/dist-packages/triton/language/semantic.py:1670: UserWarning: tl.where with a non-boolean condition is deprecated and will error out in a future triton release. Got int8
  warnings.warn(
/usr/local/lib/python3.12/dist-packages/triton/language/semantic.py:1670: UserWarning: tl.where with a non-boolean condition is deprecated and will error out in a future triton release. Got int8
  warnings.warn(
/usr/local/lib/python3.12/dist-packages/triton/language/semantic.py:1670: UserWarning: tl.where with a non-boolean condition is deprecated and will error out in a future triton release. Got int8
  warnings.warn(
/usr/local/lib/python3.12/dist-packages/triton/language/semantic.py:1670: UserWarning: tl.where with a non-boolean condition is deprecated and will error out in a future triton release. Got int8
  warnings.warn(
/usr/local/lib/python3.12/dist-packages/triton/language/semantic.py:1670: UserWarning: tl.where with a non-boolean condition is deprecated and will error out in a future triton release. Got int8
  warnings.warn(
/usr/local/lib/python3.12/dist-packages/triton/language/semantic.py:1670: UserWarning: tl.where with a non-boolean condition is deprecated and will error out in a future triton release. Got int8
  warnings.warn(
/usr/local/lib/python3.12/dist-packages/triton/language/semantic.py:1670: UserWarning: tl.where with a non-boolean condition is deprecated and will error out in a future triton release. Got int8
  warnings.warn(
/usr/local/lib/python3.12/dist-packages/triton/language/semantic.py:1670: UserWarning: tl.where with a non-boolean condition is deprecated and will error out in a future triton release. Got int8
  warnings.warn(
/usr/local/lib/python3.12/dist-packages/triton/language/semantic.py:1670: UserWarning: tl.where with a non-boolean condition is deprecated and will error out in a future triton release. Got int8
  warnings.warn(
/usr/local/lib/python3.12/dist-packages/triton/language/semantic.py:1670: UserWarning: tl.where with a non-boolean condition is deprecated and will error out in a future triton release. Got int8
  warnings.warn(
/usr/local/lib/python3.12/dist-packages/triton/language/semantic.py:1670: UserWarning: tl.where with a non-boolean condition is deprecated and will error out in a future triton release. Got int8
  warnings.warn(
/usr/local/lib/python3.12/dist-packages/triton/language/semantic.py:1670: UserWarning: tl.where with a non-boolean condition is deprecated and will error out in a future triton release. Got int8
  warnings.warn(
/usr/local/lib/python3.12/dist-packages/triton/language/semantic.py:1670: UserWarning: tl.where with a non-boolean condition is deprecated and will error out in a future triton release. Got int8
  warnings.warn(
/usr/local/lib/python3.12/dist-packages/triton/language/semantic.py:1670: UserWarning: tl.where with a non-boolean condition is deprecated and will error out in a future triton release. Got int8
  warnings.warn(
/usr/local/lib/python3.12/dist-packages/triton/language/semantic.py:1670: UserWarning: tl.where with a non-boolean condition is deprecated and will error out in a future triton release. Got int8
  warnings.warn(
/usr/local/lib/python3.12/dist-packages/triton/language/semantic.py:1670: UserWarning: tl.where with a non-boolean condition is deprecated and will error out in a future triton release. Got int8
  warnings.warn(
/usr/local/lib/python3.12/dist-packages/triton/language/semantic.py:1670: UserWarning: tl.where with a non-boolean condition is deprecated and will error out in a future triton release. Got int8
  warnings.warn(
/usr/local/lib/python3.12/dist-packages/triton/language/semantic.py:1670: UserWarning: tl.where with a non-boolean condition is deprecated and will error out in a future triton release. Got int8
  warnings.warn(
/usr/local/lib/python3.12/dist-packages/triton/language/semantic.py:1670: UserWarning: tl.where with a non-boolean condition is deprecated and will error out in a future triton release. Got int8
  warnings.warn(
/usr/local/lib/python3.12/dist-packages/triton/language/semantic.py:1670: UserWarning: tl.where with a non-boolean condition is deprecated and will error out in a future triton release. Got int8
  warnings.warn(
/usr/local/lib/python3.12/dist-packages/triton/language/semantic.py:1670: UserWarning: tl.where with a non-boolean condition is deprecated and will error out in a future triton release. Got int8
  warnings.warn(
/usr/local/lib/python3.12/dist-packages/triton/language/semantic.py:1670: UserWarning: tl.where with a non-boolean condition is deprecated and will error out in a future triton release. Got int8
  warnings.warn(
/usr/local/lib/python3.12/dist-packages/triton/language/semantic.py:1670: UserWarning: tl.where with a non-boolean condition is deprecated and will error out in a future triton release. Got int8
  warnings.warn(
/usr/local/lib/python3.12/dist-packages/triton/language/semantic.py:1670: UserWarning: tl.where with a non-boolean condition is deprecated and will error out in a future triton release. Got int8
  warnings.warn(
/usr/local/lib/python3.12/dist-packages/triton/language/semantic.py:1670: UserWarning: tl.where with a non-boolean condition is deprecated and will error out in a future triton release. Got int8
  warnings.warn(
/usr/local/lib/python3.12/dist-packages/triton/language/semantic.py:1670: UserWarning: tl.where with a non-boolean condition is deprecated and will error out in a future triton release. Got int8
  warnings.warn(
/usr/local/lib/python3.12/dist-packages/triton/language/semantic.py:1670: UserWarning: tl.where with a non-boolean condition is deprecated and will error out in a future triton release. Got int8
  warnings.warn(
/usr/local/lib/python3.12/dist-packages/triton/language/semantic.py:1670: UserWarning: tl.where with a non-boolean condition is deprecated and will error out in a future triton release. Got int8
  warnings.warn(
/usr/local/lib/python3.12/dist-packages/triton/language/semantic.py:1670: UserWarning: tl.where with a non-boolean condition is deprecated and will error out in a future triton release. Got int8
  warnings.warn(
/usr/local/lib/python3.12/dist-packages/triton/language/semantic.py:1670: UserWarning: tl.where with a non-boolean condition is deprecated and will error out in a future triton release. Got int8
  warnings.warn(
/usr/local/lib/python3.12/dist-packages/triton/language/semantic.py:1670: UserWarning: tl.where with a non-boolean condition is deprecated and will error out in a future triton release. Got int8
  warnings.warn(
/usr/local/lib/python3.12/dist-packages/triton/language/semantic.py:1670: UserWarning: tl.where with a non-boolean condition is deprecated and will error out in a future triton release. Got int8
  warnings.warn(
/usr/local/lib/python3.12/dist-packages/triton/language/semantic.py:1670: UserWarning: tl.where with a non-boolean condition is deprecated and will error out in a future triton release. Got int8
  warnings.warn(
/usr/local/lib/python3.12/dist-packages/triton/language/semantic.py:1670: UserWarning: tl.where with a non-boolean condition is deprecated and will error out in a future triton release. Got int8
  warnings.warn(
/usr/local/lib/python3.12/dist-packages/triton/language/semantic.py:1670: UserWarning: tl.where with a non-boolean condition is deprecated and will error out in a future triton release. Got int8
  warnings.warn(
/usr/local/lib/python3.12/dist-packages/triton/language/semantic.py:1670: UserWarning: tl.where with a non-boolean condition is deprecated and will error out in a future triton release. Got int8
  warnings.warn(
/usr/local/lib/python3.12/dist-packages/triton/language/semantic.py:1670: UserWarning: tl.where with a non-boolean condition is deprecated and will error out in a future triton release. Got int8
  warnings.warn(
/usr/local/lib/python3.12/dist-packages/triton/language/semantic.py:1670: UserWarning: tl.where with a non-boolean condition is deprecated and will error out in a future triton release. Got int8
  warnings.warn(
/usr/local/lib/python3.12/dist-packages/triton/language/semantic.py:1670: UserWarning: tl.where with a non-boolean condition is deprecated and will error out in a future triton release. Got int8
  warnings.warn(
/usr/local/lib/python3.12/dist-packages/triton/language/semantic.py:1670: UserWarning: tl.where with a non-boolean condition is deprecated and will error out in a future triton release. Got int8
  warnings.warn(
/usr/local/lib/python3.12/dist-packages/triton/language/semantic.py:1670: UserWarning: tl.where with a non-boolean condition is deprecated and will error out in a future triton release. Got int8
  warnings.warn(
/usr/local/lib/python3.12/dist-packages/triton/language/semantic.py:1670: UserWarning: tl.where with a non-boolean condition is deprecated and will error out in a future triton release. Got int8
  warnings.warn(
/usr/local/lib/python3.12/dist-packages/triton/language/semantic.py:1670: UserWarning: tl.where with a non-boolean condition is deprecated and will error out in a future triton release. Got int8
  warnings.warn(
/usr/local/lib/python3.12/dist-packages/triton/language/semantic.py:1670: UserWarning: tl.where with a non-boolean condition is deprecated and will error out in a future triton release. Got int8
  warnings.warn(
/usr/local/lib/python3.12/dist-packages/triton/language/semantic.py:1670: UserWarning: tl.where with a non-boolean condition is deprecated and will error out in a future triton release. Got int8
  warnings.warn(
/usr/local/lib/python3.12/dist-packages/triton/language/semantic.py:1670: UserWarning: tl.where with a non-boolean condition is deprecated and will error out in a future triton release. Got int8
  warnings.warn(
/usr/local/lib/python3.12/dist-packages/triton/language/semantic.py:1670: UserWarning: tl.where with a non-boolean condition is deprecated and will error out in a future triton release. Got int8
  warnings.warn(
/usr/local/lib/python3.12/dist-packages/triton/language/semantic.py:1670: UserWarning: tl.where with a non-boolean condition is deprecated and will error out in a future triton release. Got int8
  warnings.warn(
/usr/local/lib/python3.12/dist-packages/triton/language/semantic.py:1670: UserWarning: tl.where with a non-boolean condition is deprecated and will error out in a future triton release. Got int8
  warnings.warn(
/usr/local/lib/python3.12/dist-packages/triton/language/semantic.py:1670: UserWarning: tl.where with a non-boolean condition is deprecated and will error out in a future triton release. Got int8
  warnings.warn(
/usr/local/lib/python3.12/dist-packages/triton/language/semantic.py:1670: UserWarning: tl.where with a non-boolean condition is deprecated and will error out in a future triton release. Got int8
  warnings.warn(
/usr/local/lib/python3.12/dist-packages/triton/language/semantic.py:1670: UserWarning: tl.where with a non-boolean condition is deprecated and will error out in a future triton release. Got int8
  warnings.warn(
/usr/local/lib/python3.12/dist-packages/triton/language/semantic.py:1670: UserWarning: tl.where with a non-boolean condition is deprecated and will error out in a future triton release. Got int8
  warnings.warn(
/usr/local/lib/python3.12/dist-packages/triton/language/semantic.py:1670: UserWarning: tl.where with a non-boolean condition is deprecated and will error out in a future triton release. Got int8
  warnings.warn(
/usr/local/lib/python3.12/dist-packages/triton/language/semantic.py:1670: UserWarning: tl.where with a non-boolean condition is deprecated and will error out in a future triton release. Got int8
  warnings.warn(
/usr/local/lib/python3.12/dist-packages/triton/language/semantic.py:1670: UserWarning: tl.where with a non-boolean condition is deprecated and will error out in a future triton release. Got int8
  warnings.warn(
/usr/local/lib/python3.12/dist-packages/triton/language/semantic.py:1670: UserWarning: tl.where with a non-boolean condition is deprecated and will error out in a future triton release. Got int8
  warnings.warn(
/usr/local/lib/python3.12/dist-packages/triton/language/semantic.py:1670: UserWarning: tl.where with a non-boolean condition is deprecated and will error out in a future triton release. Got int8
  warnings.warn(
/usr/local/lib/python3.12/dist-packages/triton/language/semantic.py:1670: UserWarning: tl.where with a non-boolean condition is deprecated and will error out in a future triton release. Got int8
  warnings.warn(
/usr/local/lib/python3.12/dist-packages/triton/language/semantic.py:1670: UserWarning: tl.where with a non-boolean condition is deprecated and will error out in a future triton release. Got int8
  warnings.warn(
/usr/local/lib/python3.12/dist-packages/triton/language/semantic.py:1670: UserWarning: tl.where with a non-boolean condition is deprecated and will error out in a future triton release. Got int8
  warnings.warn(
/usr/local/lib/python3.12/dist-packages/triton/language/semantic.py:1670: UserWarning: tl.where with a non-boolean condition is deprecated and will error out in a future triton release. Got int8
  warnings.warn(
/usr/local/lib/python3.12/dist-packages/triton/language/semantic.py:1670: UserWarning: tl.where with a non-boolean condition is deprecated and will error out in a future triton release. Got int8
  warnings.warn(
/usr/local/lib/python3.12/dist-packages/triton/language/semantic.py:1670: UserWarning: tl.where with a non-boolean condition is deprecated and will error out in a future triton release. Got int8
  warnings.warn(
/usr/local/lib/python3.12/dist-packages/triton/language/semantic.py:1670: UserWarning: tl.where with a non-boolean condition is deprecated and will error out in a future triton release. Got int8
  warnings.warn(
/usr/local/lib/python3.12/dist-packages/triton/language/semantic.py:1670: UserWarning: tl.where with a non-boolean condition is deprecated and will error out in a future triton release. Got int8
  warnings.warn(
/usr/local/lib/python3.12/dist-packages/triton/language/semantic.py:1670: UserWarning: tl.where with a non-boolean condition is deprecated and will error out in a future triton release. Got int8
  warnings.warn(
/usr/local/lib/python3.12/dist-packages/triton/language/semantic.py:1670: UserWarning: tl.where with a non-boolean condition is deprecated and will error out in a future triton release. Got int8
  warnings.warn(
/usr/local/lib/python3.12/dist-packages/triton/language/semantic.py:1670: UserWarning: tl.where with a non-boolean condition is deprecated and will error out in a future triton release. Got int8
  warnings.warn(
/usr/local/lib/python3.12/dist-packages/triton/language/semantic.py:1670: UserWarning: tl.where with a non-boolean condition is deprecated and will error out in a future triton release. Got int8
  warnings.warn(
/usr/local/lib/python3.12/dist-packages/triton/language/semantic.py:1670: UserWarning: tl.where with a non-boolean condition is deprecated and will error out in a future triton release. Got int8
  warnings.warn(
/usr/local/lib/python3.12/dist-packages/triton/language/semantic.py:1670: UserWarning: tl.where with a non-boolean condition is deprecated and will error out in a future triton release. Got int8
  warnings.warn(
/usr/local/lib/python3.12/dist-packages/triton/language/semantic.py:1670: UserWarning: tl.where with a non-boolean condition is deprecated and will error out in a future triton release. Got int8
  warnings.warn(
/usr/local/lib/python3.12/dist-packages/triton/language/semantic.py:1670: UserWarning: tl.where with a non-boolean condition is deprecated and will error out in a future triton release. Got int8
  warnings.warn(
/usr/local/lib/python3.12/dist-packages/triton/language/semantic.py:1670: UserWarning: tl.where with a non-boolean condition is deprecated and will error out in a future triton release. Got int8
  warnings.warn(
/usr/local/lib/python3.12/dist-packages/triton/language/semantic.py:1670: UserWarning: tl.where with a non-boolean condition is deprecated and will error out in a future triton release. Got int8
  warnings.warn(
/usr/local/lib/python3.12/dist-packages/triton/language/semantic.py:1670: UserWarning: tl.where with a non-boolean condition is deprecated and will error out in a future triton release. Got int8
  warnings.warn(
/usr/local/lib/python3.12/dist-packages/triton/language/semantic.py:1670: UserWarning: tl.where with a non-boolean condition is deprecated and will error out in a future triton release. Got int8
  warnings.warn(
/usr/local/lib/python3.12/dist-packages/triton/language/semantic.py:1670: UserWarning: tl.where with a non-boolean condition is deprecated and will error out in a future triton release. Got int8
  warnings.warn(
/usr/local/lib/python3.12/dist-packages/triton/language/semantic.py:1670: UserWarning: tl.where with a non-boolean condition is deprecated and will error out in a future triton release. Got int8
  warnings.warn(
/usr/local/lib/python3.12/dist-packages/triton/language/semantic.py:1670: UserWarning: tl.where with a non-boolean condition is deprecated and will error out in a future triton release. Got int8
  warnings.warn(
/usr/local/lib/python3.12/dist-packages/triton/language/semantic.py:1670: UserWarning: tl.where with a non-boolean condition is deprecated and will error out in a future triton release. Got int8
  warnings.warn(
/usr/local/lib/python3.12/dist-packages/triton/language/semantic.py:1670: UserWarning: tl.where with a non-boolean condition is deprecated and will error out in a future triton release. Got int8
  warnings.warn(
/usr/local/lib/python3.12/dist-packages/triton/language/semantic.py:1670: UserWarning: tl.where with a non-boolean condition is deprecated and will error out in a future triton release. Got int8
  warnings.warn(
/usr/local/lib/python3.12/dist-packages/triton/language/semantic.py:1670: UserWarning: tl.where with a non-boolean condition is deprecated and will error out in a future triton release. Got int8
  warnings.warn(
/usr/local/lib/python3.12/dist-packages/triton/language/semantic.py:1670: UserWarning: tl.where with a non-boolean condition is deprecated and will error out in a future triton release. Got int8
  warnings.warn(
/usr/local/lib/python3.12/dist-packages/triton/language/semantic.py:1670: UserWarning: tl.where with a non-boolean condition is deprecated and will error out in a future triton release. Got int8
  warnings.warn(
/usr/local/lib/python3.12/dist-packages/triton/language/semantic.py:1670: UserWarning: tl.where with a non-boolean condition is deprecated and will error out in a future triton release. Got int8
  warnings.warn(
/usr/local/lib/python3.12/dist-packages/triton/language/semantic.py:1670: UserWarning: tl.where with a non-boolean condition is deprecated and will error out in a future triton release. Got int8
  warnings.warn(
/usr/local/lib/python3.12/dist-packages/triton/language/semantic.py:1670: UserWarning: tl.where with a non-boolean condition is deprecated and will error out in a future triton release. Got int8
  warnings.warn(
/usr/local/lib/python3.12/dist-packages/triton/language/semantic.py:1670: UserWarning: tl.where with a non-boolean condition is deprecated and will error out in a future triton release. Got int8
  warnings.warn(
/usr/local/lib/python3.12/dist-packages/triton/language/semantic.py:1670: UserWarning: tl.where with a non-boolean condition is deprecated and will error out in a future triton release. Got int8
  warnings.warn(
/usr/local/lib/python3.12/dist-packages/triton/language/semantic.py:1670: UserWarning: tl.where with a non-boolean condition is deprecated and will error out in a future triton release. Got int8
  warnings.warn(
/usr/local/lib/python3.12/dist-packages/triton/language/semantic.py:1670: UserWarning: tl.where with a non-boolean condition is deprecated and will error out in a future triton release. Got int8
  warnings.warn(
/usr/local/lib/python3.12/dist-packages/triton/language/semantic.py:1670: UserWarning: tl.where with a non-boolean condition is deprecated and will error out in a future triton release. Got int8
  warnings.warn(
/usr/local/lib/python3.12/dist-packages/triton/language/semantic.py:1670: UserWarning: tl.where with a non-boolean condition is deprecated and will error out in a future triton release. Got int8
  warnings.warn(
/usr/local/lib/python3.12/dist-packages/triton/language/semantic.py:1670: UserWarning: tl.where with a non-boolean condition is deprecated and will error out in a future triton release. Got int8
  warnings.warn(
/usr/local/lib/python3.12/dist-packages/triton/language/semantic.py:1670: UserWarning: tl.where with a non-boolean condition is deprecated and will error out in a future triton release. Got int8
  warnings.warn(
/usr/local/lib/python3.12/dist-packages/triton/language/semantic.py:1670: UserWarning: tl.where with a non-boolean condition is deprecated and will error out in a future triton release. Got int8
  warnings.warn(
/usr/local/lib/python3.12/dist-packages/triton/language/semantic.py:1670: UserWarning: tl.where with a non-boolean condition is deprecated and will error out in a future triton release. Got int8
  warnings.warn(
/usr/local/lib/python3.12/dist-packages/triton/language/semantic.py:1670: UserWarning: tl.where with a non-boolean condition is deprecated and will error out in a future triton release. Got int8
  warnings.warn(
/usr/local/lib/python3.12/dist-packages/triton/language/semantic.py:1670: UserWarning: tl.where with a non-boolean condition is deprecated and will error out in a future triton release. Got int8
  warnings.warn(
/usr/local/lib/python3.12/dist-packages/triton/language/semantic.py:1670: UserWarning: tl.where with a non-boolean condition is deprecated and will error out in a future triton release. Got int8
  warnings.warn(
/usr/local/lib/python3.12/dist-packages/triton/language/semantic.py:1670: UserWarning: tl.where with a non-boolean condition is deprecated and will error out in a future triton release. Got int8
  warnings.warn(
/usr/local/lib/python3.12/dist-packages/triton/language/semantic.py:1670: UserWarning: tl.where with a non-boolean condition is deprecated and will error out in a future triton release. Got int8
  warnings.warn(
/usr/local/lib/python3.12/dist-packages/triton/language/semantic.py:1670: UserWarning: tl.where with a non-boolean condition is deprecated and will error out in a future triton release. Got int8
  warnings.warn(
/usr/local/lib/python3.12/dist-packages/triton/language/semantic.py:1670: UserWarning: tl.where with a non-boolean condition is deprecated and will error out in a future triton release. Got int8
  warnings.warn(
/usr/local/lib/python3.12/dist-packages/triton/language/semantic.py:1670: UserWarning: tl.where with a non-boolean condition is deprecated and will error out in a future triton release. Got int8
  warnings.warn(
/usr/local/lib/python3.12/dist-packages/triton/language/semantic.py:1670: UserWarning: tl.where with a non-boolean condition is deprecated and will error out in a future triton release. Got int8
  warnings.warn(
/usr/local/lib/python3.12/dist-packages/triton/language/semantic.py:1670: UserWarning: tl.where with a non-boolean condition is deprecated and will error out in a future triton release. Got int8
  warnings.warn(
/usr/local/lib/python3.12/dist-packages/triton/language/semantic.py:1670: UserWarning: tl.where with a non-boolean condition is deprecated and will error out in a future triton release. Got int8
  warnings.warn(
/usr/local/lib/python3.12/dist-packages/triton/language/semantic.py:1670: UserWarning: tl.where with a non-boolean condition is deprecated and will error out in a future triton release. Got int8
  warnings.warn(
/usr/local/lib/python3.12/dist-packages/triton/language/semantic.py:1670: UserWarning: tl.where with a non-boolean condition is deprecated and will error out in a future triton release. Got int8
  warnings.warn(
/usr/local/lib/python3.12/dist-packages/triton/language/semantic.py:1670: UserWarning: tl.where with a non-boolean condition is deprecated and will error out in a future triton release. Got int8
  warnings.warn(
/usr/local/lib/python3.12/dist-packages/triton/language/semantic.py:1670: UserWarning: tl.where with a non-boolean condition is deprecated and will error out in a future triton release. Got int8
  warnings.warn(
/usr/local/lib/python3.12/dist-packages/triton/language/semantic.py:1670: UserWarning: tl.where with a non-boolean condition is deprecated and will error out in a future triton release. Got int8
  warnings.warn(
/usr/local/lib/python3.12/dist-packages/triton/language/semantic.py:1670: UserWarning: tl.where with a non-boolean condition is deprecated and will error out in a future triton release. Got int8
  warnings.warn(
/usr/local/lib/python3.12/dist-packages/triton/language/semantic.py:1670: UserWarning: tl.where with a non-boolean condition is deprecated and will error out in a future triton release. Got int8
  warnings.warn(
/usr/local/lib/python3.12/dist-packages/triton/language/semantic.py:1670: UserWarning: tl.where with a non-boolean condition is deprecated and will error out in a future triton release. Got int8
  warnings.warn(
/usr/local/lib/python3.12/dist-packages/triton/language/semantic.py:1670: UserWarning: tl.where with a non-boolean condition is deprecated and will error out in a future triton release. Got int8
  warnings.warn(
/usr/local/lib/python3.12/dist-packages/triton/language/semantic.py:1670: UserWarning: tl.where with a non-boolean condition is deprecated and will error out in a future triton release. Got int8
  warnings.warn(
/usr/local/lib/python3.12/dist-packages/triton/language/semantic.py:1670: UserWarning: tl.where with a non-boolean condition is deprecated and will error out in a future triton release. Got int8
  warnings.warn(
/usr/local/lib/python3.12/dist-packages/triton/language/semantic.py:1670: UserWarning: tl.where with a non-boolean condition is deprecated and will error out in a future triton release. Got int8
  warnings.warn(
/usr/local/lib/python3.12/dist-packages/triton/language/semantic.py:1670: UserWarning: tl.where with a non-boolean condition is deprecated and will error out in a future triton release. Got int8
  warnings.warn(
/usr/local/lib/python3.12/dist-packages/triton/language/semantic.py:1670: UserWarning: tl.where with a non-boolean condition is deprecated and will error out in a future triton release. Got int8
  warnings.warn(
/usr/local/lib/python3.12/dist-packages/triton/language/semantic.py:1670: UserWarning: tl.where with a non-boolean condition is deprecated and will error out in a future triton release. Got int8
  warnings.warn(
/usr/local/lib/python3.12/dist-packages/triton/language/semantic.py:1670: UserWarning: tl.where with a non-boolean condition is deprecated and will error out in a future triton release. Got int8
  warnings.warn(
/usr/local/lib/python3.12/dist-packages/triton/language/semantic.py:1670: UserWarning: tl.where with a non-boolean condition is deprecated and will error out in a future triton release. Got int8
  warnings.warn(
/usr/local/lib/python3.12/dist-packages/triton/language/semantic.py:1670: UserWarning: tl.where with a non-boolean condition is deprecated and will error out in a future triton release. Got int8
  warnings.warn(
/usr/local/lib/python3.12/dist-packages/triton/language/semantic.py:1670: UserWarning: tl.where with a non-boolean condition is deprecated and will error out in a future triton release. Got int8
  warnings.warn(
/usr/local/lib/python3.12/dist-packages/triton/language/semantic.py:1670: UserWarning: tl.where with a non-boolean condition is deprecated and will error out in a future triton release. Got int8
  warnings.warn(
/usr/local/lib/python3.12/dist-packages/triton/language/semantic.py:1670: UserWarning: tl.where with a non-boolean condition is deprecated and will error out in a future triton release. Got int8
  warnings.warn(
/usr/local/lib/python3.12/dist-packages/triton/language/semantic.py:1670: UserWarning: tl.where with a non-boolean condition is deprecated and will error out in a future triton release. Got int8
  warnings.warn(
/usr/local/lib/python3.12/dist-packages/triton/language/semantic.py:1670: UserWarning: tl.where with a non-boolean condition is deprecated and will error out in a future triton release. Got int8
  warnings.warn(
/usr/local/lib/python3.12/dist-packages/triton/language/semantic.py:1670: UserWarning: tl.where with a non-boolean condition is deprecated and will error out in a future triton release. Got int8
  warnings.warn(
/usr/local/lib/python3.12/dist-packages/triton/language/semantic.py:1670: UserWarning: tl.where with a non-boolean condition is deprecated and will error out in a future triton release. Got int8
  warnings.warn(
/usr/local/lib/python3.12/dist-packages/triton/language/semantic.py:1670: UserWarning: tl.where with a non-boolean condition is deprecated and will error out in a future triton release. Got int8
  warnings.warn(
/usr/local/lib/python3.12/dist-packages/triton/language/semantic.py:1670: UserWarning: tl.where with a non-boolean condition is deprecated and will error out in a future triton release. Got int8
  warnings.warn(
/usr/local/lib/python3.12/dist-packages/triton/language/semantic.py:1670: UserWarning: tl.where with a non-boolean condition is deprecated and will error out in a future triton release. Got int8
  warnings.warn(
/usr/local/lib/python3.12/dist-packages/triton/language/semantic.py:1670: UserWarning: tl.where with a non-boolean condition is deprecated and will error out in a future triton release. Got int8
  warnings.warn(
/usr/local/lib/python3.12/dist-packages/triton/language/semantic.py:1670: UserWarning: tl.where with a non-boolean condition is deprecated and will error out in a future triton release. Got int8
  warnings.warn(
/usr/local/lib/python3.12/dist-packages/triton/language/semantic.py:1670: UserWarning: tl.where with a non-boolean condition is deprecated and will error out in a future triton release. Got int8
  warnings.warn(
/usr/local/lib/python3.12/dist-packages/triton/language/semantic.py:1670: UserWarning: tl.where with a non-boolean condition is deprecated and will error out in a future triton release. Got int8
  warnings.warn(
/usr/local/lib/python3.12/dist-packages/triton/language/semantic.py:1670: UserWarning: tl.where with a non-boolean condition is deprecated and will error out in a future triton release. Got int8
  warnings.warn(
/usr/local/lib/python3.12/dist-packages/triton/language/semantic.py:1670: UserWarning: tl.where with a non-boolean condition is deprecated and will error out in a future triton release. Got int8
  warnings.warn(
/usr/local/lib/python3.12/dist-packages/triton/language/semantic.py:1670: UserWarning: tl.where with a non-boolean condition is deprecated and will error out in a future triton release. Got int8
  warnings.warn(
/usr/local/lib/python3.12/dist-packages/triton/language/semantic.py:1670: UserWarning: tl.where with a non-boolean condition is deprecated and will error out in a future triton release. Got int8
  warnings.warn(
/usr/local/lib/python3.12/dist-packages/triton/language/semantic.py:1670: UserWarning: tl.where with a non-boolean condition is deprecated and will error out in a future triton release. Got int8
  warnings.warn(
/usr/local/lib/python3.12/dist-packages/triton/language/semantic.py:1670: UserWarning: tl.where with a non-boolean condition is deprecated and will error out in a future triton release. Got int8
  warnings.warn(
/usr/local/lib/python3.12/dist-packages/triton/language/semantic.py:1670: UserWarning: tl.where with a non-boolean condition is deprecated and will error out in a future triton release. Got int8
  warnings.warn(
/usr/local/lib/python3.12/dist-packages/triton/language/semantic.py:1670: UserWarning: tl.where with a non-boolean condition is deprecated and will error out in a future triton release. Got int8
  warnings.warn(
/usr/local/lib/python3.12/dist-packages/triton/language/semantic.py:1670: UserWarning: tl.where with a non-boolean condition is deprecated and will error out in a future triton release. Got int8
  warnings.warn(
step 10/381 3% [main] | loss 7.974 | lr 5.00e-03 (muon 5.00e-03 embed 5.00e-02 scalar 7.50e-02 arq 5.00e-03) | gnorm 6.06 | 0.01B tok | 1K tok/s/gpu | MFU 1% | peak 25.25GiB | ETA 5.1h | s/step 49.0697
/usr/local/lib/python3.12/dist-packages/triton/language/semantic.py:1670: UserWarning: tl.where with a non-boolean condition is deprecated and will error out in a future triton release. Got int8
  warnings.warn(
/usr/local/lib/python3.12/dist-packages/triton/language/semantic.py:1670: UserWarning: tl.where with a non-boolean condition is deprecated and will error out in a future triton release. Got int8
  warnings.warn(
/usr/local/lib/python3.12/dist-packages/triton/language/semantic.py:1670: UserWarning: tl.where with a non-boolean condition is deprecated and will error out in a future triton release. Got int8
  warnings.warn(
/usr/local/lib/python3.12/dist-packages/triton/language/semantic.py:1670: UserWarning: tl.where with a non-boolean condition is deprecated and will error out in a future triton release. Got int8
  warnings.warn(
/usr/local/lib/python3.12/dist-packages/triton/language/semantic.py:1670: UserWarning: tl.where with a non-boolean condition is deprecated and will error out in a future triton release. Got int8
  warnings.warn(
/usr/local/lib/python3.12/dist-packages/triton/language/semantic.py:1670: UserWarning: tl.where with a non-boolean condition is deprecated and will error out in a future triton release. Got int8
  warnings.warn(
/usr/local/lib/python3.12/dist-packages/triton/language/semantic.py:1670: UserWarning: tl.where with a non-boolean condition is deprecated and will error out in a future triton release. Got int8
  warnings.warn(
/usr/local/lib/python3.12/dist-packages/triton/language/semantic.py:1670: UserWarning: tl.where with a non-boolean condition is deprecated and will error out in a future triton release. Got int8
  warnings.warn(
/usr/local/lib/python3.12/dist-packages/triton/language/semantic.py:1670: UserWarning: tl.where with a non-boolean condition is deprecated and will error out in a future triton release. Got int8
  warnings.warn(
/usr/local/lib/python3.12/dist-packages/triton/language/semantic.py:1670: UserWarning: tl.where with a non-boolean condition is deprecated and will error out in a future triton release. Got int8
  warnings.warn(
/usr/local/lib/python3.12/dist-packages/triton/language/semantic.py:1670: UserWarning: tl.where with a non-boolean condition is deprecated and will error out in a future triton release. Got int8
  warnings.warn(
/usr/local/lib/python3.12/dist-packages/triton/language/semantic.py:1670: UserWarning: tl.where with a non-boolean condition is deprecated and will error out in a future triton release. Got int8
  warnings.warn(
/usr/local/lib/python3.12/dist-packages/triton/language/semantic.py:1670: UserWarning: tl.where with a non-boolean condition is deprecated and will error out in a future triton release. Got int8
  warnings.warn(
/usr/local/lib/python3.12/dist-packages/triton/language/semantic.py:1670: UserWarning: tl.where with a non-boolean condition is deprecated and will error out in a future triton release. Got int8
  warnings.warn(
/usr/local/lib/python3.12/dist-packages/triton/language/semantic.py:1670: UserWarning: tl.where with a non-boolean condition is deprecated and will error out in a future triton release. Got int8
  warnings.warn(
/usr/local/lib/python3.12/dist-packages/triton/language/semantic.py:1670: UserWarning: tl.where with a non-boolean condition is deprecated and will error out in a future triton release. Got int8
  warnings.warn(
/usr/local/lib/python3.12/dist-packages/triton/language/semantic.py:1670: UserWarning: tl.where with a non-boolean condition is deprecated and will error out in a future triton release. Got int8
  warnings.warn(
/usr/local/lib/python3.12/dist-packages/triton/language/semantic.py:1670: UserWarning: tl.where with a non-boolean condition is deprecated and will error out in a future triton release. Got int8
  warnings.warn(
/usr/local/lib/python3.12/dist-packages/triton/language/semantic.py:1670: UserWarning: tl.where with a non-boolean condition is deprecated and will error out in a future triton release. Got int8
  warnings.warn(
/usr/local/lib/python3.12/dist-packages/triton/language/semantic.py:1670: UserWarning: tl.where with a non-boolean condition is deprecated and will error out in a future triton release. Got int8
  warnings.warn(
/usr/local/lib/python3.12/dist-packages/triton/language/semantic.py:1670: UserWarning: tl.where with a non-boolean condition is deprecated and will error out in a future triton release. Got int8
  warnings.warn(
/usr/local/lib/python3.12/dist-packages/triton/language/semantic.py:1670: UserWarning: tl.where with a non-boolean condition is deprecated and will error out in a future triton release. Got int8
  warnings.warn(
step 20/381 5% [main] | loss 5.763 | lr 1.00e-02 (muon 1.00e-02 embed 1.00e-01 scalar 1.50e-01 arq 1.00e-02) | gnorm 2.98 | 0.01B tok | 7K tok/s/gpu | MFU 3% | peak 25.24GiB | ETA 2.9h | s/step 9.7088
/usr/local/lib/python3.12/dist-packages/triton/language/semantic.py:1670: UserWarning: tl.where with a non-boolean condition is deprecated and will error out in a future triton release. Got int8
  warnings.warn(
/usr/local/lib/python3.12/dist-packages/triton/language/semantic.py:1670: UserWarning: tl.where with a non-boolean condition is deprecated and will error out in a future triton release. Got int8
  warnings.warn(
/usr/local/lib/python3.12/dist-packages/triton/language/semantic.py:1670: UserWarning: tl.where with a non-boolean condition is deprecated and will error out in a future triton release. Got int8
  warnings.warn(
/usr/local/lib/python3.12/dist-packages/triton/language/semantic.py:1670: UserWarning: tl.where with a non-boolean condition is deprecated and will error out in a future triton release. Got int8
  warnings.warn(
/usr/local/lib/python3.12/dist-packages/triton/language/semantic.py:1670: UserWarning: tl.where with a non-boolean condition is deprecated and will error out in a future triton release. Got int8
  warnings.warn(
/usr/local/lib/python3.12/dist-packages/triton/language/semantic.py:1670: UserWarning: tl.where with a non-boolean condition is deprecated and will error out in a future triton release. Got int8
  warnings.warn(
/usr/local/lib/python3.12/dist-packages/triton/language/semantic.py:1670: UserWarning: tl.where with a non-boolean condition is deprecated and will error out in a future triton release. Got int8
  warnings.warn(
/usr/local/lib/python3.12/dist-packages/triton/language/semantic.py:1670: UserWarning: tl.where with a non-boolean condition is deprecated and will error out in a future triton release. Got int8
  warnings.warn(
step 30/381 8% [main] | loss 6.177 | lr 1.00e-02 (muon 1.00e-02 embed 1.00e-01 scalar 1.50e-01 arq 1.00e-02) | gnorm 1.07 | 0.02B tok | 12K tok/s/gpu | MFU 5% | peak 25.18GiB | ETA 2.1h | s/step 5.4737
/usr/local/lib/python3.12/dist-packages/triton/language/semantic.py:1670: UserWarning: tl.where with a non-boolean condition is deprecated and will error out in a future triton release. Got int8
  warnings.warn(
/usr/local/lib/python3.12/dist-packages/triton/language/semantic.py:1670: UserWarning: tl.where with a non-boolean condition is deprecated and will error out in a future triton release. Got int8
  warnings.warn(
/usr/local/lib/python3.12/dist-packages/triton/language/semantic.py:1670: UserWarning: tl.where with a non-boolean condition is deprecated and will error out in a future triton release. Got int8
  warnings.warn(
/usr/local/lib/python3.12/dist-packages/triton/language/semantic.py:1670: UserWarning: tl.where with a non-boolean condition is deprecated and will error out in a future triton release. Got int8
  warnings.warn(
/usr/local/lib/python3.12/dist-packages/triton/language/semantic.py:1670: UserWarning: tl.where with a non-boolean condition is deprecated and will error out in a future triton release. Got int8
  warnings.warn(
/usr/local/lib/python3.12/dist-packages/triton/language/semantic.py:1670: UserWarning: tl.where with a non-boolean condition is deprecated and will error out in a future triton release. Got int8
  warnings.warn(
W0910 14:09:41.233000 2607948 torch/distributed/elastic/agent/server/api.py:739] Received 15 death signal, shutting down workers
W0910 14:09:41.234000 2607948 torch/distributed/elastic/multiprocessing/api.py:1012] Sending process 2608030 closing signal SIGTERM
W0910 14:09:41.239000 2607948 torch/distributed/elastic/multiprocessing/api.py:1012] Sending process 2608031 closing signal SIGTERM
W0910 14:09:41.272000 2607948 torch/distributed/elastic/multiprocessing/api.py:1012] Sending process 2608032 closing signal SIGTERM
W0910 14:09:41.279000 2607948 torch/distributed/elastic/multiprocessing/api.py:1012] Sending process 2608033 closing signal SIGTERM
W0910 14:09:41.386000 2607948 torch/distributed/elastic/multiprocessing/api.py:1012] Sending process 2608034 closing signal SIGTERM
W0910 14:09:41.423000 2607948 torch/distributed/elastic/multiprocessing/api.py:1012] Sending process 2608035 closing signal SIGTERM
W0910 14:09:41.443000 2607948 torch/distributed/elastic/multiprocessing/api.py:1012] Sending process 2608036 closing signal SIGTERM
W0910 14:09:41.483000 2607948 torch/distributed/elastic/multiprocessing/api.py:1012] Sending process 2608037 closing signal SIGTERM
